<?xml version="1.0" encoding="UTF-8"?><alto xmlns:xsi="http://www.w3.org/2001/XMLSchema-instance" xmlns="http://www.loc.gov/standards/alto/ns-v2#" xmlns:page="http://schema.primaresearch.org/PAGE/gts/pagecontent/2013-07-15" xsi:schemaLocation="http://schema.primaresearch.org/PAGE/gts/pagecontent/2013-07-15 http://schema.primaresearch.org/PAGE/gts/pagecontent/2013-07-15/pagecontent.xsd http://www.loc.gov/standards/alto/ns-v2# http://www.loc.gov/standards/alto/alto-v2.0.xsd"><Description><MeasurementUnit>pixel</MeasurementUnit></Description><Layout><Page ID="Page1" PHYSICAL_IMG_NR="1" HEIGHT="3949" WIDTH="3037"><TopMargin HEIGHT="0" WIDTH="3037" VPOS="0" HPOS="0"/><LeftMargin HEIGHT="3949" WIDTH="0" VPOS="0" HPOS="0"/><RightMargin HEIGHT="3949" WIDTH="0" VPOS="0" HPOS="3037"/><BottomMargin HEIGHT="0" WIDTH="3037" VPOS="3949" HPOS="0"/><PrintSpace HEIGHT="3949" WIDTH="3037" VPOS="0" HPOS="0"><TextBlock ID="r1" HEIGHT="153" WIDTH="27" VPOS="3781" HPOS="71"><Shape><Polygon POINTS="71,3781 71,3934 98,3934 98,3781"/></Shape></TextBlock><TextBlock ID="TextRegion_1523540914231_131" HEIGHT="222" WIDTH="2593" VPOS="0" HPOS="173"><Shape><Polygon POINTS="2766,222 173,222 173,0 2766,0"/></Shape><TextLine ID="r2l2" BASELINE="199" HEIGHT="74" WIDTH="348" VPOS="125" HPOS="1274"><String HEIGHT="74" WIDTH="464" VPOS="125" HPOS="1158" CONTENT="— 24 —"/></TextLine></TextBlock><TextBlock ID="TextRegion_1523541046956_138" HEIGHT="1741" WIDTH="1294" VPOS="222" HPOS="1472"><Shape><Polygon POINTS="2766,1963 1472,1963 1472,222 2766,222"/></Shape><TextLine ID="line_1523541046985_140" BASELINE="315" HEIGHT="142" WIDTH="1286" VPOS="173" HPOS="1457"><String HEIGHT="142" WIDTH="1334" VPOS="173" HPOS="1409" CONTENT="יום שבת. ולשכנו הקרוב לו ח יהיה אז בוקר יום ו׳, הנה לא"/></TextLine><TextLine ID="line_1523541046986_142" BASELINE="378" HEIGHT="100" WIDTH="1283" VPOS="278" HPOS="1457"><String HEIGHT="100" WIDTH="1336" VPOS="278" HPOS="1404" CONTENT="ישתתף השוכן ח עם זמן השבת שבא״י רק כדי מהלך השמש"/></TextLine><TextLine ID="line_1523541046987_144" BASELINE="442" HEIGHT="91" WIDTH="1283" VPOS="351" HPOS="1457"><String HEIGHT="91" WIDTH="1331" VPOS="351" HPOS="1409" CONTENT="מן ל עד ב׳ והוא פחות מן י&amp;quot;ב שעות כשעור הזמן שתלך"/></TextLine><TextLine ID="line_1523541046991_146" BASELINE="505" HEIGHT="93" WIDTH="1290" VPOS="412" HPOS="1456"><String HEIGHT="93" WIDTH="1342" VPOS="412" HPOS="1404" CONTENT="השמש את הקשת דל, ולהיפך יהיה כשנעתיק המערידיאן לצד"/></TextLine><TextLine ID="line_1523541046991_148" BASELINE="568" HEIGHT="84" WIDTH="1295" VPOS="484" HPOS="1455"><String HEIGHT="84" WIDTH="1343" VPOS="484" HPOS="1407" CONTENT="השני במקום י׳, אז יפסיד השוכן י׳ המונה אז בוקר יום שבת"/></TextLine><TextLine ID="line_1523541046992_150" BASELINE="633" HEIGHT="107" WIDTH="1296" VPOS="526" HPOS="1457"><String HEIGHT="107" WIDTH="1350" VPOS="526" HPOS="1403" CONTENT="בזרוח לו השמש במקום ט אשר לא ישתתף עם השבת שבא״י"/></TextLine><TextLine ID="line_1523541046992_152" BASELINE="696" HEIGHT="93" WIDTH="1292" VPOS="603" HPOS="1457"><String HEIGHT="93" WIDTH="1344" VPOS="603" HPOS="1405" CONTENT="רק בשעור מהלך השמש דרך ב ג עד כ', והוא ג״כ פחות מן"/></TextLine><TextLine ID="line_1523541046993_154" BASELINE="764" HEIGHT="103" WIDTH="1289" VPOS="661" HPOS="1457"><String HEIGHT="103" WIDTH="1346" VPOS="661" HPOS="1400" CONTENT="י״ב שעות כדי מהלך הקשת דכ, וכל אשר נרחיק מקום"/></TextLine><TextLine ID="line_1523541046994_156" BASELINE="821" HEIGHT="88" WIDTH="1290" VPOS="733" HPOS="1457"><String HEIGHT="88" WIDTH="1342" VPOS="733" HPOS="1405" CONTENT="המערידיאן מן ו ג והלאה לאיזה צד יגדל יותר ההפסד מן"/></TextLine><TextLine ID="line_1523541046994_158" BASELINE="885" HEIGHT="87" WIDTH="1292" VPOS="798" HPOS="1455"><String HEIGHT="87" WIDTH="1345" VPOS="798" HPOS="1402" CONTENT="השתתפות השוכנים עם השבת שבא״י, עד כשנרחיק אותו עד"/></TextLine><TextLine ID="line_1523541046995_160" BASELINE="951" HEIGHT="92" WIDTH="1289" VPOS="859" HPOS="1456"><String HEIGHT="92" WIDTH="1339" VPOS="859" HPOS="1406" CONTENT="נקודת ד כדעת הכוזרי והרזה״ה, אז לא ישתתף השוכן כ׳ רק"/></TextLine><TextLine ID="line_1523541046996_162" BASELINE="1013" HEIGHT="88" WIDTH="1299" VPOS="925" HPOS="1457"><String HEIGHT="88" WIDTH="1351" VPOS="925" HPOS="1405" CONTENT="עם שש שעות האחרונות מן היום. תחת אשר לפי המערידיאן"/></TextLine><TextLine ID="line_1523541046996_164" BASELINE="1079" HEIGHT="99" WIDTH="1299" VPOS="980" HPOS="1456"><String HEIGHT="99" WIDTH="1351" VPOS="980" HPOS="1404" CONTENT="הקבוע שאמרנו היה יכול להשתתף עם א״י בזמן י״ח שעות!"/></TextLine><TextLine ID="line_1523541046997_166" BASELINE="1140" HEIGHT="103" WIDTH="1302" VPOS="1037" HPOS="1455"><String HEIGHT="103" WIDTH="1349" VPOS="1037" HPOS="1408" CONTENT="ואיזה זכות ויפוי כח יש לנו להתיר להם לחלל מן השבת שבא״י"/></TextLine><TextLine ID="line_1523541046997_168" BASELINE="1216" HEIGHT="104" WIDTH="1303" VPOS="1112" HPOS="1457"><String HEIGHT="104" WIDTH="1352" VPOS="1112" HPOS="1408" CONTENT="זמן י״ב שעות חנם?, ורק מצד הסכמה בחירית בשביל שלקחנו,"/></TextLine><TextLine ID="line_1523541046998_170" BASELINE="1268" HEIGHT="91" WIDTH="1306" VPOS="1177" HPOS="1455"><String HEIGHT="91" WIDTH="1360" VPOS="1177" HPOS="1401" CONTENT="את המערידיאן הראשון קרוב להם. הנה התברר מזה שמצד"/></TextLine><TextLine ID="line_1523541047000_172" BASELINE="1340" HEIGHT="99" WIDTH="1308" VPOS="1241" HPOS="1456"><String HEIGHT="99" WIDTH="1357" VPOS="1241" HPOS="1407" CONTENT="אזהרת הכתוב בעצמו אנו מחויבים לקבל את המערידיאן הרחוק"/></TextLine><TextLine ID="line_1523541047002_174" BASELINE="1396" HEIGHT="91" WIDTH="1306" VPOS="1305" HPOS="1455"><String HEIGHT="91" WIDTH="1357" VPOS="1305" HPOS="1404" CONTENT="מירושלים  180° לא זולתו. ולפי שהמערידיאן הזה שאמרנו"/></TextLine><TextLine ID="line_1523541047002_176" BASELINE="1460" HEIGHT="96" WIDTH="1308" VPOS="1364" HPOS="1456"><String HEIGHT="96" WIDTH="1356" VPOS="1364" HPOS="1408" CONTENT="180° מירושלים הוא נופל על הים הגדול שבין אזיא לאמעריקא"/></TextLine><TextLine ID="line_1523541047003_178" BASELINE="1530" HEIGHT="97" WIDTH="1315" VPOS="1433" HPOS="1457"><String HEIGHT="97" WIDTH="1362" VPOS="1433" HPOS="1410" CONTENT="והוא במעלה 232° במעל  לאורך פעררא, ורק בצפון אמעריקא הוא"/></TextLine><TextLine ID="line_1523541047004_180" BASELINE="1587" HEIGHT="92" WIDTH="1312" VPOS="1495" HPOS="1454"><String HEIGHT="92" WIDTH="1366" VPOS="1495" HPOS="1400" CONTENT="עובר דרך היבשה מקום בלתי נושב עוד כ״ב, ע&#34;כ אין מן"/></TextLine><TextLine ID="line_1523541047005_182" BASELINE="1653" HEIGHT="94" WIDTH="1299" VPOS="1559" HPOS="1457"><String HEIGHT="94" WIDTH="1352" VPOS="1559" HPOS="1404" CONTENT="הצורך עוד לעשות תקנה חדשה לשמירת השבת עפ״י רשימות"/></TextLine><TextLine ID="line_1523541047006_184" BASELINE="1713" HEIGHT="98" WIDTH="1306" VPOS="1615" HPOS="1456"><String HEIGHT="98" WIDTH="1356" VPOS="1615" HPOS="1406" CONTENT="מפות מיוחדות הבלתי מסור לכל אדם, רק נחליט לדין מוסכם"/></TextLine><TextLine ID="line_1523541047007_186" BASELINE="1778" HEIGHT="96" WIDTH="1302" VPOS="1682" HPOS="1457"><String HEIGHT="96" WIDTH="1354" VPOS="1682" HPOS="1405" CONTENT="מן גדולי הרבנים שכל המפרש בים מן ארץ אמעריקא לאזיא"/></TextLine><TextLine ID="r2l27" BASELINE="1847" HEIGHT="97" WIDTH="1289" VPOS="1750" HPOS="1481"><String HEIGHT="97" WIDTH="1338" VPOS="1750" HPOS="1432" CONTENT="ואי הים, אם אין דעתו לחזור, מחוייב לשמור השבתות ויו״ט"/></TextLine><TextLine ID="r2l29" BASELINE="1925" HEIGHT="127" WIDTH="1287" VPOS="1798" HPOS="1476"><String HEIGHT="127" WIDTH="1338" VPOS="1798" HPOS="1425" CONTENT="כיושבי אזיא ואייראפא בעת אשר רב החובל יגיד לו שכבר"/></TextLine></TextBlock><TextBlock ID="TextRegion_1523541046957_139" HEIGHT="1741" WIDTH="1299" VPOS="222" HPOS="173"><Shape><Polygon POINTS="1472,1963 173,1963 173,222 1472,222"/></Shape><TextLine ID="line_1523541046985_141" BASELINE="313" HEIGHT="90" WIDTH="1324" VPOS="223" HPOS="164"><String HEIGHT="90" WIDTH="1377" VPOS="223" HPOS="111" CONTENT="עבר את המעלה 232° לאורך פעררא. או עכ&#34;פ ישנה חשבונו"/></TextLine><TextLine ID="line_1523541046986_143" BASELINE="378" HEIGHT="88" WIDTH="1321" VPOS="290" HPOS="168"><String HEIGHT="88" WIDTH="1377" VPOS="290" HPOS="112" CONTENT="בסדר מנין ימות השבוע כאשר יבוא אל היבשה הראשנה."/></TextLine><TextLine ID="line_1523541046987_145" BASELINE="446" HEIGHT="88" WIDTH="1315" VPOS="358" HPOS="172"><String HEIGHT="88" WIDTH="1367" VPOS="358" HPOS="120" CONTENT=" ובעודו נוסע על הים בלי יבשה יוכל לשמור שבתו הראשון"/></TextLine><TextLine ID="line_1523541046991_147" BASELINE="506" HEIGHT="99" WIDTH="1325" VPOS="407" HPOS="163"><String HEIGHT="99" WIDTH="1373" VPOS="407" HPOS="115" CONTENT="לבל יעברו עליו י&amp;quot;ב ימים חול בלי שבת כלל. וכן המפרש"/></TextLine><TextLine ID="line_1523541046991_149" BASELINE="572" HEIGHT="112" WIDTH="1315" VPOS="460" HPOS="174"><String HEIGHT="112" WIDTH="1373" VPOS="460" HPOS="116" CONTENT="בים על הים הצפוני במקומות אשר היום השמשי הולך"/></TextLine><TextLine ID="line_1523541046992_151" BASELINE="635" HEIGHT="89" WIDTH="1318" VPOS="546" HPOS="169"><String HEIGHT="89" WIDTH="1367" VPOS="546" HPOS="120" CONTENT="ונמשך כמה ימים מע&amp;quot;לע, ישמור שבתו רק זמן הכ״ד שעות"/></TextLine><TextLine ID="line_1523541046992_153" BASELINE="700" HEIGHT="97" WIDTH="1331" VPOS="603" HPOS="156"><String HEIGHT="97" WIDTH="1380" VPOS="603" HPOS="107" CONTENT="הראויים לו לפי המערידיאן שהוא נמצא שמה, שבזה הוא מקיים"/></TextLine><TextLine ID="line_1523541046993_155" BASELINE="762" HEIGHT="102" WIDTH="1321" VPOS="660" HPOS="167"><String HEIGHT="102" WIDTH="1372" VPOS="660" HPOS="116" CONTENT="אזהרת הכתוב בכל מושבותיכם בהיותו משתתף עם השבת שבא״י"/></TextLine><TextLine ID="line_1523541046994_157" BASELINE="827" HEIGHT="115" WIDTH="1318" VPOS="712" HPOS="170"><String HEIGHT="115" WIDTH="1369" VPOS="712" HPOS="119" CONTENT="בשעור היותר גדול שאפשר לו. ולא נשאר לנו איפו רק לברר"/></TextLine><TextLine ID="line_1523541046995_159" BASELINE="890" HEIGHT="89" WIDTH="1322" VPOS="801" HPOS="167"><String HEIGHT="89" WIDTH="1376" VPOS="801" HPOS="113" CONTENT="עוד הדין: מי שיצא ממקום למקום דרך המערידיאן הקבוע"/></TextLine><TextLine ID="line_1523541046995_161" BASELINE="953" HEIGHT="89" WIDTH="1331" VPOS="864" HPOS="156"><String HEIGHT="89" WIDTH="1377" VPOS="864" HPOS="110" CONTENT="ודעתו לחזור עוד, הנה באופן כזה דעת הרב ב״ז וויללער נ״י הוא"/></TextLine><TextLine ID="line_1523541046996_163" BASELINE="1019" HEIGHT="108" WIDTH="1303" VPOS="911" HPOS="185"><String HEIGHT="108" WIDTH="1349" VPOS="911" HPOS="139" CONTENT="לחלק בן שבת ליו״ט, ונסמך בסברתו על דברי הש״ס (פסחים קי״ב)"/></TextLine><TextLine ID="line_1523541046996_165" BASELINE="1086" HEIGHT="110" WIDTH="1322" VPOS="976" HPOS="166"><String HEIGHT="110" WIDTH="1373" VPOS="976" HPOS="115" CONTENT="שבת דקביעי וקיימי וכו׳, וזה אינו נראה; חדא דבז״הז גם"/></TextLine><TextLine ID="line_1523541046997_167" BASELINE="1147" HEIGHT="113" WIDTH="1322" VPOS="1034" HPOS="168"><String HEIGHT="113" WIDTH="1370" VPOS="1034" HPOS="120" CONTENT="המועדים קביעי וקיימי, לפי שאין אנו מעברים וקובעין בזה״ז"/></TextLine><TextLine ID="line_1523541046997_169" BASELINE="1216" HEIGHT="112" WIDTH="1315" VPOS="1104" HPOS="172"><String HEIGHT="112" WIDTH="1367" VPOS="1104" HPOS="120" CONTENT="רק מכח ב״ד יפה שבאי שתקנו לנו החשבון הזה לדורות לפי"/></TextLine><TextLine ID="line_1523541046998_171" BASELINE="1270" HEIGHT="110" WIDTH="1318" VPOS="1160" HPOS="171"><String HEIGHT="110" WIDTH="1369" VPOS="1160" HPOS="120" CONTENT=" דעת הרמבן ובעל המאור מבלי שנוכל לשנות עוד: שנית, אם"/></TextLine><TextLine ID="line_1523541047000_173" BASELINE="1338" HEIGHT="86" WIDTH="1308" VPOS="1252" HPOS="181"><String HEIGHT="86" WIDTH="1360" VPOS="1252" HPOS="129" CONTENT="נאמר שהעובר ממקום למקום ישמור שבתו לפי חשבון האחד,"/></TextLine><TextLine ID="line_1523541047002_175" BASELINE="1402" HEIGHT="106" WIDTH="1319" VPOS="1296" HPOS="170"><String HEIGHT="106" WIDTH="1371" VPOS="1296" HPOS="118" CONTENT="ויו״ט לפי חשבון אחר, הנה יבוא לידו בלבול וקלקול, כי"/></TextLine><TextLine ID="line_1523541047003_177" BASELINE="1465" HEIGHT="119" WIDTH="1322" VPOS="1346" HPOS="165"><String HEIGHT="119" WIDTH="1374" VPOS="1346" HPOS="113" CONTENT="יחול לבוא אצלו לפעמים יוה״כ סמוך לשבת, או יום הערבה"/></TextLine><TextLine ID="line_1523541047003_179" BASELINE="1526" HEIGHT="114" WIDTH="1308" VPOS="1412" HPOS="180"><String HEIGHT="114" WIDTH="1360" VPOS="1412" HPOS="128" CONTENT="בשבת. הנה הצעתי את דברי וחויתי את דעתי בענין הנכבד"/></TextLine><TextLine ID="line_1523541047004_181" BASELINE="1591" HEIGHT="118" WIDTH="1318" VPOS="1473" HPOS="170"><String HEIGHT="118" WIDTH="1367" VPOS="1473" HPOS="121" CONTENT="הזה, ואין כונתי להחליט ולומר שכן הוא להלכה, ומורין כן,"/></TextLine><TextLine ID="line_1523541047005_183" BASELINE="1650" HEIGHT="100" WIDTH="1327" VPOS="1550" HPOS="160"><String HEIGHT="100" WIDTH="1377" VPOS="1550" HPOS="110" CONTENT="רק הנני כמציע דברים לפני הרבנים הגדולים היושבים לעיין"/></TextLine><TextLine ID="line_1523541047006_185" BASELINE="1722" HEIGHT="109" WIDTH="1325" VPOS="1613" HPOS="164"><String HEIGHT="109" WIDTH="1374" VPOS="1613" HPOS="115" CONTENT="ולהורות לאחב״י יושבי המזרח. ואם שגיתי בדברי, הנני לקבל"/></TextLine><TextLine ID="line_1523541047007_187" BASELINE="1789" HEIGHT="103" WIDTH="753" VPOS="1686" HPOS="736"><String HEIGHT="103" WIDTH="807" VPOS="1686" HPOS="682" CONTENT="תשובתם ואודה משוגתי בקהל עם."/></TextLine><TextLine ID="r2l28" BASELINE="1845" HEIGHT="87" WIDTH="576" VPOS="1758" HPOS="766"><String HEIGHT="87" WIDTH="624" VPOS="1758" HPOS="718" CONTENT="ברלין, בחודש תמוז תרל״ד."/></TextLine><TextLine ID="r2l30" BASELINE="1912" HEIGHT="91" WIDTH="585" VPOS="1821" HPOS="282"><String HEIGHT="91" WIDTH="641" VPOS="1821" HPOS="226" CONTENT="חיים זעליג סלאנימסקי."/></TextLine></TextBlock><TextBlock ID="TextRegion_1523540930483_135" HEIGHT="923" WIDTH="2593" VPOS="1963" HPOS="173"><Shape><Polygon POINTS="2766,2886 173,2886 173,1963 2766,1963"/></Shape><TextLine ID="r2l32" BASELINE="2114" HEIGHT="110" WIDTH="734" VPOS="2004" HPOS="1123"><String HEIGHT="110" WIDTH="820" VPOS="2004" HPOS="1037" CONTENT="הודעת המו&amp;quot;ל."/></TextLine><TextLine ID="r2l33" BASELINE="2198" HEIGHT="98" WIDTH="2348" VPOS="2100" HPOS="297"><String HEIGHT="98" WIDTH="2412" VPOS="2100" HPOS="233" CONTENT="אלה המה שמות הסוכנים אשר קבלו עליהם בטוב לבבם לקבל חתומים על המ״ע הצפירה."/></TextLine><TextLine ID="r2l34" BASELINE="2287" HEIGHT="95" WIDTH="2604" VPOS="2192" HPOS="171"><String HEIGHT="95" WIDTH="2650" VPOS="2192" HPOS="125" CONTENT="ברוסיא הסוכן הכללי ידידנו החכם מוהר׳ יהודה ליב גארדאן ני׳. וכל הרוצה לבוא על החתום, או לקבץ חתומים בעירו יפנה אליו"/></TextLine><TextLine ID="r2l35" BASELINE="2358" HEIGHT="75" WIDTH="553" VPOS="2283" HPOS="1204"><String HEIGHT="75" WIDTH="608" VPOS="2283" HPOS="1149" CONTENT="במכתבו ע״פ האדרעססע:"/></TextLine><TextLine ID="r2l36" BASELINE="2468" HEIGHT="119" WIDTH="2457" VPOS="2349" HPOS="210"><String HEIGHT="119" WIDTH="2513" VPOS="2349" HPOS="154" CONTENT="An das Comité zur Förderung der Aufklärung unter den Juden in Russland. St. Petersburg,"/></TextLine><TextLine ID="r2l37" BASELINE="2553" HEIGHT="106" WIDTH="1807" VPOS="2447" HPOS="577"><String HEIGHT="106" WIDTH="438" VPOS="2447" HPOS="550" CONTENT="Herr MICHAEL"/><String HEIGHT="106" WIDTH="383" VPOS="2447" HPOS="906" CONTENT="SLONIMSKI,"/><String HEIGHT="106" WIDTH="164" VPOS="2447" HPOS="1207" CONTENT="in"/><String HEIGHT="106" WIDTH="356" VPOS="2447" HPOS="1289" CONTENT="Warschau,"/><String HEIGHT="106" WIDTH="301" VPOS="2447" HPOS="1563" CONTENT="במדינות"/><String HEIGHT="106" WIDTH="246" VPOS="2447" HPOS="1782" CONTENT="פולין"/><String HEIGHT="106" WIDTH="246" VPOS="2447" HPOS="1946" CONTENT="הסוכן"/><String HEIGHT="106" WIDTH="246" VPOS="2447" HPOS="2110" CONTENT="הכללי"/><String HEIGHT="106" WIDTH="137" VPOS="2447" HPOS="2247" CONTENT="הוא"/></TextLine><TextLine ID="r2l38" BASELINE="2645" HEIGHT="92" WIDTH="1926" VPOS="2553" HPOS="511"><String HEIGHT="92" WIDTH="1978" VPOS="2553" HPOS="459" CONTENT="Gebrüder WINTER in Wien, וגם Herrn A. in A. FAUST in Krakau במדינת עסטרייך"/></TextLine><TextLine ID="r2l39" BASELINE="2736" HEIGHT="115" WIDTH="1894" VPOS="2621" HPOS="545"><String HEIGHT="115" WIDTH="1949" VPOS="2621" HPOS="490" CONTENT="Akiba CHASCHMAL in Bukarest .ברומעניען הח׳ מוהר׳ עקיבא חשמל בבוקארעסט"/></TextLine><TextLine ID="r2l40" BASELINE="2790" HEIGHT="89" WIDTH="1036" VPOS="2701" HPOS="1587"><String HEIGHT="89" WIDTH="1089" VPOS="2701" HPOS="1534" CONTENT="וכל החפץ לפנות אלי במכתבו האדרעססע היא."/></TextLine><TextLine ID="r2l41" BASELINE="2883" HEIGHT="96" WIDTH="1312" VPOS="2787" HPOS="820"><String HEIGHT="96" WIDTH="1369" VPOS="2787" HPOS="763" CONTENT="S. Sioniski in Berlin, Georgenkirchstrasse 19."/></TextLine></TextBlock><TextBlock ID="TextRegion_1523540938624_136" HEIGHT="663" WIDTH="1285" VPOS="2886" HPOS="1481"><Shape><Polygon POINTS="2766,3549 1481,3549 1481,2886 2766,2886"/></Shape><TextLine ID="r2l42" BASELINE="3007" HEIGHT="93" WIDTH="558" VPOS="2914" HPOS="1865"><String HEIGHT="93" WIDTH="607" VPOS="2914" HPOS="1816" CONTENT="ליראי ה׳ ולמשכילי עמנו!"/></TextLine><TextLine ID="r2l44" BASELINE="3077" HEIGHT="94" WIDTH="1232" VPOS="2983" HPOS="1500"><String HEIGHT="94" WIDTH="1287" VPOS="2983" HPOS="1445" CONTENT="מי החפץ בספרי האמונה והשכלה אשר יצא לאור כלול"/></TextLine><TextLine ID="r2l46" BASELINE="3153" HEIGHT="92" WIDTH="1274" VPOS="3061" HPOS="1502"><String HEIGHT="92" WIDTH="1324" VPOS="3061" HPOS="1452" CONTENT="בהדרו, בדפוס רש״י פין וראזענקראנץ בווילנא. יפנה אלי"/></TextLine><TextLine ID="r2l48" BASELINE="3230" HEIGHT="99" WIDTH="373" VPOS="3131" HPOS="2409"><String HEIGHT="99" WIDTH="426" VPOS="3131" HPOS="2356" CONTENT="על אדרעססע שלי"/></TextLine><TextLine ID="r2l51" BASELINE="3317" HEIGHT="109" WIDTH="743" VPOS="3208" HPOS="1774"><String HEIGHT="109" WIDTH="826" VPOS="3208" HPOS="1691" CONTENT="Jehoschuah Meisach"/></TextLine><TextLine ID="r2l53" BASELINE="3395" HEIGHT="97" WIDTH="1100" VPOS="3298" HPOS="1680"><String HEIGHT="97" WIDTH="1147" VPOS="3298" HPOS="1633" CONTENT="או על אדרעססע של ידידי הגביר החכם השלם כו׳ הר״ר"/></TextLine><TextLine ID="r2l55" BASELINE="3465" HEIGHT="89" WIDTH="631" VPOS="3376" HPOS="1823"><String HEIGHT="89" WIDTH="457" VPOS="3376" HPOS="1801" CONTENT="„ברוך קאפאלאוויטץ"/><String HEIGHT="89" WIDTH="283" VPOS="3376" HPOS="2171" CONTENT="בדינאבורג״."/></TextLine><TextLine ID="r2l58" BASELINE="3540" HEIGHT="92" WIDTH="1106" VPOS="3448" HPOS="1585"><String HEIGHT="92" WIDTH="1152" VPOS="3448" HPOS="1539" CONTENT="ובטח ישיג מבוקשתו. והנני עבד לעבדי ה׳ יח״ס מז״ח."/></TextLine></TextBlock><TextBlock ID="TextRegion_1523540938625_137" HEIGHT="663" WIDTH="1308" VPOS="2886" HPOS="173"><Shape><Polygon POINTS="1481,3549 173,3549 173,2886 1481,2886"/></Shape><TextLine ID="r2l43" BASELINE="3044" HEIGHT="101" WIDTH="454" VPOS="2943" HPOS="595"><String HEIGHT="101" WIDTH="519" VPOS="2943" HPOS="530" CONTENT="שאלות ותשובות."/></TextLine><TextLine ID="r2l47" BASELINE="3164" HEIGHT="103" WIDTH="1199" VPOS="3061" HPOS="189"><String HEIGHT="103" WIDTH="1244" VPOS="3061" HPOS="144" CONTENT="לה' גלעב׳ בפס׳ שלחנו את הנומערן והגענו מן הפאסט במזרח"/></TextLine><TextLine ID="r2l49" BASELINE="3229" HEIGHT="89" WIDTH="1286" VPOS="3140" HPOS="179"><String HEIGHT="89" WIDTH="1333" VPOS="3140" HPOS="132" CONTENT="כי לא ידעה מקומו, אל החתום בוויללענבערג. קבלו המחיר בלי"/></TextLine><TextLine ID="r2l50" BASELINE="3295" HEIGHT="91" WIDTH="1276" VPOS="3204" HPOS="186"><String HEIGHT="91" WIDTH="1319" VPOS="3204" HPOS="143" CONTENT="כתיבת האדרעססע, לה׳ נ׳ פאפ׳ שלחנו כדבריו. לה׳ י׳ ג״ב מכתבים"/></TextLine><TextLine ID="r2l52" BASELINE="3361" HEIGHT="94" WIDTH="1290" VPOS="3267" HPOS="176"><String HEIGHT="94" WIDTH="1336" VPOS="3267" HPOS="130" CONTENT="ארוכים כאלו לא נוכל להדפים כיום, לה' יח״ס בדינ׳ את דבריו"/></TextLine><TextLine ID="r2l54" BASELINE="3422" HEIGHT="90" WIDTH="1296" VPOS="3332" HPOS="183"><String HEIGHT="90" WIDTH="1341" VPOS="3332" HPOS="138" CONTENT="מסרנו למקום אחר יותר נאות, לה׳ מ׳ נח׳ בקארעץ לא נוכל להשיב"/></TextLine><TextLine ID="r2l57" BASELINE="3499" HEIGHT="103" WIDTH="1286" VPOS="3396" HPOS="177"><String HEIGHT="103" WIDTH="1330" VPOS="3396" HPOS="133" CONTENT="לו בלי ידיעת אדרעסע שלו. לה׳ פאה׳ בפאד׳ אין לנו פנאי לעסוק"/></TextLine><TextLine ID="r2l59" BASELINE="3538" HEIGHT="71" WIDTH="294" VPOS="3467" HPOS="1193"><String HEIGHT="71" WIDTH="343" VPOS="3467" HPOS="1144" CONTENT="בדברים כאלו."/></TextLine></TextBlock><TextBlock ID="TextRegion_1523540927657_132" HEIGHT="145" WIDTH="2593" VPOS="3549" HPOS="173"><Shape><Polygon POINTS="2766,3694 173,3694 173,3549 2766,3549"/></Shape><TextLine ID="r2l60" BASELINE="3655" HEIGHT="87" WIDTH="2000" VPOS="3568" HPOS="495"><String HEIGHT="87" WIDTH="2044" VPOS="3568" HPOS="451" CONTENT="Selbstverlag: S. Slonimski in Berlin. Verantwortlicher Redactuer S. M. Lipschitz in Berlin."/></TextLine><TextLine ID="r2l61" BASELINE="3712" HEIGHT="94" WIDTH="1772" VPOS="3618" HPOS="603"><String HEIGHT="94" WIDTH="1814" VPOS="3618" HPOS="561" CONTENT="Debit für den Buchandel: Julius Benzian in Berlin. Druck von A. Ostrowski in Berlin."/></TextLine></TextBlock></PrintSpace></Page></Layout></alto>