<?xml version="1.0" encoding="UTF-8"?><alto xmlns:xsi="http://www.w3.org/2001/XMLSchema-instance" xmlns="http://www.loc.gov/standards/alto/ns-v2#" xmlns:page="http://schema.primaresearch.org/PAGE/gts/pagecontent/2013-07-15" xsi:schemaLocation="http://schema.primaresearch.org/PAGE/gts/pagecontent/2013-07-15 http://schema.primaresearch.org/PAGE/gts/pagecontent/2013-07-15/pagecontent.xsd http://www.loc.gov/standards/alto/ns-v2# http://www.loc.gov/standards/alto/alto-v2.0.xsd"><Description><MeasurementUnit>pixel</MeasurementUnit></Description><Layout><Page ID="Page1" PHYSICAL_IMG_NR="1" HEIGHT="3898" WIDTH="3151"><TopMargin HEIGHT="0" WIDTH="3151" VPOS="0" HPOS="0"/><LeftMargin HEIGHT="3898" WIDTH="0" VPOS="0" HPOS="0"/><RightMargin HEIGHT="3898" WIDTH="0" VPOS="0" HPOS="3151"/><BottomMargin HEIGHT="0" WIDTH="3151" VPOS="3898" HPOS="0"/><PrintSpace HEIGHT="3898" WIDTH="3151" VPOS="0" HPOS="0"><TextBlock ID="TextRegion_1526140244165_777" HEIGHT="166" WIDTH="2840" VPOS="110" HPOS="132"><Shape><Polygon POINTS="2972,276 132,276 132,110 2972,110"/></Shape></TextBlock><TextBlock ID="TextRegion_1526140288484_783" HEIGHT="1645" WIDTH="1422" VPOS="276" HPOS="1550"><Shape><Polygon POINTS="2972,1921 1550,1921 1550,276 2972,276"/></Shape><TextLine ID="line_1526140448444_829" BASELINE="398" HEIGHT="149" WIDTH="1387" VPOS="249" HPOS="1559"><String HEIGHT="149" WIDTH="277" VPOS="249" HPOS="1490" CONTENT=""/><String HEIGHT="149" WIDTH="694" VPOS="249" HPOS="1559" CONTENT="ידיעות"/><String HEIGHT="149" WIDTH="624" VPOS="249" HPOS="2044" CONTENT="העולם"/><String HEIGHT="149" WIDTH="555" VPOS="249" HPOS="2391" CONTENT="והטבע."/></TextLine><TextLine ID="line_1526140448444_828" BASELINE="490" HEIGHT="75" WIDTH="1389" VPOS="415" HPOS="1559"><String HEIGHT="75" WIDTH="208" VPOS="415" HPOS="1524" CONTENT="מן"/><String HEIGHT="75" WIDTH="347" VPOS="415" HPOS="1628" CONTENT="הקאמעט"/><String HEIGHT="75" WIDTH="278" VPOS="415" HPOS="1872" CONTENT="החדש"/><String HEIGHT="75" WIDTH="208" VPOS="415" HPOS="2045" CONTENT="של"/><String HEIGHT="75" WIDTH="382" VPOS="415" HPOS="2149" CONTENT="קניגיא,"/><String HEIGHT="75" WIDTH="243" VPOS="415" HPOS="2427" CONTENT="מאת"/><String HEIGHT="75" WIDTH="313" VPOS="415" HPOS="2566" CONTENT="המו״ל"/><String HEIGHT="75" WIDTH="174" VPOS="415" HPOS="2774" CONTENT="1"/><String HEIGHT="75" WIDTH="139" VPOS="415" HPOS="2809" CONTENT="*)"/></TextLine><TextLine ID="line_1526140446832_826" BASELINE="549" HEIGHT="73" WIDTH="1388" VPOS="476" HPOS="1559"><String HEIGHT="73" WIDTH="149" VPOS="476" HPOS="1538" CONTENT="ע״ד"/><String HEIGHT="73" WIDTH="192" VPOS="476" HPOS="1623" CONTENT="שמירת"/><String HEIGHT="73" WIDTH="149" VPOS="476" HPOS="1751" CONTENT="יום"/><String HEIGHT="73" WIDTH="171" VPOS="476" HPOS="1837" CONTENT="השבת"/><String HEIGHT="73" WIDTH="192" VPOS="476" HPOS="1943" CONTENT="לאנשי"/><String HEIGHT="73" WIDTH="214" VPOS="476" HPOS="2071" CONTENT="המזרח,"/><String HEIGHT="73" WIDTH="128" VPOS="476" HPOS="2221" CONTENT="עם"/><String HEIGHT="73" WIDTH="171" VPOS="476" HPOS="2285" CONTENT="ציור"/><String HEIGHT="73" WIDTH="171" VPOS="476" HPOS="2392" CONTENT="המפה"/><String HEIGHT="73" WIDTH="107" VPOS="476" HPOS="2499" CONTENT=","/><String HEIGHT="73" WIDTH="149" VPOS="476" HPOS="2541" CONTENT="מאת"/><String HEIGHT="73" WIDTH="192" VPOS="476" HPOS="2627" CONTENT="המו״ל"/><String HEIGHT="73" WIDTH="128" VPOS="476" HPOS="2755" CONTENT="1,"/><String HEIGHT="73" WIDTH="128" VPOS="476" HPOS="2819" CONTENT="2,"/><String HEIGHT="73" WIDTH="85" VPOS="476" HPOS="2862" CONTENT="3,"/></TextLine><TextLine ID="line_1526140444538_824" BASELINE="601" HEIGHT="65" WIDTH="1388" VPOS="536" HPOS="1559"><String HEIGHT="65" WIDTH="390" VPOS="536" HPOS="1516" CONTENT="השמש,"/><String HEIGHT="65" WIDTH="260" VPOS="536" HPOS="1776" CONTENT="עם"/><String HEIGHT="65" WIDTH="260" VPOS="536" HPOS="1906" CONTENT="ג'"/><String HEIGHT="65" WIDTH="477" VPOS="536" HPOS="2036" CONTENT="ציורים,"/><String HEIGHT="65" WIDTH="304" VPOS="536" HPOS="2383" CONTENT="מאת"/><String HEIGHT="65" WIDTH="390" VPOS="536" HPOS="2557" CONTENT="המו״ל"/><String HEIGHT="65" WIDTH="174" VPOS="536" HPOS="2817" CONTENT=""/><String HEIGHT="65" WIDTH="130" VPOS="536" HPOS="2817" CONTENT="2"/></TextLine><TextLine ID="line_1526140442403_822" BASELINE="663" HEIGHT="68" WIDTH="1388" VPOS="595" HPOS="1559"><String HEIGHT="68" WIDTH="146" VPOS="595" HPOS="1522" CONTENT=""/><String HEIGHT="68" WIDTH="292" VPOS="595" HPOS="1559" CONTENT="החוש"/><String HEIGHT="68" WIDTH="365" VPOS="595" HPOS="1742" CONTENT="והשכל,"/><String HEIGHT="68" WIDTH="219" VPOS="595" HPOS="1997" CONTENT="עם"/><String HEIGHT="68" WIDTH="219" VPOS="595" HPOS="2107" CONTENT="ב׳"/><String HEIGHT="68" WIDTH="402" VPOS="595" HPOS="2216" CONTENT="ציורים,"/><String HEIGHT="68" WIDTH="256" VPOS="595" HPOS="2509" CONTENT="מאת"/><String HEIGHT="68" WIDTH="329" VPOS="595" HPOS="2655" CONTENT="המו&#34;ל"/><String HEIGHT="68" WIDTH="110" VPOS="595" HPOS="2837" CONTENT="4"/></TextLine><TextLine ID="line_1526140440696_820" BASELINE="728" HEIGHT="65" WIDTH="1388" VPOS="663" HPOS="1560"><String HEIGHT="65" WIDTH="240" VPOS="663" HPOS="1533" CONTENT="העברת"/><String HEIGHT="65" WIDTH="214" VPOS="663" HPOS="1693" CONTENT="כוכב"/><String HEIGHT="65" WIDTH="214" VPOS="663" HPOS="1827" CONTENT="נוגה"/><String HEIGHT="65" WIDTH="160" VPOS="663" HPOS="1960" CONTENT="את"/><String HEIGHT="65" WIDTH="187" VPOS="663" HPOS="2040" CONTENT="פני"/><String HEIGHT="65" WIDTH="214" VPOS="663" HPOS="2147" CONTENT="השמש"/><String HEIGHT="65" WIDTH="214" VPOS="663" HPOS="2281" CONTENT="בשנת"/><String HEIGHT="65" WIDTH="240" VPOS="663" HPOS="2414" CONTENT="1874,"/><String HEIGHT="65" WIDTH="187" VPOS="663" HPOS="2574" CONTENT="מאת"/><String HEIGHT="65" WIDTH="267" VPOS="663" HPOS="2681" CONTENT="המו&#34;ל,"/><String HEIGHT="65" WIDTH="107" VPOS="663" HPOS="2841" CONTENT="עם"/></TextLine><TextLine ID="line_1526140439086_818" BASELINE="785" HEIGHT="61" WIDTH="1388" VPOS="724" HPOS="1559"><String HEIGHT="61" WIDTH="595" VPOS="724" HPOS="1460" CONTENT="ג׳"/><String HEIGHT="61" WIDTH="991" VPOS="724" HPOS="1757" CONTENT="ציורים"/><String HEIGHT="61" WIDTH="595" VPOS="724" HPOS="2451" CONTENT="6,"/><String HEIGHT="61" WIDTH="297" VPOS="724" HPOS="2650" CONTENT="7"/></TextLine><TextLine ID="line_1526140437515_816" BASELINE="847" HEIGHT="63" WIDTH="1388" VPOS="784" HPOS="1560"><String HEIGHT="63" WIDTH="297" VPOS="784" HPOS="1527" CONTENT="הרגשת"/><String HEIGHT="63" WIDTH="330" VPOS="784" HPOS="1725" CONTENT="הצבעים"/><String HEIGHT="63" WIDTH="364" VPOS="784" HPOS="1957" CONTENT="בתולדות"/><String HEIGHT="63" WIDTH="231" VPOS="784" HPOS="2221" CONTENT="בני"/><String HEIGHT="63" WIDTH="297" VPOS="784" HPOS="2353" CONTENT="האדם,"/><String HEIGHT="63" WIDTH="231" VPOS="784" HPOS="2551" CONTENT="מאת"/><String HEIGHT="63" WIDTH="297" VPOS="784" HPOS="2684" CONTENT="המו״ל"/><String HEIGHT="63" WIDTH="99" VPOS="784" HPOS="2849" CONTENT="8"/></TextLine><TextLine ID="line_1526140435964_814" BASELINE="918" HEIGHT="75" WIDTH="1388" VPOS="843" HPOS="1560"><String HEIGHT="75" WIDTH="264" VPOS="843" HPOS="1527" CONTENT="למוד"/><String HEIGHT="75" WIDTH="264" VPOS="843" HPOS="1692" CONTENT="טבעי"/><String HEIGHT="75" WIDTH="231" VPOS="843" HPOS="1857" CONTENT="חדש"/><String HEIGHT="75" WIDTH="198" VPOS="843" HPOS="1990" CONTENT="מן"/><String HEIGHT="75" WIDTH="198" VPOS="843" HPOS="2089" CONTENT="ס'"/><String HEIGHT="75" WIDTH="264" VPOS="843" HPOS="2188" CONTENT="ערבי"/><String HEIGHT="75" WIDTH="264" VPOS="843" HPOS="2353" CONTENT="ישן,"/><String HEIGHT="75" WIDTH="231" VPOS="843" HPOS="2518" CONTENT="מאת"/><String HEIGHT="75" WIDTH="330" VPOS="843" HPOS="2651" CONTENT="המו&#34;ל,"/><String HEIGHT="75" WIDTH="99" VPOS="843" HPOS="2849" CONTENT="9"/></TextLine><TextLine ID="line_1526140434203_812" BASELINE="973" HEIGHT="69" WIDTH="1388" VPOS="904" HPOS="1560"><String HEIGHT="69" WIDTH="463" VPOS="904" HPOS="1502" CONTENT="שאלה"/><String HEIGHT="69" WIDTH="636" VPOS="904" HPOS="1791" CONTENT="הנדסית,"/><String HEIGHT="69" WIDTH="405" VPOS="904" HPOS="2254" CONTENT="מאת"/><String HEIGHT="69" WIDTH="521" VPOS="904" HPOS="2485" CONTENT="המו&#34;ל"/><String HEIGHT="69" WIDTH="174" VPOS="904" HPOS="2775" CONTENT="9"/></TextLine><TextLine ID="line_1526140432544_810" BASELINE="1036" HEIGHT="70" WIDTH="1388" VPOS="966" HPOS="1559"><String HEIGHT="70" WIDTH="330" VPOS="966" HPOS="1526" CONTENT="מכונות"/><String HEIGHT="70" WIDTH="364" VPOS="966" HPOS="1757" CONTENT="הנפעלות"/><String HEIGHT="70" WIDTH="231" VPOS="966" HPOS="2022" CONTENT="ע״י"/><String HEIGHT="70" WIDTH="198" VPOS="966" HPOS="2154" CONTENT="כח"/><String HEIGHT="70" WIDTH="297" VPOS="966" HPOS="2253" CONTENT="השמש,"/><String HEIGHT="70" WIDTH="231" VPOS="966" HPOS="2451" CONTENT="מאת"/><String HEIGHT="70" WIDTH="264" VPOS="966" HPOS="2583" CONTENT="יל&#34;פ"/><String HEIGHT="70" WIDTH="198" VPOS="966" HPOS="2749" CONTENT="9,"/><String HEIGHT="70" WIDTH="132" VPOS="966" HPOS="2815" CONTENT="10"/></TextLine><TextLine ID="line_1526140431053_808" BASELINE="1099" HEIGHT="68" WIDTH="1388" VPOS="1031" HPOS="1559"><String HEIGHT="68" WIDTH="227" VPOS="1031" HPOS="1534" CONTENT="נסיעה"/><String HEIGHT="68" WIDTH="202" VPOS="1031" HPOS="1685" CONTENT="באיי"/><String HEIGHT="68" WIDTH="151" VPOS="1031" HPOS="1811" CONTENT="ים"/><String HEIGHT="68" WIDTH="252" VPOS="1031" HPOS="1887" CONTENT="הגדול,"/><String HEIGHT="68" WIDTH="177" VPOS="1031" HPOS="2064" CONTENT="מאת"/><String HEIGHT="68" WIDTH="252" VPOS="1031" HPOS="2165" CONTENT="יחזקאל"/><String HEIGHT="68" WIDTH="303" VPOS="1031" HPOS="2341" CONTENT="גוטפארב,"/><String HEIGHT="68" WIDTH="151" VPOS="1031" HPOS="2568" CONTENT="9,"/><String HEIGHT="68" WIDTH="177" VPOS="1031" HPOS="2644" CONTENT="10,"/><String HEIGHT="68" WIDTH="177" VPOS="1031" HPOS="2745" CONTENT="11,"/><String HEIGHT="68" WIDTH="126" VPOS="1031" HPOS="2821" CONTENT="19,"/></TextLine><TextLine ID="line_1526140429374_806" BASELINE="1184" HEIGHT="88" WIDTH="1388" VPOS="1096" HPOS="1559"><String HEIGHT="88" WIDTH="694" VPOS="1096" HPOS="1460" CONTENT="20,"/><String HEIGHT="88" WIDTH="694" VPOS="1096" HPOS="1856" CONTENT="22,"/><String HEIGHT="88" WIDTH="694" VPOS="1096" HPOS="2253" CONTENT="23,"/><String HEIGHT="88" WIDTH="397" VPOS="1096" HPOS="2550" CONTENT="25"/></TextLine><TextLine ID="line_1526140427661_804" BASELINE="1222" HEIGHT="72" WIDTH="1388" VPOS="1150" HPOS="1559"><String HEIGHT="72" WIDTH="268" VPOS="1150" HPOS="1535" CONTENT="השתלמות"/><String HEIGHT="72" WIDTH="195" VPOS="1150" HPOS="1729" CONTENT="חכמת"/><String HEIGHT="72" WIDTH="268" VPOS="1150" HPOS="1851" CONTENT="החרשים,"/><String HEIGHT="72" WIDTH="170" VPOS="1150" HPOS="2046" CONTENT="מאת"/><String HEIGHT="72" WIDTH="219" VPOS="1150" HPOS="2143" CONTENT="המו״ל"/><String HEIGHT="72" WIDTH="122" VPOS="1150" HPOS="2290" CONTENT=","/><String HEIGHT="72" WIDTH="170" VPOS="1150" HPOS="2338" CONTENT="11,"/><String HEIGHT="72" WIDTH="170" VPOS="1150" HPOS="2436" CONTENT="12,"/><String HEIGHT="72" WIDTH="170" VPOS="1150" HPOS="2533" CONTENT="13,"/><String HEIGHT="72" WIDTH="146" VPOS="1150" HPOS="2630" CONTENT="עם"/><String HEIGHT="72" WIDTH="146" VPOS="1150" HPOS="2703" CONTENT="ב׳"/><String HEIGHT="72" WIDTH="195" VPOS="1150" HPOS="2752" CONTENT="ציורים"/></TextLine><TextLine ID="line_1526140426154_802" BASELINE="1291" HEIGHT="69" WIDTH="1388" VPOS="1222" HPOS="1559"><String HEIGHT="69" WIDTH="202" VPOS="1222" HPOS="1534" CONTENT="יסוד"/><String HEIGHT="69" WIDTH="227" VPOS="1222" HPOS="1660" CONTENT="התמדת"/><String HEIGHT="69" WIDTH="227" VPOS="1222" HPOS="1811" CONTENT="הכחות"/><String HEIGHT="69" WIDTH="202" VPOS="1222" HPOS="1963" CONTENT="בטבע"/><String HEIGHT="69" WIDTH="278" VPOS="1222" HPOS="2089" CONTENT="היצירה,"/><String HEIGHT="69" WIDTH="177" VPOS="1222" HPOS="2291" CONTENT="מאת"/><String HEIGHT="69" WIDTH="252" VPOS="1222" HPOS="2392" CONTENT="המו&#34;ל,"/><String HEIGHT="69" WIDTH="177" VPOS="1222" HPOS="2568" CONTENT="14,"/><String HEIGHT="69" WIDTH="177" VPOS="1222" HPOS="2669" CONTENT="15,"/><String HEIGHT="69" WIDTH="177" VPOS="1222" HPOS="2770" CONTENT="16,"/><String HEIGHT="69" WIDTH="101" VPOS="1222" HPOS="2846" CONTENT="17"/></TextLine><TextLine ID="line_1526140424710_800" BASELINE="1337" HEIGHT="62" WIDTH="1389" VPOS="1275" HPOS="1558"><String HEIGHT="62" WIDTH="269" VPOS="1275" HPOS="1513" CONTENT="על"/><String HEIGHT="62" WIDTH="314" VPOS="1275" HPOS="1648" CONTENT="דבר"/><String HEIGHT="62" WIDTH="403" VPOS="1275" HPOS="1827" CONTENT="השאלה"/><String HEIGHT="62" WIDTH="403" VPOS="1275" HPOS="2096" CONTENT="הנ״ל,"/><String HEIGHT="62" WIDTH="314" VPOS="1275" HPOS="2365" CONTENT="מאת"/><String HEIGHT="62" WIDTH="403" VPOS="1275" HPOS="2544" CONTENT="המו&#34;ל"/><String HEIGHT="62" WIDTH="179" VPOS="1275" HPOS="2768" CONTENT="16"/></TextLine><TextLine ID="line_1526140423060_798" BASELINE="1443" HEIGHT="104" WIDTH="1388" VPOS="1339" HPOS="1560"><String HEIGHT="104" WIDTH="480" VPOS="1339" HPOS="1507" CONTENT="והתרה"/><String HEIGHT="104" WIDTH="587" VPOS="1339" HPOS="1827" CONTENT="להשאלה,"/><String HEIGHT="104" WIDTH="374" VPOS="1339" HPOS="2254" CONTENT="מאת"/><String HEIGHT="104" WIDTH="480" VPOS="1339" HPOS="2468" CONTENT="המו&#34;ל"/><String HEIGHT="104" WIDTH="214" VPOS="1339" HPOS="2734" CONTENT="17"/></TextLine><TextLine ID="line_1526140421318_796" BASELINE="1472" HEIGHT="70" WIDTH="1388" VPOS="1402" HPOS="1559"><String HEIGHT="70" WIDTH="231" VPOS="1402" HPOS="1533" CONTENT="אמונת"/><String HEIGHT="70" WIDTH="231" VPOS="1402" HPOS="1688" CONTENT="טפלות"/><String HEIGHT="70" WIDTH="180" VPOS="1402" HPOS="1842" CONTENT="בין"/><String HEIGHT="70" WIDTH="206" VPOS="1402" HPOS="1945" CONTENT="עמים"/><String HEIGHT="70" WIDTH="257" VPOS="1402" HPOS="2073" CONTENT="שונים,"/><String HEIGHT="70" WIDTH="180" VPOS="1402" HPOS="2253" CONTENT="מאת"/><String HEIGHT="70" WIDTH="206" VPOS="1402" HPOS="2356" CONTENT="יעקב"/><String HEIGHT="70" WIDTH="257" VPOS="1402" HPOS="2484" CONTENT="גלמיזא"/><String HEIGHT="70" WIDTH="180" VPOS="1402" HPOS="2664" CONTENT="16,"/><String HEIGHT="70" WIDTH="180" VPOS="1402" HPOS="2767" CONTENT="18,"/><String HEIGHT="70" WIDTH="103" VPOS="1402" HPOS="2844" CONTENT="19"/></TextLine><TextLine ID="line_1526140419922_794" BASELINE="1526" HEIGHT="70" WIDTH="1389" VPOS="1456" HPOS="1559"><String HEIGHT="70" WIDTH="224" VPOS="1456" HPOS="1537" CONTENT="פעולות"/><String HEIGHT="70" WIDTH="314" VPOS="1456" HPOS="1693" CONTENT="העלעקטריות"/><String HEIGHT="70" WIDTH="291" VPOS="1456" HPOS="1940" CONTENT="ומשפטיהן,"/><String HEIGHT="70" WIDTH="157" VPOS="1456" HPOS="2164" CONTENT="מאת"/><String HEIGHT="70" WIDTH="179" VPOS="1456" HPOS="2254" CONTENT="יוסף"/><String HEIGHT="70" WIDTH="157" VPOS="1456" HPOS="2366" CONTENT="ליב"/><String HEIGHT="70" WIDTH="246" VPOS="1456" HPOS="2455" CONTENT="זאסניץ,"/><String HEIGHT="70" WIDTH="157" VPOS="1456" HPOS="2634" CONTENT="17,"/><String HEIGHT="70" WIDTH="90" VPOS="1456" HPOS="2724" CONTENT=""/><String HEIGHT="70" WIDTH="134" VPOS="1456" HPOS="2746" CONTENT="18"/><String HEIGHT="70" WIDTH="179" VPOS="1456" HPOS="2814" CONTENT=",19,"/><String HEIGHT="70" WIDTH="45" VPOS="1456" HPOS="2903" CONTENT=""/></TextLine><TextLine ID="line_1526140418384_792" BASELINE="1596" HEIGHT="73" WIDTH="1388" VPOS="1523" HPOS="1560"><String HEIGHT="73" WIDTH="972" VPOS="1523" HPOS="1421" CONTENT="20,"/><String HEIGHT="73" WIDTH="972" VPOS="1523" HPOS="1976" CONTENT="21,"/><String HEIGHT="73" WIDTH="555" VPOS="1523" HPOS="2393" CONTENT="23"/></TextLine><TextLine ID="line_1526140416493_790" BASELINE="1707" HEIGHT="75" WIDTH="1389" VPOS="1632" HPOS="1559"><String HEIGHT="75" WIDTH="139" VPOS="1632" HPOS="1536" CONTENT="*)"/><String HEIGHT="75" WIDTH="278" VPOS="1632" HPOS="1605" CONTENT="הציפערין"/><String HEIGHT="75" WIDTH="255" VPOS="1632" HPOS="1814" CONTENT="הנרשמים"/><String HEIGHT="75" WIDTH="162" VPOS="1632" HPOS="1999" CONTENT="בצד"/><String HEIGHT="75" WIDTH="139" VPOS="1632" HPOS="2091" CONTENT="כל"/><String HEIGHT="75" WIDTH="185" VPOS="1632" HPOS="2161" CONTENT="מאמר"/><String HEIGHT="75" WIDTH="185" VPOS="1632" HPOS="2277" CONTENT="יורו"/><String HEIGHT="75" WIDTH="139" VPOS="1632" HPOS="2392" CONTENT="על"/><String HEIGHT="75" WIDTH="208" VPOS="1632" HPOS="2462" CONTENT="נומער"/><String HEIGHT="75" WIDTH="232" VPOS="1632" HPOS="2601" CONTENT="הגליון"/><String HEIGHT="75" WIDTH="162" VPOS="1632" HPOS="2763" CONTENT="שבו"/><String HEIGHT="75" WIDTH="116" VPOS="1632" HPOS="2832" CONTENT="הוא"/></TextLine><TextLine ID="line_1526140415043_788" BASELINE="1771" HEIGHT="69" WIDTH="1390" VPOS="1702" HPOS="1558"><String HEIGHT="69" WIDTH="291" VPOS="1702" HPOS="1526" CONTENT="נמצא."/><String HEIGHT="69" WIDTH="129" VPOS="1702" HPOS="1720" CONTENT=""/><String HEIGHT="69" WIDTH="194" VPOS="1702" HPOS="1752" CONTENT="או"/><String HEIGHT="69" WIDTH="291" VPOS="1702" HPOS="1849" CONTENT="באיזו"/><String HEIGHT="69" WIDTH="356" VPOS="1702" HPOS="2043" CONTENT="גליונות"/><String HEIGHT="69" WIDTH="226" VPOS="1702" HPOS="2301" CONTENT="הוא"/><String HEIGHT="69" WIDTH="259" VPOS="1702" HPOS="2431" CONTENT="הולך"/><String HEIGHT="69" WIDTH="291" VPOS="1702" HPOS="2592" CONTENT="ונמשך"/><String HEIGHT="69" WIDTH="194" VPOS="1702" HPOS="2754" CONTENT="עוד."/></TextLine></TextBlock><TextBlock ID="TextRegion_1526140295187_786" HEIGHT="543" WIDTH="1418" VPOS="276" HPOS="132"><Shape><Polygon POINTS="1550,819 132,819 132,276 1550,276"/></Shape><TextLine ID="line_1526140528909_871" BASELINE="362" HEIGHT="73" WIDTH="1364" VPOS="289" HPOS="163"><String HEIGHT="73" WIDTH="310" VPOS="289" HPOS="132" CONTENT="פעולות"/><String HEIGHT="73" WIDTH="186" VPOS="289" HPOS="349" CONTENT="כח"/><String HEIGHT="73" WIDTH="310" VPOS="289" HPOS="442" CONTENT="החיוני"/><String HEIGHT="73" WIDTH="310" VPOS="289" HPOS="659" CONTENT="בצמחים"/><String HEIGHT="73" WIDTH="310" VPOS="289" HPOS="876" CONTENT="שונים,"/><String HEIGHT="73" WIDTH="217" VPOS="289" HPOS="1093" CONTENT="מאת"/><String HEIGHT="73" WIDTH="310" VPOS="289" HPOS="1217" CONTENT="המו״ל,"/><String HEIGHT="73" WIDTH="124" VPOS="289" HPOS="1403" CONTENT="18"/></TextLine><TextLine ID="line_1526140528909_870" BASELINE="421" HEIGHT="71" WIDTH="1363" VPOS="350" HPOS="163"><String HEIGHT="71" WIDTH="383" VPOS="350" HPOS="120" CONTENT="הברזל"/><String HEIGHT="71" WIDTH="426" VPOS="350" HPOS="376" CONTENT="בהשכלת"/><String HEIGHT="71" WIDTH="383" VPOS="350" HPOS="674" CONTENT="האדם,"/><String HEIGHT="71" WIDTH="298" VPOS="350" HPOS="930" CONTENT="מאת"/><String HEIGHT="71" WIDTH="426" VPOS="350" HPOS="1100" CONTENT="המו&#34;ל,"/><String HEIGHT="71" WIDTH="170" VPOS="350" HPOS="1356" CONTENT="20"/></TextLine><TextLine ID="line_1526140526783_868" BASELINE="482" HEIGHT="71" WIDTH="1364" VPOS="411" HPOS="163"><String HEIGHT="71" WIDTH="364" VPOS="411" HPOS="118" CONTENT="שאלה"/><String HEIGHT="71" WIDTH="500" VPOS="411" HPOS="345" CONTENT="הנדסית,"/><String HEIGHT="71" WIDTH="318" VPOS="411" HPOS="709" CONTENT="מאת"/><String HEIGHT="71" WIDTH="318" VPOS="411" HPOS="890" CONTENT="דר׳"/><String HEIGHT="71" WIDTH="455" VPOS="411" HPOS="1072" CONTENT="לפקין,"/><String HEIGHT="71" WIDTH="182" VPOS="411" HPOS="1345" CONTENT="22"/></TextLine><TextLine ID="line_1526140525503_866" BASELINE="548" HEIGHT="75" WIDTH="1364" VPOS="473" HPOS="163"><String HEIGHT="75" WIDTH="208" VPOS="473" HPOS="140" CONTENT="חרבות"/><String HEIGHT="75" WIDTH="208" VPOS="473" HPOS="279" CONTENT="עולם,"/><String HEIGHT="75" WIDTH="162" VPOS="473" HPOS="417" CONTENT="מאת"/><String HEIGHT="75" WIDTH="231" VPOS="473" HPOS="510" CONTENT="המו&#34;ל,"/><String HEIGHT="75" WIDTH="139" VPOS="473" HPOS="672" CONTENT="עם"/><String HEIGHT="75" WIDTH="139" VPOS="473" HPOS="741" CONTENT="ג׳"/><String HEIGHT="75" WIDTH="254" VPOS="473" HPOS="810" CONTENT="ציורים,"/><String HEIGHT="75" WIDTH="162" VPOS="473" HPOS="995" CONTENT="21,"/><String HEIGHT="75" WIDTH="162" VPOS="473" HPOS="1088" CONTENT="22,"/><String HEIGHT="75" WIDTH="162" VPOS="473" HPOS="1180" CONTENT="24,"/><String HEIGHT="75" WIDTH="139" VPOS="473" HPOS="1273" CONTENT="25"/><String HEIGHT="75" WIDTH="185" VPOS="473" HPOS="1342" CONTENT="ומפה"/><String HEIGHT="75" WIDTH="92" VPOS="473" HPOS="1435" CONTENT="מן"/></TextLine><TextLine ID="line_1526140522964_864" BASELINE="602" HEIGHT="75" WIDTH="1364" VPOS="527" HPOS="163"><String HEIGHT="75" WIDTH="1910" VPOS="527" HPOS="-383" CONTENT="זועץ."/></TextLine><TextLine ID="line_1526140521420_862" BASELINE="671" HEIGHT="63" WIDTH="1364" VPOS="608" HPOS="163"><String HEIGHT="63" WIDTH="198" VPOS="608" HPOS="138" CONTENT="עובר"/><String HEIGHT="63" WIDTH="198" VPOS="608" HPOS="262" CONTENT="אורח"/><String HEIGHT="63" WIDTH="149" VPOS="608" HPOS="386" CONTENT="ים"/><String HEIGHT="63" WIDTH="273" VPOS="608" HPOS="461" CONTENT="הצפוני,"/><String HEIGHT="63" WIDTH="174" VPOS="608" HPOS="659" CONTENT="מאת"/><String HEIGHT="63" WIDTH="198" VPOS="608" HPOS="758" CONTENT="חיים"/><String HEIGHT="63" WIDTH="298" VPOS="608" HPOS="882" CONTENT="גאטעסמאן"/><String HEIGHT="63" WIDTH="124" VPOS="608" HPOS="1105" CONTENT=","/><String HEIGHT="63" WIDTH="174" VPOS="608" HPOS="1155" CONTENT="21,"/><String HEIGHT="63" WIDTH="174" VPOS="608" HPOS="1254" CONTENT="22,"/><String HEIGHT="63" WIDTH="174" VPOS="608" HPOS="1353" CONTENT="23,"/><String HEIGHT="63" WIDTH="99" VPOS="608" HPOS="1428" CONTENT="25"/></TextLine><TextLine ID="line_1526140519730_860" BASELINE="732" HEIGHT="81" WIDTH="1364" VPOS="651" HPOS="163"><String HEIGHT="81" WIDTH="205" VPOS="651" HPOS="129" CONTENT="הר"/><String HEIGHT="81" WIDTH="307" VPOS="651" HPOS="231" CONTENT="שרפה,"/><String HEIGHT="81" WIDTH="239" VPOS="651" HPOS="436" CONTENT="מאת"/><String HEIGHT="81" WIDTH="273" VPOS="651" HPOS="572" CONTENT="קלמן"/><String HEIGHT="81" WIDTH="375" VPOS="651" HPOS="743" CONTENT="שולמאן,"/><String HEIGHT="81" WIDTH="239" VPOS="651" HPOS="1016" CONTENT="22,"/><String HEIGHT="81" WIDTH="239" VPOS="651" HPOS="1152" CONTENT="23,"/><String HEIGHT="81" WIDTH="239" VPOS="651" HPOS="1288" CONTENT="24,"/><String HEIGHT="81" WIDTH="136" VPOS="651" HPOS="1391" CONTENT="25"/></TextLine><TextLine ID="line_1526140518575_858" BASELINE="792" HEIGHT="72" WIDTH="1363" VPOS="720" HPOS="164"><String HEIGHT="72" WIDTH="470" VPOS="720" HPOS="117" CONTENT="הצולל,"/><String HEIGHT="72" WIDTH="329" VPOS="720" HPOS="446" CONTENT="מאת"/><String HEIGHT="72" WIDTH="470" VPOS="720" HPOS="634" CONTENT="יחזקאל"/><String HEIGHT="72" WIDTH="564" VPOS="720" HPOS="963" CONTENT="גוטפארב,"/><String HEIGHT="72" WIDTH="188" VPOS="720" HPOS="1339" CONTENT="24"/></TextLine></TextBlock><TextBlock ID="TextRegion_1526140295187_785" HEIGHT="1102" WIDTH="1418" VPOS="819" HPOS="132"><Shape><Polygon POINTS="1550,1921 132,1921 132,819 1550,819"/></Shape><TextLine ID="line_1526140494343_856" BASELINE="924" HEIGHT="95" WIDTH="1299" VPOS="829" HPOS="232"><String HEIGHT="95" WIDTH="236" VPOS="829" HPOS="173" CONTENT=""/><String HEIGHT="95" WIDTH="590" VPOS="829" HPOS="232" CONTENT="מאמרים"/><String HEIGHT="95" WIDTH="650" VPOS="829" HPOS="645" CONTENT="וענינים"/><String HEIGHT="95" WIDTH="472" VPOS="829" HPOS="1059" CONTENT="שונים."/></TextLine><TextLine ID="line_1526140494343_855" BASELINE="1034" HEIGHT="82" WIDTH="1297" VPOS="952" HPOS="234"><String HEIGHT="82" WIDTH="432" VPOS="952" HPOS="186" CONTENT="החכמה"/><String HEIGHT="82" WIDTH="528" VPOS="952" HPOS="474" CONTENT="וההשכלה"/><String HEIGHT="82" WIDTH="240" VPOS="952" HPOS="858" CONTENT=","/><String HEIGHT="82" WIDTH="336" VPOS="952" HPOS="955" CONTENT="מאת"/><String HEIGHT="82" WIDTH="432" VPOS="952" HPOS="1147" CONTENT="המו&#34;ל"/><String HEIGHT="82" WIDTH="144" VPOS="952" HPOS="1387" CONTENT="1"/></TextLine><TextLine ID="line_1526140492589_853" BASELINE="1100" HEIGHT="89" WIDTH="1297" VPOS="1011" HPOS="234"><String HEIGHT="89" WIDTH="316" VPOS="1011" HPOS="202" CONTENT="מגורשי"/><String HEIGHT="89" WIDTH="285" VPOS="1011" HPOS="424" CONTENT="ווינא"/><String HEIGHT="89" WIDTH="158" VPOS="1011" HPOS="614" CONTENT=","/><String HEIGHT="89" WIDTH="221" VPOS="1011" HPOS="677" CONTENT="מאת"/><String HEIGHT="89" WIDTH="253" VPOS="1011" HPOS="803" CONTENT="ליזר"/><String HEIGHT="89" WIDTH="411" VPOS="1011" HPOS="962" CONTENT="לאנדפהוט,"/><String HEIGHT="89" WIDTH="190" VPOS="1011" HPOS="1278" CONTENT="1,"/><String HEIGHT="89" WIDTH="190" VPOS="1011" HPOS="1373" CONTENT="4,"/><String HEIGHT="89" WIDTH="95" VPOS="1011" HPOS="1436" CONTENT="5"/></TextLine><TextLine ID="line_1526140490597_851" BASELINE="1163" HEIGHT="66" WIDTH="1299" VPOS="1097" HPOS="232"><String HEIGHT="66" WIDTH="241" VPOS="1097" HPOS="208" CONTENT="מכתבים"/><String HEIGHT="66" WIDTH="313" VPOS="1097" HPOS="376" CONTENT="מזיטאמיר,"/><String HEIGHT="66" WIDTH="168" VPOS="1097" HPOS="617" CONTENT="מאת"/><String HEIGHT="66" WIDTH="168" VPOS="1097" HPOS="713" CONTENT="ח״י"/><String HEIGHT="66" WIDTH="289" VPOS="1097" HPOS="809" CONTENT="גורלאנד,"/><String HEIGHT="66" WIDTH="144" VPOS="1097" HPOS="1026" CONTENT="4,"/><String HEIGHT="66" WIDTH="144" VPOS="1097" HPOS="1098" CONTENT="8,"/><String HEIGHT="66" WIDTH="168" VPOS="1097" HPOS="1170" CONTENT="11,"/><String HEIGHT="66" WIDTH="168" VPOS="1097" HPOS="1266" CONTENT="12,"/><String HEIGHT="66" WIDTH="168" VPOS="1097" HPOS="1363" CONTENT="13,"/><String HEIGHT="66" WIDTH="96" VPOS="1097" HPOS="1435" CONTENT="14"/></TextLine><TextLine ID="line_1526140488492_849" BASELINE="1221" HEIGHT="69" WIDTH="1298" VPOS="1152" HPOS="233"><String HEIGHT="69" WIDTH="649" VPOS="1152" HPOS="140" CONTENT="17,"/><String HEIGHT="69" WIDTH="649" VPOS="1152" HPOS="511" CONTENT="18,"/><String HEIGHT="69" WIDTH="649" VPOS="1152" HPOS="882" CONTENT="19,"/><String HEIGHT="69" WIDTH="371" VPOS="1152" HPOS="1160" CONTENT="25"/></TextLine><TextLine ID="line_1526140485985_847" BASELINE="1286" HEIGHT="73" WIDTH="1299" VPOS="1213" HPOS="233"><String HEIGHT="73" WIDTH="276" VPOS="1213" HPOS="205" CONTENT="תולדות"/><String HEIGHT="73" WIDTH="221" VPOS="1213" HPOS="399" CONTENT="החכם"/><String HEIGHT="73" WIDTH="193" VPOS="1213" HPOS="537" CONTENT="דר׳"/><String HEIGHT="73" WIDTH="332" VPOS="1213" HPOS="648" CONTENT="וואמברי,"/><String HEIGHT="73" WIDTH="193" VPOS="1213" HPOS="896" CONTENT="מאת"/><String HEIGHT="73" WIDTH="166" VPOS="1213" HPOS="1007" CONTENT="ה'"/><String HEIGHT="73" WIDTH="332" VPOS="1213" HPOS="1090" CONTENT="צייטלין,"/><String HEIGHT="73" WIDTH="193" VPOS="1213" HPOS="1339" CONTENT="10,"/><String HEIGHT="73" WIDTH="111" VPOS="1213" HPOS="1421" CONTENT="11"/></TextLine><TextLine ID="line_1526140484556_845" BASELINE="1356" HEIGHT="78" WIDTH="1299" VPOS="1278" HPOS="232"><String HEIGHT="78" WIDTH="297" VPOS="1278" HPOS="195" CONTENT="חקרי"/><String HEIGHT="78" WIDTH="334" VPOS="1278" HPOS="380" CONTENT="לשון,"/><String HEIGHT="78" WIDTH="260" VPOS="1278" HPOS="603" CONTENT="מאת"/><String HEIGHT="78" WIDTH="334" VPOS="1278" HPOS="752" CONTENT="יחיאל"/><String HEIGHT="78" WIDTH="297" VPOS="1278" HPOS="974" CONTENT="מיכל"/><String HEIGHT="78" WIDTH="371" VPOS="1278" HPOS="1160" CONTENT="פינעס,"/><String HEIGHT="78" WIDTH="186" VPOS="1278" HPOS="1420" CONTENT="5"/><String HEIGHT="78" WIDTH="74" VPOS="1278" HPOS="1457" CONTENT=""/></TextLine><TextLine ID="line_1526140482842_843" BASELINE="1407" HEIGHT="66" WIDTH="1297" VPOS="1341" HPOS="234"><String HEIGHT="66" WIDTH="284" VPOS="1341" HPOS="193" CONTENT="מאה"/><String HEIGHT="66" WIDTH="365" VPOS="1341" HPOS="356" CONTENT="קולות"/><String HEIGHT="66" WIDTH="203" VPOS="1341" HPOS="599" CONTENT=","/><String HEIGHT="66" WIDTH="284" VPOS="1341" HPOS="680" CONTENT="מאת"/><String HEIGHT="66" WIDTH="324" VPOS="1341" HPOS="842" CONTENT="יעקב"/><String HEIGHT="66" WIDTH="486" VPOS="1341" HPOS="1045" CONTENT="רייפעאן,"/><String HEIGHT="66" WIDTH="162" VPOS="1341" HPOS="1369" CONTENT="10"/></TextLine><TextLine ID="line_1526140480476_841" BASELINE="1466" HEIGHT="61" WIDTH="1297" VPOS="1405" HPOS="234"><String HEIGHT="61" WIDTH="226" VPOS="1405" HPOS="206" CONTENT="קיעב"/><String HEIGHT="61" WIDTH="282" VPOS="1405" HPOS="347" CONTENT="בספרות"/><String HEIGHT="61" WIDTH="338" VPOS="1405" HPOS="544" CONTENT="היהודים,"/><String HEIGHT="61" WIDTH="197" VPOS="1405" HPOS="798" CONTENT="מאת"/><String HEIGHT="61" WIDTH="254" VPOS="1405" HPOS="911" CONTENT="אברהם"/><String HEIGHT="61" WIDTH="254" VPOS="1405" HPOS="1080" CONTENT="אליהו"/><String HEIGHT="61" WIDTH="282" VPOS="1405" HPOS="1249" CONTENT="הרכבי,"/><String HEIGHT="61" WIDTH="113" VPOS="1405" HPOS="1418" CONTENT="11"/></TextLine><TextLine ID="line_1526140477177_839" BASELINE="1530" HEIGHT="69" WIDTH="1299" VPOS="1461" HPOS="232"><String HEIGHT="69" WIDTH="397" VPOS="1461" HPOS="196" CONTENT="מכתבים,"/><String HEIGHT="69" WIDTH="253" VPOS="1461" HPOS="485" CONTENT="מאת"/><String HEIGHT="69" WIDTH="325" VPOS="1461" HPOS="629" CONTENT="הנ&#34;ל,"/><String HEIGHT="69" WIDTH="253" VPOS="1461" HPOS="845" CONTENT="12,"/><String HEIGHT="69" WIDTH="253" VPOS="1461" HPOS="990" CONTENT="15,"/><String HEIGHT="69" WIDTH="253" VPOS="1461" HPOS="1134" CONTENT="16,"/><String HEIGHT="69" WIDTH="253" VPOS="1461" HPOS="1278" CONTENT="21,"/><String HEIGHT="69" WIDTH="144" VPOS="1461" HPOS="1387" CONTENT="22"/></TextLine><TextLine ID="line_1526140474948_837" BASELINE="1593" HEIGHT="68" WIDTH="1299" VPOS="1525" HPOS="233"><String HEIGHT="68" WIDTH="266" VPOS="1525" HPOS="200" CONTENT="אנרת"/><String HEIGHT="68" WIDTH="333" VPOS="1525" HPOS="366" CONTENT="פתותה,"/><String HEIGHT="68" WIDTH="200" VPOS="1525" HPOS="599" CONTENT="מת"/><String HEIGHT="68" WIDTH="266" VPOS="1525" HPOS="699" CONTENT="יוסף"/><String HEIGHT="68" WIDTH="300" VPOS="1525" HPOS="866" CONTENT="יוזיל"/><String HEIGHT="68" WIDTH="400" VPOS="1525" HPOS="1066" CONTENT="גינצבורג"/><String HEIGHT="68" WIDTH="167" VPOS="1525" HPOS="1365" CONTENT=","/><String HEIGHT="68" WIDTH="133" VPOS="1525" HPOS="1399" CONTENT="17"/></TextLine><TextLine ID="line_1526140473265_835" BASELINE="1671" HEIGHT="94" WIDTH="1299" VPOS="1577" HPOS="233"><String HEIGHT="94" WIDTH="315" VPOS="1577" HPOS="194" CONTENT="סכתב"/><String HEIGHT="94" WIDTH="394" VPOS="1577" HPOS="390" CONTENT="להמו&#34;ל"/><String HEIGHT="94" WIDTH="197" VPOS="1577" HPOS="666" CONTENT=","/><String HEIGHT="94" WIDTH="276" VPOS="1577" HPOS="745" CONTENT="מאת"/><String HEIGHT="94" WIDTH="276" VPOS="1577" HPOS="902" CONTENT="דר׳"/><String HEIGHT="94" WIDTH="394" VPOS="1577" HPOS="1060" CONTENT="ליפקין"/><String HEIGHT="94" WIDTH="197" VPOS="1577" HPOS="1335" CONTENT=","/><String HEIGHT="94" WIDTH="157" VPOS="1577" HPOS="1375" CONTENT="22"/></TextLine><TextLine ID="line_1526140471862_833" BASELINE="1721" HEIGHT="67" WIDTH="1298" VPOS="1654" HPOS="233"><String HEIGHT="67" WIDTH="229" VPOS="1654" HPOS="208" CONTENT="ראשית"/><String HEIGHT="67" WIDTH="280" VPOS="1654" HPOS="360" CONTENT="התישבות"/><String HEIGHT="67" WIDTH="280" VPOS="1654" HPOS="564" CONTENT="היהודים"/><String HEIGHT="67" WIDTH="305" VPOS="1654" HPOS="767" CONTENT="באמסטרדם"/><String HEIGHT="67" WIDTH="127" VPOS="1654" HPOS="997" CONTENT=","/><String HEIGHT="67" WIDTH="178" VPOS="1654" HPOS="1047" CONTENT="מאת"/><String HEIGHT="67" WIDTH="178" VPOS="1654" HPOS="1149" CONTENT="ע&#34;ף"/><String HEIGHT="67" WIDTH="229" VPOS="1654" HPOS="1251" CONTENT="שמירא"/><String HEIGHT="67" WIDTH="127" VPOS="1654" HPOS="1404" CONTENT=","/><String HEIGHT="67" WIDTH="102" VPOS="1654" HPOS="1429" CONTENT="13"/></TextLine><TextLine ID="line_1526140470340_831" BASELINE="1800" HEIGHT="87" WIDTH="1297" VPOS="1713" HPOS="233"><String HEIGHT="87" WIDTH="296" VPOS="1713" HPOS="196" CONTENT="שרפת"/><String HEIGHT="87" WIDTH="371" VPOS="1713" HPOS="381" CONTENT="המתים,"/><String HEIGHT="87" WIDTH="259" VPOS="1713" HPOS="641" CONTENT="מאת"/><String HEIGHT="87" WIDTH="296" VPOS="1713" HPOS="789" CONTENT="יעקב"/><String HEIGHT="87" WIDTH="556" VPOS="1713" HPOS="974" CONTENT="מאפאראוועל,"/><String HEIGHT="87" WIDTH="148" VPOS="1713" HPOS="1382" CONTENT="21"/></TextLine></TextBlock><TextBlock ID="TextRegion_1526140254769_779" HEIGHT="180" WIDTH="2840" VPOS="1921" HPOS="132"><Shape><Polygon POINTS="2972,2101 132,2101 132,1921 2972,1921"/></Shape><TextLine ID="line_1528484914134_5" BASELINE="2073" HEIGHT="99" WIDTH="1347" VPOS="1974" HPOS="876"><String HEIGHT="99" WIDTH="284" VPOS="1974" HPOS="841" CONTENT="תוכל"/><String HEIGHT="99" WIDTH="390" VPOS="1974" HPOS="1018" CONTENT="הענינים"/><String HEIGHT="99" WIDTH="390" VPOS="1974" HPOS="1301" CONTENT="הנכללים"/><String HEIGHT="99" WIDTH="390" VPOS="1974" HPOS="1585" CONTENT="בהצפירה"/><String HEIGHT="99" WIDTH="284" VPOS="1974" HPOS="1869" CONTENT="משנת"/><String HEIGHT="99" WIDTH="213" VPOS="1974" HPOS="2010" CONTENT="1875"/></TextLine></TextBlock><TextBlock ID="TextRegion_1526140616354_928" HEIGHT="1491" WIDTH="1415" VPOS="2101" HPOS="1557"><Shape><Polygon POINTS="2972,3592 1557,3592 1557,2101 2972,2101"/></Shape><TextLine ID="line_1528484895959_4" BASELINE="2179" HEIGHT="84" WIDTH="610" VPOS="2095" HPOS="1928"><String HEIGHT="84" WIDTH="321" VPOS="2095" HPOS="1896" CONTENT="ידיעות"/><String HEIGHT="84" WIDTH="289" VPOS="2095" HPOS="2121" CONTENT="העולם"/><String HEIGHT="84" WIDTH="257" VPOS="2095" HPOS="2281" CONTENT="והטבע."/></TextLine><TextLine ID="line_1526140721833_971" BASELINE="2289" HEIGHT="64" WIDTH="1393" VPOS="2225" HPOS="1556"><String HEIGHT="64" WIDTH="174" VPOS="2225" HPOS="1531" CONTENT="כתב"/><String HEIGHT="64" WIDTH="249" VPOS="2225" HPOS="1631" CONTENT="אשורית"/><String HEIGHT="64" WIDTH="149" VPOS="2225" HPOS="1805" CONTENT="או"/><String HEIGHT="64" WIDTH="174" VPOS="2225" HPOS="1879" CONTENT="כתב"/><String HEIGHT="64" WIDTH="274" VPOS="2225" HPOS="1979" CONTENT="היתדות,"/><String HEIGHT="64" WIDTH="174" VPOS="2225" HPOS="2178" CONTENT="מאת"/><String HEIGHT="64" WIDTH="199" VPOS="2225" HPOS="2277" CONTENT="קלמן"/><String HEIGHT="64" WIDTH="274" VPOS="2225" HPOS="2402" CONTENT="שולמאן,"/><String HEIGHT="64" WIDTH="149" VPOS="2225" HPOS="2601" CONTENT="3,"/><String HEIGHT="64" WIDTH="149" VPOS="2225" HPOS="2675" CONTENT="4,"/><String HEIGHT="64" WIDTH="149" VPOS="2225" HPOS="2750" CONTENT="5,"/><String HEIGHT="64" WIDTH="149" VPOS="2225" HPOS="2825" CONTENT="6,"/><String HEIGHT="64" WIDTH="75" VPOS="2225" HPOS="2874" CONTENT="7"/></TextLine><TextLine ID="line_1526140721833_970" BASELINE="2341" HEIGHT="88" WIDTH="1396" VPOS="2253" HPOS="1555"><String HEIGHT="88" WIDTH="1396" VPOS="2253" HPOS="1322" CONTENT="8,"/><String HEIGHT="88" WIDTH="1163" VPOS="2253" HPOS="1788" CONTENT=",10"/></TextLine><TextLine ID="line_1526140720257_968" BASELINE="2405" HEIGHT="86" WIDTH="1394" VPOS="2319" HPOS="1555"><String HEIGHT="86" WIDTH="507" VPOS="2319" HPOS="1492" CONTENT="מעלת"/><String HEIGHT="86" WIDTH="507" VPOS="2319" HPOS="1808" CONTENT="החום"/><String HEIGHT="86" WIDTH="444" VPOS="2319" HPOS="2125" CONTENT="אשר"/><String HEIGHT="86" WIDTH="634" VPOS="2319" HPOS="2315" CONTENT="לאירופא,"/></TextLine><TextLine ID="line_1526140717491_966" BASELINE="2458" HEIGHT="76" WIDTH="1396" VPOS="2382" HPOS="1554"><String HEIGHT="76" WIDTH="189" VPOS="2382" HPOS="1530" CONTENT="מעבר"/><String HEIGHT="76" WIDTH="166" VPOS="2382" HPOS="1649" CONTENT="בין"/><String HEIGHT="76" WIDTH="189" VPOS="2382" HPOS="1743" CONTENT="צרפת"/><String HEIGHT="76" WIDTH="237" VPOS="2382" HPOS="1862" CONTENT="ואגליא"/><String HEIGHT="76" WIDTH="189" VPOS="2382" HPOS="2027" CONTENT="מתחת"/><String HEIGHT="76" WIDTH="213" VPOS="2382" HPOS="2146" CONTENT="לזרוע"/><String HEIGHT="76" WIDTH="189" VPOS="2382" HPOS="2287" CONTENT="הים,"/><String HEIGHT="76" WIDTH="166" VPOS="2382" HPOS="2406" CONTENT="מאת"/><String HEIGHT="76" WIDTH="213" VPOS="2382" HPOS="2500" CONTENT="אברהם"/><String HEIGHT="76" WIDTH="166" VPOS="2382" HPOS="2642" CONTENT="כהן"/><String HEIGHT="76" WIDTH="118" VPOS="2382" HPOS="2737" CONTENT="ק"/><String HEIGHT="76" WIDTH="95" VPOS="2382" HPOS="2784" CONTENT=""/><String HEIGHT="76" WIDTH="95" VPOS="2382" HPOS="2808" CONTENT=""/><String HEIGHT="76" WIDTH="142" VPOS="2382" HPOS="2832" CONTENT="4,"/><String HEIGHT="76" WIDTH="71" VPOS="2382" HPOS="2879" CONTENT="5"/></TextLine><TextLine ID="line_1526140715961_964" BASELINE="2517" HEIGHT="87" WIDTH="1396" VPOS="2430" HPOS="1555"><String HEIGHT="87" WIDTH="372" VPOS="2430" HPOS="1508" CONTENT="שאלה"/><String HEIGHT="87" WIDTH="512" VPOS="2430" HPOS="1741" CONTENT="הנדסית,"/><String HEIGHT="87" WIDTH="326" VPOS="2430" HPOS="2113" CONTENT="מאת"/><String HEIGHT="87" WIDTH="326" VPOS="2430" HPOS="2300" CONTENT="דר׳"/><String HEIGHT="87" WIDTH="512" VPOS="2430" HPOS="2486" CONTENT="ליפקין,"/><String HEIGHT="87" WIDTH="140" VPOS="2430" HPOS="2811" CONTENT="5"/></TextLine><TextLine ID="line_1526140714378_962" BASELINE="2587" HEIGHT="72" WIDTH="1393" VPOS="2515" HPOS="1556"><String HEIGHT="72" WIDTH="232" VPOS="2515" HPOS="1527" CONTENT="עובר"/><String HEIGHT="72" WIDTH="232" VPOS="2515" HPOS="1672" CONTENT="אורח"/><String HEIGHT="72" WIDTH="174" VPOS="2515" HPOS="1817" CONTENT="ים"/><String HEIGHT="72" WIDTH="319" VPOS="2515" HPOS="1904" CONTENT="הצפוני,"/><String HEIGHT="72" WIDTH="203" VPOS="2515" HPOS="2136" CONTENT="מאת"/><String HEIGHT="72" WIDTH="232" VPOS="2515" HPOS="2253" CONTENT="חיים"/><String HEIGHT="72" WIDTH="348" VPOS="2515" HPOS="2398" CONTENT="גאעעסמאן"/><String HEIGHT="72" WIDTH="145" VPOS="2515" HPOS="2659" CONTENT=","/><String HEIGHT="72" WIDTH="174" VPOS="2515" HPOS="2717" CONTENT="2,"/><String HEIGHT="72" WIDTH="174" VPOS="2515" HPOS="2804" CONTENT="3,"/><String HEIGHT="72" WIDTH="87" VPOS="2515" HPOS="2862" CONTENT="4"/></TextLine><TextLine ID="line_1526140712561_960" BASELINE="2651" HEIGHT="81" WIDTH="1394" VPOS="2570" HPOS="1555"><String HEIGHT="81" WIDTH="199" VPOS="2570" HPOS="1533" CONTENT="נסיעה"/><String HEIGHT="81" WIDTH="177" VPOS="2570" HPOS="1666" CONTENT="באיי"/><String HEIGHT="81" WIDTH="155" VPOS="2570" HPOS="1776" CONTENT="הים"/><String HEIGHT="81" WIDTH="221" VPOS="2570" HPOS="1865" CONTENT="הגדול,"/><String HEIGHT="81" WIDTH="155" VPOS="2570" HPOS="2020" CONTENT="מאת"/><String HEIGHT="81" WIDTH="221" VPOS="2570" HPOS="2108" CONTENT="יחזקאל"/><String HEIGHT="81" WIDTH="266" VPOS="2570" HPOS="2263" CONTENT="גוטפארב,"/><String HEIGHT="81" WIDTH="133" VPOS="2570" HPOS="2462" CONTENT="2,"/><String HEIGHT="81" WIDTH="133" VPOS="2570" HPOS="2529" CONTENT="5,"/><String HEIGHT="81" WIDTH="133" VPOS="2570" HPOS="2595" CONTENT="7,"/><String HEIGHT="81" WIDTH="133" VPOS="2570" HPOS="2661" CONTENT="8,"/><String HEIGHT="81" WIDTH="133" VPOS="2570" HPOS="2728" CONTENT="9,"/><String HEIGHT="81" WIDTH="155" VPOS="2570" HPOS="2794" CONTENT="10,"/><String HEIGHT="81" WIDTH="89" VPOS="2570" HPOS="2860" CONTENT="11"/></TextLine><TextLine ID="line_1526140710654_958" BASELINE="2706" HEIGHT="76" WIDTH="1393" VPOS="2630" HPOS="1556"><String HEIGHT="76" WIDTH="238" VPOS="2630" HPOS="1522" CONTENT="חקר"/><String HEIGHT="76" WIDTH="306" VPOS="2630" HPOS="1658" CONTENT="תהום,"/><String HEIGHT="76" WIDTH="238" VPOS="2630" HPOS="1862" CONTENT="מאת"/><String HEIGHT="76" WIDTH="306" VPOS="2630" HPOS="1998" CONTENT="המו&#34;ל"/><String HEIGHT="76" WIDTH="204" VPOS="2630" HPOS="2202" CONTENT="עם"/><String HEIGHT="76" WIDTH="204" VPOS="2630" HPOS="2303" CONTENT="ד׳"/><String HEIGHT="76" WIDTH="374" VPOS="2630" HPOS="2405" CONTENT="ציורים,"/><String HEIGHT="76" WIDTH="204" VPOS="2630" HPOS="2677" CONTENT="6,"/><String HEIGHT="76" WIDTH="204" VPOS="2630" HPOS="2779" CONTENT="7,"/><String HEIGHT="76" WIDTH="102" VPOS="2630" HPOS="2847" CONTENT="8"/></TextLine><TextLine ID="line_1526140709358_956" BASELINE="2777" HEIGHT="82" WIDTH="1393" VPOS="2695" HPOS="1556"><String HEIGHT="82" WIDTH="247" VPOS="2695" HPOS="1534" CONTENT="תחבולות"/><String HEIGHT="82" WIDTH="157" VPOS="2695" HPOS="1713" CONTENT="בני"/><String HEIGHT="82" WIDTH="180" VPOS="2695" HPOS="1803" CONTENT="האדם"/><String HEIGHT="82" WIDTH="202" VPOS="2695" HPOS="1915" CONTENT="לעומת"/><String HEIGHT="82" WIDTH="202" VPOS="2695" HPOS="2050" CONTENT="הגזרה"/><String HEIGHT="82" WIDTH="270" VPOS="2695" HPOS="2185" CONTENT="העליונה,"/><String HEIGHT="82" WIDTH="157" VPOS="2695" HPOS="2387" CONTENT="מאת"/><String HEIGHT="82" WIDTH="180" VPOS="2695" HPOS="2477" CONTENT="יוסף"/><String HEIGHT="82" WIDTH="157" VPOS="2695" HPOS="2590" CONTENT="ליב"/><String HEIGHT="82" WIDTH="225" VPOS="2695" HPOS="2679" CONTENT="זאסניץ"/><String HEIGHT="82" WIDTH="135" VPOS="2695" HPOS="2837" CONTENT="8,"/><String HEIGHT="82" WIDTH="67" VPOS="2695" HPOS="2882" CONTENT="9"/></TextLine><TextLine ID="line_1526140708178_954" BASELINE="2839" HEIGHT="86" WIDTH="1394" VPOS="2753" HPOS="1555"><String HEIGHT="86" WIDTH="183" VPOS="2753" HPOS="1532" CONTENT="מסלת"/><String HEIGHT="86" WIDTH="206" VPOS="2753" HPOS="1646" CONTENT="הברזל"/><String HEIGHT="86" WIDTH="183" VPOS="2753" HPOS="1784" CONTENT="מתחת"/><String HEIGHT="86" WIDTH="160" VPOS="2753" HPOS="1898" CONTENT="להר"/><String HEIGHT="86" WIDTH="274" VPOS="2753" HPOS="1989" CONTENT="גאטהארד,"/><String HEIGHT="86" WIDTH="160" VPOS="2753" HPOS="2195" CONTENT="מאת"/><String HEIGHT="86" WIDTH="137" VPOS="2753" HPOS="2286" CONTENT="ל'"/><String HEIGHT="86" WIDTH="229" VPOS="2753" HPOS="2355" CONTENT="קאנעאר"/><String HEIGHT="86" WIDTH="137" VPOS="2753" HPOS="2515" CONTENT="עם"/><String HEIGHT="86" WIDTH="137" VPOS="2753" HPOS="2583" CONTENT="ב'"/><String HEIGHT="86" WIDTH="229" VPOS="2753" HPOS="2652" CONTENT="ציורים"/><String HEIGHT="86" WIDTH="137" VPOS="2753" HPOS="2812" CONTENT="9,"/><String HEIGHT="86" WIDTH="91" VPOS="2753" HPOS="2858" CONTENT="10"/></TextLine><TextLine ID="line_1526140706705_952" BASELINE="2892" HEIGHT="93" WIDTH="1396" VPOS="2799" HPOS="1555"><String HEIGHT="93" WIDTH="349" VPOS="2799" HPOS="1511" CONTENT="שאלה"/><String HEIGHT="93" WIDTH="436" VPOS="2799" HPOS="1730" CONTENT="הנדסית"/><String HEIGHT="93" WIDTH="218" VPOS="2799" HPOS="2035" CONTENT=","/><String HEIGHT="93" WIDTH="305" VPOS="2799" HPOS="2122" CONTENT="מאת"/><String HEIGHT="93" WIDTH="305" VPOS="2799" HPOS="2297" CONTENT="דר׳"/><String HEIGHT="93" WIDTH="480" VPOS="2799" HPOS="2471" CONTENT="לופקין,"/><String HEIGHT="93" WIDTH="175" VPOS="2799" HPOS="2777" CONTENT="11"/></TextLine><TextLine ID="line_1526140704768_950" BASELINE="2957" HEIGHT="78" WIDTH="1394" VPOS="2879" HPOS="1555"><String HEIGHT="78" WIDTH="195" VPOS="2879" HPOS="1523" CONTENT="מי"/><String HEIGHT="78" WIDTH="259" VPOS="2879" HPOS="1620" CONTENT="יספר"/><String HEIGHT="78" WIDTH="259" VPOS="2879" HPOS="1782" CONTENT="נבלי"/><String HEIGHT="78" WIDTH="324" VPOS="2879" HPOS="1944" CONTENT="שחקים,"/><String HEIGHT="78" WIDTH="227" VPOS="2879" HPOS="2171" CONTENT="מאת"/><String HEIGHT="78" WIDTH="259" VPOS="2879" HPOS="2301" CONTENT="יוסת"/><String HEIGHT="78" WIDTH="227" VPOS="2879" HPOS="2463" CONTENT="ליב"/><String HEIGHT="78" WIDTH="357" VPOS="2879" HPOS="2592" CONTENT="זאסניץ,"/><String HEIGHT="78" WIDTH="130" VPOS="2879" HPOS="2819" CONTENT="11"/></TextLine><TextLine ID="line_1526140703294_948" BASELINE="3014" HEIGHT="79" WIDTH="1394" VPOS="2935" HPOS="1556"><String HEIGHT="79" WIDTH="279" VPOS="2935" HPOS="1510" CONTENT="צי"/><String HEIGHT="79" WIDTH="418" VPOS="2935" HPOS="1649" CONTENT="אדיר,"/><String HEIGHT="79" WIDTH="325" VPOS="2935" HPOS="1928" CONTENT="מאת"/><String HEIGHT="79" WIDTH="418" VPOS="2935" HPOS="2114" CONTENT="המו&#34;ל"/><String HEIGHT="79" WIDTH="279" VPOS="2935" HPOS="2392" CONTENT="עם"/><String HEIGHT="79" WIDTH="418" VPOS="2935" HPOS="2532" CONTENT="ציור,"/><String HEIGHT="79" WIDTH="186" VPOS="2935" HPOS="2764" CONTENT="12"/></TextLine><TextLine ID="line_1526140701620_946" BASELINE="3081" HEIGHT="78" WIDTH="1395" VPOS="3003" HPOS="1555"><String HEIGHT="78" WIDTH="306" VPOS="3003" HPOS="1521" CONTENT="האויר"/><String HEIGHT="78" WIDTH="442" VPOS="3003" HPOS="1725" CONTENT="והתתלואים"/><String HEIGHT="78" WIDTH="170" VPOS="3003" HPOS="2065" CONTENT=","/><String HEIGHT="78" WIDTH="238" VPOS="3003" HPOS="2133" CONTENT="מאת"/><String HEIGHT="78" WIDTH="272" VPOS="3003" HPOS="2270" CONTENT="יוסף"/><String HEIGHT="78" WIDTH="238" VPOS="3003" HPOS="2440" CONTENT="ליב"/><String HEIGHT="78" WIDTH="374" VPOS="3003" HPOS="2576" CONTENT="זאסניץ,"/><String HEIGHT="78" WIDTH="136" VPOS="3003" HPOS="2814" CONTENT="12"/></TextLine><TextLine ID="line_1526140699882_944" BASELINE="3134" HEIGHT="56" WIDTH="1395" VPOS="3078" HPOS="1555"><String HEIGHT="56" WIDTH="266" VPOS="3078" HPOS="1522" CONTENT="מכות"/><String HEIGHT="56" WIDTH="332" VPOS="3078" HPOS="1688" CONTENT="נאמנות"/><String HEIGHT="56" WIDTH="332" VPOS="3078" HPOS="1920" CONTENT="מהערוב"/><String HEIGHT="56" WIDTH="233" VPOS="3078" HPOS="2153" CONTENT="אשר"/><String HEIGHT="56" WIDTH="332" VPOS="3078" HPOS="2286" CONTENT="באויר,"/><String HEIGHT="56" WIDTH="233" VPOS="3078" HPOS="2518" CONTENT="מאת"/><String HEIGHT="56" WIDTH="299" VPOS="3078" HPOS="2651" CONTENT="הנ&#34;ל,"/><String HEIGHT="56" WIDTH="133" VPOS="3078" HPOS="2817" CONTENT="13"/></TextLine><TextLine ID="line_1526140698609_942" BASELINE="3202" HEIGHT="99" WIDTH="1396" VPOS="3103" HPOS="1555"><String HEIGHT="99" WIDTH="399" VPOS="3103" HPOS="1505" CONTENT="עתיד"/><String HEIGHT="99" WIDTH="548" VPOS="3103" HPOS="1754" CONTENT="לכידור,"/><String HEIGHT="99" WIDTH="349" VPOS="3103" HPOS="2153" CONTENT="מאת"/><String HEIGHT="99" WIDTH="598" VPOS="3103" HPOS="2353" CONTENT="אברבנאל,"/><String HEIGHT="99" WIDTH="199" VPOS="3103" HPOS="2752" CONTENT="14"/></TextLine><TextLine ID="line_1526140697247_940" BASELINE="3265" HEIGHT="78" WIDTH="1396" VPOS="3187" HPOS="1554"><String HEIGHT="78" WIDTH="207" VPOS="3187" HPOS="1528" CONTENT="מסלת"/><String HEIGHT="78" WIDTH="310" VPOS="3187" HPOS="1657" CONTENT="הפאסיפיק"/><String HEIGHT="78" WIDTH="336" VPOS="3187" HPOS="1890" CONTENT="באמעריקא,"/><String HEIGHT="78" WIDTH="181" VPOS="3187" HPOS="2149" CONTENT="מאת"/><String HEIGHT="78" WIDTH="233" VPOS="3187" HPOS="2252" CONTENT="המו״ל"/><String HEIGHT="78" WIDTH="155" VPOS="3187" HPOS="2407" CONTENT="עם"/><String HEIGHT="78" WIDTH="155" VPOS="3187" HPOS="2485" CONTENT="ב׳"/><String HEIGHT="78" WIDTH="284" VPOS="3187" HPOS="2562" CONTENT="ציורים,"/><String HEIGHT="78" WIDTH="181" VPOS="3187" HPOS="2769" CONTENT="14,"/><String HEIGHT="78" WIDTH="103" VPOS="3187" HPOS="2847" CONTENT="15"/></TextLine><TextLine ID="line_1526140695826_938" BASELINE="3329" HEIGHT="104" WIDTH="1394" VPOS="3225" HPOS="1556"><String HEIGHT="104" WIDTH="266" VPOS="3225" HPOS="1523" CONTENT="אויב"/><String HEIGHT="104" WIDTH="266" VPOS="3225" HPOS="1689" CONTENT="נורא"/><String HEIGHT="104" WIDTH="332" VPOS="3225" HPOS="1855" CONTENT="ומסוכן"/><String HEIGHT="104" WIDTH="166" VPOS="3225" HPOS="2087" CONTENT=","/><String HEIGHT="104" WIDTH="232" VPOS="3225" HPOS="2153" CONTENT="מאת"/><String HEIGHT="104" WIDTH="266" VPOS="3225" HPOS="2286" CONTENT="יוסף"/><String HEIGHT="104" WIDTH="232" VPOS="3225" HPOS="2452" CONTENT="ליב"/><String HEIGHT="104" WIDTH="365" VPOS="3225" HPOS="2585" CONTENT="זאסניץ,"/><String HEIGHT="104" WIDTH="133" VPOS="3225" HPOS="2817" CONTENT="14"/></TextLine><TextLine ID="line_1526140694402_936" BASELINE="3394" HEIGHT="73" WIDTH="1394" VPOS="3321" HPOS="1555"><String HEIGHT="73" WIDTH="272" VPOS="3321" HPOS="1521" CONTENT="ימים"/><String HEIGHT="73" WIDTH="306" VPOS="3321" HPOS="1691" CONTENT="ידברו"/><String HEIGHT="73" WIDTH="306" VPOS="3321" HPOS="1895" CONTENT="ונשמת"/><String HEIGHT="73" WIDTH="238" VPOS="3321" HPOS="2099" CONTENT="שדי"/><String HEIGHT="73" WIDTH="306" VPOS="3321" HPOS="2235" CONTENT="תבינם"/><String HEIGHT="73" WIDTH="170" VPOS="3321" HPOS="2439" CONTENT=","/><String HEIGHT="73" WIDTH="238" VPOS="3321" HPOS="2507" CONTENT="מאת"/><String HEIGHT="73" WIDTH="306" VPOS="3321" HPOS="2643" CONTENT="הנ&#34;ל,"/><String HEIGHT="73" WIDTH="136" VPOS="3321" HPOS="2813" CONTENT="15"/></TextLine><TextLine ID="line_1526140693072_934" BASELINE="3456" HEIGHT="77" WIDTH="1395" VPOS="3379" HPOS="1554"><String HEIGHT="77" WIDTH="233" VPOS="3379" HPOS="1528" CONTENT="משמרת"/><String HEIGHT="77" WIDTH="207" VPOS="3379" HPOS="1683" CONTENT="המים"/><String HEIGHT="77" WIDTH="258" VPOS="3379" HPOS="1812" CONTENT="בממלכת"/><String HEIGHT="77" WIDTH="207" VPOS="3379" HPOS="1993" CONTENT="הטבע"/><String HEIGHT="77" WIDTH="207" VPOS="3379" HPOS="2122" CONTENT="וחיי"/><String HEIGHT="77" WIDTH="233" VPOS="3379" HPOS="2252" CONTENT="האדם,"/><String HEIGHT="77" WIDTH="181" VPOS="3379" HPOS="2407" CONTENT="מאת"/><String HEIGHT="77" WIDTH="233" VPOS="3379" HPOS="2510" CONTENT="הנ&#34;ל,"/><String HEIGHT="77" WIDTH="181" VPOS="3379" HPOS="2665" CONTENT="16,"/><String HEIGHT="77" WIDTH="181" VPOS="3379" HPOS="2768" CONTENT="17,"/><String HEIGHT="77" WIDTH="103" VPOS="3379" HPOS="2846" CONTENT="18"/></TextLine><TextLine ID="line_1526140691755_932" BASELINE="3518" HEIGHT="98" WIDTH="1395" VPOS="3420" HPOS="1555"><String HEIGHT="98" WIDTH="314" VPOS="3420" HPOS="1520" CONTENT="חאויב"/><String HEIGHT="98" WIDTH="314" VPOS="3420" HPOS="1729" CONTENT="האורב"/><String HEIGHT="98" WIDTH="314" VPOS="3420" HPOS="1939" CONTENT="בחדר,"/><String HEIGHT="98" WIDTH="244" VPOS="3420" HPOS="2148" CONTENT="מאת"/><String HEIGHT="98" WIDTH="314" VPOS="3420" HPOS="2287" CONTENT="גרשון"/><String HEIGHT="98" WIDTH="314" VPOS="3420" HPOS="2497" CONTENT="פינץ,"/><String HEIGHT="98" WIDTH="244" VPOS="3420" HPOS="2706" CONTENT="16,"/><String HEIGHT="98" WIDTH="140" VPOS="3420" HPOS="2811" CONTENT="17"/></TextLine><TextLine ID="line_1526140689531_930" BASELINE="3646" HEIGHT="160" WIDTH="1395" VPOS="3486" HPOS="1554"><String HEIGHT="160" WIDTH="450" VPOS="3486" HPOS="1509" CONTENT="המלאכת"/><String HEIGHT="160" WIDTH="540" VPOS="3486" HPOS="1824" CONTENT="והמכונות"/><String HEIGHT="160" WIDTH="225" VPOS="3486" HPOS="2229" CONTENT=","/><String HEIGHT="160" WIDTH="315" VPOS="3486" HPOS="2319" CONTENT="מאת"/><String HEIGHT="160" WIDTH="450" VPOS="3486" HPOS="2499" CONTENT="המו&#34;ל,"/><String HEIGHT="160" WIDTH="180" VPOS="3486" HPOS="2769" CONTENT="19"/></TextLine></TextBlock><TextBlock ID="TextRegion_1526140262909_781" HEIGHT="1594" WIDTH="1425" VPOS="2101" HPOS="132"><Shape><Polygon POINTS="1557,3695 132,3695 132,2101 1557,2101"/></Shape><TextLine ID="line_1526140597081_918" BASELINE="2187" HEIGHT="84" WIDTH="1368" VPOS="2103" HPOS="160"><String HEIGHT="84" WIDTH="507" VPOS="2103" HPOS="109" CONTENT="חזיזני"/><String HEIGHT="84" WIDTH="507" VPOS="2103" HPOS="464" CONTENT="האויר,"/><String HEIGHT="84" WIDTH="355" VPOS="2103" HPOS="819" CONTENT="מאת"/><String HEIGHT="84" WIDTH="507" VPOS="2103" HPOS="1021" CONTENT="המו״ל,"/><String HEIGHT="84" WIDTH="203" VPOS="2103" HPOS="1325" CONTENT="20"/></TextLine><TextLine ID="line_1526140597081_917" BASELINE="2235" HEIGHT="63" WIDTH="1367" VPOS="2172" HPOS="161"><String HEIGHT="63" WIDTH="286" VPOS="2172" HPOS="129" CONTENT="עמודי"/><String HEIGHT="63" WIDTH="254" VPOS="2172" HPOS="320" CONTENT="מים,"/><String HEIGHT="63" WIDTH="223" VPOS="2172" HPOS="479" CONTENT="מאת"/><String HEIGHT="63" WIDTH="286" VPOS="2172" HPOS="606" CONTENT="נחמיה"/><String HEIGHT="63" WIDTH="223" VPOS="2172" HPOS="797" CONTENT="דוב"/><String HEIGHT="63" WIDTH="350" VPOS="2172" HPOS="924" CONTENT="האפמאן,"/><String HEIGHT="63" WIDTH="223" VPOS="2172" HPOS="1178" CONTENT="20,"/><String HEIGHT="63" WIDTH="223" VPOS="2172" HPOS="1305" CONTENT="21,"/><String HEIGHT="63" WIDTH="127" VPOS="2172" HPOS="1401" CONTENT="24"/></TextLine><TextLine ID="line_1526140594589_915" BASELINE="2297" HEIGHT="61" WIDTH="1370" VPOS="2236" HPOS="159"><String HEIGHT="61" WIDTH="252" VPOS="2236" HPOS="123" CONTENT="מצב"/><String HEIGHT="61" WIDTH="397" VPOS="2236" HPOS="267" CONTENT="היהודים"/><String HEIGHT="61" WIDTH="288" VPOS="2236" HPOS="556" CONTENT="בערב"/><String HEIGHT="61" WIDTH="433" VPOS="2236" HPOS="736" CONTENT="הדרומית,"/><String HEIGHT="61" WIDTH="252" VPOS="2236" HPOS="1060" CONTENT="מאת"/><String HEIGHT="61" WIDTH="324" VPOS="2236" HPOS="1205" CONTENT="פג&#34;ס,"/><String HEIGHT="61" WIDTH="144" VPOS="2236" HPOS="1385" CONTENT="21"/></TextLine><TextLine ID="line_1526140592419_913" BASELINE="2359" HEIGHT="70" WIDTH="1368" VPOS="2289" HPOS="161"><String HEIGHT="70" WIDTH="261" VPOS="2289" HPOS="128" CONTENT="שיתה"/><String HEIGHT="70" WIDTH="261" VPOS="2289" HPOS="291" CONTENT="בבית"/><String HEIGHT="70" WIDTH="293" VPOS="2289" HPOS="454" CONTENT="מלאכת"/><String HEIGHT="70" WIDTH="326" VPOS="2289" HPOS="650" CONTENT="הכעמיא"/><String HEIGHT="70" WIDTH="163" VPOS="2289" HPOS="878" CONTENT=","/><String HEIGHT="70" WIDTH="228" VPOS="2289" HPOS="943" CONTENT="מאת"/><String HEIGHT="70" WIDTH="326" VPOS="2289" HPOS="1073" CONTENT="המו&#34;ל,"/><String HEIGHT="70" WIDTH="228" VPOS="2289" HPOS="1301" CONTENT="22,"/><String HEIGHT="70" WIDTH="130" VPOS="2289" HPOS="1399" CONTENT="23"/></TextLine><TextLine ID="line_1526140590122_911" BASELINE="2421" HEIGHT="79" WIDTH="1368" VPOS="2342" HPOS="161"><String HEIGHT="79" WIDTH="288" VPOS="2342" HPOS="125" CONTENT="השרץ"/><String HEIGHT="79" WIDTH="468" VPOS="2342" HPOS="305" CONTENT="קאלאראדא,"/><String HEIGHT="79" WIDTH="252" VPOS="2342" HPOS="665" CONTENT="מאת"/><String HEIGHT="79" WIDTH="288" VPOS="2342" HPOS="809" CONTENT="יוסף"/><String HEIGHT="79" WIDTH="540" VPOS="2342" HPOS="989" CONTENT="זילבערשראם,"/><String HEIGHT="79" WIDTH="144" VPOS="2342" HPOS="1385" CONTENT="22"/></TextLine><TextLine ID="line_1526140587820_909" BASELINE="2473" HEIGHT="61" WIDTH="1367" VPOS="2412" HPOS="161"><String HEIGHT="61" WIDTH="224" VPOS="2412" HPOS="136" CONTENT="המצאה"/><String HEIGHT="61" WIDTH="249" VPOS="2412" HPOS="285" CONTENT="הידהיא"/><String HEIGHT="61" WIDTH="149" VPOS="2412" HPOS="459" CONTENT="של"/><String HEIGHT="61" WIDTH="199" VPOS="2412" HPOS="534" CONTENT="החכם"/><String HEIGHT="61" WIDTH="174" VPOS="2412" HPOS="658" CONTENT="דר׳"/><String HEIGHT="61" WIDTH="273" VPOS="2412" HPOS="758" CONTENT="ליפקין,"/><String HEIGHT="61" WIDTH="174" VPOS="2412" HPOS="956" CONTENT="מאת"/><String HEIGHT="61" WIDTH="224" VPOS="2412" HPOS="1056" CONTENT="המו&#34;ל"/><String HEIGHT="61" WIDTH="149" VPOS="2412" HPOS="1205" CONTENT="עם"/><String HEIGHT="61" WIDTH="224" VPOS="2412" HPOS="1279" CONTENT="ציור,"/><String HEIGHT="61" WIDTH="124" VPOS="2412" HPOS="1404" CONTENT="22,"/></TextLine><TextLine ID="line_1526140585748_907" BASELINE="2533" HEIGHT="89" WIDTH="1370" VPOS="2444" HPOS="160"><String HEIGHT="89" WIDTH="1644" VPOS="2444" HPOS="-114" CONTENT="4,"/><String HEIGHT="89" WIDTH="1096" VPOS="2444" HPOS="434" CONTENT="23"/></TextLine><TextLine ID="line_1526140582042_905" BASELINE="2607" HEIGHT="73" WIDTH="1370" VPOS="2534" HPOS="159"><String HEIGHT="73" WIDTH="199" VPOS="2534" HPOS="134" CONTENT="הארס"/><String HEIGHT="73" WIDTH="224" VPOS="2534" HPOS="259" CONTENT="בצרכי"/><String HEIGHT="73" WIDTH="224" VPOS="2534" HPOS="408" CONTENT="החיים"/><String HEIGHT="73" WIDTH="125" VPOS="2534" HPOS="558" CONTENT=","/><String HEIGHT="73" WIDTH="174" VPOS="2534" HPOS="607" CONTENT="מאת"/><String HEIGHT="73" WIDTH="199" VPOS="2534" HPOS="707" CONTENT="יוסף"/><String HEIGHT="73" WIDTH="174" VPOS="2534" HPOS="832" CONTENT="ליב"/><String HEIGHT="73" WIDTH="399" VPOS="2534" HPOS="931" CONTENT="פעטומאווסקי,"/><String HEIGHT="73" WIDTH="174" VPOS="2534" HPOS="1255" CONTENT="23,"/><String HEIGHT="73" WIDTH="174" VPOS="2534" HPOS="1355" CONTENT="24,"/><String HEIGHT="73" WIDTH="100" VPOS="2534" HPOS="1429" CONTENT="25"/></TextLine><TextLine ID="line_1526140580976_903" BASELINE="2668" HEIGHT="78" WIDTH="1367" VPOS="2590" HPOS="161"><String HEIGHT="78" WIDTH="279" VPOS="2590" HPOS="133" CONTENT="תכופות"/><String HEIGHT="78" WIDTH="335" VPOS="2590" HPOS="328" CONTENT="האקלימים"/><String HEIGHT="78" WIDTH="251" VPOS="2590" HPOS="579" CONTENT="בכדור"/><String HEIGHT="78" WIDTH="251" VPOS="2590" HPOS="747" CONTENT="הארץ,"/><String HEIGHT="78" WIDTH="195" VPOS="2590" HPOS="914" CONTENT="מאת"/><String HEIGHT="78" WIDTH="279" VPOS="2590" HPOS="1026" CONTENT="המו&#34;ל,"/><String HEIGHT="78" WIDTH="195" VPOS="2590" HPOS="1221" CONTENT="25,"/><String HEIGHT="78" WIDTH="195" VPOS="2590" HPOS="1333" CONTENT="26,"/><String HEIGHT="78" WIDTH="112" VPOS="2590" HPOS="1416" CONTENT="27"/></TextLine><TextLine ID="line_1526140579691_901" BASELINE="2724" HEIGHT="65" WIDTH="1369" VPOS="2659" HPOS="160"><String HEIGHT="65" WIDTH="247" VPOS="2659" HPOS="138" CONTENT="היהודים"/><String HEIGHT="65" WIDTH="180" VPOS="2659" HPOS="317" CONTENT="בארץ"/><String HEIGHT="65" WIDTH="157" VPOS="2659" HPOS="429" CONTENT="כוש"/><String HEIGHT="65" WIDTH="180" VPOS="2659" HPOS="519" CONTENT=",מאת"/><String HEIGHT="65" WIDTH="135" VPOS="2659" HPOS="631" CONTENT="א׳"/><String HEIGHT="65" WIDTH="157" VPOS="2659" HPOS="699" CONTENT="וו׳"/><String HEIGHT="65" WIDTH="359" VPOS="2659" HPOS="788" CONTENT="ראבינאוויטץ,"/><String HEIGHT="65" WIDTH="157" VPOS="2659" HPOS="1080" CONTENT="25,"/><String HEIGHT="65" WIDTH="157" VPOS="2659" HPOS="1170" CONTENT="26,"/><String HEIGHT="65" WIDTH="157" VPOS="2659" HPOS="1260" CONTENT="27,"/><String HEIGHT="65" WIDTH="157" VPOS="2659" HPOS="1349" CONTENT="28,"/><String HEIGHT="65" WIDTH="112" VPOS="2659" HPOS="1417" CONTENT="29,"/></TextLine><TextLine ID="line_1526140578183_899" BASELINE="2783" HEIGHT="98" WIDTH="1370" VPOS="2685" HPOS="160"><String HEIGHT="98" WIDTH="1598" VPOS="2685" HPOS="-68" CONTENT="31,"/><String HEIGHT="98" WIDTH="913" VPOS="2685" HPOS="617" CONTENT="31"/></TextLine><TextLine ID="line_1526140576514_897" BASELINE="2854" HEIGHT="76" WIDTH="1368" VPOS="2778" HPOS="160"><String HEIGHT="76" WIDTH="316" VPOS="2778" HPOS="125" CONTENT="עמודי"/><String HEIGHT="76" WIDTH="281" VPOS="2778" HPOS="335" CONTENT="חול,"/><String HEIGHT="76" WIDTH="246" VPOS="2778" HPOS="511" CONTENT="מאת"/><String HEIGHT="76" WIDTH="316" VPOS="2778" HPOS="651" CONTENT="נחמיה"/><String HEIGHT="76" WIDTH="246" VPOS="2778" HPOS="862" CONTENT="דוב"/><String HEIGHT="76" WIDTH="386" VPOS="2778" HPOS="1002" CONTENT="האפמאן,"/><String HEIGHT="76" WIDTH="246" VPOS="2778" HPOS="1282" CONTENT="24,"/><String HEIGHT="76" WIDTH="140" VPOS="2778" HPOS="1388" CONTENT="25"/></TextLine><TextLine ID="line_1526140575389_895" BASELINE="2921" HEIGHT="85" WIDTH="1367" VPOS="2836" HPOS="161"><String HEIGHT="85" WIDTH="228" VPOS="2836" HPOS="133" CONTENT="שאלה"/><String HEIGHT="85" WIDTH="313" VPOS="2836" HPOS="275" CONTENT="הנדסית,"/><String HEIGHT="85" WIDTH="199" VPOS="2836" HPOS="503" CONTENT="מאת"/><String HEIGHT="85" WIDTH="285" VPOS="2836" HPOS="617" CONTENT="המו&#34;ל,"/><String HEIGHT="85" WIDTH="199" VPOS="2836" HPOS="816" CONTENT="28,"/><String HEIGHT="85" WIDTH="256" VPOS="2836" HPOS="930" CONTENT="והתרה"/><String HEIGHT="85" WIDTH="256" VPOS="2836" HPOS="1101" CONTENT="לשאלה"/><String HEIGHT="85" WIDTH="256" VPOS="2836" HPOS="1272" CONTENT="הנ&#34;ל,"/><String HEIGHT="85" WIDTH="114" VPOS="2836" HPOS="1414" CONTENT="32"/></TextLine><TextLine ID="line_1526140573675_893" BASELINE="2970" HEIGHT="68" WIDTH="1370" VPOS="2902" HPOS="159"><String HEIGHT="68" WIDTH="171" VPOS="2902" HPOS="135" CONTENT="כסה"/><String HEIGHT="68" WIDTH="171" VPOS="2902" HPOS="232" CONTENT="ימי"/><String HEIGHT="68" WIDTH="171" VPOS="2902" HPOS="330" CONTENT="שני"/><String HEIGHT="68" WIDTH="171" VPOS="2902" HPOS="428" CONTENT="חיי"/><String HEIGHT="68" WIDTH="196" VPOS="2902" HPOS="526" CONTENT="האדם"/><String HEIGHT="68" WIDTH="147" VPOS="2902" HPOS="648" CONTENT="על"/><String HEIGHT="68" WIDTH="245" VPOS="2902" HPOS="722" CONTENT="האדמה,"/><String HEIGHT="68" WIDTH="171" VPOS="2902" HPOS="893" CONTENT="מאת"/><String HEIGHT="68" WIDTH="220" VPOS="2902" HPOS="991" CONTENT="אברהם"/><String HEIGHT="68" WIDTH="196" VPOS="2902" HPOS="1138" CONTENT="יעקב"/><String HEIGHT="68" WIDTH="220" VPOS="2902" HPOS="1260" CONTENT="ברוק,"/><String HEIGHT="68" WIDTH="171" VPOS="2902" HPOS="1407" CONTENT="28,"/><String HEIGHT="68" WIDTH="49" VPOS="2902" HPOS="1480" CONTENT=""/></TextLine><TextLine ID="line_1526140572554_891" BASELINE="3033" HEIGHT="91" WIDTH="1368" VPOS="2942" HPOS="161"><String HEIGHT="91" WIDTH="1596" VPOS="2942" HPOS="-67" CONTENT="20,"/><String HEIGHT="91" WIDTH="912" VPOS="2942" HPOS="617" CONTENT="23"/></TextLine><TextLine ID="line_1526140571270_889" BASELINE="3105" HEIGHT="72" WIDTH="1369" VPOS="3033" HPOS="160"><String HEIGHT="72" WIDTH="293" VPOS="3033" HPOS="127" CONTENT="הרעש,"/><String HEIGHT="72" WIDTH="228" VPOS="3033" HPOS="323" CONTENT="מאת"/><String HEIGHT="72" WIDTH="293" VPOS="3033" HPOS="453" CONTENT="אברהם"/><String HEIGHT="72" WIDTH="228" VPOS="3033" HPOS="649" CONTENT="אבא"/><String HEIGHT="72" WIDTH="424" VPOS="3033" HPOS="779" CONTENT="ראקאווסקי"/><String HEIGHT="72" WIDTH="163" VPOS="3033" HPOS="1105" CONTENT=","/><String HEIGHT="72" WIDTH="228" VPOS="3033" HPOS="1170" CONTENT="30,"/><String HEIGHT="72" WIDTH="228" VPOS="3033" HPOS="1301" CONTENT="32,"/><String HEIGHT="72" WIDTH="130" VPOS="3033" HPOS="1399" CONTENT="33"/></TextLine><TextLine ID="line_1526140569267_887" BASELINE="3171" HEIGHT="81" WIDTH="1368" VPOS="3090" HPOS="161"><String HEIGHT="81" WIDTH="209" VPOS="3090" HPOS="138" CONTENT="האספה"/><String HEIGHT="81" WIDTH="232" VPOS="3090" HPOS="277" CONTENT="הגדולה"/><String HEIGHT="81" WIDTH="278" VPOS="3090" HPOS="439" CONTENT="להחוקרים"/><String HEIGHT="81" WIDTH="255" VPOS="3090" HPOS="648" CONTENT="בגלילות"/><String HEIGHT="81" WIDTH="185" VPOS="3090" HPOS="833" CONTENT="הארץ"/><String HEIGHT="81" WIDTH="185" VPOS="3090" HPOS="949" CONTENT="בעיר"/><String HEIGHT="81" WIDTH="232" VPOS="3090" HPOS="1065" CONTENT="פאריז,"/><String HEIGHT="81" WIDTH="162" VPOS="3090" HPOS="1228" CONTENT="מאת"/><String HEIGHT="81" WIDTH="209" VPOS="3090" HPOS="1320" CONTENT="המו&#34;ל"/><String HEIGHT="81" WIDTH="93" VPOS="3090" HPOS="1436" CONTENT="30"/></TextLine><TextLine ID="line_1526140567922_885" BASELINE="3228" HEIGHT="77" WIDTH="1369" VPOS="3151" HPOS="160"><String HEIGHT="77" WIDTH="350" VPOS="3151" HPOS="128" CONTENT="התנינים"/><String HEIGHT="77" WIDTH="255" VPOS="3151" HPOS="383" CONTENT="בעלי"/><String HEIGHT="77" WIDTH="350" VPOS="3151" HPOS="542" CONTENT="זרועות,"/><String HEIGHT="77" WIDTH="223" VPOS="3151" HPOS="797" CONTENT="מאת"/><String HEIGHT="77" WIDTH="318" VPOS="3151" HPOS="924" CONTENT="יחזקאל"/><String HEIGHT="77" WIDTH="382" VPOS="3151" HPOS="1147" CONTENT="גוטפארב,"/><String HEIGHT="77" WIDTH="127" VPOS="3151" HPOS="1402" CONTENT="32"/></TextLine><TextLine ID="line_1526140565986_883" BASELINE="3286" HEIGHT="82" WIDTH="1369" VPOS="3204" HPOS="160"><String HEIGHT="82" WIDTH="369" VPOS="3204" HPOS="107" CONTENT="הדם"/><String HEIGHT="82" WIDTH="369" VPOS="3204" HPOS="318" CONTENT="הוא"/><String HEIGHT="82" WIDTH="474" VPOS="3204" HPOS="529" CONTENT="הנפש,"/><String HEIGHT="82" WIDTH="369" VPOS="3204" HPOS="845" CONTENT="מאת"/><String HEIGHT="82" WIDTH="474" VPOS="3204" HPOS="1055" CONTENT="הנ&#34;ל,"/><String HEIGHT="82" WIDTH="211" VPOS="3204" HPOS="1318" CONTENT="33"/></TextLine><TextLine ID="line_1526140564848_881" BASELINE="3343" HEIGHT="68" WIDTH="1369" VPOS="3275" HPOS="160"><String HEIGHT="68" WIDTH="472" VPOS="3275" HPOS="113" CONTENT="המתכות"/><String HEIGHT="68" WIDTH="472" VPOS="3275" HPOS="443" CONTENT="האוירי"/><String HEIGHT="68" WIDTH="236" VPOS="3275" HPOS="774" CONTENT=","/><String HEIGHT="68" WIDTH="330" VPOS="3275" HPOS="868" CONTENT="מאת"/><String HEIGHT="68" WIDTH="472" VPOS="3275" HPOS="1057" CONTENT="המו&#34;ל,"/><String HEIGHT="68" WIDTH="189" VPOS="3275" HPOS="1340" CONTENT="33"/></TextLine><TextLine ID="line_1526140562673_879" BASELINE="3412" HEIGHT="70" WIDTH="1369" VPOS="3342" HPOS="160"><String HEIGHT="70" WIDTH="342" VPOS="3342" HPOS="117" CONTENT="בנות"/><String HEIGHT="70" WIDTH="385" VPOS="3342" HPOS="331" CONTENT="היענה"/><String HEIGHT="70" WIDTH="471" VPOS="3342" HPOS="588" CONTENT="וגדולן,"/><String HEIGHT="70" WIDTH="299" VPOS="3342" HPOS="930" CONTENT="מאת"/><String HEIGHT="70" WIDTH="428" VPOS="3342" HPOS="1101" CONTENT="פני&#34;ס,"/><String HEIGHT="70" WIDTH="171" VPOS="3342" HPOS="1358" CONTENT="34"/></TextLine><TextLine ID="line_1526140560243_877" BASELINE="3476" HEIGHT="77" WIDTH="1368" VPOS="3399" HPOS="160"><String HEIGHT="77" WIDTH="316" VPOS="3399" HPOS="125" CONTENT="אנשים"/><String HEIGHT="77" WIDTH="316" VPOS="3399" HPOS="335" CONTENT="אוכלי"/><String HEIGHT="77" WIDTH="281" VPOS="3399" HPOS="546" CONTENT="עפר,"/><String HEIGHT="77" WIDTH="246" VPOS="3399" HPOS="721" CONTENT="מאת"/><String HEIGHT="77" WIDTH="351" VPOS="3399" HPOS="862" CONTENT="יחזקאל"/><String HEIGHT="77" WIDTH="421" VPOS="3399" HPOS="1107" CONTENT="גוטפארב,"/><String HEIGHT="77" WIDTH="140" VPOS="3399" HPOS="1388" CONTENT="34"/></TextLine><TextLine ID="line_1526140559040_875" BASELINE="3540" HEIGHT="81" WIDTH="1368" VPOS="3459" HPOS="161"><String HEIGHT="81" WIDTH="241" VPOS="3459" HPOS="134" CONTENT="סגולה"/><String HEIGHT="81" WIDTH="215" VPOS="3459" HPOS="295" CONTENT="חדשה"/><String HEIGHT="81" WIDTH="215" VPOS="3459" HPOS="429" CONTENT="בטבע"/><String HEIGHT="81" WIDTH="215" VPOS="3459" HPOS="563" CONTENT="האור"/><String HEIGHT="81" WIDTH="268" VPOS="3459" HPOS="697" CONTENT="והחום,"/><String HEIGHT="81" WIDTH="107" VPOS="3459" HPOS="885" CONTENT=""/><String HEIGHT="81" WIDTH="188" VPOS="3459" HPOS="912" CONTENT="מאת"/><String HEIGHT="81" WIDTH="241" VPOS="3459" HPOS="1019" CONTENT="המו&#34;ל"/><String HEIGHT="81" WIDTH="161" VPOS="3459" HPOS="1180" CONTENT="עם"/><String HEIGHT="81" WIDTH="241" VPOS="3459" HPOS="1261" CONTENT="ציור,"/><String HEIGHT="81" WIDTH="161" VPOS="3459" HPOS="1422" CONTENT="35"/><String HEIGHT="81" WIDTH="54" VPOS="3459" HPOS="1475" CONTENT=""/></TextLine><TextLine ID="line_1526140557476_873" BASELINE="3642" HEIGHT="112" WIDTH="1368" VPOS="3530" HPOS="161"><String HEIGHT="112" WIDTH="238" VPOS="3530" HPOS="131" CONTENT="הררי"/><String HEIGHT="112" WIDTH="268" VPOS="3530" HPOS="280" CONTENT="שרפה,"/><String HEIGHT="112" WIDTH="208" VPOS="3530" HPOS="458" CONTENT="מאת"/><String HEIGHT="112" WIDTH="268" VPOS="3530" HPOS="577" CONTENT="אברהם"/><String HEIGHT="112" WIDTH="208" VPOS="3530" HPOS="756" CONTENT="אבא"/><String HEIGHT="112" WIDTH="416" VPOS="3530" HPOS="875" CONTENT="ראקאווסקי,"/><String HEIGHT="112" WIDTH="208" VPOS="3530" HPOS="1202" CONTENT="35,"/><String HEIGHT="112" WIDTH="208" VPOS="3530" HPOS="1321" CONTENT="36,"/><String HEIGHT="112" WIDTH="119" VPOS="3530" HPOS="1410" CONTENT="37"/></TextLine></TextBlock><Illustration ID="Graphic_1526140279448_782" HEIGHT="77" WIDTH="827" VPOS="1807" HPOS="1118"/></PrintSpace></Page></Layout></alto>