<?xml version="1.0" encoding="UTF-8"?><alto xmlns:xsi="http://www.w3.org/2001/XMLSchema-instance" xmlns="http://www.loc.gov/standards/alto/ns-v2#" xmlns:page="http://schema.primaresearch.org/PAGE/gts/pagecontent/2013-07-15" xsi:schemaLocation="http://schema.primaresearch.org/PAGE/gts/pagecontent/2013-07-15 http://schema.primaresearch.org/PAGE/gts/pagecontent/2013-07-15/pagecontent.xsd http://www.loc.gov/standards/alto/ns-v2# http://www.loc.gov/standards/alto/alto-v2.0.xsd"><Description><MeasurementUnit>pixel</MeasurementUnit></Description><Layout><Page ID="Page1" PHYSICAL_IMG_NR="1" HEIGHT="3919" WIDTH="3078"><TopMargin HEIGHT="0" WIDTH="3078" VPOS="0" HPOS="0"/><LeftMargin HEIGHT="3919" WIDTH="0" VPOS="0" HPOS="0"/><RightMargin HEIGHT="3919" WIDTH="0" VPOS="0" HPOS="3078"/><BottomMargin HEIGHT="0" WIDTH="3078" VPOS="3919" HPOS="0"/><PrintSpace HEIGHT="3919" WIDTH="3078" VPOS="0" HPOS="0"><TextBlock ID="region_1523388867321_102" HEIGHT="54" WIDTH="304" VPOS="60" HPOS="1475"><Shape><Polygon POINTS="1475,60 1475,114 1779,114 1779,60"/></Shape><TextLine ID="line_1523388867547_103" BASELINE="112" HEIGHT="84" WIDTH="324" VPOS="28" HPOS="1465"><String HEIGHT="84" WIDTH="454" VPOS="28" HPOS="1335" CONTENT="—21 —"/></TextLine></TextBlock><TextBlock ID="r4" HEIGHT="3694" WIDTH="1300" VPOS="160" HPOS="1664"><Shape><Polygon POINTS="1664,160 1664,3854 2964,3854 2964,160"/></Shape><TextLine ID="r4l1" BASELINE="220" HEIGHT="86" WIDTH="1229" VPOS="134" HPOS="1662"><String HEIGHT="86" WIDTH="1274" VPOS="134" HPOS="1617" CONTENT="ווילנא. החכם המשכיל האזרח הנכבד ה׳ יונה גערשטיין, העומד"/></TextLine><TextLine ID="r4l2" BASELINE="280" HEIGHT="83" WIDTH="1249" VPOS="197" HPOS="1657"><String HEIGHT="83" WIDTH="1293" VPOS="197" HPOS="1613" CONTENT="על יד הגענעראל גובערנער בעיר ווילנא, נתכבד בימים האלה מאת"/></TextLine><TextLine ID="r4l3" BASELINE="343" HEIGHT="82" WIDTH="1260" VPOS="261" HPOS="1660"><String HEIGHT="82" WIDTH="1309" VPOS="261" HPOS="1611" CONTENT="ממשלת רוסיא במטבעת זהב על פתיל סטאניסלאוו לשאת אותה"/></TextLine><TextLine ID="r4l4" BASELINE="405" HEIGHT="79" WIDTH="1262" VPOS="326" HPOS="1659"><String HEIGHT="79" WIDTH="1312" VPOS="326" HPOS="1609" CONTENT="על לבו לזכרון תום רוחו ועבודתו הנאמנה. והנה לא לפי"/></TextLine><TextLine ID="r4l5" BASELINE="472" HEIGHT="82" WIDTH="1252" VPOS="390" HPOS="1661"><String HEIGHT="82" WIDTH="1298" VPOS="390" HPOS="1615" CONTENT="דעתנו לבד ראוי הוא ה׳ גערשטיין לכבוד הזה, כי בלי תפונה,"/></TextLine><TextLine ID="r4l6" BASELINE="536" HEIGHT="82" WIDTH="1265" VPOS="454" HPOS="1662"><String HEIGHT="82" WIDTH="1314" VPOS="454" HPOS="1613" CONTENT="גם כל יושבי ווילנא יסכימו אתנו בדבר הזה, כי כלם למדו"/></TextLine><TextLine ID="r4l7" BASELINE="594" HEIGHT="75" WIDTH="1243" VPOS="519" HPOS="1672"><String HEIGHT="75" WIDTH="1296" VPOS="519" HPOS="1619" CONTENT="לדעת את אהבת החכם היקר הזה לעמו, ואת כל אשר פעל"/></TextLine><TextLine ID="r4l8" BASELINE="657" HEIGHT="76" WIDTH="1252" VPOS="581" HPOS="1659"><String HEIGHT="76" WIDTH="1304" VPOS="581" HPOS="1607" CONTENT="ועשה למען אחיו בכל אשר מצאה ידו. אמנם ביותר מאוד"/></TextLine><TextLine ID="r4l9" BASELINE="722" HEIGHT="79" WIDTH="1258" VPOS="643" HPOS="1668"><String HEIGHT="79" WIDTH="1308" VPOS="643" HPOS="1618" CONTENT="מודים אותו עניי ווילנא ומברכים את שמו בעד השתדלותו"/></TextLine><TextLine ID="r4l10" BASELINE="785" HEIGHT="80" WIDTH="1257" VPOS="705" HPOS="1669"><String HEIGHT="80" WIDTH="1307" VPOS="705" HPOS="1619" CONTENT="ועמלו למען הת&#34;ת. כל בני ווילנא זוכרים את מעמד הת״ת"/></TextLine><TextLine ID="r4l11" BASELINE="849" HEIGHT="79" WIDTH="1253" VPOS="770" HPOS="1664"><String HEIGHT="79" WIDTH="1305" VPOS="770" HPOS="1612" CONTENT="לפני חמש עשרה שנה אשר היה מורה מאוד. הנערים הלכו"/></TextLine><TextLine ID="r4l12" BASELINE="915" HEIGHT="77" WIDTH="1260" VPOS="838" HPOS="1665"><String HEIGHT="77" WIDTH="1313" VPOS="838" HPOS="1613" CONTENT="ערום ויחף ונשאו חרפת רעב כל ימי היותם בבית הת״ת,"/></TextLine><TextLine ID="r4l13" BASELINE="969" HEIGHT="71" WIDTH="1249" VPOS="898" HPOS="1671"><String HEIGHT="71" WIDTH="1301" VPOS="898" HPOS="1619" CONTENT="המלמדים והמשגיחים, אנשים נבערים מדעת ותום לב רדו"/></TextLine><TextLine ID="r4l14" BASELINE="1047" HEIGHT="83" WIDTH="1251" VPOS="964" HPOS="1669"><String HEIGHT="83" WIDTH="1300" VPOS="964" HPOS="1620" CONTENT="בהם בפרך ויכום ויענום בלי חמלה על כל דבר קטן, או גם"/></TextLine><TextLine ID="r4l15" BASELINE="1111" HEIGHT="88" WIDTH="1264" VPOS="1023" HPOS="1659"><String HEIGHT="88" WIDTH="1312" VPOS="1023" HPOS="1611" CONTENT="על לא דבר יען בני עניי המה, ומי יהיה להם למחסה ויפקוד"/></TextLine><TextLine ID="r4l16" BASELINE="1163" HEIGHT="76" WIDTH="1263" VPOS="1087" HPOS="1658"><String HEIGHT="76" WIDTH="1314" VPOS="1087" HPOS="1607" CONTENT="על האנשים האלה את עונם. הלמודים בבית הת״ת גם הם לא"/></TextLine><TextLine ID="r4l17" BASELINE="1238" HEIGHT="79" WIDTH="1234" VPOS="1159" HPOS="1676"><String HEIGHT="79" WIDTH="1279" VPOS="1159" HPOS="1631" CONTENT="הצטיינו בנחיצותם ובתעלתם, אשר הביאו לילדים האומללים; על"/></TextLine><TextLine ID="r4l18" BASELINE="1293" HEIGHT="76" WIDTH="1264" VPOS="1217" HPOS="1665"><String HEIGHT="76" WIDTH="1313" VPOS="1217" HPOS="1616" CONTENT="כן יצאו התלמידים מבית הת״ת בלי כל ידיעות מועילות אשר"/></TextLine><TextLine ID="r4l19" BASELINE="1365" HEIGHT="86" WIDTH="1260" VPOS="1279" HPOS="1659"><String HEIGHT="86" WIDTH="1308" VPOS="1279" HPOS="1611" CONTENT="ילמדן האדם וחי בהן, ובלי כל ארחות מוסר ודרך ארץ. רבים"/></TextLine><TextLine ID="r4l20" BASELINE="1420" HEIGHT="74" WIDTH="1248" VPOS="1346" HPOS="1678"><String HEIGHT="74" WIDTH="1296" VPOS="1346" HPOS="1630" CONTENT="מהם הטילו את עצמם על הצבור, רבים הסתפחו אל חברת עושי"/></TextLine><TextLine ID="r4l21" BASELINE="1490" HEIGHT="83" WIDTH="1263" VPOS="1407" HPOS="1668"><String HEIGHT="83" WIDTH="1315" VPOS="1407" HPOS="1616" CONTENT="עול גרמיה למלא את בטנם כי ירעבו. סוף דבר הרבה בית"/></TextLine><TextLine ID="r4l22" BASELINE="1545" HEIGHT="75" WIDTH="1270" VPOS="1470" HPOS="1662"><String HEIGHT="75" WIDTH="1325" VPOS="1470" HPOS="1607" CONTENT="הת״ת להרע לעניים האלה מאשר הטיב להם. ויהי לפני"/></TextLine><TextLine ID="r4l23" BASELINE="1606" HEIGHT="69" WIDTH="1267" VPOS="1537" HPOS="1659"><String HEIGHT="69" WIDTH="1317" VPOS="1537" HPOS="1609" CONTENT="שתים עשרה שנה בראות הגענעראל נאזימאוו ראש שרי המחוז"/></TextLine><TextLine ID="r4l24" BASELINE="1675" HEIGHT="78" WIDTH="1275" VPOS="1597" HPOS="1660"><String HEIGHT="78" WIDTH="1326" VPOS="1597" HPOS="1609" CONTENT="בווילנא בימים ההם את הצלמות ואי סדרים השולטים בבית"/></TextLine><TextLine ID="r4l25" BASELINE="1744" HEIGHT="81" WIDTH="1261" VPOS="1663" HPOS="1671"><String HEIGHT="81" WIDTH="1307" VPOS="1663" HPOS="1625" CONTENT="הת&#34;ת ויחמול על עניי בני ישראל ויפקיד את הבית הזה ביד ה'"/></TextLine><TextLine ID="r4l26" BASELINE="1806" HEIGHT="80" WIDTH="1251" VPOS="1726" HPOS="1671"><String HEIGHT="80" WIDTH="1296" VPOS="1726" HPOS="1626" CONTENT="גערשטיין ואת כל עניניו נתן בידו. עדים אנחנו ועדים כל בני"/></TextLine><TextLine ID="r4l27" BASELINE="1878" HEIGHT="90" WIDTH="1261" VPOS="1788" HPOS="1665"><String HEIGHT="90" WIDTH="1309" VPOS="1788" HPOS="1617" CONTENT="ווילנא כי שמר ה׳ גערשטיין את תפקידו באמונה ויעשה למען"/></TextLine><TextLine ID="r4l28" BASELINE="1930" HEIGHT="77" WIDTH="1260" VPOS="1853" HPOS="1673"><String HEIGHT="77" WIDTH="1313" VPOS="1853" HPOS="1621" CONTENT="בית הת״ת ככל אשר היה לאל ידו, לפי מצב הבית החמרי"/></TextLine><TextLine ID="r4l29" BASELINE="1999" HEIGHT="82" WIDTH="1274" VPOS="1917" HPOS="1660"><String HEIGHT="82" WIDTH="1327" VPOS="1917" HPOS="1607" CONTENT="ותנאיו המוסרים. לאט לאט החליף הבית את תמונתו תחת"/></TextLine><TextLine ID="r4l30" BASELINE="2072" HEIGHT="93" WIDTH="1263" VPOS="1979" HPOS="1676"><String HEIGHT="93" WIDTH="1311" VPOS="1979" HPOS="1628" CONTENT="השגחת ה׳ גערשטיין וכעת יראה הרואה חדרים מרחים ונקיים,"/></TextLine><TextLine ID="r4l31" BASELINE="2131" HEIGHT="88" WIDTH="1272" VPOS="2043" HPOS="1660"><String HEIGHT="88" WIDTH="1324" VPOS="2043" HPOS="1608" CONTENT="כן בחדרי הלמוד והמאכל וכן בחדרי המטות; את המלמדים"/></TextLine><TextLine ID="r4l32" BASELINE="2190" HEIGHT="82" WIDTH="1258" VPOS="2108" HPOS="1674"><String HEIGHT="82" WIDTH="1305" VPOS="2108" HPOS="1627" CONTENT="הזקנים, אשר אבד עליהם כלח ואשר הסכינו בהמנהגים הישנים"/></TextLine><TextLine ID="r4l33" BASELINE="2257" HEIGHT="86" WIDTH="1268" VPOS="2171" HPOS="1670"><String HEIGHT="86" WIDTH="1315" VPOS="2171" HPOS="1623" CONTENT="הרחיק ה׳ גערשטיין ויבחר תחתם אנשים צעירים לימים העושים"/></TextLine><TextLine ID="r4l34" BASELINE="2319" HEIGHT="84" WIDTH="1271" VPOS="2235" HPOS="1671"><String HEIGHT="84" WIDTH="1320" VPOS="2235" HPOS="1622" CONTENT="מעשיהם באמונה, ואת כלכלת הבית וההשגחה הפקיד בידי איש"/></TextLine><TextLine ID="r4l35" BASELINE="2384" HEIGHT="87" WIDTH="1263" VPOS="2297" HPOS="1670"><String HEIGHT="87" WIDTH="1317" VPOS="2297" HPOS="1616" CONTENT="אמונים טוב לב ויקר רוח, אשר כאב את בנו יתהלך את"/></TextLine><TextLine ID="r4l36" BASELINE="2442" HEIGHT="89" WIDTH="1269" VPOS="2353" HPOS="1668"><String HEIGHT="89" WIDTH="1315" VPOS="2353" HPOS="1622" CONTENT="היתומים העזובים ולא תחת בהם גערתו, וידו לא תהיה בהם ככל"/></TextLine><TextLine ID="r4l37" BASELINE="2518" HEIGHT="92" WIDTH="1262" VPOS="2426" HPOS="1676"><String HEIGHT="92" WIDTH="1316" VPOS="2426" HPOS="1622" CONTENT="אשר עשה ההולך לפניו. את הכנסת הת&#34;ת הגדיל והרחיב"/></TextLine><TextLine ID="r4l38" BASELINE="2576" HEIGHT="83" WIDTH="1257" VPOS="2493" HPOS="1676"><String HEIGHT="83" WIDTH="1305" VPOS="2493" HPOS="1628" CONTENT="ה׳ גערשטיין, כן במצאו מקורים חדשים להכנסה, כן בהביאו"/></TextLine><TextLine ID="r4l39" BASELINE="2638" HEIGHT="84" WIDTH="1261" VPOS="2554" HPOS="1678"><String HEIGHT="84" WIDTH="1309" VPOS="2554" HPOS="1630" CONTENT="סדר ומשטר נכון בההכנסות הישנות, את הנערים האוכלים לחם"/></TextLine><TextLine ID="r4l40" BASELINE="2706" HEIGHT="89" WIDTH="1274" VPOS="2617" HPOS="1665"><String HEIGHT="89" WIDTH="1324" VPOS="2617" HPOS="1615" CONTENT="הת״ת הלביש והנעיל כראוי וארוחתם נתנה להם כדת. אף את"/></TextLine><TextLine ID="r4l41" BASELINE="2770" HEIGHT="92" WIDTH="1280" VPOS="2678" HPOS="1662"><String HEIGHT="92" WIDTH="1326" VPOS="2678" HPOS="1616" CONTENT="סדרי הלמוד כונן ה׳ גערשטיין על יסודות חדשים ויפקור מורים"/></TextLine><TextLine ID="r4l42" BASELINE="2830" HEIGHT="88" WIDTH="1270" VPOS="2742" HPOS="1671"><String HEIGHT="88" WIDTH="1320" VPOS="2742" HPOS="1621" CONTENT="ללמד את הנערים שפת רוסיא וידיעות החשבון הנחוצות לכל"/></TextLine><TextLine ID="r4l43" BASELINE="2890" HEIGHT="82" WIDTH="1266" VPOS="2808" HPOS="1679"><String HEIGHT="82" WIDTH="1315" VPOS="2808" HPOS="1630" CONTENT="אדם. והיה אחרי כלות הנער את חק למודיו בבית הת״ת יראו"/></TextLine><TextLine ID="r4l44" BASELINE="2948" HEIGHT="66" WIDTH="1248" VPOS="2882" HPOS="1684"><String HEIGHT="66" WIDTH="1295" VPOS="2882" HPOS="1637" CONTENT="המשגיחים את כשרונותיו ואת נטיותיו ותמכו בידו להשיג את"/></TextLine><TextLine ID="r4l45" BASELINE="3023" HEIGHT="94" WIDTH="1258" VPOS="2929" HPOS="1686"><String HEIGHT="94" WIDTH="1305" VPOS="2929" HPOS="1639" CONTENT="המטרה המיוחדת לו ביותר. על פי הרוב יסתפחו הנערים אחרי"/></TextLine><TextLine ID="r4l46" BASELINE="3087" HEIGHT="92" WIDTH="1266" VPOS="2995" HPOS="1671"><String HEIGHT="92" WIDTH="1320" VPOS="2995" HPOS="1617" CONTENT="צאתם מבית הת״ת אל בעלי המלאכה. וה׳ גערשטיין הוא"/></TextLine><TextLine ID="r4l47" BASELINE="3140" HEIGHT="91" WIDTH="1264" VPOS="3049" HPOS="1680"><String HEIGHT="91" WIDTH="1316" VPOS="3049" HPOS="1628" CONTENT="העומד מצד הנער לבל יונה אותו בעל המלאכה ולבל יעשה"/></TextLine><TextLine ID="r4l48" BASELINE="3215" HEIGHT="95" WIDTH="1267" VPOS="3120" HPOS="1683"><String HEIGHT="95" WIDTH="1320" VPOS="3120" HPOS="1630" CONTENT="אתו עול גם אחרי בואו תחת צל קורתו. כל אלה עשה ה׳"/></TextLine><TextLine ID="r4l49" BASELINE="3281" HEIGHT="91" WIDTH="1253" VPOS="3190" HPOS="1684"><String HEIGHT="91" WIDTH="1299" VPOS="3190" HPOS="1638" CONTENT="גערשטיין לא בסופה ורעש ולא במחלוקת ומריבות כי אם בשובה"/></TextLine><TextLine ID="r4l50" BASELINE="3346" HEIGHT="96" WIDTH="1264" VPOS="3250" HPOS="1680"><String HEIGHT="96" WIDTH="1313" VPOS="3250" HPOS="1631" CONTENT="ונחת בהשקט ושלוה, וכל בני הכתות השונים למיניהן השלמו"/></TextLine><TextLine ID="r4l51" BASELINE="3396" HEIGHT="84" WIDTH="1261" VPOS="3312" HPOS="1690"><String HEIGHT="84" WIDTH="1315" VPOS="3312" HPOS="1636" CONTENT="לו להשנוים אשר עשה בבית הת״ת לטוב הנערים ואשרם."/></TextLine><TextLine ID="line_1523389038448_107" BASELINE="3456" HEIGHT="69" WIDTH="316" VPOS="3387" HPOS="1803"><String HEIGHT="69" WIDTH="361" VPOS="3387" HPOS="1758" CONTENT="ר. איש ווילנא."/></TextLine></TextBlock><TextBlock ID="TextRegion_1523388888438_105" HEIGHT="1169" WIDTH="1284" VPOS="143" HPOS="343"><Shape><Polygon POINTS="1626,1312 343,1312 344,143 1627,143"/></Shape><TextLine ID="r2l2" BASELINE="240" HEIGHT="98" WIDTH="400" VPOS="142" HPOS="834"><String HEIGHT="98" WIDTH="514" VPOS="142" HPOS="720" CONTENT="איטליה."/></TextLine><TextLine ID="r2l3" BASELINE="356" HEIGHT="88" WIDTH="1124" VPOS="268" HPOS="338"><String HEIGHT="88" WIDTH="1176" VPOS="268" HPOS="286" CONTENT="וורצילי. אבדה גדולה אבדה העיר הזאת, ועמה כל"/></TextLine><TextLine ID="r2l4" BASELINE="419" HEIGHT="86" WIDTH="1254" VPOS="333" HPOS="343"><String HEIGHT="86" WIDTH="1300" VPOS="333" HPOS="297" CONTENT="ישראל, במות האיש הנעלה והמצויין כה״ר פרופיסר גיזיפי לוי"/></TextLine><TextLine ID="r2l5" BASELINE="485" HEIGHT="83" WIDTH="1267" VPOS="402" HPOS="334"><String HEIGHT="83" WIDTH="1316" VPOS="402" HPOS="285" CONTENT="נ״ע. בן ששים שנה היה במותו, וכל ימי חייו הקדיש לטובת"/></TextLine><TextLine ID="r2l6" BASELINE="526" HEIGHT="63" WIDTH="345" VPOS="463" HPOS="1252"><String HEIGHT="63" WIDTH="391" VPOS="463" HPOS="1206" CONTENT="אחיו בני ישראל."/></TextLine><TextLine ID="r2l7" BASELINE="607" HEIGHT="77" WIDTH="1144" VPOS="530" HPOS="342"><String HEIGHT="77" WIDTH="1192" VPOS="530" HPOS="294" CONTENT="„The Jewish World″ מחיי המנוח מודיע מכ״הע האנגלי"/></TextLine><TextLine ID="r2l8" BASELINE="677" HEIGHT="81" WIDTH="1264" VPOS="596" HPOS="333"><String HEIGHT="81" WIDTH="1315" VPOS="596" HPOS="282" CONTENT="כי בשנת 1848 כאשר נתן הרשיון ליהודי אטליה לשקוד על"/></TextLine><TextLine ID="r2l9" BASELINE="732" HEIGHT="80" WIDTH="1249" VPOS="652" HPOS="348"><String HEIGHT="80" WIDTH="1291" VPOS="652" HPOS="306" CONTENT="דלתי בתי ספר הכללים, ולקבל כתר שם טוב בבתי האוניוורזיטיטים,"/></TextLine><TextLine ID="r2l10" BASELINE="805" HEIGHT="85" WIDTH="1270" VPOS="720" HPOS="339"><String HEIGHT="85" WIDTH="1322" VPOS="720" HPOS="287" CONTENT="היה המנוח הראשון בין יהודי אטליה אשר עמד על המבחן"/></TextLine><TextLine ID="r2l11" BASELINE="859" HEIGHT="68" WIDTH="1254" VPOS="791" HPOS="347"><String HEIGHT="68" WIDTH="331" VPOS="791" HPOS="323" CONTENT="-Professor"/><String HEIGHT="68" WIDTH="142" VPOS="791" HPOS="584" CONTENT="de"/><String HEIGHT="68" WIDTH="189" VPOS="791" HPOS="655" CONTENT="Lite"/><String HEIGHT="68" WIDTH="402" VPOS="791" HPOS="773" CONTENT="באוניוורזיטיט"/><String HEIGHT="68" WIDTH="189" VPOS="791" HPOS="1104" CONTENT="ויצא"/><String HEIGHT="68" WIDTH="166" VPOS="791" HPOS="1222" CONTENT="משם"/><String HEIGHT="68" WIDTH="213" VPOS="791" HPOS="1317" CONTENT="מוכתר"/><String HEIGHT="68" WIDTH="189" VPOS="791" HPOS="1459" CONTENT="בכתר"/><String HEIGHT="68" WIDTH="47" VPOS="791" HPOS="1554" CONTENT=""/></TextLine><TextLine ID="r2l12" BASELINE="918" HEIGHT="72" WIDTH="1267" VPOS="846" HPOS="345"><String HEIGHT="72" WIDTH="1321" VPOS="846" HPOS="291" CONTENT="rature,  בשנת 1853 החל להוציא אור את מכ״ע העברי"/></TextLine><TextLine ID="r2l13" BASELINE="988" HEIGHT="79" WIDTH="1282" VPOS="909" HPOS="336"><String HEIGHT="79" WIDTH="847" VPOS="909" HPOS="312" CONTENT="Educatore Israelita בלשון ארצו,"/><String HEIGHT="79" WIDTH="169" VPOS="909" HPOS="1086" CONTENT="אשר"/><String HEIGHT="79" WIDTH="145" VPOS="909" HPOS="1183" CONTENT="בו"/><String HEIGHT="79" WIDTH="169" VPOS="909" HPOS="1255" CONTENT="לחם"/><String HEIGHT="79" WIDTH="218" VPOS="909" HPOS="1352" CONTENT="מלחמת"/><String HEIGHT="79" WIDTH="145" VPOS="909" HPOS="1473" CONTENT="אחיו"/></TextLine><TextLine ID="r2l14" BASELINE="1053" HEIGHT="84" WIDTH="1269" VPOS="969" HPOS="332"><String HEIGHT="84" WIDTH="1319" VPOS="969" HPOS="282" CONTENT="בלשון למודים ובעט סופר מהיר עד להפליא; גם חבר ספרים"/></TextLine><TextLine ID="r2l15" BASELINE="1110" HEIGHT="75" WIDTH="1264" VPOS="1035" HPOS="336"><String HEIGHT="75" WIDTH="1310" VPOS="1035" HPOS="290" CONTENT="יקרים ומועילים להרחיב ידיעת ספרותנו ולהאדירה. המנוח היה"/></TextLine><TextLine ID="r2l16" BASELINE="1183" HEIGHT="85" WIDTH="1267" VPOS="1098" HPOS="345"><String HEIGHT="85" WIDTH="1314" VPOS="1098" HPOS="298" CONTENT="אהוב ורצוי לכל אדם, וגם ממשלת אטליה חלקה רו כבוד גדול,"/></TextLine><TextLine ID="r2l17" BASELINE="1241" HEIGHT="79" WIDTH="852" VPOS="1162" HPOS="760"><String HEIGHT="79" WIDTH="899" VPOS="1162" HPOS="713" CONTENT="בנתנה לו אות כבוד שתי פעמים. תנצב״ה."/></TextLine></TextBlock><TextBlock ID="TextRegion_1523388888438_104" HEIGHT="2508" WIDTH="1284" VPOS="1312" HPOS="342"><Shape><Polygon POINTS="1625,3820 342,3820 343,1312 1626,1312"/></Shape><TextLine ID="r2l18" BASELINE="1487" HEIGHT="80" WIDTH="428" VPOS="1407" HPOS="755"><String HEIGHT="80" WIDTH="550" VPOS="1407" HPOS="633" CONTENT="רומניה."/></TextLine><TextLine ID="r2l19" BASELINE="1585" HEIGHT="85" WIDTH="1222" VPOS="1500" HPOS="345"><String HEIGHT="85" WIDTH="1283" VPOS="1500" HPOS="284" CONTENT="שנאת הרומנים על ישראל הלך תלך ותגדל מאוד"/></TextLine><TextLine ID="r2l20" BASELINE="1637" HEIGHT="69" WIDTH="1256" VPOS="1568" HPOS="351"><String HEIGHT="69" WIDTH="1307" VPOS="1568" HPOS="300" CONTENT="מיום ליום. שונאי ישראל שמה מתהפכים בעצות ותחבולות"/></TextLine><TextLine ID="r2l21" BASELINE="1713" HEIGHT="83" WIDTH="1249" VPOS="1630" HPOS="354"><String HEIGHT="83" WIDTH="1297" VPOS="1630" HPOS="306" CONTENT="שונות להגדיל המשטמה ולהאדירה, למען יתקומם כל העם כלו"/></TextLine><TextLine ID="r2l22" BASELINE="1767" HEIGHT="69" WIDTH="1248" VPOS="1698" HPOS="356"><String HEIGHT="69" WIDTH="1294" VPOS="1698" HPOS="310" CONTENT="כאיש אחד ויגרשו את ישראל מאדמת רומניה. מכ״ע רבים יביאו"/></TextLine><TextLine ID="r2l23" BASELINE="1838" HEIGHT="79" WIDTH="1263" VPOS="1759" HPOS="343"><String HEIGHT="79" WIDTH="1312" VPOS="1759" HPOS="294" CONTENT="את אופן סדר לימוד החשבון בבתי ספר הכללים שמה, להראות"/></TextLine><TextLine ID="r2l24" BASELINE="1897" HEIGHT="75" WIDTH="1256" VPOS="1822" HPOS="345"><String HEIGHT="75" WIDTH="1303" VPOS="1822" HPOS="298" CONTENT="עד כמה כחה של שנאה זו גדול, ומה רע ומר גורל היהודי על"/></TextLine><TextLine ID="r2l25" BASELINE="1972" HEIGHT="82" WIDTH="1258" VPOS="1890" HPOS="349"><String HEIGHT="82" WIDTH="1307" VPOS="1890" HPOS="300" CONTENT="האדמה הארורה הזאת. המורה ישאל לתלמידיו הקטנים, למען"/></TextLine><TextLine ID="r2l26" BASELINE="2033" HEIGHT="85" WIDTH="1277" VPOS="1948" HPOS="335"><String HEIGHT="85" WIDTH="1329" VPOS="1948" HPOS="283" CONTENT="שנן את שכלם בהלכות האריטמעטיק, בתוך שארי שאלות גם"/></TextLine><TextLine ID="r2l27" BASELINE="2098" HEIGHT="86" WIDTH="1283" VPOS="2012" HPOS="336"><String HEIGHT="86" WIDTH="1336" VPOS="2012" HPOS="283" CONTENT="השאלה הזאת: כאשר יגורו 4000 יהודים בעיר קטנה אשר"/></TextLine><TextLine ID="r2l28" BASELINE="2157" HEIGHT="79" WIDTH="1269" VPOS="2078" HPOS="343"><String HEIGHT="79" WIDTH="1322" VPOS="2078" HPOS="290" CONTENT="800 מהם יושלכו אל נהר הדאנוי ויטבעו שמה, 900 מהם"/></TextLine><TextLine ID="r2l29" BASELINE="2221" HEIGHT="79" WIDTH="1265" VPOS="2142" HPOS="351"><String HEIGHT="79" WIDTH="1307" VPOS="2142" HPOS="309" CONTENT="יהרגו בחוצות העיר, ועוד אלף מהם יהיו מוגרים על ידי חרב ויפלו"/></TextLine><TextLine ID="r2l30" BASELINE="2288" HEIGHT="85" WIDTH="1265" VPOS="2203" HPOS="349"><String HEIGHT="85" WIDTH="1319" VPOS="2203" HPOS="295" CONTENT="חללים, כמה ישאר עוד מהם — אחרי ילקח מהם כל הונם"/></TextLine><TextLine ID="r2l31" BASELINE="2352" HEIGHT="82" WIDTH="1264" VPOS="2270" HPOS="346"><String HEIGHT="82" WIDTH="329" VPOS="2270" HPOS="321" CONTENT="ורכושם  ―"/><String HEIGHT="82" WIDTH="202" VPOS="2270" HPOS="574" CONTENT="לגרש"/><String HEIGHT="82" WIDTH="202" VPOS="2270" HPOS="700" CONTENT="אותם"/><String HEIGHT="82" WIDTH="253" VPOS="2270" HPOS="826" CONTENT="מהעיר?"/><String HEIGHT="82" WIDTH="202" VPOS="2270" HPOS="1003" CONTENT="מורה"/><String HEIGHT="82" WIDTH="177" VPOS="2270" HPOS="1130" CONTENT="אחר"/><String HEIGHT="82" WIDTH="177" VPOS="2270" HPOS="1231" CONTENT="אשר"/><String HEIGHT="82" WIDTH="228" VPOS="2270" HPOS="1332" CONTENT="איננו"/><String HEIGHT="82" WIDTH="152" VPOS="2270" HPOS="1458" CONTENT="חריף"/></TextLine><TextLine ID="r2l32" BASELINE="2417" HEIGHT="84" WIDTH="1267" VPOS="2333" HPOS="351"><String HEIGHT="84" WIDTH="1318" VPOS="2333" HPOS="300" CONTENT="וחד השכל כראשון, ישאל תלמידיו כזה: כאשר יגורו בתוך"/></TextLine><TextLine ID="r2l33" BASELINE="2479" HEIGHT="81" WIDTH="1248" VPOS="2398" HPOS="358"><String HEIGHT="81" WIDTH="1294" VPOS="2398" HPOS="312" CONTENT="5000 רומנים 1200 יהודים, כמה גדול יהיה חלק התושבים אשר"/></TextLine><TextLine ID="r2l34" BASELINE="2541" HEIGHT="83" WIDTH="1253" VPOS="2458" HPOS="357"><String HEIGHT="83" WIDTH="1305" VPOS="2458" HPOS="305" CONTENT="יהיה מותר לשפוך דמם כמים באין חטא ועונש? או ישאל"/></TextLine><TextLine ID="r2l35" BASELINE="2600" HEIGHT="72" WIDTH="1268" VPOS="2528" HPOS="347"><String HEIGHT="72" WIDTH="1314" VPOS="2528" HPOS="301" CONTENT="בפנים אחר: אם יגרש מרומניה 15 יהודים בכל יום, בכמה ימים"/></TextLine><TextLine ID="r2l36" BASELINE="2680" HEIGHT="95" WIDTH="1257" VPOS="2585" HPOS="358"><String HEIGHT="95" WIDTH="1304" VPOS="2585" HPOS="311" CONTENT="ושנים נוכל לגרשם כלו, אם מספרם ברומניה יעלה לערך 38 או"/></TextLine><TextLine ID="r2l37" BASELINE="2726" HEIGHT="78" WIDTH="289" VPOS="2648" HPOS="1325"><String HEIGHT="78" WIDTH="372" VPOS="2648" HPOS="1242" CONTENT="40 אלף."/></TextLine><TextLine ID="r2l40" BASELINE="2869" HEIGHT="94" WIDTH="1172" VPOS="2775" HPOS="353"><String HEIGHT="94" WIDTH="1222" VPOS="2775" HPOS="303" CONTENT="פלטישני בירח תמוז תרל״ד לכבוד הרב המו״ל הצפירה״"/></TextLine><TextLine ID="r2l41" BASELINE="2926" HEIGHT="84" WIDTH="1278" VPOS="2842" HPOS="347"><String HEIGHT="84" WIDTH="1322" VPOS="2842" HPOS="303" CONTENT="שלום! בכליון עינים קוינו וחכינו על אסיפת הנבחרים כי באי כח"/></TextLine><TextLine ID="r2l42" BASELINE="2987" HEIGHT="76" WIDTH="1267" VPOS="2911" HPOS="363"><String HEIGHT="76" WIDTH="1317" VPOS="2911" HPOS="313" CONTENT="העם יטו אוזן שומעת אל דברי שר האוצרות, אשר הבטיח כי"/></TextLine><TextLine ID="r2l43" BASELINE="3058" HEIGHT="90" WIDTH="1267" VPOS="2968" HPOS="354"><String HEIGHT="90" WIDTH="1316" VPOS="2968" HPOS="305" CONTENT="יציע לפניהם להסיר את רעת הסעיף השמיני מחוקי המשקאות,"/></TextLine><TextLine ID="r2l44" BASELINE="3119" HEIGHT="84" WIDTH="1244" VPOS="3035" HPOS="375"><String HEIGHT="84" WIDTH="1288" VPOS="3035" HPOS="331" CONTENT="אשר בו נאסר להיהודים הרומענים הדרים בהכפרים למכור משקאות,"/></TextLine><TextLine ID="r2l45" BASELINE="3176" HEIGHT="82" WIDTH="1274" VPOS="3094" HPOS="357"><String HEIGHT="82" WIDTH="1325" VPOS="3094" HPOS="306" CONTENT="אך את אשר פללנו לא ראינו, הנבחרים התאספו, ולמשאלות"/></TextLine><TextLine ID="r2l46" BASELINE="3243" HEIGHT="81" WIDTH="1264" VPOS="3162" HPOS="357"><String HEIGHT="81" WIDTH="1312" VPOS="3162" HPOS="309" CONTENT="היהודים אין קול ואין קשב, כמה אלפי משפחות נשארו בערום"/></TextLine><TextLine ID="r2l47" BASELINE="3310" HEIGHT="85" WIDTH="1268" VPOS="3225" HPOS="360"><String HEIGHT="85" WIDTH="1317" VPOS="3225" HPOS="311" CONTENT="ובחוסר כל, קולן עד לשמים הגיע, ואך הרומני האכזר יושב"/></TextLine><TextLine ID="r2l48" BASELINE="3374" HEIGHT="81" WIDTH="1257" VPOS="3293" HPOS="361"><String HEIGHT="81" WIDTH="1308" VPOS="3293" HPOS="310" CONTENT="מרחוק וישתק, ובכי היהודי להרומני לשחוק הה! קשה כח"/></TextLine><TextLine ID="r2l49" BASELINE="3442" HEIGHT="90" WIDTH="1264" VPOS="3352" HPOS="358"><String HEIGHT="90" WIDTH="1314" VPOS="3352" HPOS="308" CONTENT="הסבל! כעת יודיעו כ״ע כי רוב הצירים (קאנסולען). כתבו"/></TextLine><TextLine ID="r2l50" BASELINE="3500" HEIGHT="83" WIDTH="1269" VPOS="3417" HPOS="358"><String HEIGHT="83" WIDTH="1317" VPOS="3417" HPOS="310" CONTENT="מכתב מחאה על הסעיף האכזר הזה, והגישו בקשותיהם ביחד עם"/></TextLine><TextLine ID="r2l51" BASELINE="3585" HEIGHT="100" WIDTH="1255" VPOS="3485" HPOS="373"><String HEIGHT="100" WIDTH="1304" VPOS="3485" HPOS="324" CONTENT="האיש הרם והנשא האדון פעטשאטא ציר ממשלת ארצות הברית,"/></TextLine><TextLine ID="line_1523388994903_106" BASELINE="3637" HEIGHT="101" WIDTH="835" VPOS="3536" HPOS="795"><String HEIGHT="101" WIDTH="884" VPOS="3536" HPOS="770" CONTENT="אל המיניסטער, ונראה אך יפול דבר!"/><String HEIGHT="101" WIDTH="74" VPOS="3536" HPOS="1556" CONTENT="―"/></TextLine></TextBlock></PrintSpace></Page></Layout></alto>