<?xml version="1.0" encoding="UTF-8"?><alto xmlns:xsi="http://www.w3.org/2001/XMLSchema-instance" xmlns="http://www.loc.gov/standards/alto/ns-v2#" xmlns:page="http://schema.primaresearch.org/PAGE/gts/pagecontent/2013-07-15" xsi:schemaLocation="http://schema.primaresearch.org/PAGE/gts/pagecontent/2013-07-15 http://schema.primaresearch.org/PAGE/gts/pagecontent/2013-07-15/pagecontent.xsd http://www.loc.gov/standards/alto/ns-v2# http://www.loc.gov/standards/alto/alto-v2.0.xsd"><Description><MeasurementUnit>pixel</MeasurementUnit></Description><Layout><Page ID="Page1" PHYSICAL_IMG_NR="1" HEIGHT="3925" WIDTH="3011"><TopMargin HEIGHT="0" WIDTH="3011" VPOS="0" HPOS="0"/><LeftMargin HEIGHT="3925" WIDTH="0" VPOS="0" HPOS="0"/><RightMargin HEIGHT="3925" WIDTH="0" VPOS="0" HPOS="3011"/><BottomMargin HEIGHT="0" WIDTH="3011" VPOS="3925" HPOS="0"/><PrintSpace HEIGHT="3925" WIDTH="3011" VPOS="0" HPOS="0"><TextBlock ID="region_1522077644123_514" HEIGHT="127" WIDTH="525" VPOS="112" HPOS="1214"><Shape><Polygon POINTS="1214,112 1739,112 1739,239 1214,239"/></Shape><TextLine ID="region_1522077644123_514l1" BASELINE="221" HEIGHT="52" WIDTH="312" VPOS="169" HPOS="1283"><String HEIGHT="52" WIDTH="312" VPOS="169" HPOS="1221" CONTENT="—"/><String HEIGHT="52" WIDTH="312" VPOS="169" HPOS="1345" CONTENT="0"/><String HEIGHT="52" WIDTH="187" VPOS="169" HPOS="1408" CONTENT="—"/></TextLine></TextBlock><TextBlock ID="TextRegion_1522077656845_516" HEIGHT="3542" WIDTH="1329" VPOS="231" HPOS="1461"><Shape><Polygon POINTS="2790,3773 1461,3773 1461,231 2790,231"/></Shape><TextLine ID="TextRegion_1522077656845_516l1" BASELINE="335" HEIGHT="79" WIDTH="1254" VPOS="256" HPOS="1479"><String HEIGHT="79" WIDTH="217" VPOS="256" HPOS="1455" CONTENT="איככה"/><String HEIGHT="79" WIDTH="193" VPOS="256" HPOS="1600" CONTENT="נוכל"/><String HEIGHT="79" WIDTH="193" VPOS="256" HPOS="1720" CONTENT="לשאת"/><String HEIGHT="79" WIDTH="193" VPOS="256" HPOS="1841" CONTENT="פנים"/><String HEIGHT="79" WIDTH="217" VPOS="256" HPOS="1961" CONTENT="ולבכר"/><String HEIGHT="79" WIDTH="145" VPOS="256" HPOS="2106" CONTENT="כת"/><String HEIGHT="79" WIDTH="169" VPOS="256" HPOS="2178" CONTENT="אחת"/><String HEIGHT="79" WIDTH="193" VPOS="256" HPOS="2275" CONTENT="עפ״י"/><String HEIGHT="79" WIDTH="217" VPOS="256" HPOS="2395" CONTENT="השניה"/><String HEIGHT="79" WIDTH="169" VPOS="256" HPOS="2540" CONTENT="בעת"/><String HEIGHT="79" WIDTH="121" VPOS="256" HPOS="2612" CONTENT="אשר"/></TextLine><TextLine ID="TextRegion_1522077656845_516l2" BASELINE="398" HEIGHT="79" WIDTH="1252" VPOS="319" HPOS="1464"><String HEIGHT="79" WIDTH="200" VPOS="319" HPOS="1439" CONTENT="הכסף"/><String HEIGHT="79" WIDTH="225" VPOS="319" HPOS="1564" CONTENT="הנקבץ"/><String HEIGHT="79" WIDTH="200" VPOS="319" HPOS="1714" CONTENT="נלקח"/><String HEIGHT="79" WIDTH="200" VPOS="319" HPOS="1840" CONTENT="משתי"/><String HEIGHT="79" WIDTH="225" VPOS="319" HPOS="1965" CONTENT="הכתות"/><String HEIGHT="79" WIDTH="225" VPOS="319" HPOS="2115" CONTENT="בשוה;"/><String HEIGHT="79" WIDTH="225" VPOS="319" HPOS="2265" CONTENT="ומאשר"/><String HEIGHT="79" WIDTH="175" VPOS="319" HPOS="2416" CONTENT="בית"/><String HEIGHT="79" WIDTH="225" VPOS="319" HPOS="2491" CONTENT="הנבחרים"/></TextLine><TextLine ID="TextRegion_1522077656845_516l3" BASELINE="450" HEIGHT="68" WIDTH="1249" VPOS="382" HPOS="1473"><String HEIGHT="68" WIDTH="131" VPOS="382" HPOS="1451" CONTENT="בל"/><String HEIGHT="68" WIDTH="175" VPOS="382" HPOS="1517" CONTENT="יוכל"/><String HEIGHT="68" WIDTH="219" VPOS="382" HPOS="1626" CONTENT="להחליט"/><String HEIGHT="68" WIDTH="131" VPOS="382" HPOS="1780" CONTENT="אם"/><String HEIGHT="68" WIDTH="285" VPOS="382" HPOS="1846" CONTENT="הריפורמים"/><String HEIGHT="68" WIDTH="329" VPOS="382" HPOS="2065" CONTENT="והאורתדכסים"/><String HEIGHT="68" WIDTH="175" VPOS="382" HPOS="2328" CONTENT="כבני"/><String HEIGHT="68" WIDTH="219" VPOS="382" HPOS="2437" CONTENT="אמונות"/><String HEIGHT="68" WIDTH="153" VPOS="382" HPOS="2569" CONTENT="שונות"/></TextLine><TextLine ID="TextRegion_1522077656845_516l4" BASELINE="525" HEIGHT="78" WIDTH="1252" VPOS="447" HPOS="1476"><String HEIGHT="78" WIDTH="230" VPOS="447" HPOS="1450" CONTENT="נחשבו"/><String HEIGHT="78" WIDTH="153" VPOS="447" HPOS="1604" CONTENT="או"/><String HEIGHT="78" WIDTH="179" VPOS="447" HPOS="1680" CONTENT="לא,"/><String HEIGHT="78" WIDTH="179" VPOS="447" HPOS="1783" CONTENT="לכן"/><String HEIGHT="78" WIDTH="153" VPOS="447" HPOS="1885" CONTENT="לא"/><String HEIGHT="78" WIDTH="230" VPOS="447" HPOS="1961" CONTENT="נחליט"/><String HEIGHT="78" WIDTH="179" VPOS="447" HPOS="2115" CONTENT="עתה"/><String HEIGHT="78" WIDTH="153" VPOS="447" HPOS="2217" CONTENT="מה"/><String HEIGHT="78" WIDTH="230" VPOS="447" HPOS="2294" CONTENT="לעשות"/><String HEIGHT="78" WIDTH="204" VPOS="447" HPOS="2447" CONTENT="בקרן"/><String HEIGHT="78" WIDTH="179" VPOS="447" HPOS="2549" CONTENT="הכסף,"/></TextLine><TextLine ID="TextRegion_1522077656845_516l5" BASELINE="589" HEIGHT="78" WIDTH="1247" VPOS="511" HPOS="1481"><String HEIGHT="78" WIDTH="139" VPOS="511" HPOS="1458" CONTENT="רק"/><String HEIGHT="78" WIDTH="208" VPOS="511" HPOS="1527" CONTENT="נקצוב"/><String HEIGHT="78" WIDTH="139" VPOS="511" HPOS="1666" CONTENT="כי"/><String HEIGHT="78" WIDTH="162" VPOS="511" HPOS="1735" CONTENT="חלק"/><String HEIGHT="78" WIDTH="162" VPOS="511" HPOS="1827" CONTENT="אחד"/><String HEIGHT="78" WIDTH="185" VPOS="511" HPOS="1920" CONTENT="מכסף"/><String HEIGHT="78" WIDTH="231" VPOS="511" HPOS="2035" CONTENT="ההכנסה"/><String HEIGHT="78" WIDTH="185" VPOS="511" HPOS="2197" CONTENT="יהיה"/><String HEIGHT="78" WIDTH="185" VPOS="511" HPOS="2312" CONTENT="לבית"/><String HEIGHT="78" WIDTH="185" VPOS="511" HPOS="2428" CONTENT="מדרש"/><String HEIGHT="78" WIDTH="208" VPOS="511" HPOS="2520" CONTENT="לרבנים,"/></TextLine><TextLine ID="TextRegion_1522077656845_516l6" BASELINE="653" HEIGHT="80" WIDTH="1246" VPOS="573" HPOS="1476"><String HEIGHT="80" WIDTH="216" VPOS="573" HPOS="1452" CONTENT="והחלק"/><String HEIGHT="80" WIDTH="192" VPOS="573" HPOS="1596" CONTENT="השני"/><String HEIGHT="80" WIDTH="192" VPOS="573" HPOS="1716" CONTENT="ינתן"/><String HEIGHT="80" WIDTH="359" VPOS="573" HPOS="1835" CONTENT="להאורתדכסים"/><String HEIGHT="80" WIDTH="240" VPOS="573" HPOS="2123" CONTENT="למשענה"/><String HEIGHT="80" WIDTH="192" VPOS="573" HPOS="2291" CONTENT="לבתי"/><String HEIGHT="80" WIDTH="192" VPOS="573" HPOS="2411" CONTENT="הספר"/><String HEIGHT="80" WIDTH="168" VPOS="573" HPOS="2530" CONTENT="אשר"/><String HEIGHT="80" WIDTH="120" VPOS="573" HPOS="2602" CONTENT="להם"/></TextLine><TextLine ID="TextRegion_1522077656845_516l7" BASELINE="711" HEIGHT="74" WIDTH="882" VPOS="637" HPOS="1845"><String HEIGHT="74" WIDTH="252" VPOS="637" HPOS="1820" CONTENT="לעצמם,"/><String HEIGHT="74" WIDTH="202" VPOS="637" HPOS="1996" CONTENT="והכל"/><String HEIGHT="74" WIDTH="227" VPOS="637" HPOS="2122" CONTENT="תתנהג"/><String HEIGHT="74" WIDTH="176" VPOS="637" HPOS="2273" CONTENT="תחת"/><String HEIGHT="74" WIDTH="227" VPOS="637" HPOS="2374" CONTENT="השגחת"/><String HEIGHT="74" WIDTH="227" VPOS="637" HPOS="2500" CONTENT="הממשלה."/></TextLine><TextLine ID="TextRegion_1522077656845_516l8" BASELINE="842" HEIGHT="77" WIDTH="1141" VPOS="765" HPOS="1480"><String HEIGHT="77" WIDTH="322" VPOS="765" HPOS="1455" CONTENT="המיניסטער"/><String HEIGHT="77" WIDTH="273" VPOS="765" HPOS="1703" CONTENT="טריפורט"/><String HEIGHT="77" WIDTH="198" VPOS="765" HPOS="1902" CONTENT="נענה"/><String HEIGHT="77" WIDTH="223" VPOS="765" HPOS="2026" CONTENT="לדברי"/><String HEIGHT="77" WIDTH="223" VPOS="765" HPOS="2175" CONTENT="טישצי"/><String HEIGHT="77" WIDTH="223" VPOS="765" HPOS="2323" CONTENT="באמרו"/><String HEIGHT="77" WIDTH="149" VPOS="765" HPOS="2472" CONTENT="כי"/><String HEIGHT="77" WIDTH="99" VPOS="765" HPOS="2522" CONTENT="לא"/></TextLine><TextLine ID="TextRegion_1522077656845_516l9" BASELINE="908" HEIGHT="80" WIDTH="1262" VPOS="828" HPOS="1464"><String HEIGHT="80" WIDTH="238" VPOS="828" HPOS="1440" CONTENT="רחוקים"/><String HEIGHT="80" WIDTH="167" VPOS="828" HPOS="1607" CONTENT="המה"/><String HEIGHT="80" WIDTH="262" VPOS="828" HPOS="1702" CONTENT="מדבריו."/><String HEIGHT="80" WIDTH="167" VPOS="828" HPOS="1893" CONTENT="ועל"/><String HEIGHT="80" WIDTH="190" VPOS="828" HPOS="1988" CONTENT="שאלת"/><String HEIGHT="80" WIDTH="214" VPOS="828" HPOS="2107" CONTENT="האדון"/><String HEIGHT="80" WIDTH="286" VPOS="828" HPOS="2250" CONTENT="וואהרמאן"/><String HEIGHT="80" WIDTH="262" VPOS="828" HPOS="2464" CONTENT="(יהודי)"/><String HEIGHT="80" WIDTH="95" VPOS="828" HPOS="2631" CONTENT="אם"/></TextLine><TextLine ID="TextRegion_1522077656845_516l10" BASELINE="970" HEIGHT="78" WIDTH="1257" VPOS="892" HPOS="1474"><String HEIGHT="78" WIDTH="191" VPOS="892" HPOS="1447" CONTENT="חלק"/><String HEIGHT="78" WIDTH="219" VPOS="892" HPOS="1556" CONTENT="מכסף"/><String HEIGHT="78" WIDTH="273" VPOS="892" HPOS="1693" CONTENT="ההכנסה"/><String HEIGHT="78" WIDTH="246" VPOS="892" HPOS="1884" CONTENT="יספוק"/><String HEIGHT="78" WIDTH="246" VPOS="892" HPOS="2048" CONTENT="להקמת"/><String HEIGHT="78" WIDTH="191" VPOS="892" HPOS="2212" CONTENT="בית"/><String HEIGHT="78" WIDTH="219" VPOS="892" HPOS="2321" CONTENT="מדרש"/><String HEIGHT="78" WIDTH="246" VPOS="892" HPOS="2458" CONTENT="לבנים"/><String HEIGHT="78" WIDTH="137" VPOS="892" HPOS="2594" CONTENT="ענה"/></TextLine><TextLine ID="TextRegion_1522077656845_516l11" BASELINE="1034" HEIGHT="80" WIDTH="1244" VPOS="954" HPOS="1475"><String HEIGHT="80" WIDTH="282" VPOS="954" HPOS="1452" CONTENT="המיניסטר"/><String HEIGHT="80" WIDTH="235" VPOS="954" HPOS="1663" CONTENT="ויאמר:"/><String HEIGHT="80" WIDTH="141" VPOS="954" HPOS="1827" CONTENT="אם"/><String HEIGHT="80" WIDTH="141" VPOS="954" HPOS="1897" CONTENT="לא"/><String HEIGHT="80" WIDTH="188" VPOS="954" HPOS="1968" CONTENT="נוכל"/><String HEIGHT="80" WIDTH="211" VPOS="954" HPOS="2085" CONTENT="לבנות"/><String HEIGHT="80" WIDTH="188" VPOS="954" HPOS="2226" CONTENT="בנין"/><String HEIGHT="80" WIDTH="188" VPOS="954" HPOS="2343" CONTENT="חדש,"/><String HEIGHT="80" WIDTH="211" VPOS="954" HPOS="2461" CONTENT="נשכור"/><String HEIGHT="80" WIDTH="141" VPOS="954" HPOS="2578" CONTENT="בית."/></TextLine><TextLine ID="TextRegion_1522077656845_516l12" BASELINE="1096" HEIGHT="75" WIDTH="1268" VPOS="1021" HPOS="1471"><String HEIGHT="75" WIDTH="295" VPOS="1021" HPOS="1442" CONTENT="התשובה"/><String HEIGHT="75" WIDTH="236" VPOS="1021" HPOS="1648" CONTENT="הזאת"/><String HEIGHT="75" WIDTH="236" VPOS="1021" HPOS="1795" CONTENT="הסבה"/><String HEIGHT="75" WIDTH="206" VPOS="1021" HPOS="1943" CONTENT="רעש"/><String HEIGHT="75" WIDTH="265" VPOS="1021" HPOS="2061" CONTENT="ושאון"/><String HEIGHT="75" WIDTH="265" VPOS="1021" HPOS="2238" CONTENT="בבית,"/><String HEIGHT="75" WIDTH="177" VPOS="1021" HPOS="2415" CONTENT="עד"/><String HEIGHT="75" WIDTH="177" VPOS="1021" HPOS="2503" CONTENT="כי"/><String HEIGHT="75" WIDTH="177" VPOS="1021" HPOS="2562" CONTENT="נאלץ"/></TextLine><TextLine ID="TextRegion_1522077656845_516l13" BASELINE="1162" HEIGHT="80" WIDTH="1252" VPOS="1082" HPOS="1474"><String HEIGHT="80" WIDTH="344" VPOS="1082" HPOS="1449" CONTENT="הפרעזידענט"/><String HEIGHT="80" WIDTH="245" VPOS="1082" HPOS="1719" CONTENT="פורציל"/><String HEIGHT="80" WIDTH="196" VPOS="1082" HPOS="1891" CONTENT="לקרא"/><String HEIGHT="80" WIDTH="147" VPOS="1082" HPOS="2014" CONTENT="הס"/><String HEIGHT="80" WIDTH="245" VPOS="1082" HPOS="2088" CONTENT="ולשבות"/><String HEIGHT="80" WIDTH="196" VPOS="1082" HPOS="2260" CONTENT="כרבע"/><String HEIGHT="80" WIDTH="196" VPOS="1082" HPOS="2382" CONTENT="שעה."/><String HEIGHT="80" WIDTH="196" VPOS="1082" HPOS="2505" CONTENT="אח״ז"/><String HEIGHT="80" WIDTH="123" VPOS="1082" HPOS="2603" CONTENT="חזר"/></TextLine><TextLine ID="TextRegion_1522077656845_516l14" BASELINE="1223" HEIGHT="79" WIDTH="1252" VPOS="1144" HPOS="1483"><String HEIGHT="79" WIDTH="268" VPOS="1144" HPOS="1461" CONTENT="המיניסטר"/><String HEIGHT="79" WIDTH="246" VPOS="1144" HPOS="1662" CONTENT="טריפורט"/><String HEIGHT="79" WIDTH="268" VPOS="1144" HPOS="1841" CONTENT="בדיבורו,"/><String HEIGHT="79" WIDTH="179" VPOS="1144" HPOS="2042" CONTENT="ואמר"/><String HEIGHT="79" WIDTH="134" VPOS="1144" HPOS="2154" CONTENT="כי"/><String HEIGHT="79" WIDTH="134" VPOS="1144" HPOS="2221" CONTENT="לא"/><String HEIGHT="79" WIDTH="201" VPOS="1144" HPOS="2288" CONTENT="יסכים"/><String HEIGHT="79" WIDTH="134" VPOS="1144" HPOS="2422" CONTENT="עם"/><String HEIGHT="79" WIDTH="179" VPOS="1144" HPOS="2489" CONTENT="דברי"/><String HEIGHT="79" WIDTH="157" VPOS="1144" HPOS="2579" CONTENT="טישצי"/></TextLine><TextLine ID="TextRegion_1522077656845_516l15" BASELINE="1289" HEIGHT="80" WIDTH="1257" VPOS="1209" HPOS="1470"><String HEIGHT="80" WIDTH="140" VPOS="1209" HPOS="1447" CONTENT="רק"/><String HEIGHT="80" WIDTH="186" VPOS="1209" HPOS="1517" CONTENT="בדבר"/><String HEIGHT="80" WIDTH="186" VPOS="1209" HPOS="1633" CONTENT="הקמת"/><String HEIGHT="80" WIDTH="163" VPOS="1209" HPOS="1749" CONTENT="בית"/><String HEIGHT="80" WIDTH="186" VPOS="1209" HPOS="1842" CONTENT="מדרש"/><String HEIGHT="80" WIDTH="233" VPOS="1209" HPOS="1959" CONTENT="לרבנים"/><String HEIGHT="80" WIDTH="186" VPOS="1209" HPOS="2122" CONTENT="ועוד"/><String HEIGHT="80" WIDTH="163" VPOS="1209" HPOS="2238" CONTENT="שני"/><String HEIGHT="80" WIDTH="233" VPOS="1209" HPOS="2331" CONTENT="נבחרים"/><String HEIGHT="80" WIDTH="163" VPOS="1209" HPOS="2494" CONTENT="באו"/><String HEIGHT="80" WIDTH="163" VPOS="1209" HPOS="2564" CONTENT="אחריו"/></TextLine><TextLine ID="TextRegion_1522077656845_516l16" BASELINE="1347" HEIGHT="74" WIDTH="1248" VPOS="1273" HPOS="1482"><String HEIGHT="74" WIDTH="212" VPOS="1273" HPOS="1458" CONTENT="ומלאו"/><String HEIGHT="74" WIDTH="141" VPOS="1273" HPOS="1600" CONTENT="את"/><String HEIGHT="74" WIDTH="235" VPOS="1273" HPOS="1670" CONTENT="דבריו,"/><String HEIGHT="74" WIDTH="259" VPOS="1273" HPOS="1835" CONTENT="ואחריהם"/><String HEIGHT="74" WIDTH="165" VPOS="1273" HPOS="2024" CONTENT="שנה"/><String HEIGHT="74" WIDTH="283" VPOS="1273" HPOS="2118" CONTENT="המיניסטר"/><String HEIGHT="74" WIDTH="141" VPOS="1273" HPOS="2330" CONTENT="את"/><String HEIGHT="74" WIDTH="212" VPOS="1273" HPOS="2400" CONTENT="דבריו"/><String HEIGHT="74" WIDTH="165" VPOS="1273" HPOS="2542" CONTENT="בפה"/><String HEIGHT="74" WIDTH="118" VPOS="1273" HPOS="2612" CONTENT="מלא"/></TextLine><TextLine ID="TextRegion_1522077656845_516l17" BASELINE="1433" HEIGHT="95" WIDTH="1298" VPOS="1338" HPOS="1447"><String HEIGHT="95" WIDTH="232" VPOS="1338" HPOS="1424" CONTENT="ויאמר:"/><String HEIGHT="95" WIDTH="162" VPOS="1338" HPOS="1586" CONTENT="יען"/><String HEIGHT="95" WIDTH="139" VPOS="1338" HPOS="1679" CONTENT="כי"/><String HEIGHT="95" WIDTH="185" VPOS="1338" HPOS="1748" CONTENT="רואה"/><String HEIGHT="95" WIDTH="185" VPOS="1338" HPOS="1864" CONTENT="אנכי"/><String HEIGHT="95" WIDTH="139" VPOS="1338" HPOS="1980" CONTENT="כי"/><String HEIGHT="95" WIDTH="185" VPOS="1338" HPOS="2050" CONTENT="עפ״י"/><String HEIGHT="95" WIDTH="162" VPOS="1338" HPOS="2166" CONTENT="עצת"/><String HEIGHT="95" WIDTH="209" VPOS="1338" HPOS="2258" CONTENT="הנבחר"/><String HEIGHT="95" WIDTH="209" VPOS="1338" HPOS="2397" CONTENT="טישצי"/><String HEIGHT="95" WIDTH="139" VPOS="1338" HPOS="2536" CONTENT="לא"/><String HEIGHT="95" WIDTH="185" VPOS="1338" HPOS="2606" CONTENT="נוכל"/><String HEIGHT="95" WIDTH="46" VPOS="1338" HPOS="2699" CONTENT=""/></TextLine><TextLine ID="TextRegion_1522077656845_516l18" BASELINE="1483" HEIGHT="84" WIDTH="1262" VPOS="1399" HPOS="1470"><String HEIGHT="84" WIDTH="210" VPOS="1399" HPOS="1447" CONTENT="להקים"/><String HEIGHT="84" WIDTH="234" VPOS="1399" HPOS="1587" CONTENT="ב״מדרש"/><String HEIGHT="84" WIDTH="234" VPOS="1399" HPOS="1750" CONTENT="לרבנים"/><String HEIGHT="84" WIDTH="304" VPOS="1399" HPOS="1914" CONTENT="ולכלכלהו,"/><String HEIGHT="84" WIDTH="164" VPOS="1399" HPOS="2148" CONTENT="לכן"/><String HEIGHT="84" WIDTH="187" VPOS="1399" HPOS="2241" CONTENT="אשאר"/><String HEIGHT="84" WIDTH="234" VPOS="1399" HPOS="2358" CONTENT="בדבורי"/><String HEIGHT="84" WIDTH="234" VPOS="1399" HPOS="2498" CONTENT="הראשונים"/></TextLine><TextLine ID="TextRegion_1522077656845_516l19" BASELINE="1540" HEIGHT="77" WIDTH="1056" VPOS="1463" HPOS="1677"><String HEIGHT="77" WIDTH="138" VPOS="1463" HPOS="1654" CONTENT="כי"/><String HEIGHT="77" WIDTH="184" VPOS="1463" HPOS="1723" CONTENT="מכסף"/><String HEIGHT="77" WIDTH="161" VPOS="1463" HPOS="1838" CONTENT="הזה"/><String HEIGHT="77" WIDTH="184" VPOS="1463" HPOS="1930" CONTENT="יבנה"/><String HEIGHT="77" WIDTH="161" VPOS="1463" HPOS="2044" CONTENT="בית"/><String HEIGHT="77" WIDTH="184" VPOS="1463" HPOS="2136" CONTENT="מדרש"/><String HEIGHT="77" WIDTH="230" VPOS="1463" HPOS="2251" CONTENT="לרבנים"/><String HEIGHT="77" WIDTH="230" VPOS="1463" HPOS="2412" CONTENT="ויכלכל"/><String HEIGHT="77" WIDTH="184" VPOS="1463" HPOS="2549" CONTENT="כראוי."/></TextLine><TextLine ID="TextRegion_1522077656845_516l20" BASELINE="1649" HEIGHT="79" WIDTH="1157" VPOS="1570" HPOS="1474"><String HEIGHT="79" WIDTH="237" VPOS="1570" HPOS="1448" CONTENT="כדברו"/><String HEIGHT="79" WIDTH="184" VPOS="1570" HPOS="1605" CONTENT="זאת"/><String HEIGHT="79" WIDTH="184" VPOS="1570" HPOS="1711" CONTENT="רעש"/><String HEIGHT="79" WIDTH="237" VPOS="1570" HPOS="1816" CONTENT="ושחוק"/><String HEIGHT="79" WIDTH="210" VPOS="1570" HPOS="1974" CONTENT="נמלא"/><String HEIGHT="79" WIDTH="158" VPOS="1570" HPOS="2105" CONTENT="כל"/><String HEIGHT="79" WIDTH="210" VPOS="1570" HPOS="2184" CONTENT="הבית"/><String HEIGHT="79" WIDTH="263" VPOS="1570" HPOS="2315" CONTENT="והנבחר"/><String HEIGHT="79" WIDTH="158" VPOS="1570" HPOS="2473" CONTENT="גוצה"/></TextLine><TextLine ID="TextRegion_1522077656845_516l21" BASELINE="1715" HEIGHT="81" WIDTH="1259" VPOS="1634" HPOS="1488"><String HEIGHT="81" WIDTH="214" VPOS="1634" HPOS="1464" CONTENT="רימיט"/><String HEIGHT="81" WIDTH="166" VPOS="1634" HPOS="1607" CONTENT="חרף"/><String HEIGHT="81" WIDTH="143" VPOS="1634" HPOS="1702" CONTENT="את"/><String HEIGHT="81" WIDTH="285" VPOS="1634" HPOS="1773" CONTENT="המיניסטר"/><String HEIGHT="81" WIDTH="166" VPOS="1634" HPOS="1987" CONTENT="יען"/><String HEIGHT="81" WIDTH="166" VPOS="1634" HPOS="2082" CONTENT="חזר"/><String HEIGHT="81" WIDTH="238" VPOS="1634" HPOS="2177" CONTENT="בדבורו"/><String HEIGHT="81" WIDTH="166" VPOS="1634" HPOS="2343" CONTENT="ולא"/><String HEIGHT="81" WIDTH="190" VPOS="1634" HPOS="2438" CONTENT="הבין"/><String HEIGHT="81" WIDTH="143" VPOS="1634" HPOS="2557" CONTENT="את"/><String HEIGHT="81" WIDTH="143" VPOS="1634" HPOS="2604" CONTENT="דברי"/></TextLine><TextLine ID="TextRegion_1522077656845_516l22" BASELINE="1774" HEIGHT="69" WIDTH="1244" VPOS="1705" HPOS="1496"><String HEIGHT="69" WIDTH="200" VPOS="1705" HPOS="1474" CONTENT="הנבחר"/><String HEIGHT="69" WIDTH="222" VPOS="1705" HPOS="1607" CONTENT="טישצה."/><String HEIGHT="69" WIDTH="156" VPOS="1705" HPOS="1763" CONTENT="בין"/><String HEIGHT="69" WIDTH="133" VPOS="1705" HPOS="1851" CONTENT="כה"/><String HEIGHT="69" WIDTH="156" VPOS="1705" HPOS="1918" CONTENT="וכה"/><String HEIGHT="69" WIDTH="178" VPOS="1705" HPOS="2007" CONTENT="נמנו"/><String HEIGHT="69" WIDTH="222" VPOS="1705" HPOS="2118" CONTENT="וגמרו,"/><String HEIGHT="69" WIDTH="200" VPOS="1705" HPOS="2274" CONTENT="ויהיו"/><String HEIGHT="69" WIDTH="156" VPOS="1705" HPOS="2407" CONTENT="115"/><String HEIGHT="69" WIDTH="222" VPOS="1705" HPOS="2496" CONTENT="נבחרים"/><String HEIGHT="69" WIDTH="111" VPOS="1705" HPOS="2629" CONTENT="נגד"/></TextLine><TextLine ID="TextRegion_1522077656845_516l23" BASELINE="1838" HEIGHT="77" WIDTH="1255" VPOS="1761" HPOS="1492"><String HEIGHT="77" WIDTH="176" VPOS="1761" HPOS="1467" CONTENT="עצת"/><String HEIGHT="77" WIDTH="326" VPOS="1761" HPOS="1567" CONTENT="המיניסטר,"/><String HEIGHT="77" WIDTH="176" VPOS="1761" HPOS="1818" CONTENT="ורק"/><String HEIGHT="77" WIDTH="176" VPOS="1761" HPOS="1919" CONTENT="מאה"/><String HEIGHT="77" WIDTH="251" VPOS="1761" HPOS="2019" CONTENT="נבחרים"/><String HEIGHT="77" WIDTH="226" VPOS="1761" HPOS="2195" CONTENT="בעדו."/><String HEIGHT="77" WIDTH="226" VPOS="1761" HPOS="2345" CONTENT="וישאר"/><String HEIGHT="77" WIDTH="201" VPOS="1761" HPOS="2496" CONTENT="הדבר"/><String HEIGHT="77" WIDTH="151" VPOS="1761" HPOS="2596" CONTENT="תלוי"/></TextLine><TextLine ID="TextRegion_1522077656845_516l24" BASELINE="1898" HEIGHT="73" WIDTH="1084" VPOS="1825" HPOS="1663"><String HEIGHT="73" WIDTH="212" VPOS="1825" HPOS="1639" CONTENT="ועומר"/><String HEIGHT="73" WIDTH="141" VPOS="1825" HPOS="1781" CONTENT="עד"/><String HEIGHT="73" WIDTH="165" VPOS="1825" HPOS="1852" CONTENT="אשר"/><String HEIGHT="73" WIDTH="189" VPOS="1825" HPOS="1946" CONTENT="יפתח"/><String HEIGHT="73" WIDTH="165" VPOS="1825" HPOS="2064" CONTENT="בית"/><String HEIGHT="73" WIDTH="259" VPOS="1825" HPOS="2158" CONTENT="הנבחרים"/><String HEIGHT="73" WIDTH="189" VPOS="1825" HPOS="2346" CONTENT="שנית"/><String HEIGHT="73" WIDTH="189" VPOS="1825" HPOS="2464" CONTENT="בימי"/><String HEIGHT="73" WIDTH="189" VPOS="1825" HPOS="2558" CONTENT="הבציר."/></TextLine><TextLine ID="TextRegion_1522077656845_516l25" BASELINE="2020" HEIGHT="78" WIDTH="1148" VPOS="1942" HPOS="1481"><String HEIGHT="78" WIDTH="391" VPOS="1942" HPOS="1457" CONTENT="(פראנקרייך)."/><String HEIGHT="78" WIDTH="220" VPOS="1942" HPOS="1774" CONTENT="מהומה"/><String HEIGHT="78" WIDTH="220" VPOS="1942" HPOS="1921" CONTENT="גדולה"/><String HEIGHT="78" WIDTH="195" VPOS="1942" HPOS="2067" CONTENT="שלטת"/><String HEIGHT="78" WIDTH="244" VPOS="1942" HPOS="2189" CONTENT="בצרפת;"/><String HEIGHT="78" WIDTH="195" VPOS="1942" HPOS="2360" CONTENT="פרוד"/><String HEIGHT="78" WIDTH="171" VPOS="1942" HPOS="2458" CONTENT="הדעות"/></TextLine><TextLine ID="TextRegion_1522077656845_516l26" BASELINE="2084" HEIGHT="95" WIDTH="1240" VPOS="1989" HPOS="1494"><String HEIGHT="95" WIDTH="297" VPOS="1989" HPOS="1467" CONTENT="והלבבות"/><String HEIGHT="95" WIDTH="189" VPOS="1989" HPOS="1683" CONTENT="עלה"/><String HEIGHT="95" WIDTH="162" VPOS="1989" HPOS="1791" CONTENT="עד"/><String HEIGHT="95" WIDTH="216" VPOS="1989" HPOS="1871" CONTENT="מרום"/><String HEIGHT="95" WIDTH="216" VPOS="1989" HPOS="2006" CONTENT="קצו."/><String HEIGHT="95" WIDTH="162" VPOS="1989" HPOS="2141" CONTENT="כל"/><String HEIGHT="95" WIDTH="189" VPOS="1989" HPOS="2222" CONTENT="כתה"/><String HEIGHT="95" WIDTH="216" VPOS="1989" HPOS="2330" CONTENT="בונה"/><String HEIGHT="95" WIDTH="189" VPOS="1989" HPOS="2464" CONTENT="במה"/><String HEIGHT="95" WIDTH="189" VPOS="1989" HPOS="2545" CONTENT="לעצמה"/></TextLine><TextLine ID="TextRegion_1522077656845_516l27" BASELINE="2147" HEIGHT="79" WIDTH="1259" VPOS="2068" HPOS="1488"><String HEIGHT="79" WIDTH="184" VPOS="2068" HPOS="1462" CONTENT="בפה"/><String HEIGHT="79" WIDTH="210" VPOS="2068" HPOS="1567" CONTENT="מלא,"/><String HEIGHT="79" WIDTH="157" VPOS="2068" HPOS="1698" CONTENT="כי"/><String HEIGHT="79" WIDTH="157" VPOS="2068" HPOS="1777" CONTENT="אך"/><String HEIGHT="79" WIDTH="184" VPOS="2068" HPOS="1855" CONTENT="היא"/><String HEIGHT="79" WIDTH="210" VPOS="2068" HPOS="1960" CONTENT="תדאג"/><String HEIGHT="79" WIDTH="236" VPOS="2068" HPOS="2091" CONTENT="לשלום"/><String HEIGHT="79" WIDTH="210" VPOS="2068" HPOS="2249" CONTENT="הארץ"/><String HEIGHT="79" WIDTH="262" VPOS="2068" HPOS="2380" CONTENT="ואשרה,"/><String HEIGHT="79" WIDTH="157" VPOS="2068" HPOS="2563" CONTENT="אך"/><String HEIGHT="79" WIDTH="131" VPOS="2068" HPOS="2616" CONTENT="היא"/></TextLine><TextLine ID="TextRegion_1522077656845_516l28" BASELINE="2198" HEIGHT="82" WIDTH="1244" VPOS="2116" HPOS="1489"><String HEIGHT="82" WIDTH="207" VPOS="2116" HPOS="1466" CONTENT="יודעת"/><String HEIGHT="82" WIDTH="138" VPOS="2116" HPOS="1604" CONTENT="את"/><String HEIGHT="82" WIDTH="161" VPOS="2116" HPOS="1673" CONTENT="רוח"/><String HEIGHT="82" WIDTH="253" VPOS="2116" HPOS="1765" CONTENT="הצרפתים"/><String HEIGHT="82" WIDTH="161" VPOS="2116" HPOS="1950" CONTENT="ואת"/><String HEIGHT="82" WIDTH="184" VPOS="2116" HPOS="2042" CONTENT="סדרי"/><String HEIGHT="82" WIDTH="230" VPOS="2116" HPOS="2157" CONTENT="הממשלה"/><String HEIGHT="82" WIDTH="253" VPOS="2116" HPOS="2318" CONTENT="הנחוצים"/><String HEIGHT="82" WIDTH="184" VPOS="2116" HPOS="2503" CONTENT="להם."/><String HEIGHT="82" WIDTH="138" VPOS="2116" HPOS="2595" CONTENT="והנה"/></TextLine><TextLine ID="TextRegion_1522077656845_516l29" BASELINE="2275" HEIGHT="78" WIDTH="1300" VPOS="2197" HPOS="1486"><String HEIGHT="78" WIDTH="98" VPOS="2197" HPOS="1461" CONTENT=""/><String HEIGHT="78" WIDTH="196" VPOS="2197" HPOS="1486" CONTENT="בעוד"/><String HEIGHT="78" WIDTH="172" VPOS="2197" HPOS="1609" CONTENT="אשר"/><String HEIGHT="78" WIDTH="245" VPOS="2197" HPOS="1707" CONTENT="הנוהים"/><String HEIGHT="78" WIDTH="196" VPOS="2197" HPOS="1878" CONTENT="אחרי"/><String HEIGHT="78" WIDTH="172" VPOS="2197" HPOS="2001" CONTENT="בית"/><String HEIGHT="78" WIDTH="245" VPOS="2197" HPOS="2099" CONTENT="בורבאן"/><String HEIGHT="78" WIDTH="221" VPOS="2197" HPOS="2271" CONTENT="עושים"/><String HEIGHT="78" WIDTH="147" VPOS="2197" HPOS="2418" CONTENT="את"/><String HEIGHT="78" WIDTH="147" VPOS="2197" HPOS="2492" CONTENT="כל"/><String HEIGHT="78" WIDTH="172" VPOS="2197" HPOS="2565" CONTENT="אשר"/><String HEIGHT="78" WIDTH="147" VPOS="2197" HPOS="2639" CONTENT="בכחם"/></TextLine><TextLine ID="TextRegion_1522077656845_516l30" BASELINE="2337" HEIGHT="79" WIDTH="1250" VPOS="2258" HPOS="1482"><String HEIGHT="79" WIDTH="216" VPOS="2258" HPOS="1458" CONTENT="להשיב"/><String HEIGHT="79" WIDTH="144" VPOS="2258" HPOS="1602" CONTENT="את"/><String HEIGHT="79" WIDTH="240" VPOS="2258" HPOS="1674" CONTENT="המלוכה"/><String HEIGHT="79" WIDTH="144" VPOS="2258" HPOS="1843" CONTENT="על"/><String HEIGHT="79" WIDTH="216" VPOS="2258" HPOS="1915" CONTENT="הגראף"/><String HEIGHT="79" WIDTH="264" VPOS="2258" HPOS="2059" CONTENT="שאמבאר,"/><String HEIGHT="79" WIDTH="264" VPOS="2258" HPOS="2251" CONTENT="ולוחמים"/><String HEIGHT="79" WIDTH="192" VPOS="2258" HPOS="2444" CONTENT="מעבר"/><String HEIGHT="79" WIDTH="168" VPOS="2258" HPOS="2564" CONTENT="מזה"/><String HEIGHT="79" WIDTH="96" VPOS="2258" HPOS="2636" CONTENT="את"/></TextLine><TextLine ID="TextRegion_1522077656845_516l31" BASELINE="2403" HEIGHT="80" WIDTH="1256" VPOS="2323" HPOS="1488"><String HEIGHT="80" WIDTH="411" VPOS="2323" HPOS="1465" CONTENT="הבאנאפארטיסטין"/><String HEIGHT="80" WIDTH="206" VPOS="2323" HPOS="1808" CONTENT="ומעבר"/><String HEIGHT="80" WIDTH="160" VPOS="2323" HPOS="1945" CONTENT="מזה"/><String HEIGHT="80" WIDTH="137" VPOS="2323" HPOS="2036" CONTENT="את"/><String HEIGHT="80" WIDTH="388" VPOS="2323" HPOS="2105" CONTENT="הרעפובליקנים,"/><String HEIGHT="80" WIDTH="251" VPOS="2323" HPOS="2424" CONTENT="האומרים"/><String HEIGHT="80" WIDTH="160" VPOS="2323" HPOS="2584" CONTENT="לכונן"/></TextLine><TextLine ID="TextRegion_1522077656845_516l32" BASELINE="2474" HEIGHT="93" WIDTH="1258" VPOS="2381" HPOS="1476"><String HEIGHT="93" WIDTH="169" VPOS="2381" HPOS="1452" CONTENT="כעת"/><String HEIGHT="93" WIDTH="218" VPOS="2381" HPOS="1549" CONTENT="ממשלה"/><String HEIGHT="93" WIDTH="242" VPOS="2381" HPOS="1694" CONTENT="תמידית"/><String HEIGHT="93" WIDTH="194" VPOS="2381" HPOS="1863" CONTENT="בארץ"/><String HEIGHT="93" WIDTH="145" VPOS="2381" HPOS="1984" CONTENT="על"/><String HEIGHT="93" WIDTH="242" VPOS="2381" HPOS="2057" CONTENT="יסודות"/><String HEIGHT="93" WIDTH="339" VPOS="2381" HPOS="2226" CONTENT="הרעפובליק,"/><String HEIGHT="93" WIDTH="194" VPOS="2381" HPOS="2492" CONTENT="והנה"/><String HEIGHT="93" WIDTH="169" VPOS="2381" HPOS="2613" CONTENT="כתב"/><String HEIGHT="93" WIDTH="48" VPOS="2381" HPOS="2686" CONTENT=""/></TextLine><TextLine ID="TextRegion_1522077656845_516l33" BASELINE="2529" HEIGHT="80" WIDTH="1264" VPOS="2449" HPOS="1475"><String HEIGHT="80" WIDTH="191" VPOS="2449" HPOS="1451" CONTENT="גלוי"/><String HEIGHT="80" WIDTH="334" VPOS="2449" HPOS="1570" CONTENT="(מאניפעסט)"/><String HEIGHT="80" WIDTH="167" VPOS="2449" HPOS="1833" CONTENT="יצא"/><String HEIGHT="80" WIDTH="167" VPOS="2449" HPOS="1928" CONTENT="מאת"/><String HEIGHT="80" WIDTH="215" VPOS="2449" HPOS="2024" CONTENT="הגראף"/><String HEIGHT="80" WIDTH="215" VPOS="2449" HPOS="2167" CONTENT="שאמבר"/><String HEIGHT="80" WIDTH="215" VPOS="2449" HPOS="2310" CONTENT="הקורא"/><String HEIGHT="80" WIDTH="167" VPOS="2449" HPOS="2453" CONTENT="לכל"/><String HEIGHT="80" WIDTH="143" VPOS="2449" HPOS="2548" CONTENT="עם"/><String HEIGHT="80" WIDTH="143" VPOS="2449" HPOS="2596" CONTENT="צרפת"/></TextLine><TextLine ID="TextRegion_1522077656845_516l34" BASELINE="2597" HEIGHT="84" WIDTH="1240" VPOS="2513" HPOS="1498"><String HEIGHT="84" WIDTH="198" VPOS="2513" HPOS="1473" CONTENT="לשוב"/><String HEIGHT="84" WIDTH="149" VPOS="2513" HPOS="1597" CONTENT="עד"/><String HEIGHT="84" WIDTH="273" VPOS="2513" HPOS="1672" CONTENT="אדוניהם"/><String HEIGHT="84" WIDTH="322" VPOS="2513" HPOS="1870" CONTENT="הראשונים,"/><String HEIGHT="84" WIDTH="248" VPOS="2513" HPOS="2118" CONTENT="להאמין"/><String HEIGHT="84" WIDTH="149" VPOS="2513" HPOS="2292" CONTENT="בו"/><String HEIGHT="84" WIDTH="223" VPOS="2513" HPOS="2366" CONTENT="אמונה"/><String HEIGHT="84" WIDTH="223" VPOS="2513" HPOS="2515" CONTENT="שלמה,"/><String HEIGHT="84" WIDTH="99" VPOS="2513" HPOS="2639" CONTENT="כי"/></TextLine><TextLine ID="TextRegion_1522077656845_516l35" BASELINE="2657" HEIGHT="95" WIDTH="1305" VPOS="2562" HPOS="1481"><String HEIGHT="95" WIDTH="93" VPOS="2562" HPOS="1458" CONTENT=""/><String HEIGHT="95" WIDTH="210" VPOS="2562" HPOS="1481" CONTENT="ימלוך"/><String HEIGHT="95" WIDTH="210" VPOS="2562" HPOS="1621" CONTENT="עליהם"/><String HEIGHT="95" WIDTH="210" VPOS="2562" HPOS="1761" CONTENT="לצדק,"/><String HEIGHT="95" WIDTH="163" VPOS="2562" HPOS="1900" CONTENT="וכי"/><String HEIGHT="95" WIDTH="163" VPOS="2562" HPOS="1994" CONTENT="יתן"/><String HEIGHT="95" WIDTH="163" VPOS="2562" HPOS="2087" CONTENT="להם"/><String HEIGHT="95" WIDTH="186" VPOS="2562" HPOS="2180" CONTENT="חקים"/><String HEIGHT="95" WIDTH="210" VPOS="2562" HPOS="2297" CONTENT="טובים"/><String HEIGHT="95" WIDTH="256" VPOS="2562" HPOS="2436" CONTENT="ומשפטים"/><String HEIGHT="95" WIDTH="186" VPOS="2562" HPOS="2600" CONTENT="צדיקים"/></TextLine><TextLine ID="TextRegion_1522077656845_516l36" BASELINE="2709" HEIGHT="77" WIDTH="1243" VPOS="2632" HPOS="1494"><String HEIGHT="77" WIDTH="191" VPOS="2632" HPOS="1470" CONTENT="לטוב"/><String HEIGHT="77" WIDTH="167" VPOS="2632" HPOS="1590" CONTENT="להם"/><String HEIGHT="77" WIDTH="143" VPOS="2632" HPOS="1685" CONTENT="כל"/><String HEIGHT="77" WIDTH="239" VPOS="2632" HPOS="1757" CONTENT="הימים."/><String HEIGHT="77" WIDTH="167" VPOS="2632" HPOS="1924" CONTENT="לפי"/><String HEIGHT="77" WIDTH="191" VPOS="2632" HPOS="2020" CONTENT="דברי"/><String HEIGHT="77" WIDTH="191" VPOS="2632" HPOS="2139" CONTENT="מה״ע"/><String HEIGHT="77" WIDTH="143" VPOS="2632" HPOS="2259" CONTENT="לא"/><String HEIGHT="77" WIDTH="191" VPOS="2632" HPOS="2331" CONTENT="השיג"/><String HEIGHT="77" WIDTH="215" VPOS="2632" HPOS="2450" CONTENT="המכתב"/><String HEIGHT="77" WIDTH="167" VPOS="2632" HPOS="2570" CONTENT="הגלוי"/></TextLine><TextLine ID="TextRegion_1522077656845_516l37" BASELINE="2791" HEIGHT="95" WIDTH="1263" VPOS="2696" HPOS="1502"><String HEIGHT="95" WIDTH="99" VPOS="2696" HPOS="1477" CONTENT=""/><String HEIGHT="95" WIDTH="149" VPOS="2696" HPOS="1502" CONTENT="את"/><String HEIGHT="95" WIDTH="223" VPOS="2696" HPOS="1576" CONTENT="מטרתו"/><String HEIGHT="95" WIDTH="173" VPOS="2696" HPOS="1725" CONTENT="ולא"/><String HEIGHT="95" WIDTH="173" VPOS="2696" HPOS="1824" CONTENT="עשה"/><String HEIGHT="95" WIDTH="149" VPOS="2696" HPOS="1923" CONTENT="כל"/><String HEIGHT="95" WIDTH="198" VPOS="2696" HPOS="1997" CONTENT="רושם"/><String HEIGHT="95" WIDTH="149" VPOS="2696" HPOS="2121" CONTENT="על"/><String HEIGHT="95" WIDTH="297" VPOS="2696" HPOS="2195" CONTENT="הצרפתים,"/><String HEIGHT="95" WIDTH="198" VPOS="2696" HPOS="2418" CONTENT="ותהי"/><String HEIGHT="95" WIDTH="223" VPOS="2696" HPOS="2542" CONTENT="להפך,"/><String HEIGHT="95" WIDTH="99" VPOS="2696" HPOS="2666" CONTENT="כי"/></TextLine><TextLine ID="TextRegion_1522077656845_516l38" BASELINE="2848" HEIGHT="82" WIDTH="1251" VPOS="2766" HPOS="1499"><String HEIGHT="82" WIDTH="182" VPOS="2766" HPOS="1473" CONTENT="הרע"/><String HEIGHT="82" WIDTH="287" VPOS="2766" HPOS="1577" CONTENT="לשאמבאר"/><String HEIGHT="82" WIDTH="209" VPOS="2766" HPOS="1786" CONTENT="הרבה"/><String HEIGHT="82" WIDTH="182" VPOS="2766" HPOS="1916" CONTENT="יתר"/><String HEIGHT="82" WIDTH="209" VPOS="2766" HPOS="2020" CONTENT="מאשר"/><String HEIGHT="82" WIDTH="209" VPOS="2766" HPOS="2151" CONTENT="הטיב"/><String HEIGHT="82" WIDTH="182" VPOS="2766" HPOS="2281" CONTENT="לו,"/><String HEIGHT="82" WIDTH="235" VPOS="2766" HPOS="2385" CONTENT="בפקחו"/><String HEIGHT="82" WIDTH="156" VPOS="2766" HPOS="2542" CONTENT="את"/><String HEIGHT="82" WIDTH="156" VPOS="2766" HPOS="2594" CONTENT="עיני"/></TextLine><TextLine ID="TextRegion_1522077656845_516l39" BASELINE="2915" HEIGHT="87" WIDTH="1249" VPOS="2828" HPOS="1501"><String HEIGHT="87" WIDTH="223" VPOS="2828" HPOS="1479" CONTENT="הממשלה"/><String HEIGHT="87" WIDTH="134" VPOS="2828" HPOS="1635" CONTENT="על"/><String HEIGHT="87" WIDTH="178" VPOS="2828" HPOS="1702" CONTENT="מעשי"/><String HEIGHT="87" WIDTH="379" VPOS="2828" HPOS="1813" CONTENT="הלעגיטימיסטים"/><String HEIGHT="87" WIDTH="245" VPOS="2828" HPOS="2126" CONTENT="(החפצים"/><String HEIGHT="87" WIDTH="223" VPOS="2828" HPOS="2304" CONTENT="בממשלת"/><String HEIGHT="87" WIDTH="156" VPOS="2828" HPOS="2460" CONTENT="בית"/><String HEIGHT="87" WIDTH="223" VPOS="2828" HPOS="2527" CONTENT="בורבאן)."/></TextLine><TextLine ID="TextRegion_1522077656845_516l40" BASELINE="2976" HEIGHT="86" WIDTH="1259" VPOS="2890" HPOS="1501"><String HEIGHT="86" WIDTH="166" VPOS="2890" HPOS="1477" CONTENT="ועל"/><String HEIGHT="86" WIDTH="356" VPOS="2890" HPOS="1572" CONTENT="תחבולותיהם,"/><String HEIGHT="86" WIDTH="214" VPOS="2890" HPOS="1857" CONTENT="ותראה"/><String HEIGHT="86" WIDTH="214" VPOS="2890" HPOS="2000" CONTENT="ממשלת"/><String HEIGHT="86" WIDTH="166" VPOS="2890" HPOS="2142" CONTENT="מאק"/><String HEIGHT="86" WIDTH="214" VPOS="2890" HPOS="2237" CONTENT="מאהאן"/><String HEIGHT="86" WIDTH="214" VPOS="2890" HPOS="2380" CONTENT="ראשית"/><String HEIGHT="86" WIDTH="143" VPOS="2890" HPOS="2522" CONTENT="לה"/><String HEIGHT="86" WIDTH="190" VPOS="2890" HPOS="2570" CONTENT="להעניש"/></TextLine><TextLine ID="TextRegion_1522077656845_516l41" BASELINE="3042" HEIGHT="85" WIDTH="1252" VPOS="2957" HPOS="1494"><String HEIGHT="85" WIDTH="144" VPOS="2957" HPOS="1470" CONTENT="את"/><String HEIGHT="85" WIDTH="217" VPOS="2957" HPOS="1542" CONTENT="המו&#34;ל"/><String HEIGHT="85" WIDTH="217" VPOS="2957" HPOS="1687" CONTENT="המהע׳"/><String HEIGHT="85" WIDTH="217" VPOS="2957" HPOS="1831" CONTENT="Union"/><String HEIGHT="85" WIDTH="96" VPOS="2957" HPOS="1976" CONTENT=""/><String HEIGHT="85" WIDTH="169" VPOS="2957" HPOS="2000" CONTENT="אשר"/><String HEIGHT="85" WIDTH="217" VPOS="2957" HPOS="2096" CONTENT="הדפיס"/><String HEIGHT="85" WIDTH="241" VPOS="2957" HPOS="2240" CONTENT="ראשונה"/><String HEIGHT="85" WIDTH="144" VPOS="2957" HPOS="2409" CONTENT="את"/><String HEIGHT="85" WIDTH="193" VPOS="2957" HPOS="2481" CONTENT="הכתב"/><String HEIGHT="85" WIDTH="169" VPOS="2957" HPOS="2577" CONTENT="הגלוי"/></TextLine><TextLine ID="TextRegion_1522077656845_516l42" BASELINE="3097" HEIGHT="79" WIDTH="1255" VPOS="3018" HPOS="1493"><String HEIGHT="79" WIDTH="221" VPOS="3018" HPOS="1468" CONTENT="הנ&#34;ל,"/><String HEIGHT="79" WIDTH="221" VPOS="3018" HPOS="1616" CONTENT="בעצרה"/><String HEIGHT="79" WIDTH="221" VPOS="3018" HPOS="1764" CONTENT="הדפסת"/><String HEIGHT="79" WIDTH="221" VPOS="3018" HPOS="1911" CONTENT="המה&#34;ע"/><String HEIGHT="79" WIDTH="148" VPOS="3018" HPOS="2059" CONTENT="על"/><String HEIGHT="79" WIDTH="172" VPOS="3018" HPOS="2133" CONTENT="שתי"/><String HEIGHT="79" WIDTH="271" VPOS="3018" HPOS="2231" CONTENT="שבועות."/><String HEIGHT="79" WIDTH="345" VPOS="3018" HPOS="2403" CONTENT="והלעגיטיסטום"/></TextLine><TextLine ID="TextRegion_1522077656845_516l43" BASELINE="3166" HEIGHT="84" WIDTH="1249" VPOS="3082" HPOS="1498"><String HEIGHT="84" WIDTH="153" VPOS="3082" HPOS="1473" CONTENT="עם"/><String HEIGHT="84" WIDTH="280" VPOS="3082" HPOS="1549" CONTENT="ההערצאג"/><String HEIGHT="84" WIDTH="229" VPOS="3082" HPOS="1753" CONTENT="לאראש"/><String HEIGHT="84" WIDTH="204" VPOS="3082" HPOS="1906" CONTENT="פוקא"/><String HEIGHT="84" WIDTH="255" VPOS="3082" HPOS="2033" CONTENT="בראשם,"/><String HEIGHT="84" WIDTH="255" VPOS="3082" HPOS="2212" CONTENT="בראותם"/><String HEIGHT="84" WIDTH="153" VPOS="3082" HPOS="2390" CONTENT="את"/><String HEIGHT="84" WIDTH="178" VPOS="3082" HPOS="2467" CONTENT="אשר"/><String HEIGHT="84" WIDTH="204" VPOS="3082" HPOS="2543" CONTENT="הממשלה"/></TextLine><TextLine ID="TextRegion_1522077656845_516l44" BASELINE="3240" HEIGHT="93" WIDTH="1259" VPOS="3147" HPOS="1488"><String HEIGHT="93" WIDTH="194" VPOS="3147" HPOS="1464" CONTENT="עושה"/><String HEIGHT="93" WIDTH="169" VPOS="3147" HPOS="1585" CONTENT="להם"/><String HEIGHT="93" WIDTH="242" VPOS="3147" HPOS="1682" CONTENT="וירגנו"/><String HEIGHT="93" WIDTH="291" VPOS="3147" HPOS="1851" CONTENT="באהליהם,"/><String HEIGHT="93" WIDTH="145" VPOS="3147" HPOS="2069" CONTENT="אף"/><String HEIGHT="93" WIDTH="194" VPOS="3147" HPOS="2142" CONTENT="יצאו"/><String HEIGHT="93" WIDTH="194" VPOS="3147" HPOS="2263" CONTENT="לריב"/><String HEIGHT="93" WIDTH="169" VPOS="3147" HPOS="2384" CONTENT="אתה"/><String HEIGHT="93" WIDTH="242" VPOS="3147" HPOS="2481" CONTENT="בגלוי,"/><String HEIGHT="93" WIDTH="121" VPOS="3147" HPOS="2626" CONTENT="ולא"/></TextLine><TextLine ID="TextRegion_1522077656845_516l45" BASELINE="3292" HEIGHT="77" WIDTH="1243" VPOS="3215" HPOS="1502"><String HEIGHT="77" WIDTH="216" VPOS="3215" HPOS="1475" CONTENT="בסתר"/><String HEIGHT="77" WIDTH="216" VPOS="3215" HPOS="1610" CONTENT="אמרו"/><String HEIGHT="77" WIDTH="216" VPOS="3215" HPOS="1745" CONTENT="רבים"/><String HEIGHT="77" WIDTH="216" VPOS="3215" HPOS="1880" CONTENT="מהם,"/><String HEIGHT="77" WIDTH="162" VPOS="3215" HPOS="2015" CONTENT="כי"/><String HEIGHT="77" WIDTH="216" VPOS="3215" HPOS="2096" CONTENT="אחרי"/><String HEIGHT="77" WIDTH="189" VPOS="3215" HPOS="2232" CONTENT="אשר"/><String HEIGHT="77" WIDTH="270" VPOS="3215" HPOS="2340" CONTENT="הממשלה"/><String HEIGHT="77" WIDTH="189" VPOS="3215" HPOS="2529" CONTENT="אשר"/><String HEIGHT="77" WIDTH="135" VPOS="3215" HPOS="2610" CONTENT="ביד"/></TextLine><TextLine ID="TextRegion_1522077656845_516l46" BASELINE="3361" HEIGHT="94" WIDTH="1258" VPOS="3267" HPOS="1488"><String HEIGHT="94" WIDTH="288" VPOS="3267" HPOS="1462" CONTENT="הממרשאל"/><String HEIGHT="94" WIDTH="183" VPOS="3267" HPOS="1671" CONTENT="מאק"/><String HEIGHT="94" WIDTH="210" VPOS="3267" HPOS="1776" CONTENT="מהאן"/><String HEIGHT="94" WIDTH="236" VPOS="3267" HPOS="1907" CONTENT="נתונה"/><String HEIGHT="94" WIDTH="157" VPOS="3267" HPOS="2065" CONTENT="לו"/><String HEIGHT="94" WIDTH="183" VPOS="3267" HPOS="2143" CONTENT="מאת"/><String HEIGHT="94" WIDTH="236" VPOS="3267" HPOS="2248" CONTENT="האספה"/><String HEIGHT="94" WIDTH="315" VPOS="3267" HPOS="2405" CONTENT="הלאומית,"/><String HEIGHT="94" WIDTH="131" VPOS="3267" HPOS="2615" CONTENT="הנה"/></TextLine><TextLine ID="TextRegion_1522077656845_516l47" BASELINE="3414" HEIGHT="81" WIDTH="1249" VPOS="3333" HPOS="1495"><String HEIGHT="81" WIDTH="200" VPOS="3333" HPOS="1470" CONTENT="מובן"/><String HEIGHT="81" WIDTH="200" VPOS="3333" HPOS="1595" CONTENT="הדבר"/><String HEIGHT="81" WIDTH="150" VPOS="3333" HPOS="1720" CONTENT="כי"/><String HEIGHT="81" WIDTH="150" VPOS="3333" HPOS="1795" CONTENT="יש"/><String HEIGHT="81" WIDTH="150" VPOS="3333" HPOS="1870" CONTENT="כח"/><String HEIGHT="81" WIDTH="175" VPOS="3333" HPOS="1945" CONTENT="ועז"/><String HEIGHT="81" WIDTH="175" VPOS="3333" HPOS="2045" CONTENT="ביד"/><String HEIGHT="81" WIDTH="225" VPOS="3333" HPOS="2144" CONTENT="האספה"/><String HEIGHT="81" WIDTH="250" VPOS="3333" HPOS="2294" CONTENT="להוריד"/><String HEIGHT="81" WIDTH="150" VPOS="3333" HPOS="2469" CONTENT="את"/><String HEIGHT="81" WIDTH="225" VPOS="3333" HPOS="2519" CONTENT="המארשאל"/></TextLine><TextLine ID="TextRegion_1522077656845_516l48" BASELINE="3489" HEIGHT="87" WIDTH="1255" VPOS="3402" HPOS="1504"><String HEIGHT="87" WIDTH="226" VPOS="3402" HPOS="1479" CONTENT="מכסאו"/><String HEIGHT="87" WIDTH="226" VPOS="3402" HPOS="1630" CONTENT="ולקחת"/><String HEIGHT="87" WIDTH="151" VPOS="3402" HPOS="1780" CONTENT="את"/><String HEIGHT="87" WIDTH="251" VPOS="3402" HPOS="1855" CONTENT="הממשלה"/><String HEIGHT="87" WIDTH="226" VPOS="3402" HPOS="2031" CONTENT="מידו,"/><String HEIGHT="87" WIDTH="251" VPOS="3402" HPOS="2182" CONTENT="בראותה"/><String HEIGHT="87" WIDTH="151" VPOS="3402" HPOS="2357" CONTENT="כי"/><String HEIGHT="87" WIDTH="176" VPOS="3402" HPOS="2433" CONTENT="באה"/><String HEIGHT="87" WIDTH="176" VPOS="3402" HPOS="2533" CONTENT="העת"/><String HEIGHT="87" WIDTH="151" VPOS="3402" HPOS="2608" CONTENT="ליסד"/></TextLine><TextLine ID="TextRegion_1522077656845_516l49" BASELINE="3550" HEIGHT="88" WIDTH="1266" VPOS="3462" HPOS="1482"><String HEIGHT="88" WIDTH="219" VPOS="3462" HPOS="1458" CONTENT="ממשלה"/><String HEIGHT="88" WIDTH="195" VPOS="3462" HPOS="1604" CONTENT="אחרת"/><String HEIGHT="88" WIDTH="219" VPOS="3462" HPOS="1725" CONTENT="בארץ."/><String HEIGHT="88" WIDTH="170" VPOS="3462" HPOS="1872" CONTENT="אבל"/><String HEIGHT="88" WIDTH="341" VPOS="3462" HPOS="1969" CONTENT="המיניסטרים"/><String HEIGHT="88" WIDTH="243" VPOS="3462" HPOS="2237" CONTENT="עומדים"/><String HEIGHT="88" WIDTH="170" VPOS="3462" HPOS="2407" CONTENT="ביד"/><String HEIGHT="88" WIDTH="195" VPOS="3462" HPOS="2505" CONTENT="חזקה"/><String HEIGHT="88" WIDTH="146" VPOS="3462" HPOS="2602" CONTENT="נגדם"/></TextLine><TextLine ID="TextRegion_1522077656845_516l50" BASELINE="3617" HEIGHT="91" WIDTH="1256" VPOS="3526" HPOS="1496"><String HEIGHT="91" WIDTH="237" VPOS="3526" HPOS="1472" CONTENT="ואמרים"/><String HEIGHT="91" WIDTH="142" VPOS="3526" HPOS="1638" CONTENT="כי"/><String HEIGHT="91" WIDTH="237" VPOS="3526" HPOS="1709" CONTENT="השלטון"/><String HEIGHT="91" WIDTH="166" VPOS="3526" HPOS="1875" CONTENT="נתן"/><String HEIGHT="91" WIDTH="190" VPOS="3526" HPOS="1970" CONTENT="בידי"/><String HEIGHT="91" WIDTH="261" VPOS="3526" HPOS="2088" CONTENT="המארשאל"/><String HEIGHT="91" WIDTH="142" VPOS="3526" HPOS="2278" CONTENT="על"/><String HEIGHT="91" WIDTH="166" VPOS="3526" HPOS="2349" CONTENT="שבע"/><String HEIGHT="91" WIDTH="190" VPOS="3526" HPOS="2444" CONTENT="שנים"/><String HEIGHT="91" WIDTH="213" VPOS="3526" HPOS="2539" CONTENT="תמימות,"/></TextLine><TextLine ID="TextRegion_1522077656845_516l51" BASELINE="3684" HEIGHT="102" WIDTH="1259" VPOS="3582" HPOS="1492"><String HEIGHT="102" WIDTH="201" VPOS="3582" HPOS="1467" CONTENT="ואין"/><String HEIGHT="102" WIDTH="176" VPOS="3582" HPOS="1593" CONTENT="לאל"/><String HEIGHT="102" WIDTH="151" VPOS="3582" HPOS="1693" CONTENT="יד"/><String HEIGHT="102" WIDTH="227" VPOS="3582" HPOS="1769" CONTENT="האספה"/><String HEIGHT="102" WIDTH="227" VPOS="3582" HPOS="1920" CONTENT="לשלול"/><String HEIGHT="102" WIDTH="201" VPOS="3582" HPOS="2071" CONTENT="ממנו"/><String HEIGHT="102" WIDTH="151" VPOS="3582" HPOS="2197" CONTENT="את"/><String HEIGHT="102" WIDTH="227" VPOS="3582" HPOS="2273" CONTENT="שרביט"/><String HEIGHT="102" WIDTH="227" VPOS="3582" HPOS="2424" CONTENT="המשלה"/><String HEIGHT="102" WIDTH="151" VPOS="3582" HPOS="2575" CONTENT="עד"/><String HEIGHT="102" WIDTH="126" VPOS="3582" HPOS="2625" CONTENT="תום"/></TextLine><TextLine ID="TextRegion_1522077656845_516l52" BASELINE="3753" HEIGHT="102" WIDTH="331" VPOS="3651" HPOS="2430"><String HEIGHT="102" WIDTH="153" VPOS="3651" HPOS="2405" CONTENT="כל"/><String HEIGHT="102" WIDTH="204" VPOS="3651" HPOS="2481" CONTENT="הזמן"/><String HEIGHT="102" WIDTH="178" VPOS="3651" HPOS="2583" CONTENT="ההוא."/></TextLine></TextBlock><TextBlock ID="TextRegion_1522077656845_517" HEIGHT="3542" WIDTH="1314" VPOS="231" HPOS="148"><Shape><Polygon POINTS="1462,3773 148,3773 148,231 1462,231"/></Shape><TextLine ID="TextRegion_1522077656845_517l1" BASELINE="330" HEIGHT="79" WIDTH="1157" VPOS="251" HPOS="163"><String HEIGHT="79" WIDTH="193" VPOS="251" HPOS="135" CONTENT="אבל"/><String HEIGHT="79" WIDTH="165" VPOS="251" HPOS="246" CONTENT="לא"/><String HEIGHT="79" WIDTH="165" VPOS="251" HPOS="328" CONTENT="את"/><String HEIGHT="79" WIDTH="468" VPOS="251" HPOS="411" CONTENT="הלעגעטימיסטים"/><String HEIGHT="79" WIDTH="220" VPOS="251" HPOS="797" CONTENT="לבדם"/><String HEIGHT="79" WIDTH="193" VPOS="251" HPOS="934" CONTENT="תצא"/><String HEIGHT="79" WIDTH="248" VPOS="251" HPOS="1045" CONTENT="ממשלת"/><String HEIGHT="79" WIDTH="138" VPOS="251" HPOS="1182" CONTENT="מאק"/></TextLine><TextLine ID="TextRegion_1522077656845_517l2" BASELINE="397" HEIGHT="78" WIDTH="1257" VPOS="319" HPOS="175"><String HEIGHT="78" WIDTH="226" VPOS="319" HPOS="150" CONTENT="מאהאן"/><String HEIGHT="78" WIDTH="201" VPOS="319" HPOS="301" CONTENT="לריב"/><String HEIGHT="78" WIDTH="226" VPOS="319" HPOS="426" CONTENT="בימים"/><String HEIGHT="78" WIDTH="226" VPOS="319" HPOS="577" CONTENT="האלה,"/><String HEIGHT="78" WIDTH="151" VPOS="319" HPOS="728" CONTENT="כי"/><String HEIGHT="78" WIDTH="151" VPOS="319" HPOS="803" CONTENT="אם"/><String HEIGHT="78" WIDTH="151" VPOS="319" HPOS="879" CONTENT="גם"/><String HEIGHT="78" WIDTH="151" VPOS="319" HPOS="954" CONTENT="את"/><String HEIGHT="78" WIDTH="427" VPOS="319" HPOS="1005" CONTENT="הבאנאפארטיסטים,"/></TextLine><TextLine ID="TextRegion_1522077656845_517l3" BASELINE="447" HEIGHT="68" WIDTH="1277" VPOS="379" HPOS="156"><String HEIGHT="68" WIDTH="157" VPOS="379" HPOS="134" CONTENT="אשר"/><String HEIGHT="68" WIDTH="202" VPOS="379" HPOS="223" CONTENT="בתחלה"/><String HEIGHT="68" WIDTH="179" VPOS="379" HPOS="358" CONTENT="הטתה"/><String HEIGHT="68" WIDTH="179" VPOS="379" HPOS="470" CONTENT="חסדה"/><String HEIGHT="68" WIDTH="202" VPOS="379" HPOS="582" CONTENT="אליהם"/><String HEIGHT="68" WIDTH="179" VPOS="379" HPOS="716" CONTENT="ותבט"/><String HEIGHT="68" WIDTH="134" VPOS="379" HPOS="828" CONTENT="על"/><String HEIGHT="68" WIDTH="134" VPOS="379" HPOS="895" CONTENT="כל"/><String HEIGHT="68" WIDTH="269" VPOS="379" HPOS="963" CONTENT="מזמותיהם"/><String HEIGHT="68" WIDTH="291" VPOS="379" HPOS="1142" CONTENT="ותחבולותיהם"/></TextLine><TextLine ID="TextRegion_1522077656845_517l4" BASELINE="518" HEIGHT="74" WIDTH="1269" VPOS="444" HPOS="162"><String HEIGHT="74" WIDTH="254" VPOS="444" HPOS="137" CONTENT="בעינים"/><String HEIGHT="74" WIDTH="279" VPOS="444" HPOS="314" CONTENT="עצומות;"/><String HEIGHT="74" WIDTH="152" VPOS="444" HPOS="517" CONTENT="גם"/><String HEIGHT="74" WIDTH="228" VPOS="444" HPOS="593" CONTENT="עליהם"/><String HEIGHT="74" WIDTH="178" VPOS="444" HPOS="746" CONTENT="עבר"/><String HEIGHT="74" WIDTH="203" VPOS="444" HPOS="847" CONTENT="הכוס"/><String HEIGHT="74" WIDTH="178" VPOS="444" HPOS="974" CONTENT="אשר"/><String HEIGHT="74" WIDTH="178" VPOS="444" HPOS="1076" CONTENT="שתו"/><String HEIGHT="74" WIDTH="228" VPOS="444" HPOS="1177" CONTENT="אוהבי"/><String HEIGHT="74" WIDTH="127" VPOS="444" HPOS="1304" CONTENT="בית"/></TextLine><TextLine ID="TextRegion_1522077656845_517l5" BASELINE="585" HEIGHT="77" WIDTH="1256" VPOS="508" HPOS="169"><String HEIGHT="77" WIDTH="266" VPOS="508" HPOS="145" CONTENT="בורבאן,"/><String HEIGHT="77" WIDTH="145" VPOS="508" HPOS="338" CONTENT="כי"/><String HEIGHT="77" WIDTH="193" VPOS="508" HPOS="411" CONTENT="אחרי"/><String HEIGHT="77" WIDTH="169" VPOS="508" HPOS="531" CONTENT="אשר"/><String HEIGHT="77" WIDTH="193" VPOS="508" HPOS="628" CONTENT="החלו"/><String HEIGHT="77" WIDTH="217" VPOS="508" HPOS="749" CONTENT="לעשות"/><String HEIGHT="77" WIDTH="217" VPOS="508" HPOS="894" CONTENT="בצרפת"/><String HEIGHT="77" WIDTH="193" VPOS="508" HPOS="1039" CONTENT="כאדם"/><String HEIGHT="77" WIDTH="217" VPOS="508" HPOS="1159" CONTENT="העושה"/><String HEIGHT="77" WIDTH="145" VPOS="508" HPOS="1280" CONTENT="בתוך"/></TextLine><TextLine ID="TextRegion_1522077656845_517l6" BASELINE="648" HEIGHT="82" WIDTH="1264" VPOS="566" HPOS="156"><String HEIGHT="82" WIDTH="194" VPOS="566" HPOS="132" CONTENT="שלו,"/><String HEIGHT="82" WIDTH="243" VPOS="566" HPOS="253" CONTENT="ובמרמה"/><String HEIGHT="82" WIDTH="243" VPOS="566" HPOS="423" CONTENT="ונכלים"/><String HEIGHT="82" WIDTH="194" VPOS="566" HPOS="594" CONTENT="חפצו"/><String HEIGHT="82" WIDTH="194" VPOS="566" HPOS="715" CONTENT="לקרא"/><String HEIGHT="82" WIDTH="146" VPOS="566" HPOS="837" CONTENT="את"/><String HEIGHT="82" WIDTH="219" VPOS="566" HPOS="910" CONTENT="אלמנת"/><String HEIGHT="82" WIDTH="194" VPOS="566" HPOS="1055" CONTENT="גבור"/><String HEIGHT="82" WIDTH="219" VPOS="566" HPOS="1177" CONTENT="זעדאן"/><String HEIGHT="82" WIDTH="122" VPOS="566" HPOS="1298" CONTENT="ואת"/></TextLine><TextLine ID="TextRegion_1522077656845_517l7" BASELINE="712" HEIGHT="80" WIDTH="1268" VPOS="632" HPOS="161"><String HEIGHT="80" WIDTH="171" VPOS="632" HPOS="137" CONTENT="בנה"/><String HEIGHT="80" WIDTH="219" VPOS="632" HPOS="234" CONTENT="לעשות"/><String HEIGHT="80" WIDTH="219" VPOS="632" HPOS="380" CONTENT="מלוכה"/><String HEIGHT="80" WIDTH="219" VPOS="632" HPOS="527" CONTENT="בארץ,"/><String HEIGHT="80" WIDTH="195" VPOS="632" HPOS="673" CONTENT="ותצו"/><String HEIGHT="80" WIDTH="244" VPOS="632" HPOS="795" CONTENT="הממשלה"/><String HEIGHT="80" WIDTH="146" VPOS="632" HPOS="966" CONTENT="על"/><String HEIGHT="80" WIDTH="317" VPOS="632" HPOS="1039" CONTENT="הפאליצייא"/><String HEIGHT="80" WIDTH="171" VPOS="632" HPOS="1258" CONTENT="לדרוש"/></TextLine><TextLine ID="TextRegion_1522077656845_517l8" BASELINE="772" HEIGHT="75" WIDTH="1257" VPOS="697" HPOS="160"><String HEIGHT="75" WIDTH="229" VPOS="697" HPOS="137" CONTENT="אחריהם"/><String HEIGHT="75" WIDTH="206" VPOS="697" HPOS="297" CONTENT="ואחרי"/><String HEIGHT="75" WIDTH="229" VPOS="697" HPOS="434" CONTENT="נכליהם"/><String HEIGHT="75" WIDTH="229" VPOS="697" HPOS="594" CONTENT="הרבים,"/><String HEIGHT="75" WIDTH="206" VPOS="697" HPOS="754" CONTENT="ותחפש"/><String HEIGHT="75" WIDTH="297" VPOS="697" HPOS="891" CONTENT="הפאליצייא"/><String HEIGHT="75" WIDTH="183" VPOS="697" HPOS="1120" CONTENT="בבתי"/><String HEIGHT="75" WIDTH="206" VPOS="697" HPOS="1211" CONTENT="גדוליהם"/></TextLine><TextLine ID="TextRegion_1522077656845_517l9" BASELINE="836" HEIGHT="62" WIDTH="1254" VPOS="774" HPOS="168"><String HEIGHT="62" WIDTH="295" VPOS="774" HPOS="143" CONTENT="ונכבדיהם"/><String HEIGHT="62" WIDTH="221" VPOS="774" HPOS="365" CONTENT="ותמצא"/><String HEIGHT="62" WIDTH="270" VPOS="774" HPOS="512" CONTENT="מכתבים,"/><String HEIGHT="62" WIDTH="221" VPOS="774" HPOS="709" CONTENT="ספרים"/><String HEIGHT="62" WIDTH="246" VPOS="774" HPOS="856" CONTENT="ואגרות"/><String HEIGHT="62" WIDTH="197" VPOS="774" HPOS="1029" CONTENT="רבים"/><String HEIGHT="62" WIDTH="172" VPOS="774" HPOS="1152" CONTENT="מאד"/><String HEIGHT="62" WIDTH="197" VPOS="774" HPOS="1225" CONTENT="המראים"/></TextLine><TextLine ID="TextRegion_1522077656845_517l10" BASELINE="901" HEIGHT="62" WIDTH="1258" VPOS="839" HPOS="163"><String HEIGHT="62" WIDTH="247" VPOS="839" HPOS="138" CONTENT="באצבע,"/><String HEIGHT="62" WIDTH="148" VPOS="839" HPOS="311" CONTENT="כי"/><String HEIGHT="62" WIDTH="173" VPOS="839" HPOS="385" CONTENT="עשו"/><String HEIGHT="62" WIDTH="444" VPOS="839" HPOS="484" CONTENT="הבאנאפארטיסטים"/><String HEIGHT="62" WIDTH="148" VPOS="839" HPOS="854" CONTENT="את"/><String HEIGHT="62" WIDTH="247" VPOS="839" HPOS="928" CONTENT="מעשיהם"/><String HEIGHT="62" WIDTH="247" VPOS="839" HPOS="1100" CONTENT="במחשך,"/><String HEIGHT="62" WIDTH="173" VPOS="839" HPOS="1248" CONTENT="ויהיו"/></TextLine><TextLine ID="TextRegion_1522077656845_517l11" BASELINE="967" HEIGHT="84" WIDTH="1263" VPOS="883" HPOS="164"><String HEIGHT="84" WIDTH="173" VPOS="883" HPOS="139" CONTENT="לכת"/><String HEIGHT="84" WIDTH="223" VPOS="883" HPOS="238" CONTENT="גדולה"/><String HEIGHT="84" WIDTH="272" VPOS="883" HPOS="387" CONTENT="ועצומה,"/><String HEIGHT="84" WIDTH="173" VPOS="883" HPOS="585" CONTENT="אשר"/><String HEIGHT="84" WIDTH="198" VPOS="883" HPOS="684" CONTENT="ידיה"/><String HEIGHT="84" WIDTH="149" VPOS="883" HPOS="808" CONTENT="רב"/><String HEIGHT="84" WIDTH="198" VPOS="883" HPOS="882" CONTENT="להפך"/><String HEIGHT="84" WIDTH="198" VPOS="883" HPOS="1006" CONTENT="סדרי"/><String HEIGHT="84" WIDTH="198" VPOS="883" HPOS="1130" CONTENT="הארץ"/><String HEIGHT="84" WIDTH="198" VPOS="883" HPOS="1229" CONTENT="משרשם;"/></TextLine><TextLine ID="TextRegion_1522077656845_517l12" BASELINE="1032" HEIGHT="80" WIDTH="1264" VPOS="952" HPOS="175"><String HEIGHT="80" WIDTH="211" VPOS="952" HPOS="152" CONTENT="ובבית"/><String HEIGHT="80" WIDTH="140" VPOS="952" HPOS="292" CONTENT="ה׳"/><String HEIGHT="80" WIDTH="187" VPOS="952" HPOS="362" CONTENT="רוער"/><String HEIGHT="80" WIDTH="187" VPOS="952" HPOS="479" CONTENT="(אחד"/><String HEIGHT="80" WIDTH="234" VPOS="952" HPOS="596" CONTENT="מגדולי"/><String HEIGHT="80" WIDTH="421" VPOS="952" HPOS="760" CONTENT="הבאנאפארטסטים,"/><String HEIGHT="80" WIDTH="281" VPOS="952" HPOS="1111" CONTENT="מיניסטער"/><String HEIGHT="80" WIDTH="140" VPOS="952" HPOS="1299" CONTENT="לפני"/></TextLine><TextLine ID="TextRegion_1522077656845_517l13" BASELINE="1097" HEIGHT="81" WIDTH="1260" VPOS="1016" HPOS="170"><String HEIGHT="81" WIDTH="302" VPOS="1016" HPOS="145" CONTENT="נאפאלעאן"/><String HEIGHT="81" WIDTH="302" VPOS="1016" HPOS="372" CONTENT="השלישי.)"/><String HEIGHT="81" WIDTH="101" VPOS="1016" HPOS="598" CONTENT=""/><String HEIGHT="81" WIDTH="202" VPOS="1016" HPOS="624" CONTENT="מצאו"/><String HEIGHT="81" WIDTH="151" VPOS="1016" HPOS="750" CONTENT="גם"/><String HEIGHT="81" WIDTH="176" VPOS="1016" HPOS="825" CONTENT="לוח"/><String HEIGHT="81" WIDTH="202" VPOS="1016" HPOS="926" CONTENT="שמות"/><String HEIGHT="81" WIDTH="227" VPOS="1016" HPOS="1052" CONTENT="אנשים"/><String HEIGHT="81" WIDTH="202" VPOS="1016" HPOS="1203" CONTENT="הרבה"/><String HEIGHT="81" WIDTH="126" VPOS="1016" HPOS="1304" CONTENT="מאד"/></TextLine><TextLine ID="TextRegion_1522077656845_517l14" BASELINE="1155" HEIGHT="70" WIDTH="1261" VPOS="1085" HPOS="169"><String HEIGHT="70" WIDTH="252" VPOS="1085" HPOS="146" CONTENT="היושבים"/><String HEIGHT="70" WIDTH="206" VPOS="1085" HPOS="329" CONTENT="בערים"/><String HEIGHT="70" WIDTH="252" VPOS="1085" HPOS="467" CONTENT="ומחוזות"/><String HEIGHT="70" WIDTH="206" VPOS="1085" HPOS="650" CONTENT="שונים"/><String HEIGHT="70" WIDTH="229" VPOS="1085" HPOS="788" CONTENT="בצרפת,"/><String HEIGHT="70" WIDTH="138" VPOS="1085" HPOS="949" CONTENT="עד"/><String HEIGHT="70" WIDTH="138" VPOS="1085" HPOS="1017" CONTENT="כי"/><String HEIGHT="70" WIDTH="160" VPOS="1085" HPOS="1086" CONTENT="יצא"/><String HEIGHT="70" WIDTH="206" VPOS="1085" HPOS="1178" CONTENT="הענין"/><String HEIGHT="70" WIDTH="138" VPOS="1085" HPOS="1292" CONTENT="מידי"/></TextLine><TextLine ID="TextRegion_1522077656845_517l15" BASELINE="1219" HEIGHT="75" WIDTH="1252" VPOS="1144" HPOS="174"><String HEIGHT="75" WIDTH="175" VPOS="1144" HPOS="149" CONTENT="חשר"/><String HEIGHT="75" WIDTH="200" VPOS="1144" HPOS="249" CONTENT="ויהי"/><String HEIGHT="75" WIDTH="200" VPOS="1144" HPOS="374" CONTENT="לדבר"/><String HEIGHT="75" WIDTH="200" VPOS="1144" HPOS="500" CONTENT="ברור"/><String HEIGHT="75" WIDTH="150" VPOS="1144" HPOS="625" CONTENT="כי"/><String HEIGHT="75" WIDTH="200" VPOS="1144" HPOS="700" CONTENT="חשבו"/><String HEIGHT="75" WIDTH="175" VPOS="1144" HPOS="825" CONTENT="בני"/><String HEIGHT="75" WIDTH="175" VPOS="1144" HPOS="925" CONTENT="הכת"/><String HEIGHT="75" WIDTH="200" VPOS="1144" HPOS="1025" CONTENT="הזאת"/><String HEIGHT="75" WIDTH="175" VPOS="1144" HPOS="1151" CONTENT="רעה"/><String HEIGHT="75" WIDTH="150" VPOS="1144" HPOS="1251" CONTENT="על"/><String HEIGHT="75" WIDTH="125" VPOS="1144" HPOS="1301" CONTENT="מאק"/></TextLine><TextLine ID="TextRegion_1522077656845_517l16" BASELINE="1288" HEIGHT="83" WIDTH="1262" VPOS="1205" HPOS="170"><String HEIGHT="83" WIDTH="237" VPOS="1205" HPOS="144" CONTENT="מאהאן"/><String HEIGHT="83" WIDTH="237" VPOS="1205" HPOS="301" CONTENT="היושב"/><String HEIGHT="83" WIDTH="210" VPOS="1205" HPOS="459" CONTENT="לבטח"/><String HEIGHT="83" WIDTH="210" VPOS="1205" HPOS="591" CONTENT="אתם,"/><String HEIGHT="83" WIDTH="158" VPOS="1205" HPOS="722" CONTENT="על"/><String HEIGHT="83" WIDTH="158" VPOS="1205" HPOS="801" CONTENT="כן"/><String HEIGHT="83" WIDTH="237" VPOS="1205" HPOS="880" CONTENT="אומרת"/><String HEIGHT="83" WIDTH="263" VPOS="1205" HPOS="1038" CONTENT="הממשלה"/><String HEIGHT="83" WIDTH="210" VPOS="1205" HPOS="1222" CONTENT="לשים"/><String HEIGHT="83" WIDTH="105" VPOS="1205" HPOS="1327" CONTENT="קץ"/></TextLine><TextLine ID="TextRegion_1522077656845_517l17" BASELINE="1347" HEIGHT="84" WIDTH="1267" VPOS="1263" HPOS="163"><String HEIGHT="84" WIDTH="211" VPOS="1263" HPOS="140" CONTENT="לדברי"/><String HEIGHT="84" WIDTH="305" VPOS="1263" HPOS="280" CONTENT="תעלוליהם."/><String HEIGHT="84" WIDTH="164" VPOS="1263" HPOS="515" CONTENT="ושר"/><String HEIGHT="84" WIDTH="211" VPOS="1263" HPOS="609" CONTENT="הפנים"/><String HEIGHT="84" WIDTH="235" VPOS="1263" HPOS="750" CONTENT="פורטו,"/><String HEIGHT="84" WIDTH="258" VPOS="1263" HPOS="914" CONTENT="בהצדיקו"/><String HEIGHT="84" WIDTH="211" VPOS="1263" HPOS="1102" CONTENT="באספה"/><String HEIGHT="84" WIDTH="211" VPOS="1263" HPOS="1219" CONTENT="הלאומית"/></TextLine><TextLine ID="TextRegion_1522077656845_517l18" BASELINE="1408" HEIGHT="74" WIDTH="1255" VPOS="1334" HPOS="169"><String HEIGHT="74" WIDTH="154" VPOS="1334" HPOS="143" CONTENT="את"/><String HEIGHT="74" WIDTH="205" VPOS="1334" HPOS="220" CONTENT="מעשי"/><String HEIGHT="74" WIDTH="256" VPOS="1334" HPOS="348" CONTENT="הממשלה"/><String HEIGHT="74" WIDTH="231" VPOS="1334" HPOS="528" CONTENT="בנוגע"/><String HEIGHT="74" WIDTH="231" VPOS="1334" HPOS="681" CONTENT="למח״ע"/><String HEIGHT="74" WIDTH="282" VPOS="1334" HPOS="835" CONTENT="בסנניס,"/><String HEIGHT="74" WIDTH="179" VPOS="1334" HPOS="1040" CONTENT="אמר"/><String HEIGHT="74" WIDTH="282" VPOS="1334" HPOS="1142" CONTENT="בפומבי,"/><String HEIGHT="74" WIDTH="102" VPOS="1334" HPOS="1322" CONTENT="כי"/></TextLine><TextLine ID="TextRegion_1522077656845_517l19" BASELINE="1469" HEIGHT="77" WIDTH="1270" VPOS="1392" HPOS="163"><String HEIGHT="77" WIDTH="233" VPOS="1392" HPOS="137" CONTENT="נכונה"/><String HEIGHT="77" WIDTH="259" VPOS="1392" HPOS="293" CONTENT="הממשלה"/><String HEIGHT="77" WIDTH="259" VPOS="1392" HPOS="474" CONTENT="להעניש"/><String HEIGHT="77" WIDTH="181" VPOS="1392" HPOS="655" CONTENT="מ״ע"/><String HEIGHT="77" WIDTH="285" VPOS="1392" HPOS="759" CONTENT="מפרסמים"/><String HEIGHT="77" WIDTH="233" VPOS="1392" HPOS="966" CONTENT="כתבים"/><String HEIGHT="77" WIDTH="233" VPOS="1392" HPOS="1122" CONTENT="כאלה,"/><String HEIGHT="77" WIDTH="156" VPOS="1392" HPOS="1277" CONTENT="גם"/><String HEIGHT="77" WIDTH="104" VPOS="1392" HPOS="1329" CONTENT="אם"/></TextLine><TextLine ID="TextRegion_1522077656845_517l20" BASELINE="1539" HEIGHT="80" WIDTH="1255" VPOS="1459" HPOS="166"><String HEIGHT="80" WIDTH="189" VPOS="1459" HPOS="142" CONTENT="יבאו"/><String HEIGHT="80" WIDTH="260" VPOS="1459" HPOS="261" CONTENT="המכתבים"/><String HEIGHT="80" WIDTH="189" VPOS="1459" HPOS="450" CONTENT="מעבר"/><String HEIGHT="80" WIDTH="213" VPOS="1459" HPOS="569" CONTENT="ללשון"/><String HEIGHT="80" WIDTH="166" VPOS="1459" HPOS="711" CONTENT="הים"/><String HEIGHT="80" WIDTH="260" VPOS="1459" HPOS="805" CONTENT="לא-מאנש"/><String HEIGHT="80" WIDTH="189" VPOS="1459" HPOS="995" CONTENT="(ר״ל"/><String HEIGHT="80" WIDTH="260" VPOS="1459" HPOS="1113" CONTENT="מאנגליה"/><String HEIGHT="80" WIDTH="142" VPOS="1459" HPOS="1279" CONTENT="מקום"/></TextLine><TextLine ID="TextRegion_1522077656845_517l21" BASELINE="1603" HEIGHT="67" WIDTH="622" VPOS="1536" HPOS="805"><String HEIGHT="67" WIDTH="178" VPOS="1536" HPOS="783" CONTENT="מושב"/><String HEIGHT="67" WIDTH="244" VPOS="1536" HPOS="894" CONTENT="הקיסרית"/><String HEIGHT="67" WIDTH="267" VPOS="1536" HPOS="1072" CONTENT="אייגעניא"/><String HEIGHT="67" WIDTH="178" VPOS="1536" HPOS="1249" CONTENT="ובנה)."/></TextLine><TextLine ID="TextRegion_1522077656845_517l22" BASELINE="1715" HEIGHT="88" WIDTH="1173" VPOS="1627" HPOS="170"><String HEIGHT="88" WIDTH="440" VPOS="1627" HPOS="146" CONTENT="והרעפובליקאנים"/><String HEIGHT="88" WIDTH="244" VPOS="1627" HPOS="512" CONTENT="פוסחים"/><String HEIGHT="88" WIDTH="147" VPOS="1627" HPOS="683" CONTENT="על"/><String HEIGHT="88" WIDTH="171" VPOS="1627" HPOS="757" CONTENT="שתי"/><String HEIGHT="88" WIDTH="269" VPOS="1627" HPOS="854" CONTENT="הסעיפים"/><String HEIGHT="88" WIDTH="196" VPOS="1627" HPOS="1050" CONTENT="מבלי"/><String HEIGHT="88" WIDTH="171" VPOS="1627" HPOS="1172" CONTENT="דעת"/><String HEIGHT="88" WIDTH="98" VPOS="1627" HPOS="1245" CONTENT="אל"/></TextLine><TextLine ID="TextRegion_1522077656845_517l23" BASELINE="1767" HEIGHT="76" WIDTH="1260" VPOS="1691" HPOS="180"><String HEIGHT="76" WIDTH="151" VPOS="1691" HPOS="155" CONTENT="מי"/><String HEIGHT="76" WIDTH="252" VPOS="1691" HPOS="230" CONTENT="מהכתות"/><String HEIGHT="76" WIDTH="252" VPOS="1691" HPOS="407" CONTENT="יתחברו"/><String HEIGHT="76" WIDTH="176" VPOS="1691" HPOS="583" CONTENT="בעת"/><String HEIGHT="76" WIDTH="227" VPOS="1691" HPOS="684" CONTENT="מהומה"/><String HEIGHT="76" WIDTH="227" VPOS="1691" HPOS="835" CONTENT="כזאת,"/><String HEIGHT="76" WIDTH="126" VPOS="1691" HPOS="986" CONTENT="—"/><String HEIGHT="76" WIDTH="176" VPOS="1691" HPOS="1037" CONTENT="אשר"/><String HEIGHT="76" WIDTH="151" VPOS="1691" HPOS="1138" CONTENT="אם"/><String HEIGHT="76" WIDTH="227" VPOS="1691" HPOS="1213" CONTENT="תעמוד"/><String HEIGHT="76" WIDTH="101" VPOS="1691" HPOS="1339" CONTENT="כל"/></TextLine><TextLine ID="TextRegion_1522077656845_517l24" BASELINE="1832" HEIGHT="73" WIDTH="1253" VPOS="1759" HPOS="183"><String HEIGHT="73" WIDTH="147" VPOS="1759" HPOS="158" CONTENT="כת"/><String HEIGHT="73" WIDTH="197" VPOS="1759" HPOS="232" CONTENT="לבדה"/><String HEIGHT="73" WIDTH="221" VPOS="1759" HPOS="355" CONTENT="וחטאה"/><String HEIGHT="73" WIDTH="246" VPOS="1759" HPOS="502" CONTENT="לנפשה,"/><String HEIGHT="73" WIDTH="197" VPOS="1759" HPOS="674" CONTENT="אחרי"/><String HEIGHT="73" WIDTH="147" VPOS="1759" HPOS="797" CONTENT="כי"/><String HEIGHT="73" WIDTH="246" VPOS="1759" HPOS="871" CONTENT="שונאים"/><String HEIGHT="73" WIDTH="147" VPOS="1759" HPOS="1043" CONTENT="הם"/><String HEIGHT="73" WIDTH="147" VPOS="1759" HPOS="1117" CONTENT="את"/><String HEIGHT="73" WIDTH="270" VPOS="1759" HPOS="1166" CONTENT="הבורבאנים"/></TextLine><TextLine ID="TextRegion_1522077656845_517l25" BASELINE="1904" HEIGHT="86" WIDTH="1265" VPOS="1818" HPOS="175"><String HEIGHT="86" WIDTH="141" VPOS="1818" HPOS="152" CONTENT="את"/><String HEIGHT="86" WIDTH="211" VPOS="1818" HPOS="222" CONTENT="משפחת"/><String HEIGHT="86" WIDTH="211" VPOS="1818" HPOS="362" CONTENT="הקיסר"/><String HEIGHT="86" WIDTH="164" VPOS="1818" HPOS="503" CONTENT="ואת"/><String HEIGHT="86" WIDTH="211" VPOS="1818" HPOS="597" CONTENT="ממשלת"/><String HEIGHT="86" WIDTH="281" VPOS="1818" HPOS="737" CONTENT="מאקמאהאן"/><String HEIGHT="86" WIDTH="234" VPOS="1818" HPOS="948" CONTENT="יחדיו."/><String HEIGHT="86" WIDTH="351" VPOS="1818" HPOS="1089" CONTENT="הלעגעטימיסטים"/></TextLine><TextLine ID="TextRegion_1522077656845_517l26" BASELINE="1965" HEIGHT="84" WIDTH="1281" VPOS="1881" HPOS="163"><String HEIGHT="84" WIDTH="251" VPOS="1881" HPOS="138" CONTENT="אומרים"/><String HEIGHT="84" WIDTH="226" VPOS="1881" HPOS="314" CONTENT="למשוך"/><String HEIGHT="84" WIDTH="201" VPOS="1881" HPOS="464" CONTENT="אותם"/><String HEIGHT="84" WIDTH="251" VPOS="1881" HPOS="590" CONTENT="אליהם,"/><String HEIGHT="84" WIDTH="201" VPOS="1881" HPOS="766" CONTENT="למען"/><String HEIGHT="84" WIDTH="201" VPOS="1881" HPOS="891" CONTENT="תמצא"/><String HEIGHT="84" WIDTH="176" VPOS="1881" HPOS="1017" CONTENT="ידם"/><String HEIGHT="84" WIDTH="226" VPOS="1881" HPOS="1117" CONTENT="לדחות"/><String HEIGHT="84" WIDTH="201" VPOS="1881" HPOS="1243" CONTENT="בעזרתם"/></TextLine><TextLine ID="TextRegion_1522077656845_517l27" BASELINE="2024" HEIGHT="79" WIDTH="1256" VPOS="1945" HPOS="180"><String HEIGHT="79" WIDTH="157" VPOS="1945" HPOS="154" CONTENT="את"/><String HEIGHT="79" WIDTH="262" VPOS="1945" HPOS="232" CONTENT="הממשלה"/><String HEIGHT="79" WIDTH="262" VPOS="1945" HPOS="416" CONTENT="משאתה,"/><String HEIGHT="79" WIDTH="288" VPOS="1945" HPOS="599" CONTENT="והחפצים"/><String HEIGHT="79" WIDTH="262" VPOS="1945" HPOS="808" CONTENT="בממשלת"/><String HEIGHT="79" WIDTH="183" VPOS="1945" HPOS="991" CONTENT="מאק"/><String HEIGHT="79" WIDTH="262" VPOS="1945" HPOS="1096" CONTENT="מאהאן,"/><String HEIGHT="79" WIDTH="183" VPOS="1945" HPOS="1253" CONTENT="יקראו"/></TextLine><TextLine ID="TextRegion_1522077656845_517l28" BASELINE="2091" HEIGHT="84" WIDTH="1264" VPOS="2007" HPOS="175"><String HEIGHT="84" WIDTH="173" VPOS="2007" HPOS="150" CONTENT="להם"/><String HEIGHT="84" WIDTH="223" VPOS="2007" HPOS="249" CONTENT="למשוך"/><String HEIGHT="84" WIDTH="173" VPOS="2007" HPOS="398" CONTENT="ידם"/><String HEIGHT="84" WIDTH="198" VPOS="2007" HPOS="497" CONTENT="אתם,"/><String HEIGHT="84" WIDTH="223" VPOS="2007" HPOS="621" CONTENT="באמרם"/><String HEIGHT="84" WIDTH="173" VPOS="2007" HPOS="770" CONTENT="(אם"/><String HEIGHT="84" WIDTH="149" VPOS="2007" HPOS="869" CONTENT="גם"/><String HEIGHT="84" WIDTH="149" VPOS="2007" HPOS="943" CONTENT="אך"/><String HEIGHT="84" WIDTH="273" VPOS="2007" HPOS="1018" CONTENT="בשפתיהם"/><String HEIGHT="84" WIDTH="198" VPOS="2007" HPOS="1216" CONTENT="ולבם"/><String HEIGHT="84" WIDTH="124" VPOS="2007" HPOS="1315" CONTENT="רחק"/></TextLine><TextLine ID="TextRegion_1522077656845_517l29" BASELINE="2155" HEIGHT="84" WIDTH="1270" VPOS="2071" HPOS="172"><String HEIGHT="84" WIDTH="221" VPOS="2071" HPOS="144" CONTENT="מזה)"/><String HEIGHT="84" WIDTH="166" VPOS="2071" HPOS="282" CONTENT="כי"/><String HEIGHT="84" WIDTH="166" VPOS="2071" HPOS="365" CONTENT="אך"/><String HEIGHT="84" WIDTH="248" VPOS="2071" HPOS="448" CONTENT="בעמוד"/><String HEIGHT="84" WIDTH="248" VPOS="2071" HPOS="614" CONTENT="ממשלת"/><String HEIGHT="84" WIDTH="304" VPOS="2071" HPOS="779" CONTENT="המארשאל"/><String HEIGHT="84" WIDTH="166" VPOS="2071" HPOS="1000" CONTENT="על"/><String HEIGHT="84" WIDTH="221" VPOS="2071" HPOS="1083" CONTENT="עמדה"/><String HEIGHT="84" WIDTH="166" VPOS="2071" HPOS="1221" CONTENT="יש"/><String HEIGHT="84" WIDTH="166" VPOS="2071" HPOS="1276" CONTENT="תקוה"/></TextLine><TextLine ID="TextRegion_1522077656845_517l30" BASELINE="2222" HEIGHT="89" WIDTH="1055" VPOS="2133" HPOS="372"><String HEIGHT="89" WIDTH="202" VPOS="2133" HPOS="350" CONTENT="לכונן"/><String HEIGHT="89" WIDTH="269" VPOS="2133" HPOS="484" CONTENT="רעפובליק"/><String HEIGHT="89" WIDTH="202" VPOS="2133" HPOS="686" CONTENT="בארץ,"/><String HEIGHT="89" WIDTH="180" VPOS="2133" HPOS="821" CONTENT="ועוד"/><String HEIGHT="89" WIDTH="135" VPOS="2133" HPOS="933" CONTENT="לא"/><String HEIGHT="89" WIDTH="180" VPOS="2133" HPOS="1001" CONTENT="נודע"/><String HEIGHT="89" WIDTH="157" VPOS="2133" HPOS="1113" CONTENT="איך"/><String HEIGHT="89" WIDTH="180" VPOS="2133" HPOS="1203" CONTENT="יפול"/><String HEIGHT="89" WIDTH="135" VPOS="2133" HPOS="1292" CONTENT="דבר."/></TextLine><TextLine ID="TextRegion_1522077656845_517l31" BASELINE="2327" HEIGHT="76" WIDTH="1163" VPOS="2251" HPOS="166"><String HEIGHT="76" WIDTH="228" VPOS="2251" HPOS="141" CONTENT="ובעוד"/><String HEIGHT="76" WIDTH="303" VPOS="2251" HPOS="292" CONTENT="שהענינים"/><String HEIGHT="76" WIDTH="303" VPOS="2251" HPOS="520" CONTENT="מסוכסכים"/><String HEIGHT="76" WIDTH="354" VPOS="2251" HPOS="748" CONTENT="ומבולבלים,"/><String HEIGHT="76" WIDTH="202" VPOS="2251" HPOS="1026" CONTENT="בעוד"/><String HEIGHT="76" WIDTH="202" VPOS="2251" HPOS="1127" CONTENT="שהכתות"/></TextLine><TextLine ID="TextRegion_1522077656845_517l32" BASELINE="2396" HEIGHT="80" WIDTH="1255" VPOS="2316" HPOS="181"><String HEIGHT="80" WIDTH="246" VPOS="2316" HPOS="156" CONTENT="מריבות"/><String HEIGHT="80" WIDTH="148" VPOS="2316" HPOS="329" CONTENT="זו"/><String HEIGHT="80" WIDTH="148" VPOS="2316" HPOS="402" CONTENT="עם"/><String HEIGHT="80" WIDTH="172" VPOS="2316" HPOS="476" CONTENT="זו,"/><String HEIGHT="80" WIDTH="197" VPOS="2316" HPOS="575" CONTENT="והנה"/><String HEIGHT="80" WIDTH="172" VPOS="2316" HPOS="698" CONTENT="שלח"/><String HEIGHT="80" WIDTH="271" VPOS="2316" HPOS="796" CONTENT="המארשאל"/><String HEIGHT="80" WIDTH="172" VPOS="2316" HPOS="993" CONTENT="מאק"/><String HEIGHT="80" WIDTH="221" VPOS="2316" HPOS="1091" CONTENT="מאהאן"/><String HEIGHT="80" WIDTH="148" VPOS="2316" HPOS="1239" CONTENT="את"/><String HEIGHT="80" WIDTH="148" VPOS="2316" HPOS="1288" CONTENT="דברו"/></TextLine><TextLine ID="TextRegion_1522077656845_517l33" BASELINE="2458" HEIGHT="81" WIDTH="1270" VPOS="2377" HPOS="169"><String HEIGHT="81" WIDTH="147" VPOS="2377" HPOS="145" CONTENT="אל"/><String HEIGHT="81" WIDTH="220" VPOS="2377" HPOS="218" CONTENT="האספה"/><String HEIGHT="81" WIDTH="293" VPOS="2377" HPOS="364" CONTENT="הלאומית,"/><String HEIGHT="81" WIDTH="147" VPOS="2377" HPOS="584" CONTENT="כי"/><String HEIGHT="81" WIDTH="171" VPOS="2377" HPOS="657" CONTENT="אין"/><String HEIGHT="81" WIDTH="147" VPOS="2377" HPOS="755" CONTENT="את"/><String HEIGHT="81" WIDTH="195" VPOS="2377" HPOS="828" CONTENT="נפשו"/><String HEIGHT="81" WIDTH="220" VPOS="2377" HPOS="951" CONTENT="למחול"/><String HEIGHT="81" WIDTH="147" VPOS="2377" HPOS="1097" CONTENT="על"/><String HEIGHT="81" WIDTH="220" VPOS="2377" HPOS="1170" CONTENT="זכותו"/><String HEIGHT="81" WIDTH="147" VPOS="2377" HPOS="1292" CONTENT="בשום"/></TextLine><TextLine ID="TextRegion_1522077656845_517l34" BASELINE="2527" HEIGHT="92" WIDTH="1262" VPOS="2435" HPOS="186"><String HEIGHT="92" WIDTH="214" VPOS="2435" HPOS="162" CONTENT="אופן,"/><String HEIGHT="92" WIDTH="214" VPOS="2435" HPOS="305" CONTENT="ונכון"/><String HEIGHT="92" WIDTH="167" VPOS="2435" HPOS="448" CONTENT="הוא"/><String HEIGHT="92" WIDTH="238" VPOS="2435" HPOS="543" CONTENT="להחזיק"/><String HEIGHT="92" WIDTH="143" VPOS="2435" HPOS="710" CONTENT="את"/><String HEIGHT="92" WIDTH="238" VPOS="2435" HPOS="781" CONTENT="ממשלתו"/><String HEIGHT="92" WIDTH="190" VPOS="2435" HPOS="948" CONTENT="בידו"/><String HEIGHT="92" WIDTH="143" VPOS="2435" HPOS="1067" CONTENT="על"/><String HEIGHT="92" WIDTH="167" VPOS="2435" HPOS="1138" CONTENT="שבע"/><String HEIGHT="92" WIDTH="190" VPOS="2435" HPOS="1234" CONTENT="שנים"/><String HEIGHT="92" WIDTH="119" VPOS="2435" HPOS="1329" CONTENT="בכל"/></TextLine><TextLine ID="TextRegion_1522077656845_517l35" BASELINE="2586" HEIGHT="85" WIDTH="1265" VPOS="2501" HPOS="177"><String HEIGHT="85" WIDTH="292" VPOS="2501" HPOS="153" CONTENT="האמצעים."/><String HEIGHT="85" WIDTH="219" VPOS="2501" HPOS="372" CONTENT="ואחרי"/><String HEIGHT="85" WIDTH="170" VPOS="2501" HPOS="518" CONTENT="אשר"/><String HEIGHT="85" WIDTH="219" VPOS="2501" HPOS="615" CONTENT="בימים"/><String HEIGHT="85" WIDTH="292" VPOS="2501" HPOS="761" CONTENT="האחרונים"/><String HEIGHT="85" WIDTH="243" VPOS="2501" HPOS="980" CONTENT="נתקיים"/><String HEIGHT="85" WIDTH="195" VPOS="2501" HPOS="1150" CONTENT="החק,"/><String HEIGHT="85" WIDTH="170" VPOS="2501" HPOS="1272" CONTENT="אשר"/><String HEIGHT="85" WIDTH="97" VPOS="2501" HPOS="1345" CONTENT="על"/></TextLine><TextLine ID="TextRegion_1522077656845_517l36" BASELINE="2652" HEIGHT="86" WIDTH="1244" VPOS="2566" HPOS="194"><String HEIGHT="86" WIDTH="174" VPOS="2566" HPOS="169" CONTENT="פיו"/><String HEIGHT="86" WIDTH="224" VPOS="2566" HPOS="269" CONTENT="הרשות"/><String HEIGHT="86" WIDTH="174" VPOS="2566" HPOS="418" CONTENT="ביד"/><String HEIGHT="86" WIDTH="373" VPOS="2566" HPOS="517" CONTENT="הפרעזידענט,"/><String HEIGHT="86" WIDTH="149" VPOS="2566" HPOS="816" CONTENT="אם"/><String HEIGHT="86" WIDTH="199" VPOS="2566" HPOS="891" CONTENT="ימצא"/><String HEIGHT="86" WIDTH="149" VPOS="2566" HPOS="1015" CONTENT="את"/><String HEIGHT="86" WIDTH="199" VPOS="2566" HPOS="1090" CONTENT="הדבר"/><String HEIGHT="86" WIDTH="199" VPOS="2566" HPOS="1214" CONTENT="נחוץ"/><String HEIGHT="86" WIDTH="124" VPOS="2566" HPOS="1314" CONTENT="לפי"/></TextLine><TextLine ID="TextRegion_1522077656845_517l37" BASELINE="2715" HEIGHT="85" WIDTH="1267" VPOS="2630" HPOS="181"><String HEIGHT="85" WIDTH="219" VPOS="2630" HPOS="157" CONTENT="דעתוף"/><String HEIGHT="85" WIDTH="219" VPOS="2630" HPOS="303" CONTENT="לסנור"/><String HEIGHT="85" WIDTH="195" VPOS="2630" HPOS="449" CONTENT="שערי"/><String HEIGHT="85" WIDTH="171" VPOS="2630" HPOS="571" CONTENT="בית"/><String HEIGHT="85" WIDTH="219" VPOS="2630" HPOS="668" CONTENT="האספה"/><String HEIGHT="85" WIDTH="268" VPOS="2630" HPOS="815" CONTENT="הלאומית"/><String HEIGHT="85" WIDTH="244" VPOS="2630" HPOS="1009" CONTENT="ולשלוח"/><String HEIGHT="85" WIDTH="146" VPOS="2630" HPOS="1180" CONTENT="את"/><String HEIGHT="85" WIDTH="219" VPOS="2630" HPOS="1229" CONTENT="הנבחרים"/></TextLine><TextLine ID="TextRegion_1522077656845_517l38" BASELINE="2778" HEIGHT="85" WIDTH="1264" VPOS="2693" HPOS="172"><String HEIGHT="85" WIDTH="161" VPOS="2693" HPOS="149" CONTENT="איש"/><String HEIGHT="85" WIDTH="161" VPOS="2693" HPOS="241" CONTENT="איש"/><String HEIGHT="85" WIDTH="253" VPOS="2693" HPOS="333" CONTENT="למקומו,"/><String HEIGHT="85" WIDTH="138" VPOS="2693" HPOS="517" CONTENT="על"/><String HEIGHT="85" WIDTH="138" VPOS="2693" HPOS="586" CONTENT="כן"/><String HEIGHT="85" WIDTH="184" VPOS="2693" HPOS="655" CONTENT="יוכל"/><String HEIGHT="85" WIDTH="207" VPOS="2693" HPOS="770" CONTENT="היות,"/><String HEIGHT="85" WIDTH="138" VPOS="2693" HPOS="907" CONTENT="כי"/><String HEIGHT="85" WIDTH="138" VPOS="2693" HPOS="976" CONTENT="אם"/><String HEIGHT="85" WIDTH="138" VPOS="2693" HPOS="1045" CONTENT="לא"/><String HEIGHT="85" WIDTH="207" VPOS="2693" HPOS="1114" CONTENT="ישמעו"/><String HEIGHT="85" WIDTH="207" VPOS="2693" HPOS="1229" CONTENT="הנבחרים"/></TextLine><TextLine ID="TextRegion_1522077656845_517l39" BASELINE="2850" HEIGHT="94" WIDTH="1257" VPOS="2756" HPOS="175"><String HEIGHT="94" WIDTH="187" VPOS="2756" HPOS="148" CONTENT="כעת"/><String HEIGHT="94" WIDTH="214" VPOS="2756" HPOS="255" CONTENT="לקול"/><String HEIGHT="94" WIDTH="241" VPOS="2756" HPOS="389" CONTENT="אזהרת"/><String HEIGHT="94" WIDTH="294" VPOS="2756" HPOS="549" CONTENT="המארשאל"/><String HEIGHT="94" WIDTH="160" VPOS="2756" HPOS="763" CONTENT="אז"/><String HEIGHT="94" WIDTH="187" VPOS="2756" HPOS="844" CONTENT="יצו"/><String HEIGHT="94" WIDTH="241" VPOS="2756" HPOS="951" CONTENT="עליהם"/><String HEIGHT="94" WIDTH="241" VPOS="2756" HPOS="1111" CONTENT="להכבד"/><String HEIGHT="94" WIDTH="187" VPOS="2756" HPOS="1245" CONTENT="ולשבת"/></TextLine><TextLine ID="TextRegion_1522077656845_517l40" BASELINE="2893" HEIGHT="69" WIDTH="175" VPOS="2824" HPOS="1268"><String HEIGHT="69" WIDTH="225" VPOS="2824" HPOS="1218" CONTENT="בבתיהם."/></TextLine><TextLine ID="TextRegion_1522077656845_517l43" BASELINE="3036" HEIGHT="89" WIDTH="1223" VPOS="2947" HPOS="169"><String HEIGHT="89" WIDTH="104" VPOS="2947" HPOS="143" CONTENT=""/><String HEIGHT="89" WIDTH="338" VPOS="2947" HPOS="169" CONTENT="(שפאניען)"/><String HEIGHT="89" WIDTH="234" VPOS="2947" HPOS="429" CONTENT="וספרד"/><String HEIGHT="89" WIDTH="260" VPOS="2947" HPOS="585" CONTENT="נבוכה."/><String HEIGHT="89" WIDTH="364" VPOS="2947" HPOS="767" CONTENT="הקארליסטים"/><String HEIGHT="89" WIDTH="182" VPOS="2947" HPOS="1054" CONTENT="אשר"/><String HEIGHT="89" WIDTH="182" VPOS="2947" HPOS="1158" CONTENT="הכו"/><String HEIGHT="89" WIDTH="156" VPOS="2947" HPOS="1236" CONTENT="מכות"/></TextLine><TextLine ID="TextRegion_1522077656845_517l44" BASELINE="3097" HEIGHT="95" WIDTH="1252" VPOS="3002" HPOS="193"><String HEIGHT="95" WIDTH="189" VPOS="3002" HPOS="169" CONTENT="רבות"/><String HEIGHT="95" WIDTH="260" VPOS="3002" HPOS="287" CONTENT="ונאמנות"/><String HEIGHT="95" WIDTH="165" VPOS="3002" HPOS="476" CONTENT="מאת"/><String HEIGHT="95" WIDTH="165" VPOS="3002" HPOS="571" CONTENT="שרי"/><String HEIGHT="95" WIDTH="189" VPOS="3002" HPOS="665" CONTENT="הצבא"/><String HEIGHT="95" WIDTH="236" VPOS="3002" HPOS="784" CONTENT="סעראנא"/><String HEIGHT="95" WIDTH="236" VPOS="3002" HPOS="949" CONTENT="וקאנכי"/><String HEIGHT="95" WIDTH="142" VPOS="3002" HPOS="1114" CONTENT="על"/><String HEIGHT="95" WIDTH="142" VPOS="3002" HPOS="1185" CONTENT="יד"/><String HEIGHT="95" WIDTH="213" VPOS="3002" HPOS="1232" CONTENT="בילבאא,"/></TextLine><TextLine ID="TextRegion_1522077656845_517l45" BASELINE="3162" HEIGHT="84" WIDTH="1276" VPOS="3078" HPOS="180"><String HEIGHT="84" WIDTH="169" VPOS="3078" HPOS="156" CONTENT="שבו"/><String HEIGHT="84" WIDTH="241" VPOS="3078" HPOS="252" CONTENT="והרימו"/><String HEIGHT="84" WIDTH="169" VPOS="3078" HPOS="421" CONTENT="ראש"/><String HEIGHT="84" WIDTH="193" VPOS="3078" HPOS="517" CONTENT="במות"/><String HEIGHT="84" WIDTH="265" VPOS="3078" HPOS="637" CONTENT="המארשאל"/><String HEIGHT="84" WIDTH="217" VPOS="3078" HPOS="830" CONTENT="קאנכי"/><String HEIGHT="84" WIDTH="169" VPOS="3078" HPOS="974" CONTENT="זקן"/><String HEIGHT="84" WIDTH="169" VPOS="3078" HPOS="1071" CONTENT="שרי"/><String HEIGHT="84" WIDTH="217" VPOS="3078" HPOS="1167" CONTENT="צבאות"/><String HEIGHT="84" WIDTH="169" VPOS="3078" HPOS="1287" CONTENT="ספרד,"/></TextLine><TextLine ID="TextRegion_1522077656845_517l46" BASELINE="3220" HEIGHT="77" WIDTH="1290" VPOS="3143" HPOS="161"><String HEIGHT="77" WIDTH="191" VPOS="3143" HPOS="137" CONTENT="רבות"/><String HEIGHT="77" WIDTH="215" VPOS="3143" HPOS="257" CONTENT="יספרו"/><String HEIGHT="77" WIDTH="191" VPOS="3143" HPOS="400" CONTENT="מה״ע"/><String HEIGHT="77" WIDTH="167" VPOS="3143" HPOS="519" CONTENT="ע״ד"/><String HEIGHT="77" WIDTH="167" VPOS="3143" HPOS="615" CONTENT="מות"/><String HEIGHT="77" WIDTH="143" VPOS="3143" HPOS="710" CONTENT="שר"/><String HEIGHT="77" WIDTH="191" VPOS="3143" HPOS="782" CONTENT="הצבא"/><String HEIGHT="77" WIDTH="215" VPOS="3143" HPOS="902" CONTENT="קאנכי"/><String HEIGHT="77" WIDTH="239" VPOS="3143" HPOS="1045" CONTENT="ורגעיו"/><String HEIGHT="77" WIDTH="263" VPOS="3143" HPOS="1188" CONTENT="האחרונים,"/></TextLine><TextLine ID="TextRegion_1522077656845_517l47" BASELINE="3285" HEIGHT="93" WIDTH="1274" VPOS="3192" HPOS="170"><String HEIGHT="93" WIDTH="239" VPOS="3192" HPOS="143" CONTENT="ומכלם"/><String HEIGHT="93" WIDTH="239" VPOS="3192" HPOS="303" CONTENT="נראה,"/><String HEIGHT="93" WIDTH="159" VPOS="3192" HPOS="462" CONTENT="כי"/><String HEIGHT="93" WIDTH="186" VPOS="3192" HPOS="542" CONTENT="היה"/><String HEIGHT="93" WIDTH="186" VPOS="3192" HPOS="648" CONTENT="השר"/><String HEIGHT="93" WIDTH="186" VPOS="3192" HPOS="754" CONTENT="הזה"/><String HEIGHT="93" WIDTH="212" VPOS="3192" HPOS="860" CONTENT="עשוי"/><String HEIGHT="93" WIDTH="212" VPOS="3192" HPOS="993" CONTENT="לבלי"/><String HEIGHT="93" WIDTH="159" VPOS="3192" HPOS="1126" CONTENT="חת"/><String HEIGHT="93" WIDTH="239" VPOS="3192" HPOS="1205" CONTENT="ואמיץ"/><String HEIGHT="93" WIDTH="106" VPOS="3192" HPOS="1338" CONTENT="לב"/></TextLine><TextLine ID="TextRegion_1522077656845_517l48" BASELINE="3353" HEIGHT="91" WIDTH="1251" VPOS="3262" HPOS="186"><String HEIGHT="91" WIDTH="233" VPOS="3262" HPOS="165" CONTENT="כגבורים"/><String HEIGHT="91" WIDTH="170" VPOS="3262" HPOS="334" CONTENT="מאין"/><String HEIGHT="91" WIDTH="191" VPOS="3262" HPOS="440" CONTENT="כמהו,"/><String HEIGHT="91" WIDTH="212" VPOS="3262" HPOS="568" CONTENT="ודבריו"/><String HEIGHT="91" WIDTH="254" VPOS="3262" HPOS="716" CONTENT="האחרונים"/><String HEIGHT="91" WIDTH="170" VPOS="3262" HPOS="907" CONTENT="לפני"/><String HEIGHT="91" WIDTH="170" VPOS="3262" HPOS="1013" CONTENT="מותו"/><String HEIGHT="91" WIDTH="170" VPOS="3262" HPOS="1119" CONTENT="היו:"/><String HEIGHT="91" WIDTH="127" VPOS="3262" HPOS="1225" CONTENT="רב"/><String HEIGHT="91" WIDTH="148" VPOS="3262" HPOS="1289" CONTENT="לי,"/><String HEIGHT="91" WIDTH="85" VPOS="3262" HPOS="1352" CONTENT="כי"/></TextLine><TextLine ID="TextRegion_1522077656845_517l49" BASELINE="3414" HEIGHT="85" WIDTH="1262" VPOS="3329" HPOS="183"><String HEIGHT="85" WIDTH="202" VPOS="3329" HPOS="158" CONTENT="הנני"/><String HEIGHT="85" WIDTH="151" VPOS="3329" HPOS="284" CONTENT="מת"/><String HEIGHT="85" WIDTH="177" VPOS="3329" HPOS="360" CONTENT="בין"/><String HEIGHT="85" WIDTH="177" VPOS="3329" HPOS="461" CONTENT="חיל"/><String HEIGHT="85" WIDTH="227" VPOS="3329" HPOS="562" CONTENT="החלוץ"/><String HEIGHT="85" WIDTH="227" VPOS="3329" HPOS="713" CONTENT="ההולך"/><String HEIGHT="85" WIDTH="252" VPOS="3329" HPOS="864" CONTENT="ראשונה"/><String HEIGHT="85" WIDTH="227" VPOS="3329" HPOS="1041" CONTENT="לקראת"/><String HEIGHT="85" WIDTH="202" VPOS="3329" HPOS="1193" CONTENT="נשק."/><String HEIGHT="85" WIDTH="151" VPOS="3329" HPOS="1294" CONTENT="כבוד"/></TextLine><TextLine ID="TextRegion_1522077656845_517l50" BASELINE="3479" HEIGHT="86" WIDTH="1256" VPOS="3393" HPOS="180"><String HEIGHT="86" WIDTH="179" VPOS="3393" HPOS="158" CONTENT="גדול"/><String HEIGHT="86" WIDTH="157" VPOS="3393" HPOS="270" CONTENT="עשו"/><String HEIGHT="86" WIDTH="135" VPOS="3393" HPOS="359" CONTENT="לו"/><String HEIGHT="86" WIDTH="202" VPOS="3393" HPOS="427" CONTENT="במותו"/><String HEIGHT="86" WIDTH="157" VPOS="3393" HPOS="561" CONTENT="וכל"/><String HEIGHT="86" WIDTH="157" VPOS="3393" HPOS="651" CONTENT="העם"/><String HEIGHT="86" WIDTH="157" VPOS="3393" HPOS="741" CONTENT="קרא"/><String HEIGHT="86" WIDTH="224" VPOS="3393" HPOS="830" CONTENT="אחריו:"/><String HEIGHT="86" WIDTH="157" VPOS="3393" HPOS="987" CONTENT="הוי"/><String HEIGHT="86" WIDTH="179" VPOS="3393" HPOS="1077" CONTENT="גבור"/><String HEIGHT="86" WIDTH="179" VPOS="3393" HPOS="1189" CONTENT="והוי"/><String HEIGHT="86" WIDTH="157" VPOS="3393" HPOS="1279" CONTENT="הודו,"/></TextLine><TextLine ID="TextRegion_1522077656845_517l51" BASELINE="3543" HEIGHT="87" WIDTH="1270" VPOS="3456" HPOS="182"><String HEIGHT="87" WIDTH="233" VPOS="3456" HPOS="156" CONTENT="וידרו"/><String HEIGHT="87" WIDTH="181" VPOS="3456" HPOS="312" CONTENT="נדר"/><String HEIGHT="87" WIDTH="233" VPOS="3456" HPOS="415" CONTENT="לנקום"/><String HEIGHT="87" WIDTH="181" VPOS="3456" HPOS="571" CONTENT="מאת"/><String HEIGHT="87" WIDTH="337" VPOS="3456" HPOS="674" CONTENT="הקרליסטים"/><String HEIGHT="87" WIDTH="207" VPOS="3456" HPOS="934" CONTENT="נקמת"/><String HEIGHT="87" WIDTH="181" VPOS="3456" HPOS="1063" CONTENT="דמו"/><String HEIGHT="87" WIDTH="259" VPOS="3456" HPOS="1167" CONTENT="השפוך;"/><String HEIGHT="87" WIDTH="130" VPOS="3456" HPOS="1322" CONTENT="אבל"/></TextLine><TextLine ID="TextRegion_1522077656845_517l52" BASELINE="3605" HEIGHT="87" WIDTH="1276" VPOS="3518" HPOS="170"><String HEIGHT="87" WIDTH="213" VPOS="3518" HPOS="146" CONTENT="נמצאו"/><String HEIGHT="87" WIDTH="236" VPOS="3518" HPOS="288" CONTENT="ביניהם"/><String HEIGHT="87" WIDTH="142" VPOS="3518" HPOS="454" CONTENT="dם"/><String HEIGHT="87" WIDTH="213" VPOS="3518" HPOS="524" CONTENT="רבים,"/><String HEIGHT="87" WIDTH="165" VPOS="3518" HPOS="666" CONTENT="אשר"/><String HEIGHT="87" WIDTH="165" VPOS="3518" HPOS="761" CONTENT="נפל"/><String HEIGHT="87" WIDTH="213" VPOS="3518" HPOS="855" CONTENT="עליהם"/><String HEIGHT="87" WIDTH="165" VPOS="3518" HPOS="997" CONTENT="לבם"/><String HEIGHT="87" WIDTH="284" VPOS="3518" HPOS="1092" CONTENT="ויתאוננו"/><String HEIGHT="87" WIDTH="165" VPOS="3518" HPOS="1281" CONTENT="לאמר:"/></TextLine><TextLine ID="TextRegion_1522077656845_517l53" BASELINE="3670" HEIGHT="90" WIDTH="1255" VPOS="3580" HPOS="181"><String HEIGHT="90" WIDTH="308" VPOS="3580" HPOS="157" CONTENT="הקרליסטים"/><String HEIGHT="90" WIDTH="237" VPOS="3580" HPOS="394" CONTENT="הולכים"/><String HEIGHT="90" WIDTH="237" VPOS="3580" HPOS="560" CONTENT="וחזקים"/><String HEIGHT="90" WIDTH="237" VPOS="3580" HPOS="726" CONTENT="ואנחנו"/><String HEIGHT="90" WIDTH="166" VPOS="3580" HPOS="891" CONTENT="רפי"/><String HEIGHT="90" WIDTH="166" VPOS="3580" HPOS="986" CONTENT="כח."/><String HEIGHT="90" WIDTH="189" VPOS="3580" HPOS="1081" CONTENT="והנה"/><String HEIGHT="90" WIDTH="213" VPOS="3580" HPOS="1199" CONTENT="באמת,"/><String HEIGHT="90" WIDTH="118" VPOS="3580" HPOS="1318" CONTENT="שבו"/></TextLine><TextLine ID="TextRegion_1522077656845_517l54" BASELINE="3739" HEIGHT="89" WIDTH="1265" VPOS="3650" HPOS="183"><String HEIGHT="89" WIDTH="334" VPOS="3650" HPOS="159" CONTENT="הקרליסטים,"/><String HEIGHT="89" WIDTH="215" VPOS="3650" HPOS="422" CONTENT="המכים"/><String HEIGHT="89" WIDTH="143" VPOS="3650" HPOS="565" CONTENT="על"/><String HEIGHT="89" WIDTH="143" VPOS="3650" HPOS="636" CONTENT="יד"/><String HEIGHT="89" WIDTH="239" VPOS="3650" HPOS="708" CONTENT="בילבאא"/><String HEIGHT="89" WIDTH="263" VPOS="3650" HPOS="875" CONTENT="ויתבצרו"/><String HEIGHT="89" WIDTH="191" VPOS="3650" HPOS="1066" CONTENT="שנית"/><String HEIGHT="89" WIDTH="215" VPOS="3650" HPOS="1185" CONTENT="במסבי"/><String HEIGHT="89" WIDTH="143" VPOS="3650" HPOS="1305" CONTENT="העיר"/></TextLine></TextBlock></PrintSpace></Page></Layout></alto>