<?xml version="1.0" encoding="UTF-8"?><alto xmlns:xsi="http://www.w3.org/2001/XMLSchema-instance" xmlns="http://www.loc.gov/standards/alto/ns-v2#" xmlns:page="http://schema.primaresearch.org/PAGE/gts/pagecontent/2013-07-15" xsi:schemaLocation="http://schema.primaresearch.org/PAGE/gts/pagecontent/2013-07-15 http://schema.primaresearch.org/PAGE/gts/pagecontent/2013-07-15/pagecontent.xsd http://www.loc.gov/standards/alto/ns-v2# http://www.loc.gov/standards/alto/alto-v2.0.xsd"><Description><MeasurementUnit>pixel</MeasurementUnit></Description><Layout><Page ID="Page1" PHYSICAL_IMG_NR="1" HEIGHT="3926" WIDTH="3122"><TopMargin HEIGHT="0" WIDTH="3122" VPOS="0" HPOS="0"/><LeftMargin HEIGHT="3926" WIDTH="0" VPOS="0" HPOS="0"/><RightMargin HEIGHT="3926" WIDTH="0" VPOS="0" HPOS="3122"/><BottomMargin HEIGHT="0" WIDTH="3122" VPOS="3926" HPOS="0"/><PrintSpace HEIGHT="3926" WIDTH="3122" VPOS="0" HPOS="0"><TextBlock ID="region_1522078072375_550" HEIGHT="113" WIDTH="419" VPOS="131" HPOS="1305"><Shape><Polygon POINTS="1305,131 1724,131 1724,244 1305,244"/></Shape><TextLine ID="line_1522079376926_575" BASELINE="244" HEIGHT="76" WIDTH="315" VPOS="168" HPOS="1365"><String HEIGHT="76" WIDTH="263" VPOS="168" HPOS="1313" CONTENT="—"/><String HEIGHT="76" WIDTH="315" VPOS="168" HPOS="1418" CONTENT="16"/><String HEIGHT="76" WIDTH="158" VPOS="168" HPOS="1523" CONTENT="—"/></TextLine></TextBlock><TextBlock ID="region_1522078076250_551" HEIGHT="1324" WIDTH="1298" VPOS="253" HPOS="1532"><Shape><Polygon POINTS="2830,253 1532,253 1532,1577 2830,1577"/></Shape><TextLine ID="region_1522078076250_551l1" BASELINE="363" HEIGHT="86" WIDTH="1266" VPOS="277" HPOS="1545"><String HEIGHT="86" WIDTH="195" VPOS="277" HPOS="1521" CONTENT="חודש"/><String HEIGHT="86" WIDTH="219" VPOS="277" HPOS="1642" CONTENT="אלול,"/><String HEIGHT="86" WIDTH="195" VPOS="277" HPOS="1788" CONTENT="יהיה"/><String HEIGHT="86" WIDTH="146" VPOS="277" HPOS="1910" CONTENT="כל"/><String HEIGHT="86" WIDTH="195" VPOS="277" HPOS="1983" CONTENT="חודש"/><String HEIGHT="86" WIDTH="195" VPOS="277" HPOS="2105" CONTENT="תשרי"/><String HEIGHT="86" WIDTH="170" VPOS="277" HPOS="2227" CONTENT="יום"/><String HEIGHT="86" WIDTH="170" VPOS="277" HPOS="2324" CONTENT="אחד"/><String HEIGHT="86" WIDTH="170" VPOS="277" HPOS="2421" CONTENT="חול"/><String HEIGHT="86" WIDTH="219" VPOS="277" HPOS="2519" CONTENT="אצלו?"/><String HEIGHT="86" WIDTH="170" VPOS="277" HPOS="2641" CONTENT="ויפטר"/></TextLine><TextLine ID="region_1522078076250_551l2" BASELINE="439" HEIGHT="96" WIDTH="835" VPOS="343" HPOS="1969"><String HEIGHT="96" WIDTH="226" VPOS="343" HPOS="1946" CONTENT="מתקיעת"/><String HEIGHT="96" WIDTH="203" VPOS="343" HPOS="2104" CONTENT="שופר,"/><String HEIGHT="96" WIDTH="203" VPOS="343" HPOS="2240" CONTENT="עינוי"/><String HEIGHT="96" WIDTH="226" VPOS="343" HPOS="2375" CONTENT="יוה״כ,"/><String HEIGHT="96" WIDTH="181" VPOS="343" HPOS="2533" CONTENT="סוכה"/><String HEIGHT="96" WIDTH="181" VPOS="343" HPOS="2623" CONTENT="ולולב?"/></TextLine><TextLine ID="region_1522078076250_551l4" BASELINE="554" HEIGHT="96" WIDTH="1169" VPOS="458" HPOS="1540"><String HEIGHT="96" WIDTH="195" VPOS="458" HPOS="1516" CONTENT="והנה"/><String HEIGHT="96" WIDTH="170" VPOS="458" HPOS="1637" CONTENT="אשר"/><String HEIGHT="96" WIDTH="195" VPOS="458" HPOS="1735" CONTENT="אחזה"/><String HEIGHT="96" WIDTH="195" VPOS="458" HPOS="1857" CONTENT="אנכי"/><String HEIGHT="96" WIDTH="219" VPOS="458" HPOS="1978" CONTENT="להגיד"/><String HEIGHT="96" WIDTH="170" VPOS="458" HPOS="2125" CONTENT="דבר"/><String HEIGHT="96" WIDTH="170" VPOS="458" HPOS="2222" CONTENT="אמת"/><String HEIGHT="96" WIDTH="219" VPOS="458" HPOS="2319" CONTENT="ומשפט"/><String HEIGHT="96" WIDTH="219" VPOS="458" HPOS="2465" CONTENT="בענין"/><String HEIGHT="96" WIDTH="122" VPOS="458" HPOS="2587" CONTENT="הזה"/></TextLine><TextLine ID="region_1522078076250_551l5" BASELINE="617" HEIGHT="86" WIDTH="1278" VPOS="531" HPOS="1538"><String HEIGHT="86" WIDTH="189" VPOS="531" HPOS="1514" CONTENT="הוא."/><String HEIGHT="86" WIDTH="189" VPOS="531" HPOS="1633" CONTENT="שמצד"/><String HEIGHT="86" WIDTH="213" VPOS="531" HPOS="1751" CONTENT="התורה"/><String HEIGHT="86" WIDTH="237" VPOS="531" HPOS="1893" CONTENT="והקבלה"/><String HEIGHT="86" WIDTH="284" VPOS="531" HPOS="2059" CONTENT="נתחייבנו"/><String HEIGHT="86" WIDTH="189" VPOS="531" HPOS="2272" CONTENT="לקבל"/><String HEIGHT="86" WIDTH="284" VPOS="531" HPOS="2390" CONTENT="מערידיאן"/><String HEIGHT="86" WIDTH="166" VPOS="531" HPOS="2603" CONTENT="אחד"/><String HEIGHT="86" WIDTH="142" VPOS="531" HPOS="2674" CONTENT="קבוע"/></TextLine><TextLine ID="region_1522078076250_551l6" BASELINE="682" HEIGHT="85" WIDTH="1285" VPOS="597" HPOS="1532"><String HEIGHT="85" WIDTH="247" VPOS="597" HPOS="1507" CONTENT="לשמירת"/><String HEIGHT="85" WIDTH="247" VPOS="597" HPOS="1680" CONTENT="השבתות"/><String HEIGHT="85" WIDTH="321" VPOS="597" HPOS="1853" CONTENT="והמועדים,"/><String HEIGHT="85" WIDTH="346" VPOS="597" HPOS="2100" CONTENT="והמערידיאן"/><String HEIGHT="85" WIDTH="173" VPOS="597" HPOS="2372" CONTENT="הזה"/><String HEIGHT="85" WIDTH="173" VPOS="597" HPOS="2471" CONTENT="הוא"/><String HEIGHT="85" WIDTH="222" VPOS="597" HPOS="2570" CONTENT="שנתנה"/><String HEIGHT="85" WIDTH="124" VPOS="597" HPOS="2693" CONTENT="לנו"/></TextLine><TextLine ID="region_1522078076250_551l7" BASELINE="743" HEIGHT="90" WIDTH="1269" VPOS="653" HPOS="1544"><String HEIGHT="90" WIDTH="224" VPOS="653" HPOS="1519" CONTENT="התורה"/><String HEIGHT="90" WIDTH="224" VPOS="653" HPOS="1668" CONTENT="בעצמה"/><String HEIGHT="90" WIDTH="174" VPOS="653" HPOS="1818" CONTENT="מצד"/><String HEIGHT="90" WIDTH="299" VPOS="653" HPOS="1917" CONTENT="אזהרותיה"/><String HEIGHT="90" WIDTH="174" VPOS="653" HPOS="2141" CONTENT="אשר"/><String HEIGHT="90" WIDTH="149" VPOS="653" HPOS="2241" CONTENT="רק"/><String HEIGHT="90" WIDTH="199" VPOS="653" HPOS="2315" CONTENT="אותו"/><String HEIGHT="90" WIDTH="199" VPOS="653" HPOS="2440" CONTENT="נוכל"/><String HEIGHT="90" WIDTH="199" VPOS="653" HPOS="2564" CONTENT="לקבל"/><String HEIGHT="90" WIDTH="149" VPOS="653" HPOS="2664" CONTENT="וא״א"/></TextLine><TextLine ID="region_1522078076250_551l8" BASELINE="811" HEIGHT="89" WIDTH="1172" VPOS="722" HPOS="1646"><String HEIGHT="89" WIDTH="158" VPOS="722" HPOS="1623" CONTENT="לנו"/><String HEIGHT="89" WIDTH="248" VPOS="722" HPOS="1714" CONTENT="להחליפו"/><String HEIGHT="89" WIDTH="293" VPOS="722" HPOS="1894" CONTENT="במערידיאן"/><String HEIGHT="89" WIDTH="158" VPOS="722" HPOS="2119" CONTENT="אחר"/><String HEIGHT="89" WIDTH="225" VPOS="722" HPOS="2209" CONTENT="זולתו,"/><String HEIGHT="89" WIDTH="203" VPOS="722" HPOS="2367" CONTENT="והנני"/><String HEIGHT="89" WIDTH="180" VPOS="722" HPOS="2502" CONTENT="לברר"/><String HEIGHT="89" WIDTH="135" VPOS="722" HPOS="2615" CONTENT="את"/><String HEIGHT="89" WIDTH="158" VPOS="722" HPOS="2660" CONTENT="דברי."/></TextLine><TextLine ID="region_1522078076250_551l9" BASELINE="933" HEIGHT="85" WIDTH="1173" VPOS="848" HPOS="1529"><String HEIGHT="85" WIDTH="168" VPOS="848" HPOS="1505" CONTENT="במה"/><String HEIGHT="85" WIDTH="239" VPOS="848" HPOS="1601" CONTENT="שהתורה"/><String HEIGHT="85" WIDTH="192" VPOS="848" HPOS="1768" CONTENT="אמרה"/><String HEIGHT="85" WIDTH="168" VPOS="848" HPOS="1888" CONTENT="שבת"/><String HEIGHT="85" WIDTH="168" VPOS="848" HPOS="1984" CONTENT="היא"/><String HEIGHT="85" WIDTH="168" VPOS="848" HPOS="2080" CONTENT="לה׳"/><String HEIGHT="85" WIDTH="168" VPOS="848" HPOS="2175" CONTENT="בכל"/><String HEIGHT="85" WIDTH="335" VPOS="848" HPOS="2271" CONTENT="מושבותיכם,"/><String HEIGHT="85" WIDTH="192" VPOS="848" HPOS="2510" CONTENT="הזהירה"/></TextLine><TextLine ID="region_1522078076250_551l10" BASELINE="991" HEIGHT="75" WIDTH="1263" VPOS="916" HPOS="1545"><String HEIGHT="75" WIDTH="227" VPOS="916" HPOS="1520" CONTENT="אותנו"/><String HEIGHT="75" WIDTH="227" VPOS="916" HPOS="1671" CONTENT="שביום"/><String HEIGHT="75" WIDTH="177" VPOS="916" HPOS="1823" CONTENT="אשר"/><String HEIGHT="75" WIDTH="177" VPOS="916" HPOS="1924" CONTENT="הוא"/><String HEIGHT="75" WIDTH="177" VPOS="916" HPOS="2025" CONTENT="שבת"/><String HEIGHT="75" WIDTH="177" VPOS="916" HPOS="2126" CONTENT="לה׳"/><String HEIGHT="75" WIDTH="202" VPOS="916" HPOS="2227" CONTENT="בא״י"/><String HEIGHT="75" WIDTH="303" VPOS="916" HPOS="2353" CONTENT="מחוייבים"/><String HEIGHT="75" WIDTH="152" VPOS="916" HPOS="2581" CONTENT="כל"/><String HEIGHT="75" WIDTH="177" VPOS="916" HPOS="2631" CONTENT="ישראל"/></TextLine><TextLine ID="region_1522078076250_551l11" BASELINE="1066" HEIGHT="87" WIDTH="1281" VPOS="979" HPOS="1537"><String HEIGHT="87" WIDTH="222" VPOS="979" HPOS="1512" CONTENT="לשמור"/><String HEIGHT="87" WIDTH="148" VPOS="979" HPOS="1660" CONTENT="את"/><String HEIGHT="87" WIDTH="172" VPOS="979" HPOS="1734" CONTENT="עצם"/><String HEIGHT="87" WIDTH="197" VPOS="979" HPOS="1833" CONTENT="היום"/><String HEIGHT="87" WIDTH="197" VPOS="979" HPOS="1956" CONTENT="ההוא"/><String HEIGHT="87" WIDTH="172" VPOS="979" HPOS="2079" CONTENT="לשם"/><String HEIGHT="87" WIDTH="172" VPOS="979" HPOS="2178" CONTENT="שבת"/><String HEIGHT="87" WIDTH="172" VPOS="979" HPOS="2276" CONTENT="בכל"/><String HEIGHT="87" WIDTH="246" VPOS="979" HPOS="2375" CONTENT="מקומות"/><String HEIGHT="87" WIDTH="296" VPOS="979" HPOS="2522" CONTENT="מושבותיהם,"/></TextLine><TextLine ID="region_1522078076250_551l12" BASELINE="1127" HEIGHT="84" WIDTH="1285" VPOS="1043" HPOS="1535"><String HEIGHT="84" WIDTH="227" VPOS="1043" HPOS="1510" CONTENT="ולאשר"/><String HEIGHT="84" WIDTH="252" VPOS="1043" HPOS="1661" CONTENT="השבתות"/><String HEIGHT="84" WIDTH="302" VPOS="1043" HPOS="1837" CONTENT="והמועדים"/><String HEIGHT="84" WIDTH="151" VPOS="1043" HPOS="2064" CONTENT="הם"/><String HEIGHT="84" WIDTH="202" VPOS="1043" HPOS="2140" CONTENT="מערב"/><String HEIGHT="84" WIDTH="176" VPOS="1043" HPOS="2266" CONTENT="ועד"/><String HEIGHT="84" WIDTH="202" VPOS="1043" HPOS="2366" CONTENT="ערב,"/><String HEIGHT="84" WIDTH="227" VPOS="1043" HPOS="2492" CONTENT="והיום"/><String HEIGHT="84" WIDTH="202" VPOS="1043" HPOS="2618" CONTENT="והלילה"/></TextLine><TextLine ID="region_1522078076250_551l13" BASELINE="1192" HEIGHT="85" WIDTH="1275" VPOS="1107" HPOS="1533"><String HEIGHT="85" WIDTH="225" VPOS="1107" HPOS="1508" CONTENT="משתנה"/><String HEIGHT="85" WIDTH="175" VPOS="1107" HPOS="1658" CONTENT="בכל"/><String HEIGHT="85" WIDTH="200" VPOS="1107" HPOS="1758" CONTENT="מקום"/><String HEIGHT="85" WIDTH="175" VPOS="1107" HPOS="1883" CONTENT="לזה"/><String HEIGHT="85" WIDTH="225" VPOS="1107" HPOS="1983" CONTENT="מוקדם"/><String HEIGHT="85" WIDTH="200" VPOS="1107" HPOS="2133" CONTENT="ולזה"/><String HEIGHT="85" WIDTH="250" VPOS="1107" HPOS="2258" CONTENT="מאוחרף"/><String HEIGHT="85" WIDTH="175" VPOS="1107" HPOS="2433" CONTENT="הנה"/><String HEIGHT="85" WIDTH="200" VPOS="1107" HPOS="2533" CONTENT="בכדי"/><String HEIGHT="85" WIDTH="175" VPOS="1107" HPOS="2633" CONTENT="לקיים"/></TextLine><TextLine ID="line_1522079346661_573" BASELINE="1258" HEIGHT="107" WIDTH="1268" VPOS="1151" HPOS="1540"><String HEIGHT="107" WIDTH="211" VPOS="1151" HPOS="1517" CONTENT="אזהרת"/><String HEIGHT="107" WIDTH="211" VPOS="1151" HPOS="1657" CONTENT="הכתוב"/><String HEIGHT="107" WIDTH="282" VPOS="1151" HPOS="1798" CONTENT="מחוייבים"/><String HEIGHT="107" WIDTH="188" VPOS="1151" HPOS="2010" CONTENT="לפ״ז"/><String HEIGHT="107" WIDTH="164" VPOS="1151" HPOS="2127" CONTENT="בכל"/><String HEIGHT="107" WIDTH="188" VPOS="1151" HPOS="2221" CONTENT="חלקי"/><String HEIGHT="107" WIDTH="211" VPOS="1151" HPOS="2338" CONTENT="הישוב"/><String HEIGHT="107" WIDTH="211" VPOS="1151" HPOS="2479" CONTENT="לשמור"/><String HEIGHT="107" WIDTH="141" VPOS="1151" HPOS="2620" CONTENT="את"/><String HEIGHT="107" WIDTH="141" VPOS="1151" HPOS="2667" CONTENT="שבתם"/></TextLine><TextLine ID="region_1522078076250_551l14" BASELINE="1319" HEIGHT="83" WIDTH="1272" VPOS="1236" HPOS="1545"><String HEIGHT="83" WIDTH="171" VPOS="1236" HPOS="1521" CONTENT="לפי"/><String HEIGHT="83" WIDTH="220" VPOS="1236" HPOS="1618" CONTENT="אופקם"/><String HEIGHT="83" WIDTH="220" VPOS="1236" HPOS="1765" CONTENT="באופן"/><String HEIGHT="83" WIDTH="220" VPOS="1236" HPOS="1912" CONTENT="מסכים"/><String HEIGHT="83" WIDTH="245" VPOS="1236" HPOS="2059" CONTENT="ומשתוה"/><String HEIGHT="83" WIDTH="147" VPOS="1236" HPOS="2230" CONTENT="עם"/><String HEIGHT="83" WIDTH="196" VPOS="1236" HPOS="2303" CONTENT="השבת"/><String HEIGHT="83" WIDTH="220" VPOS="1236" HPOS="2426" CONTENT="שבא״י"/><String HEIGHT="83" WIDTH="220" VPOS="1236" HPOS="2572" CONTENT="בשעור"/><String HEIGHT="83" WIDTH="122" VPOS="1236" HPOS="2695" CONTENT="זמן"/></TextLine><TextLine ID="region_1522078076250_551l15" BASELINE="1378" HEIGHT="96" WIDTH="1259" VPOS="1282" HPOS="1547"><String HEIGHT="96" WIDTH="214" VPOS="1282" HPOS="1523" CONTENT="היותר"/><String HEIGHT="96" WIDTH="190" VPOS="1282" HPOS="1666" CONTENT="גדול"/><String HEIGHT="96" WIDTH="214" VPOS="1282" HPOS="1785" CONTENT="שאפשר"/><String HEIGHT="96" WIDTH="214" VPOS="1282" HPOS="1927" CONTENT="במקום"/><String HEIGHT="96" WIDTH="214" VPOS="1282" HPOS="2070" CONTENT="ההוא,"/><String HEIGHT="96" WIDTH="190" VPOS="1282" HPOS="2212" CONTENT="ואין"/><String HEIGHT="96" WIDTH="166" VPOS="1282" HPOS="2331" CONTENT="אנו"/><String HEIGHT="96" WIDTH="214" VPOS="1282" HPOS="2426" CONTENT="רשאים"/><String HEIGHT="96" WIDTH="238" VPOS="1282" HPOS="2568" CONTENT="להקדים"/><String HEIGHT="96" WIDTH="95" VPOS="1282" HPOS="2711" CONTENT="או"/></TextLine><TextLine ID="region_1522078076250_551l16" BASELINE="1451" HEIGHT="89" WIDTH="1282" VPOS="1362" HPOS="1536"><String HEIGHT="89" WIDTH="209" VPOS="1362" HPOS="1510" CONTENT="לאחר"/><String HEIGHT="89" WIDTH="157" VPOS="1362" HPOS="1641" CONTENT="את"/><String HEIGHT="89" WIDTH="183" VPOS="1362" HPOS="1719" CONTENT="זמן"/><String HEIGHT="89" WIDTH="209" VPOS="1362" HPOS="1824" CONTENT="השבת"/><String HEIGHT="89" WIDTH="209" VPOS="1362" HPOS="1955" CONTENT="אצלם"/><String HEIGHT="89" WIDTH="235" VPOS="1362" HPOS="2085" CONTENT="באופן"/><String HEIGHT="89" WIDTH="235" VPOS="1362" HPOS="2242" CONTENT="שעי״ז"/><String HEIGHT="89" WIDTH="209" VPOS="1362" HPOS="2399" CONTENT="יקצר"/><String HEIGHT="89" WIDTH="183" VPOS="1362" HPOS="2530" CONTENT="זמן"/><String HEIGHT="89" WIDTH="209" VPOS="1362" HPOS="2609" CONTENT="שביתתם"/></TextLine><TextLine ID="region_1522078076250_551l17" BASELINE="1510" HEIGHT="98" WIDTH="1291" VPOS="1412" HPOS="1526"><String HEIGHT="98" WIDTH="203" VPOS="1412" HPOS="1501" CONTENT="בשוה"/><String HEIGHT="98" WIDTH="152" VPOS="1412" HPOS="1627" CONTENT="עם"/><String HEIGHT="98" WIDTH="177" VPOS="1412" HPOS="1703" CONTENT="א&#34;י"/><String HEIGHT="98" WIDTH="203" VPOS="1412" HPOS="1804" CONTENT="בכדי"/><String HEIGHT="98" WIDTH="177" VPOS="1412" HPOS="1931" CONTENT="זמן"/><String HEIGHT="98" WIDTH="228" VPOS="1412" HPOS="2032" CONTENT="ידוע."/><String HEIGHT="98" WIDTH="177" VPOS="1412" HPOS="2184" CONTENT="וכל"/><String HEIGHT="98" WIDTH="228" VPOS="1412" HPOS="2285" CONTENT="מדינה"/><String HEIGHT="98" WIDTH="253" VPOS="1412" HPOS="2437" CONTENT="השומרת"/><String HEIGHT="98" WIDTH="152" VPOS="1412" HPOS="2614" CONTENT="את"/><String HEIGHT="98" WIDTH="152" VPOS="1412" HPOS="2665" CONTENT="שבתה"/></TextLine></TextBlock><TextBlock ID="region_1522078080371_552" HEIGHT="1290" WIDTH="1298" VPOS="253" HPOS="216"><Shape><Polygon POINTS="1514,253 216,253 216,1543 1514,1543"/></Shape><TextLine ID="region_1522078080371_552l1" BASELINE="366" HEIGHT="101" WIDTH="1256" VPOS="265" HPOS="236"><String HEIGHT="101" WIDTH="154" VPOS="265" HPOS="210" CONTENT="רק"/><String HEIGHT="101" WIDTH="179" VPOS="265" HPOS="287" CONTENT="זמן"/><String HEIGHT="101" WIDTH="179" VPOS="265" HPOS="390" CONTENT="קצר"/><String HEIGHT="101" WIDTH="154" VPOS="265" HPOS="492" CONTENT="מן"/><String HEIGHT="101" WIDTH="205" VPOS="265" HPOS="569" CONTENT="היום"/><String HEIGHT="101" WIDTH="256" VPOS="265" HPOS="697" CONTENT="המקודש"/><String HEIGHT="101" WIDTH="231" VPOS="265" HPOS="877" CONTENT="שבא&#34;י"/><String HEIGHT="101" WIDTH="205" VPOS="265" HPOS="1031" CONTENT="בעוד"/><String HEIGHT="101" WIDTH="231" VPOS="265" HPOS="1159" CONTENT="שאפשר"/><String HEIGHT="101" WIDTH="154" VPOS="265" HPOS="1313" CONTENT="לה"/><String HEIGHT="101" WIDTH="128" VPOS="265" HPOS="1364" CONTENT="לפי"/></TextLine><TextLine ID="region_1522078080371_552l2" BASELINE="426" HEIGHT="88" WIDTH="1272" VPOS="338" HPOS="234"><String HEIGHT="88" WIDTH="208" VPOS="338" HPOS="211" CONTENT="מקומה"/><String HEIGHT="88" WIDTH="208" VPOS="338" HPOS="350" CONTENT="לשבות"/><String HEIGHT="88" WIDTH="162" VPOS="338" HPOS="488" CONTENT="זמן"/><String HEIGHT="88" WIDTH="185" VPOS="338" HPOS="581" CONTENT="יותר"/><String HEIGHT="88" WIDTH="208" VPOS="338" HPOS="697" CONTENT="ממנו,"/><String HEIGHT="88" WIDTH="162" VPOS="338" HPOS="835" CONTENT="היא"/><String HEIGHT="88" WIDTH="185" VPOS="338" HPOS="928" CONTENT="בכלל"/><String HEIGHT="88" WIDTH="208" VPOS="338" HPOS="1043" CONTENT="מחללי"/><String HEIGHT="88" WIDTH="208" VPOS="338" HPOS="1182" CONTENT="שבתות"/><String HEIGHT="88" WIDTH="162" VPOS="338" HPOS="1321" CONTENT="ה׳,"/><String HEIGHT="88" WIDTH="116" VPOS="338" HPOS="1390" CONTENT="וכן"/></TextLine><TextLine ID="line_1522079370962_574" BASELINE="489" HEIGHT="87" WIDTH="1272" VPOS="402" HPOS="232"><String HEIGHT="87" WIDTH="175" VPOS="402" HPOS="207" CONTENT="הוא"/><String HEIGHT="87" WIDTH="200" VPOS="402" HPOS="307" CONTENT="הדין"/><String HEIGHT="87" WIDTH="175" VPOS="402" HPOS="432" CONTENT="אצל"/><String HEIGHT="87" WIDTH="274" VPOS="402" HPOS="531" CONTENT="המועדים"/><String HEIGHT="87" WIDTH="175" VPOS="402" HPOS="731" CONTENT="אשר"/><String HEIGHT="87" WIDTH="150" VPOS="402" HPOS="831" CONTENT="גם"/><String HEIGHT="87" WIDTH="175" VPOS="402" HPOS="905" CONTENT="בהם"/><String HEIGHT="87" WIDTH="200" VPOS="402" HPOS="1005" CONTENT="נאמר"/><String HEIGHT="87" WIDTH="175" VPOS="402" HPOS="1130" CONTENT="בכל"/><String HEIGHT="87" WIDTH="299" VPOS="402" HPOS="1205" CONTENT="מושבותיכם,"/></TextLine><TextLine ID="region_1522078080371_552l3" BASELINE="555" HEIGHT="105" WIDTH="1269" VPOS="450" HPOS="230"><String HEIGHT="105" WIDTH="178" VPOS="450" HPOS="208" CONTENT="וכפי"/><String HEIGHT="105" WIDTH="200" VPOS="450" HPOS="319" CONTENT="הידוע"/><String HEIGHT="105" WIDTH="223" VPOS="450" HPOS="453" CONTENT="קביעות"/><String HEIGHT="105" WIDTH="245" VPOS="450" HPOS="608" CONTENT="המועדים"/><String HEIGHT="105" WIDTH="200" VPOS="450" HPOS="787" CONTENT="אצלנו"/><String HEIGHT="105" WIDTH="178" VPOS="450" HPOS="920" CONTENT="תלוי"/><String HEIGHT="105" WIDTH="134" VPOS="450" HPOS="1031" CONTENT="רק"/><String HEIGHT="105" WIDTH="178" VPOS="450" HPOS="1098" CONTENT="בא״י"/><String HEIGHT="105" WIDTH="156" VPOS="450" HPOS="1210" CONTENT="לפי"/><String HEIGHT="105" WIDTH="178" VPOS="450" HPOS="1299" CONTENT="הרגע"/><String HEIGHT="105" WIDTH="111" VPOS="450" HPOS="1388" CONTENT="שחל"/></TextLine><TextLine ID="region_1522078080371_552l4" BASELINE="618" HEIGHT="89" WIDTH="1279" VPOS="529" HPOS="221"><String HEIGHT="89" WIDTH="140" VPOS="529" HPOS="198" CONTENT="בו"/><String HEIGHT="89" WIDTH="209" VPOS="529" HPOS="268" CONTENT="המולד"/><String HEIGHT="89" WIDTH="302" VPOS="529" HPOS="407" CONTENT="בירושלים,"/><String HEIGHT="89" WIDTH="163" VPOS="529" HPOS="640" CONTENT="א&#34;כ"/><String HEIGHT="89" WIDTH="163" VPOS="529" HPOS="733" CONTENT="בכל"/><String HEIGHT="89" WIDTH="186" VPOS="529" HPOS="826" CONTENT="חלקי"/><String HEIGHT="89" WIDTH="209" VPOS="529" HPOS="942" CONTENT="הישוב"/><String HEIGHT="89" WIDTH="279" VPOS="529" HPOS="1081" CONTENT="מחוייבים"/><String HEIGHT="89" WIDTH="209" VPOS="529" HPOS="1291" CONTENT="לשמור"/><String HEIGHT="89" WIDTH="93" VPOS="529" HPOS="1407" CONTENT="את"/></TextLine><TextLine ID="region_1522078080371_552l5" BASELINE="680" HEIGHT="88" WIDTH="1265" VPOS="592" HPOS="233"><String HEIGHT="88" WIDTH="184" VPOS="592" HPOS="207" CONTENT="ימי"/><String HEIGHT="88" WIDTH="290" VPOS="592" HPOS="312" CONTENT="המועדים"/><String HEIGHT="88" WIDTH="237" VPOS="592" HPOS="523" CONTENT="בעצמם"/><String HEIGHT="88" WIDTH="316" VPOS="592" HPOS="681" CONTENT="המקודשים"/><String HEIGHT="88" WIDTH="237" VPOS="592" HPOS="918" CONTENT="בא״י."/><String HEIGHT="88" WIDTH="237" VPOS="592" HPOS="1076" CONTENT="באופן"/><String HEIGHT="88" WIDTH="184" VPOS="592" HPOS="1234" CONTENT="שכל"/><String HEIGHT="88" WIDTH="184" VPOS="592" HPOS="1314" CONTENT="מדינה"/></TextLine><TextLine ID="region_1522078080371_552l6" BASELINE="748" HEIGHT="97" WIDTH="1285" VPOS="651" HPOS="223"><String HEIGHT="97" WIDTH="252" VPOS="651" HPOS="198" CONTENT="ומדינה"/><String HEIGHT="97" WIDTH="227" VPOS="651" HPOS="374" CONTENT="תשתתף"/><String HEIGHT="97" WIDTH="151" VPOS="651" HPOS="525" CONTENT="עם"/><String HEIGHT="97" WIDTH="176" VPOS="651" HPOS="601" CONTENT="יום"/><String HEIGHT="97" WIDTH="252" VPOS="651" HPOS="702" CONTENT="המקודש"/><String HEIGHT="97" WIDTH="202" VPOS="651" HPOS="878" CONTENT="ההוא"/><String HEIGHT="97" WIDTH="328" VPOS="651" HPOS="1004" CONTENT="שבירושלים"/><String HEIGHT="97" WIDTH="227" VPOS="651" HPOS="1256" CONTENT="בשעור"/><String HEIGHT="97" WIDTH="126" VPOS="651" HPOS="1382" CONTENT="זמן"/></TextLine><TextLine ID="region_1522078080371_552l7" BASELINE="810" HEIGHT="84" WIDTH="710" VPOS="726" HPOS="799"><String HEIGHT="84" WIDTH="228" VPOS="726" HPOS="774" CONTENT="היותר"/><String HEIGHT="84" WIDTH="203" VPOS="726" HPOS="926" CONTENT="גדול"/><String HEIGHT="84" WIDTH="228" VPOS="726" HPOS="1053" CONTENT="שאפשר"/><String HEIGHT="84" WIDTH="228" VPOS="726" HPOS="1205" CONTENT="במקום"/><String HEIGHT="84" WIDTH="178" VPOS="726" HPOS="1332" CONTENT="ההוא."/></TextLine><TextLine ID="region_1522078080371_552l8" BASELINE="931" HEIGHT="90" WIDTH="1176" VPOS="841" HPOS="218"><String HEIGHT="90" WIDTH="230" VPOS="841" HPOS="192" CONTENT="ומעתה"/><String HEIGHT="90" WIDTH="153" VPOS="841" HPOS="346" CONTENT="צא"/><String HEIGHT="90" WIDTH="230" VPOS="841" HPOS="423" CONTENT="וחשוב"/><String HEIGHT="90" WIDTH="230" VPOS="841" HPOS="576" CONTENT="ותמצא"/><String HEIGHT="90" WIDTH="205" VPOS="841" HPOS="729" CONTENT="שלפי"/><String HEIGHT="90" WIDTH="230" VPOS="841" HPOS="857" CONTENT="אזהרה"/><String HEIGHT="90" WIDTH="205" VPOS="841" HPOS="1011" CONTENT="כזאת"/><String HEIGHT="90" WIDTH="179" VPOS="841" HPOS="1138" CONTENT="א״א"/><String HEIGHT="90" WIDTH="179" VPOS="841" HPOS="1215" CONTENT="שיהיה"/></TextLine><TextLine ID="region_1522078080371_552l9" BASELINE="999" HEIGHT="94" WIDTH="1269" VPOS="905" HPOS="232"><String HEIGHT="94" WIDTH="220" VPOS="905" HPOS="208" CONTENT="אצלנו"/><String HEIGHT="94" WIDTH="171" VPOS="905" HPOS="354" CONTENT="שום"/><String HEIGHT="94" WIDTH="293" VPOS="905" HPOS="452" CONTENT="מערידיאן"/><String HEIGHT="94" WIDTH="171" VPOS="905" HPOS="671" CONTENT="אחר"/><String HEIGHT="94" WIDTH="171" VPOS="905" HPOS="769" CONTENT="אשר"/><String HEIGHT="94" WIDTH="146" VPOS="905" HPOS="867" CONTENT="על"/><String HEIGHT="94" WIDTH="171" VPOS="905" HPOS="940" CONTENT="ידו"/><String HEIGHT="94" WIDTH="244" VPOS="905" HPOS="1037" CONTENT="תתקיים"/><String HEIGHT="94" WIDTH="220" VPOS="905" HPOS="1208" CONTENT="כוונת"/><String HEIGHT="94" WIDTH="171" VPOS="905" HPOS="1330" CONTENT="התורה"/></TextLine><TextLine ID="region_1522078080371_552l10" BASELINE="1063" HEIGHT="90" WIDTH="1279" VPOS="973" HPOS="221"><String HEIGHT="90" WIDTH="183" VPOS="973" HPOS="195" CONTENT="בכל"/><String HEIGHT="90" WIDTH="209" VPOS="973" HPOS="299" CONTENT="חלקי"/><String HEIGHT="90" WIDTH="261" VPOS="973" HPOS="430" CONTENT="הישוב,"/><String HEIGHT="90" WIDTH="157" VPOS="973" HPOS="613" CONTENT="רק"/><String HEIGHT="90" WIDTH="339" VPOS="973" HPOS="691" CONTENT="המערידיאן"/><String HEIGHT="90" WIDTH="235" VPOS="973" HPOS="952" CONTENT="הרחוק"/><String HEIGHT="90" WIDTH="313" VPOS="973" HPOS="1108" CONTENT="מירושלים"/><String HEIGHT="90" WIDTH="183" VPOS="973" HPOS="1317" CONTENT="למזרח"/></TextLine><TextLine ID="region_1522078080371_552l12" BASELINE="1124" HEIGHT="92" WIDTH="1269" VPOS="1032" HPOS="235"><String HEIGHT="92" WIDTH="235" VPOS="1032" HPOS="212" CONTENT="ולמערב"/><String HEIGHT="92" WIDTH="188" VPOS="1032" HPOS="376" CONTENT="מכון"/><String HEIGHT="92" WIDTH="212" VPOS="1032" HPOS="494" CONTENT="180°,"/><String HEIGHT="92" WIDTH="141" VPOS="1032" HPOS="635" CONTENT="כי"/><String HEIGHT="92" WIDTH="141" VPOS="1032" HPOS="705" CONTENT="אז"/><String HEIGHT="92" WIDTH="188" VPOS="1032" HPOS="776" CONTENT="תהיה"/><String HEIGHT="92" WIDTH="141" VPOS="1032" HPOS="893" CONTENT="גם"/><String HEIGHT="92" WIDTH="235" VPOS="1032" HPOS="964" CONTENT="המדינה"/><String HEIGHT="92" WIDTH="235" VPOS="1032" HPOS="1128" CONTENT="הרחוקה"/><String HEIGHT="92" WIDTH="235" VPOS="1032" HPOS="1269" CONTENT="מירושלים"/></TextLine><TextLine ID="region_1522078080371_552l13" BASELINE="1195" HEIGHT="95" WIDTH="1291" VPOS="1100" HPOS="223"><String HEIGHT="95" WIDTH="253" VPOS="1100" HPOS="198" CONTENT="בתכלית"/><String HEIGHT="95" WIDTH="253" VPOS="1100" HPOS="375" CONTENT="הריחוק"/><String HEIGHT="95" WIDTH="253" VPOS="1100" HPOS="552" CONTENT="משתתפת"/><String HEIGHT="95" WIDTH="177" VPOS="1100" HPOS="729" CONTENT="עמה"/><String HEIGHT="95" WIDTH="253" VPOS="1100" HPOS="831" CONTENT="בשמירת"/><String HEIGHT="95" WIDTH="203" VPOS="1100" HPOS="1008" CONTENT="השבת"/><String HEIGHT="95" WIDTH="304" VPOS="1100" HPOS="1134" CONTENT="והמועדים"/><String HEIGHT="95" WIDTH="177" VPOS="1100" HPOS="1337" CONTENT="לפחות"/></TextLine><TextLine ID="region_1522078080371_552l14" BASELINE="1252" HEIGHT="87" WIDTH="1279" VPOS="1165" HPOS="224"><String HEIGHT="87" WIDTH="237" VPOS="1165" HPOS="200" CONTENT="בשיעור"/><String HEIGHT="87" WIDTH="166" VPOS="1165" HPOS="366" CONTENT="זמן"/><String HEIGHT="87" WIDTH="166" VPOS="1165" HPOS="461" CONTENT="י&#34;ב"/><String HEIGHT="87" WIDTH="189" VPOS="1165" HPOS="556" CONTENT="שעות"/><String HEIGHT="87" WIDTH="142" VPOS="1165" HPOS="674" CONTENT="מן"/><String HEIGHT="87" WIDTH="213" VPOS="1165" HPOS="745" CONTENT="היום,"/><String HEIGHT="87" WIDTH="213" VPOS="1165" HPOS="887" CONTENT="משא״כ"/><String HEIGHT="87" WIDTH="142" VPOS="1165" HPOS="1029" CONTENT="אם"/><String HEIGHT="87" WIDTH="166" VPOS="1165" HPOS="1100" CONTENT="נקח"/><String HEIGHT="87" WIDTH="166" VPOS="1165" HPOS="1195" CONTENT="לנו"/><String HEIGHT="87" WIDTH="237" VPOS="1165" HPOS="1266" CONTENT="מערידיאן"/></TextLine><TextLine ID="region_1522078080371_552l15" BASELINE="1314" HEIGHT="90" WIDTH="1263" VPOS="1224" HPOS="240"><String HEIGHT="90" WIDTH="167" VPOS="1224" HPOS="216" CONTENT="אחר"/><String HEIGHT="90" WIDTH="191" VPOS="1224" HPOS="311" CONTENT="איזה"/><String HEIGHT="90" WIDTH="238" VPOS="1224" HPOS="431" CONTENT="שיהיה,"/><String HEIGHT="90" WIDTH="143" VPOS="1224" HPOS="597" CONTENT="או"/><String HEIGHT="90" WIDTH="238" VPOS="1224" HPOS="669" CONTENT="תהיינה"/><String HEIGHT="90" WIDTH="262" VPOS="1224" HPOS="836" CONTENT="המדינות"/><String HEIGHT="90" WIDTH="262" VPOS="1224" HPOS="1026" CONTENT="הרחוקות"/><String HEIGHT="90" WIDTH="143" VPOS="1224" HPOS="1217" CONTENT="מן"/><String HEIGHT="90" WIDTH="167" VPOS="1224" HPOS="1289" CONTENT="א&#34;י"/><String HEIGHT="90" WIDTH="143" VPOS="1224" HPOS="1360" CONTENT="יותר"/></TextLine><TextLine ID="region_1522078080371_552l16" BASELINE="1387" HEIGHT="96" WIDTH="1083" VPOS="1291" HPOS="417"><String HEIGHT="96" WIDTH="235" VPOS="1291" HPOS="393" CONTENT="פוחתות"/><String HEIGHT="96" WIDTH="141" VPOS="1291" HPOS="558" CONTENT="מן"/><String HEIGHT="96" WIDTH="188" VPOS="1291" HPOS="629" CONTENT="הזמן"/><String HEIGHT="96" WIDTH="235" VPOS="1291" HPOS="747" CONTENT="האמיתי"/><String HEIGHT="96" WIDTH="212" VPOS="1291" HPOS="911" CONTENT="הראוי"/><String HEIGHT="96" WIDTH="165" VPOS="1291" HPOS="1053" CONTENT="להם"/><String HEIGHT="96" WIDTH="212" VPOS="1291" HPOS="1147" CONTENT="לשבות"/><String HEIGHT="96" WIDTH="165" VPOS="1291" HPOS="1288" CONTENT="לפי"/><String HEIGHT="96" WIDTH="141" VPOS="1291" HPOS="1359" CONTENT="א״י."/></TextLine><TextLine ID="region_1522078080371_552l17" BASELINE="1460" HEIGHT="96" WIDTH="264" VPOS="1364" HPOS="349"><String HEIGHT="96" WIDTH="192" VPOS="1364" HPOS="325" CONTENT="(סוף"/><String HEIGHT="96" WIDTH="192" VPOS="1364" HPOS="421" CONTENT="יבוא)."/></TextLine></TextBlock><TextBlock ID="region_1522078085337_553" HEIGHT="1020" WIDTH="2606" VPOS="1612" HPOS="216"><Shape><Polygon POINTS="2822,1612 216,1612 216,2632 2822,2632"/></Shape><TextLine ID="region_1522078085337_553l1" BASELINE="1793" HEIGHT="105" WIDTH="720" VPOS="1688" HPOS="1173"><String HEIGHT="105" WIDTH="540" VPOS="1688" HPOS="1113" CONTENT="הודעת"/><String HEIGHT="105" WIDTH="480" VPOS="1688" HPOS="1413" CONTENT="המו&#34;ל."/></TextLine><TextLine ID="region_1522078085337_553l2" BASELINE="1894" HEIGHT="109" WIDTH="2319" VPOS="1785" HPOS="369"><String HEIGHT="109" WIDTH="222" VPOS="1785" HPOS="337" CONTENT="אלה"/><String HEIGHT="109" WIDTH="222" VPOS="1785" HPOS="464" CONTENT="המה"/><String HEIGHT="109" WIDTH="254" VPOS="1785" HPOS="591" CONTENT="שמות"/><String HEIGHT="109" WIDTH="349" VPOS="1785" HPOS="750" CONTENT="הסוכנים"/><String HEIGHT="109" WIDTH="222" VPOS="1785" HPOS="1004" CONTENT="אשר"/><String HEIGHT="109" WIDTH="254" VPOS="1785" HPOS="1131" CONTENT="קבלו"/><String HEIGHT="109" WIDTH="286" VPOS="1785" HPOS="1290" CONTENT="עליהם"/><String HEIGHT="109" WIDTH="254" VPOS="1785" HPOS="1481" CONTENT="בטוב"/><String HEIGHT="109" WIDTH="254" VPOS="1785" HPOS="1640" CONTENT="לבבם"/><String HEIGHT="109" WIDTH="254" VPOS="1785" HPOS="1799" CONTENT="לקבל"/><String HEIGHT="109" WIDTH="318" VPOS="1785" HPOS="1957" CONTENT="חתומים"/><String HEIGHT="109" WIDTH="191" VPOS="1785" HPOS="2180" CONTENT="על"/><String HEIGHT="109" WIDTH="254" VPOS="1785" HPOS="2275" CONTENT="המ&#34;ע"/><String HEIGHT="109" WIDTH="286" VPOS="1785" HPOS="2402" CONTENT="הצפירה."/></TextLine><TextLine ID="region_1522078085337_553l3" BASELINE="1981" HEIGHT="120" WIDTH="2601" VPOS="1861" HPOS="223"><String HEIGHT="120" WIDTH="226" VPOS="1861" HPOS="200" CONTENT="ברוסיא"/><String HEIGHT="120" WIDTH="204" VPOS="1861" HPOS="359" CONTENT="הסוכן"/><String HEIGHT="120" WIDTH="204" VPOS="1861" HPOS="494" CONTENT="הכללי"/><String HEIGHT="120" WIDTH="226" VPOS="1861" HPOS="630" CONTENT="ידידנו"/><String HEIGHT="120" WIDTH="181" VPOS="1861" HPOS="788" CONTENT="החכם"/><String HEIGHT="120" WIDTH="204" VPOS="1861" HPOS="902" CONTENT="מוהר׳"/><String HEIGHT="120" WIDTH="204" VPOS="1861" HPOS="1037" CONTENT="יהודה"/><String HEIGHT="120" WIDTH="158" VPOS="1861" HPOS="1173" CONTENT="ליב"/><String HEIGHT="120" WIDTH="226" VPOS="1861" HPOS="1263" CONTENT="גארדאן"/><String HEIGHT="120" WIDTH="181" VPOS="1861" HPOS="1422" CONTENT="ני׳."/><String HEIGHT="120" WIDTH="158" VPOS="1861" HPOS="1535" CONTENT="וכל"/><String HEIGHT="120" WIDTH="204" VPOS="1861" HPOS="1625" CONTENT="הרוצה"/><String HEIGHT="120" WIDTH="181" VPOS="1861" HPOS="1761" CONTENT="לבוא"/><String HEIGHT="120" WIDTH="136" VPOS="1861" HPOS="1874" CONTENT="על"/><String HEIGHT="120" WIDTH="226" VPOS="1861" HPOS="1942" CONTENT="החתום,"/><String HEIGHT="120" WIDTH="136" VPOS="1861" HPOS="2100" CONTENT="או"/><String HEIGHT="120" WIDTH="181" VPOS="1861" HPOS="2168" CONTENT="לקבץ"/><String HEIGHT="120" WIDTH="226" VPOS="1861" HPOS="2281" CONTENT="חתומים"/><String HEIGHT="120" WIDTH="204" VPOS="1861" HPOS="2440" CONTENT="בעירו"/><String HEIGHT="120" WIDTH="181" VPOS="1861" HPOS="2575" CONTENT="יפנה"/><String HEIGHT="120" WIDTH="181" VPOS="1861" HPOS="2688" CONTENT="אליו"/><String HEIGHT="120" WIDTH="45" VPOS="1861" HPOS="2779" CONTENT=""/></TextLine><TextLine ID="region_1522078085337_553l4" BASELINE="2037" HEIGHT="71" WIDTH="533" VPOS="1966" HPOS="1266"><String HEIGHT="71" WIDTH="267" VPOS="1966" HPOS="1239" CONTENT="במכתבו"/><String HEIGHT="71" WIDTH="187" VPOS="1966" HPOS="1426" CONTENT="ע״פ"/><String HEIGHT="71" WIDTH="293" VPOS="1966" HPOS="1506" CONTENT="האדרעססע:"/></TextLine><TextLine ID="region_1522078085337_553l5" BASELINE="2148" HEIGHT="109" WIDTH="2364" VPOS="2039" HPOS="336"><String HEIGHT="109" WIDTH="161" VPOS="2039" HPOS="309" CONTENT="An"/><String HEIGHT="109" WIDTH="188" VPOS="2039" HPOS="390" CONTENT="das"/><String HEIGHT="109" WIDTH="269" VPOS="2039" HPOS="497" CONTENT="Comité"/><String HEIGHT="109" WIDTH="188" VPOS="2039" HPOS="685" CONTENT="zur"/><String HEIGHT="109" WIDTH="349" VPOS="2039" HPOS="793" CONTENT="Förderung"/><String HEIGHT="109" WIDTH="188" VPOS="2039" HPOS="1061" CONTENT="der"/><String HEIGHT="109" WIDTH="376" VPOS="2039" HPOS="1169" CONTENT="Aufklärung"/><String HEIGHT="109" WIDTH="242" VPOS="2039" HPOS="1464" CONTENT="unter"/><String HEIGHT="109" WIDTH="188" VPOS="2039" HPOS="1625" CONTENT="den"/><String HEIGHT="109" WIDTH="242" VPOS="2039" HPOS="1733" CONTENT="Juden"/><String HEIGHT="109" WIDTH="161" VPOS="2039" HPOS="1894" CONTENT="in"/><String HEIGHT="109" WIDTH="349" VPOS="2039" HPOS="1975" CONTENT="Russland."/><String HEIGHT="109" WIDTH="188" VPOS="2039" HPOS="2243" CONTENT="St."/><String HEIGHT="109" WIDTH="403" VPOS="2039" HPOS="2351" CONTENT="Petersburg,"/><String HEIGHT="109" WIDTH="54" VPOS="2039" HPOS="2646" CONTENT=""/></TextLine><TextLine ID="region_1522078085337_553l6" BASELINE="2207" HEIGHT="88" WIDTH="1805" VPOS="2119" HPOS="635"><String HEIGHT="88" WIDTH="431" VPOS="2119" HPOS="608" CONTENT="Herr MICHAEL"/><String HEIGHT="88" WIDTH="377" VPOS="2119" HPOS="958" CONTENT="SLONIMSKI,"/><String HEIGHT="88" WIDTH="162" VPOS="2119" HPOS="1255" CONTENT="in"/><String HEIGHT="88" WIDTH="350" VPOS="2119" HPOS="1335" CONTENT="Warschau,"/><String HEIGHT="88" WIDTH="296" VPOS="2119" HPOS="1605" CONTENT="במדינות"/><String HEIGHT="88" WIDTH="242" VPOS="2119" HPOS="1820" CONTENT="פולין"/><String HEIGHT="88" WIDTH="242" VPOS="2119" HPOS="1982" CONTENT="הסוכן"/><String HEIGHT="88" WIDTH="242" VPOS="2119" HPOS="2144" CONTENT="הכללי"/><String HEIGHT="88" WIDTH="189" VPOS="2119" HPOS="2305" CONTENT="הוא"/><String HEIGHT="88" WIDTH="54" VPOS="2119" HPOS="2386" CONTENT=""/></TextLine><TextLine ID="region_1522078085337_553l7" BASELINE="2282" HEIGHT="98" WIDTH="1895" VPOS="2184" HPOS="575"><String HEIGHT="98" WIDTH="339" VPOS="2184" HPOS="547" CONTENT="Gebrüder"/><String HEIGHT="98" WIDTH="283" VPOS="2184" HPOS="801" CONTENT="WINTER"/><String HEIGHT="98" WIDTH="170" VPOS="2184" HPOS="999" CONTENT="in"/><String HEIGHT="98" WIDTH="255" VPOS="2184" HPOS="1084" CONTENT="Wien,"/><String HEIGHT="98" WIDTH="198" VPOS="2184" HPOS="1254" CONTENT="וגם"/><String HEIGHT="98" WIDTH="255" VPOS="2184" HPOS="1367" CONTENT="Herrn"/><String HEIGHT="98" WIDTH="311" VPOS="2184" HPOS="1537" CONTENT="A.Faust"/><String HEIGHT="98" WIDTH="170" VPOS="2184" HPOS="1763" CONTENT="in"/><String HEIGHT="98" WIDTH="283" VPOS="2184" HPOS="1848" CONTENT="Krakau"/><String HEIGHT="98" WIDTH="283" VPOS="2184" HPOS="2046" CONTENT="במדינת"/><String HEIGHT="98" WIDTH="255" VPOS="2184" HPOS="2215" CONTENT="עסטרייך"/></TextLine><TextLine ID="region_1522078085337_553l8" BASELINE="2356" HEIGHT="102" WIDTH="1102" VPOS="2254" HPOS="965"><String HEIGHT="102" WIDTH="254" VPOS="2254" HPOS="937" CONTENT="Herrn"/><String HEIGHT="102" WIDTH="254" VPOS="2254" HPOS="1106" CONTENT="Isaak"/><String HEIGHT="102" WIDTH="283" VPOS="2254" HPOS="1276" CONTENT="HOLZER"/><String HEIGHT="102" WIDTH="170" VPOS="2254" HPOS="1474" CONTENT="in"/><String HEIGHT="102" WIDTH="311" VPOS="2254" HPOS="1558" CONTENT="RZESZOW"/><String HEIGHT="102" WIDTH="311" VPOS="2254" HPOS="1756" CONTENT="בגאליציען"/></TextLine><TextLine ID="region_1522078085337_553l9" BASELINE="2423" HEIGHT="97" WIDTH="1882" VPOS="2326" HPOS="620"><String HEIGHT="97" WIDTH="245" VPOS="2326" HPOS="593" CONTENT="Akiba"/><String HEIGHT="97" WIDTH="355" VPOS="2326" HPOS="756" CONTENT="CHASCHMAL"/><String HEIGHT="97" WIDTH="164" VPOS="2326" HPOS="1029" CONTENT="in"/><String HEIGHT="97" WIDTH="327" VPOS="2326" HPOS="1111" CONTENT="Bukarest"/><String HEIGHT="97" WIDTH="355" VPOS="2326" HPOS="1356" CONTENT="ברומעניען"/><String HEIGHT="97" WIDTH="191" VPOS="2326" HPOS="1629" CONTENT="הח׳"/><String HEIGHT="97" WIDTH="245" VPOS="2326" HPOS="1738" CONTENT="מוהר׳"/><String HEIGHT="97" WIDTH="245" VPOS="2326" HPOS="1902" CONTENT="עקיבא"/><String HEIGHT="97" WIDTH="218" VPOS="2326" HPOS="2066" CONTENT="חשמל"/><String HEIGHT="97" WIDTH="327" VPOS="2326" HPOS="2175" CONTENT="בבוקארעסט."/></TextLine><TextLine ID="region_1522078085337_553l10" BASELINE="2496" HEIGHT="98" WIDTH="1018" VPOS="2398" HPOS="1644"><String HEIGHT="98" WIDTH="188" VPOS="2398" HPOS="1617" CONTENT="וכל"/><String HEIGHT="98" WIDTH="214" VPOS="2398" HPOS="1724" CONTENT="החפץ"/><String HEIGHT="98" WIDTH="241" VPOS="2398" HPOS="1858" CONTENT="לפנות"/><String HEIGHT="98" WIDTH="188" VPOS="2398" HPOS="2019" CONTENT="אלי"/><String HEIGHT="98" WIDTH="268" VPOS="2398" HPOS="2126" CONTENT="במכתבו"/><String HEIGHT="98" WIDTH="295" VPOS="2398" HPOS="2314" CONTENT="האדרעסע"/><String HEIGHT="98" WIDTH="161" VPOS="2398" HPOS="2501" CONTENT="היא."/></TextLine><TextLine ID="region_1522078085337_553l11" BASELINE="2632" HEIGHT="119" WIDTH="1317" VPOS="2513" HPOS="874"><String HEIGHT="119" WIDTH="1373" VPOS="2513" HPOS="818" CONTENT="S. Slonimski in Berlin, Georgenkirchstrasse 19."/></TextLine></TextBlock><TextBlock ID="region_1522078090032_554" HEIGHT="863" WIDTH="1299" VPOS="2693" HPOS="1523"><Shape><Polygon POINTS="2822,2693 1523,2693 1523,3556 2822,3556"/></Shape><TextLine ID="region_1522078090032_554l4" BASELINE="2842" HEIGHT="93" WIDTH="260" VPOS="2749" HPOS="2058"><String HEIGHT="93" WIDTH="364" VPOS="2749" HPOS="1954" CONTENT="הודעה"/></TextLine><TextLine ID="region_1522078090032_554l5" BASELINE="2921" HEIGHT="97" WIDTH="527" VPOS="2824" HPOS="1923"><String HEIGHT="97" WIDTH="206" VPOS="2824" HPOS="1900" CONTENT="ליראי"/><String HEIGHT="97" WIDTH="137" VPOS="2824" HPOS="2038" CONTENT="ה׳"/><String HEIGHT="97" WIDTH="275" VPOS="2824" HPOS="2106" CONTENT="ולמשכילי"/><String HEIGHT="97" WIDTH="160" VPOS="2824" HPOS="2290" CONTENT="עמנו!"/></TextLine><TextLine ID="region_1522078090032_554l7" BASELINE="3024" HEIGHT="111" WIDTH="1244" VPOS="2913" HPOS="1552"><String HEIGHT="111" WIDTH="108" VPOS="2913" HPOS="1525" CONTENT=""/><String HEIGHT="111" WIDTH="162" VPOS="2913" HPOS="1552" CONTENT="מי"/><String HEIGHT="111" WIDTH="216" VPOS="2913" HPOS="1633" CONTENT="החפץ"/><String HEIGHT="111" WIDTH="243" VPOS="2913" HPOS="1768" CONTENT="בספרי"/><String HEIGHT="111" WIDTH="270" VPOS="2913" HPOS="1931" CONTENT="האמונה"/><String HEIGHT="111" WIDTH="270" VPOS="2913" HPOS="2120" CONTENT="והשכלה"/><String HEIGHT="111" WIDTH="189" VPOS="2913" HPOS="2309" CONTENT="אשר"/><String HEIGHT="111" WIDTH="189" VPOS="2913" HPOS="2417" CONTENT="יצא"/><String HEIGHT="111" WIDTH="216" VPOS="2913" HPOS="2526" CONTENT="לאור"/><String HEIGHT="111" WIDTH="162" VPOS="2913" HPOS="2634" CONTENT="כלול"/></TextLine><TextLine ID="region_1522078090032_554l8" BASELINE="3102" HEIGHT="105" WIDTH="1253" VPOS="2997" HPOS="1558"><String HEIGHT="105" WIDTH="226" VPOS="2997" HPOS="1533" CONTENT="בהדרו"/><String HEIGHT="105" WIDTH="226" VPOS="2997" HPOS="1683" CONTENT="בדפוס"/><String HEIGHT="105" WIDTH="200" VPOS="2997" HPOS="1834" CONTENT="רש״י"/><String HEIGHT="105" WIDTH="175" VPOS="2997" HPOS="1959" CONTENT="פין"/><String HEIGHT="105" WIDTH="376" VPOS="2997" HPOS="2059" CONTENT="וראזענקראנץ"/><String HEIGHT="105" WIDTH="301" VPOS="2997" HPOS="2360" CONTENT="בווילנא."/><String HEIGHT="105" WIDTH="200" VPOS="2997" HPOS="2585" CONTENT="יפנה"/><String HEIGHT="105" WIDTH="125" VPOS="2997" HPOS="2686" CONTENT="אלי"/></TextLine><TextLine ID="region_1522078090032_554l9" BASELINE="3159" HEIGHT="82" WIDTH="370" VPOS="3077" HPOS="2450"><String HEIGHT="82" WIDTH="159" VPOS="3077" HPOS="2424" CONTENT="על"/><String HEIGHT="82" WIDTH="291" VPOS="3077" HPOS="2503" CONTENT="אדרעססע"/><String HEIGHT="82" WIDTH="132" VPOS="3077" HPOS="2688" CONTENT="שלי"/></TextLine><TextLine ID="region_1522078090032_554l10" BASELINE="3268" HEIGHT="111" WIDTH="738" VPOS="3157" HPOS="1829"><String HEIGHT="111" WIDTH="574" VPOS="3157" HPOS="1788" CONTENT="Jehoschuah"/><String HEIGHT="111" WIDTH="369" VPOS="3157" HPOS="2198" CONTENT="Meisach"/></TextLine><TextLine ID="region_1522078090032_554l11" BASELINE="3351" HEIGHT="115" WIDTH="1089" VPOS="3236" HPOS="1735"><String HEIGHT="115" WIDTH="139" VPOS="3236" HPOS="1712" CONTENT="או"/><String HEIGHT="115" WIDTH="139" VPOS="3236" HPOS="1781" CONTENT="על"/><String HEIGHT="115" WIDTH="255" VPOS="3236" HPOS="1851" CONTENT="אדרעססע"/><String HEIGHT="115" WIDTH="139" VPOS="3236" HPOS="2036" CONTENT="של"/><String HEIGHT="115" WIDTH="209" VPOS="3236" HPOS="2106" CONTENT="ידידי"/><String HEIGHT="115" WIDTH="209" VPOS="3236" HPOS="2245" CONTENT="הגביר"/><String HEIGHT="115" WIDTH="185" VPOS="3236" HPOS="2384" CONTENT="החכם"/><String HEIGHT="115" WIDTH="185" VPOS="3236" HPOS="2500" CONTENT="השלם"/><String HEIGHT="115" WIDTH="162" VPOS="3236" HPOS="2615" CONTENT="כו׳"/><String HEIGHT="115" WIDTH="139" VPOS="3236" HPOS="2685" CONTENT="הר״ר"/></TextLine><TextLine ID="region_1522078090032_554l12" BASELINE="3419" HEIGHT="102" WIDTH="634" VPOS="3317" HPOS="1865"><String HEIGHT="102" WIDTH="197" VPOS="3317" HPOS="1843" CONTENT="„ברוך"/><String HEIGHT="102" WIDTH="328" VPOS="3317" HPOS="1974" CONTENT="קאפאלאוויטץ"/><String HEIGHT="102" WIDTH="284" VPOS="3317" HPOS="2215" CONTENT="בדינאבורג״."/></TextLine><TextLine ID="region_1522078090032_554l13" BASELINE="3500" HEIGHT="108" WIDTH="1099" VPOS="3392" HPOS="1639"><String HEIGHT="108" WIDTH="183" VPOS="3392" HPOS="1616" CONTENT="ובטח"/><String HEIGHT="108" WIDTH="183" VPOS="3392" HPOS="1731" CONTENT="ישיג"/><String HEIGHT="108" WIDTH="275" VPOS="3392" HPOS="1845" CONTENT="מבוקשתו."/><String HEIGHT="108" WIDTH="206" VPOS="3392" HPOS="2051" CONTENT="והנני"/><String HEIGHT="108" WIDTH="160" VPOS="3392" HPOS="2189" CONTENT="עבד"/><String HEIGHT="108" WIDTH="206" VPOS="3392" HPOS="2280" CONTENT="לעבדי"/><String HEIGHT="108" WIDTH="137" VPOS="3392" HPOS="2417" CONTENT="ה׳"/><String HEIGHT="108" WIDTH="183" VPOS="3392" HPOS="2486" CONTENT="יח״ס"/><String HEIGHT="108" WIDTH="160" VPOS="3392" HPOS="2578" CONTENT="מז״ח."/></TextLine></TextBlock><TextBlock ID="region_1522078095038_555" HEIGHT="872" WIDTH="1342" VPOS="2675" HPOS="181"><Shape><Polygon POINTS="1523,2675 181,2675 181,3547 1523,3547"/></Shape><TextLine ID="region_1522078095038_555l1" BASELINE="2817" HEIGHT="93" WIDTH="460" VPOS="2724" HPOS="647"><String HEIGHT="93" WIDTH="296" VPOS="2724" HPOS="614" CONTENT="שאלות"/><String HEIGHT="93" WIDTH="329" VPOS="2724" HPOS="778" CONTENT="ותשובות."/></TextLine><TextLine ID="region_1522078095038_555l2" BASELINE="2919" HEIGHT="111" WIDTH="1176" VPOS="2808" HPOS="237"><String HEIGHT="111" WIDTH="277" VPOS="2808" HPOS="214" CONTENT="להשואלים"/><String HEIGHT="111" WIDTH="138" VPOS="2808" HPOS="421" CONTENT="על"/><String HEIGHT="111" WIDTH="161" VPOS="2808" HPOS="491" CONTENT="דבר"/><String HEIGHT="111" WIDTH="208" VPOS="2808" HPOS="583" CONTENT="איחור"/><String HEIGHT="111" WIDTH="161" VPOS="2808" HPOS="721" CONTENT="צאת"/><String HEIGHT="111" WIDTH="254" VPOS="2808" HPOS="813" CONTENT="הצפירה,"/><String HEIGHT="111" WIDTH="138" VPOS="2808" HPOS="998" CONTENT="כל"/><String HEIGHT="111" WIDTH="254" VPOS="2808" HPOS="1067" CONTENT="ההתחלות"/><String HEIGHT="111" WIDTH="208" VPOS="2808" HPOS="1252" CONTENT="קשות."/><String HEIGHT="111" WIDTH="46" VPOS="2808" HPOS="1367" CONTENT=""/></TextLine><TextLine ID="region_1522078095038_555l3" BASELINE="2982" HEIGHT="91" WIDTH="1288" VPOS="2891" HPOS="235"><String HEIGHT="91" WIDTH="203" VPOS="2891" HPOS="212" CONTENT="ובפרט"/><String HEIGHT="91" WIDTH="226" VPOS="2891" HPOS="348" CONTENT="בהיותי"/><String HEIGHT="91" WIDTH="136" VPOS="2891" HPOS="506" CONTENT="פה"/><String HEIGHT="91" WIDTH="136" VPOS="2891" HPOS="574" CONTENT="גר"/><String HEIGHT="91" WIDTH="203" VPOS="2891" HPOS="642" CONTENT="בארץ,"/><String HEIGHT="91" WIDTH="181" VPOS="2891" HPOS="777" CONTENT="ביאן"/><String HEIGHT="91" WIDTH="158" VPOS="2891" HPOS="890" CONTENT="איש"/><String HEIGHT="91" WIDTH="158" VPOS="2891" HPOS="981" CONTENT="אתי"/><String HEIGHT="91" WIDTH="226" VPOS="2891" HPOS="1071" CONTENT="לעזרי,"/><String HEIGHT="91" WIDTH="249" VPOS="2891" HPOS="1229" CONTENT="והעבודה"/><String HEIGHT="91" WIDTH="136" VPOS="2891" HPOS="1387" CONTENT="הרבה"/></TextLine><TextLine ID="region_1522078095038_555l4" BASELINE="3043" HEIGHT="86" WIDTH="1278" VPOS="2957" HPOS="231"><String HEIGHT="86" WIDTH="217" VPOS="2957" HPOS="207" CONTENT="עמוסה"/><String HEIGHT="86" WIDTH="169" VPOS="2957" HPOS="352" CONTENT="עלי"/><String HEIGHT="86" WIDTH="217" VPOS="2957" HPOS="448" CONTENT="לבדי,"/><String HEIGHT="86" WIDTH="145" VPOS="2957" HPOS="593" CONTENT="גם"/><String HEIGHT="86" WIDTH="169" VPOS="2957" HPOS="665" CONTENT="היה"/><String HEIGHT="86" WIDTH="193" VPOS="2957" HPOS="761" CONTENT="עכוב"/><String HEIGHT="86" WIDTH="169" VPOS="2957" HPOS="882" CONTENT="מצד"/><String HEIGHT="86" WIDTH="241" VPOS="2957" HPOS="979" CONTENT="הדפוס,"/><String HEIGHT="86" WIDTH="145" VPOS="2957" HPOS="1147" CONTENT="עד"/><String HEIGHT="86" WIDTH="265" VPOS="2957" HPOS="1220" CONTENT="שבנומער"/><String HEIGHT="86" WIDTH="121" VPOS="2957" HPOS="1388" CONTENT="הב׳"/></TextLine><TextLine ID="region_1522078095038_555l5" BASELINE="3109" HEIGHT="93" WIDTH="1288" VPOS="3016" HPOS="226"><String HEIGHT="93" WIDTH="236" VPOS="3016" HPOS="205" CONTENT="הוכרחתי"/><String HEIGHT="93" WIDTH="236" VPOS="3016" HPOS="376" CONTENT="להחליפו"/><String HEIGHT="93" WIDTH="193" VPOS="3016" HPOS="548" CONTENT="בדפוס"/><String HEIGHT="93" WIDTH="150" VPOS="3016" HPOS="677" CONTENT="אחר"/><String HEIGHT="93" WIDTH="150" VPOS="3016" HPOS="763" CONTENT="כמו"/><String HEIGHT="93" WIDTH="193" VPOS="3016" HPOS="849" CONTENT="שיראה"/><String HEIGHT="93" WIDTH="215" VPOS="3016" HPOS="977" CONTENT="הקורא,"/><String HEIGHT="93" WIDTH="215" VPOS="3016" HPOS="1128" CONTENT="ומהיום"/><String HEIGHT="93" WIDTH="193" VPOS="3016" HPOS="1278" CONTENT="והלאה"/><String HEIGHT="93" WIDTH="129" VPOS="3016" HPOS="1385" CONTENT="ילכו"/></TextLine><TextLine ID="region_1522078095038_555l6" BASELINE="3172" HEIGHT="90" WIDTH="1288" VPOS="3082" HPOS="229"><String HEIGHT="90" WIDTH="211" VPOS="3082" HPOS="208" CONTENT="כסדרם,"/><String HEIGHT="90" WIDTH="148" VPOS="3082" HPOS="356" CONTENT="וה׳"/><String HEIGHT="90" WIDTH="169" VPOS="3082" HPOS="440" CONTENT="אביב"/><String HEIGHT="90" WIDTH="190" VPOS="3082" HPOS="546" CONTENT="באד׳,"/><String HEIGHT="90" WIDTH="169" VPOS="3082" HPOS="672" CONTENT="יפנה"/><String HEIGHT="90" WIDTH="211" VPOS="3082" HPOS="778" CONTENT="במכתבו"/><String HEIGHT="90" WIDTH="169" VPOS="3082" HPOS="926" CONTENT="לפ״ב"/><String HEIGHT="90" WIDTH="211" VPOS="3082" HPOS="1031" CONTENT="להסוכן"/><String HEIGHT="90" WIDTH="190" VPOS="3082" HPOS="1179" CONTENT="הכללי"/><String HEIGHT="90" WIDTH="148" VPOS="3082" HPOS="1306" CONTENT="כמו"/><String HEIGHT="90" WIDTH="148" VPOS="3082" HPOS="1369" CONTENT="שנאמר"/></TextLine><TextLine ID="region_1522078095038_555l7" BASELINE="3237" HEIGHT="90" WIDTH="1282" VPOS="3147" HPOS="232"><String HEIGHT="90" WIDTH="252" VPOS="3147" HPOS="211" CONTENT="בההודעה,"/><String HEIGHT="90" WIDTH="147" VPOS="3147" HPOS="400" CONTENT="לה׳"/><String HEIGHT="90" WIDTH="126" VPOS="3147" HPOS="484" CONTENT="ד׳"/><String HEIGHT="90" WIDTH="147" VPOS="3147" HPOS="547" CONTENT="בק׳"/><String HEIGHT="90" WIDTH="168" VPOS="3147" HPOS="631" CONTENT="ועוד"/><String HEIGHT="90" WIDTH="210" VPOS="3147" HPOS="736" CONTENT="זולתו,"/><String HEIGHT="90" WIDTH="147" VPOS="3147" HPOS="884" CONTENT="הח׳"/><String HEIGHT="90" WIDTH="231" VPOS="3147" HPOS="968" CONTENT="פלנגיאן"/><String HEIGHT="90" WIDTH="168" VPOS="3147" HPOS="1136" CONTENT="קיבל"/><String HEIGHT="90" WIDTH="168" VPOS="3147" HPOS="1241" CONTENT="עליו"/><String HEIGHT="90" WIDTH="189" VPOS="3147" HPOS="1325" CONTENT="בראשונה"/></TextLine><TextLine ID="region_1522078095038_555l8" BASELINE="3306" HEIGHT="96" WIDTH="1288" VPOS="3210" HPOS="231"><String HEIGHT="96" WIDTH="196" VPOS="3210" HPOS="209" CONTENT="להיות"/><String HEIGHT="96" WIDTH="175" VPOS="3210" HPOS="340" CONTENT="סוכן"/><String HEIGHT="96" WIDTH="175" VPOS="3210" HPOS="449" CONTENT="כללי"/><String HEIGHT="96" WIDTH="153" VPOS="3210" HPOS="558" CONTENT="אבל"/><String HEIGHT="96" WIDTH="153" VPOS="3210" HPOS="646" CONTENT="לפי"/><String HEIGHT="96" WIDTH="196" VPOS="3210" HPOS="733" CONTENT="מכתבו"/><String HEIGHT="96" WIDTH="153" VPOS="3210" HPOS="864" CONTENT="אלי"/><String HEIGHT="96" WIDTH="175" VPOS="3210" HPOS="951" CONTENT="מיום"/><String HEIGHT="96" WIDTH="131" VPOS="3210" HPOS="1061" CONTENT="14"/><String HEIGHT="96" WIDTH="175" VPOS="3210" HPOS="1126" CONTENT="יוני"/><String HEIGHT="96" WIDTH="196" VPOS="3210" HPOS="1235" CONTENT="התנצל"/><String HEIGHT="96" WIDTH="131" VPOS="3210" HPOS="1366" CONTENT="כי"/><String HEIGHT="96" WIDTH="109" VPOS="3210" HPOS="1410" CONTENT="כבד"/></TextLine><TextLine ID="region_1522078095038_555l9" BASELINE="3364" HEIGHT="94" WIDTH="1292" VPOS="3270" HPOS="235"><String HEIGHT="94" WIDTH="191" VPOS="3270" HPOS="211" CONTENT="עליו"/><String HEIGHT="94" WIDTH="215" VPOS="3270" HPOS="331" CONTENT="הדבר,"/><String HEIGHT="94" WIDTH="191" VPOS="3270" HPOS="474" CONTENT="אחרי"/><String HEIGHT="94" WIDTH="191" VPOS="3270" HPOS="594" CONTENT="שכבר"/><String HEIGHT="94" WIDTH="191" VPOS="3270" HPOS="714" CONTENT="נדפס"/><String HEIGHT="94" WIDTH="167" VPOS="3270" HPOS="833" CONTENT="שמו"/><String HEIGHT="94" WIDTH="287" VPOS="3270" HPOS="929" CONTENT="בההודעה,"/><String HEIGHT="94" WIDTH="215" VPOS="3270" HPOS="1144" CONTENT="ועכ״פ"/><String HEIGHT="94" WIDTH="191" VPOS="3270" HPOS="1288" CONTENT="הנהו"/><String HEIGHT="94" WIDTH="144" VPOS="3270" HPOS="1383" CONTENT="סוכן"/></TextLine><TextLine ID="region_1522078095038_555l10" BASELINE="3427" HEIGHT="92" WIDTH="1298" VPOS="3335" HPOS="230"><String HEIGHT="92" WIDTH="230" VPOS="3335" HPOS="209" CONTENT="בווילנא"/><String HEIGHT="92" WIDTH="293" VPOS="3335" HPOS="377" CONTENT="וסביבותיה,"/><String HEIGHT="92" WIDTH="167" VPOS="3335" HPOS="607" CONTENT="להרב"/><String HEIGHT="92" WIDTH="126" VPOS="3335" HPOS="712" CONTENT="ד׳"/><String HEIGHT="92" WIDTH="167" VPOS="3335" HPOS="774" CONTENT="בקר׳"/><String HEIGHT="92" WIDTH="167" VPOS="3335" HPOS="879" CONTENT="ספרי"/><String HEIGHT="92" WIDTH="167" VPOS="3335" HPOS="984" CONTENT="ככבא"/><String HEIGHT="92" WIDTH="188" VPOS="3335" HPOS="1088" CONTENT="דשביט"/><String HEIGHT="92" WIDTH="167" VPOS="3335" HPOS="1214" CONTENT="אינו"/><String HEIGHT="92" WIDTH="188" VPOS="3335" HPOS="1319" CONTENT="בידי,"/><String HEIGHT="92" WIDTH="105" VPOS="3335" HPOS="1423" CONTENT="לה׳"/></TextLine><TextLine ID="region_1522078095038_555l11" BASELINE="3508" HEIGHT="117" WIDTH="851" VPOS="3391" HPOS="679"><String HEIGHT="117" WIDTH="175" VPOS="3391" HPOS="657" CONTENT="אחי׳"/><String HEIGHT="117" WIDTH="196" VPOS="3391" HPOS="766" CONTENT="בבוק׳"/><String HEIGHT="117" WIDTH="218" VPOS="3391" HPOS="897" CONTENT="לדבריך"/><String HEIGHT="117" WIDTH="153" VPOS="3391" HPOS="1050" CONTENT="אין"/><String HEIGHT="117" WIDTH="175" VPOS="3391" HPOS="1137" CONTENT="מקום"/><String HEIGHT="117" WIDTH="240" VPOS="3391" HPOS="1246" CONTENT="בהצפירה"/><String HEIGHT="117" WIDTH="131" VPOS="3391" HPOS="1399" CONTENT="כעת."/></TextLine></TextBlock><TextBlock ID="region_1522078099103_556" HEIGHT="227" WIDTH="1989" VPOS="3570" HPOS="524"><Shape><Polygon POINTS="2513,3570 524,3609 601,3727 2513,3797"/></Shape><TextLine ID="region_1522078099103_556l8" BASELINE="3691" HEIGHT="129" WIDTH="1972" VPOS="3562" HPOS="541"><String HEIGHT="129" WIDTH="364" VPOS="3562" HPOS="520" CONTENT="Selbstverlag:"/><String HEIGHT="129" WIDTH="129" VPOS="3562" HPOS="820" CONTENT="S."/><String HEIGHT="129" WIDTH="279" VPOS="3562" HPOS="884" CONTENT="Slonimski"/><String HEIGHT="129" WIDTH="129" VPOS="3562" HPOS="1098" CONTENT="in"/><String HEIGHT="129" WIDTH="236" VPOS="3562" HPOS="1163" CONTENT="Berlin."/><String HEIGHT="129" WIDTH="429" VPOS="3562" HPOS="1334" CONTENT="Verantwortlicher"/><String HEIGHT="129" WIDTH="300" VPOS="3562" HPOS="1698" CONTENT="Redacteur:"/><String HEIGHT="129" WIDTH="129" VPOS="3562" HPOS="1934" CONTENT="S."/><String HEIGHT="129" WIDTH="129" VPOS="3562" HPOS="1999" CONTENT="M."/><String HEIGHT="129" WIDTH="279" VPOS="3562" HPOS="2063" CONTENT="Lipschitz"/><String HEIGHT="129" WIDTH="129" VPOS="3562" HPOS="2277" CONTENT="in"/><String HEIGHT="129" WIDTH="193" VPOS="3562" HPOS="2320" CONTENT="Berlin."/></TextLine><TextLine ID="region_1522078099103_556l14" BASELINE="3769" HEIGHT="125" WIDTH="1902" VPOS="3644" HPOS="570"><String HEIGHT="125" WIDTH="201" VPOS="3644" HPOS="548" CONTENT="Debit"/><String HEIGHT="125" WIDTH="157" VPOS="3644" HPOS="682" CONTENT="für"/><String HEIGHT="125" WIDTH="157" VPOS="3644" HPOS="771" CONTENT="den"/><String HEIGHT="125" WIDTH="336" VPOS="3644" HPOS="861" CONTENT="Buchhandel:"/><String HEIGHT="125" WIDTH="224" VPOS="3644" HPOS="1129" CONTENT="Julius"/><String HEIGHT="125" WIDTH="246" VPOS="3644" HPOS="1286" CONTENT="Benzian"/><String HEIGHT="125" WIDTH="134" VPOS="3644" HPOS="1465" CONTENT="in"/><String HEIGHT="125" WIDTH="246" VPOS="3644" HPOS="1532" CONTENT="Berlin."/><String HEIGHT="125" WIDTH="201" VPOS="3644" HPOS="1711" CONTENT="Druck"/><String HEIGHT="125" WIDTH="157" VPOS="3644" HPOS="1845" CONTENT="von"/><String HEIGHT="125" WIDTH="134" VPOS="3644" HPOS="1935" CONTENT="A."/><String HEIGHT="125" WIDTH="291" VPOS="3644" HPOS="2002" CONTENT="Ostrowski"/><String HEIGHT="125" WIDTH="134" VPOS="3644" HPOS="2226" CONTENT="in"/><String HEIGHT="125" WIDTH="201" VPOS="3644" HPOS="2271" CONTENT="Berlin."/></TextLine></TextBlock></PrintSpace></Page></Layout></alto>