<?xml version="1.0" encoding="UTF-8"?><alto xmlns:xsi="http://www.w3.org/2001/XMLSchema-instance" xmlns="http://www.loc.gov/standards/alto/ns-v2#" xmlns:page="http://schema.primaresearch.org/PAGE/gts/pagecontent/2013-07-15" xsi:schemaLocation="http://schema.primaresearch.org/PAGE/gts/pagecontent/2013-07-15 http://schema.primaresearch.org/PAGE/gts/pagecontent/2013-07-15/pagecontent.xsd http://www.loc.gov/standards/alto/ns-v2# http://www.loc.gov/standards/alto/alto-v2.0.xsd"><Description><MeasurementUnit>pixel</MeasurementUnit></Description><Layout><Page ID="Page1" PHYSICAL_IMG_NR="1" HEIGHT="3874" WIDTH="3137"><TopMargin HEIGHT="0" WIDTH="3137" VPOS="0" HPOS="0"/><LeftMargin HEIGHT="3874" WIDTH="0" VPOS="0" HPOS="0"/><RightMargin HEIGHT="3874" WIDTH="0" VPOS="0" HPOS="3137"/><BottomMargin HEIGHT="0" WIDTH="3137" VPOS="3874" HPOS="0"/><PrintSpace HEIGHT="3874" WIDTH="3137" VPOS="0" HPOS="0"><TextBlock ID="region_1548672305540_135" HEIGHT="3094" WIDTH="2061" VPOS="429" HPOS="550"><Shape><Polygon POINTS="550,429 2611,429 2611,3523 550,3523"/></Shape><TextLine ID="line_1548672333567_142" BASELINE="693" HEIGHT="278" WIDTH="1282" VPOS="415" HPOS="929"><String HEIGHT="278" WIDTH="1709" VPOS="415" HPOS="502" CONTENT="הצפירה"/></TextLine><TextLine ID="line_1548672467040_146" BASELINE="1339" HEIGHT="146" WIDTH="1603" VPOS="1193" HPOS="802"><String HEIGHT="146" WIDTH="1763" VPOS="1193" HPOS="642" CONTENT="מכתב עתי משמיע חדשות"/></TextLine><TextLine ID="line_1548672471242_149" BASELINE="1597" HEIGHT="121" WIDTH="2086" VPOS="1476" HPOS="542"><String HEIGHT="121" WIDTH="348" VPOS="1476" HPOS="499" CONTENT="בקרב"/><String HEIGHT="121" WIDTH="261" VPOS="1476" HPOS="716" CONTENT="עם"/><String HEIGHT="121" WIDTH="391" VPOS="1476" HPOS="846" CONTENT="ישרון"/><String HEIGHT="121" WIDTH="304" VPOS="1476" HPOS="1107" CONTENT="מכל"/><String HEIGHT="121" WIDTH="435" VPOS="1476" HPOS="1281" CONTENT="הדברים"/><String HEIGHT="121" WIDTH="478" VPOS="1476" HPOS="1585" CONTENT="הנוגעים"/><String HEIGHT="121" WIDTH="435" VPOS="1476" HPOS="1933" CONTENT="בעניני"/><String HEIGHT="121" WIDTH="435" VPOS="1476" HPOS="2193" CONTENT="המדינות,"/></TextLine><TextLine ID="line_1548672475686_152" BASELINE="1841" HEIGHT="118" WIDTH="1440" VPOS="1723" HPOS="885"><String HEIGHT="118" WIDTH="782" VPOS="1723" HPOS="844" CONTENT="דברי חכמה ומדע,"/><String HEIGHT="118" WIDTH="411" VPOS="1723" HPOS="1502" CONTENT="ידיעות"/><String HEIGHT="118" WIDTH="370" VPOS="1723" HPOS="1790" CONTENT="העולם"/><String HEIGHT="118" WIDTH="329" VPOS="1723" HPOS="1996" CONTENT="והטבע."/></TextLine><TextLine ID="line_1548672478461_155" BASELINE="2079" HEIGHT="79" WIDTH="677" VPOS="2000" HPOS="1259"><String HEIGHT="79" WIDTH="733" VPOS="2000" HPOS="1203" CONTENT="יוצא לאור אחת בשבוע, מאת"/></TextLine><TextLine ID="line_1548672481603_158" BASELINE="2381" HEIGHT="126" WIDTH="1262" VPOS="2255" HPOS="973"><String HEIGHT="126" WIDTH="481" VPOS="2255" HPOS="913" CONTENT="חיים"/><String HEIGHT="126" WIDTH="541" VPOS="2255" HPOS="1213" CONTENT="זעליג"/><String HEIGHT="126" WIDTH="721" VPOS="2255" HPOS="1514" CONTENT="סלאנימסקי."/></TextLine><TextLine ID="line_1548672487919_161" BASELINE="3074" HEIGHT="123" WIDTH="543" VPOS="2951" HPOS="1334"><String HEIGHT="123" WIDTH="346" VPOS="2951" HPOS="1285" CONTENT="שנה"/><String HEIGHT="123" WIDTH="444" VPOS="2951" HPOS="1433" CONTENT="ראשונה."/></TextLine><TextLine ID="line_1548672490788_164" BASELINE="3188" HEIGHT="70" WIDTH="322" VPOS="3118" HPOS="1463"><String HEIGHT="70" WIDTH="451" VPOS="3118" HPOS="1334" CONTENT="1874."/></TextLine><TextLine ID="line_1548672493534_167" BASELINE="3330" HEIGHT="89" WIDTH="461" VPOS="3241" HPOS="1381"><String HEIGHT="89" WIDTH="359" VPOS="3241" HPOS="1330" CONTENT=")No"/><String HEIGHT="89" WIDTH="359" VPOS="3241" HPOS="1483" CONTENT="1-25("/></TextLine><TextLine ID="line_1548672497407_170" BASELINE="3510" HEIGHT="80" WIDTH="1692" VPOS="3430" HPOS="777"><String HEIGHT="80" WIDTH="658" VPOS="3430" HPOS="754" CONTENT="Dampfschnellpressendruck"/><String HEIGHT="80" WIDTH="165" VPOS="3430" HPOS="1341" CONTENT="von"/><String HEIGHT="80" WIDTH="141" VPOS="3430" HPOS="1435" CONTENT="A."/><String HEIGHT="80" WIDTH="306" VPOS="3430" HPOS="1506" CONTENT="Ostrowski"/><String HEIGHT="80" WIDTH="141" VPOS="3430" HPOS="1741" CONTENT="in"/><String HEIGHT="80" WIDTH="235" VPOS="3430" HPOS="1811" CONTENT="Berlin"/><String HEIGHT="80" WIDTH="165" VPOS="3430" HPOS="1976" CONTENT="NO."/><String HEIGHT="80" WIDTH="400" VPOS="3430" HPOS="2070" CONTENT="Lietzmannstr."/><String HEIGHT="80" WIDTH="94" VPOS="3430" HPOS="2375" CONTENT="4."/></TextLine></TextBlock><TextBlock ID="region_1548672270550_132" HEIGHT="425" WIDTH="367" VPOS="2344" HPOS="232"><Shape><Polygon POINTS="232,2344 599,2344 599,2769 232,2769"/></Shape><TextLine ID="line_1548672656020_183" BASELINE="2703" HEIGHT="336" WIDTH="259" VPOS="2367" HPOS="202"><String HEIGHT="336" WIDTH="296" VPOS="2367" HPOS="165" CONTENT="osep"/><String HEIGHT="336" WIDTH="148" VPOS="2367" HPOS="313" CONTENT=".ז"/></TextLine><TextLine ID="line_1548672661404_188" BASELINE="2776" HEIGHT="415" WIDTH="299" VPOS="2361" HPOS="263"><String HEIGHT="415" WIDTH="0" VPOS="2361" HPOS="562" CONTENT=""/></TextLine></TextBlock><Illustration ID="Graphic_1526140192578_771" HEIGHT="141" WIDTH="1500" VPOS="2523" HPOS="843"/><Illustration ID="Graphic_1526140197149_772" HEIGHT="110" WIDTH="1011" VPOS="861" HPOS="1077"/></PrintSpace></Page></Layout></alto>