<?xml version="1.0" encoding="UTF-8"?><alto xmlns:xsi="http://www.w3.org/2001/XMLSchema-instance" xmlns="http://www.loc.gov/standards/alto/ns-v2#" xmlns:page="http://schema.primaresearch.org/PAGE/gts/pagecontent/2013-07-15" xsi:schemaLocation="http://schema.primaresearch.org/PAGE/gts/pagecontent/2013-07-15 http://schema.primaresearch.org/PAGE/gts/pagecontent/2013-07-15/pagecontent.xsd http://www.loc.gov/standards/alto/ns-v2# http://www.loc.gov/standards/alto/alto-v2.0.xsd"><Description><MeasurementUnit>pixel</MeasurementUnit></Description><Layout><Page ID="Page1" PHYSICAL_IMG_NR="1" HEIGHT="3868" WIDTH="3060"><TopMargin HEIGHT="0" WIDTH="3060" VPOS="0" HPOS="0"/><LeftMargin HEIGHT="3868" WIDTH="0" VPOS="0" HPOS="0"/><RightMargin HEIGHT="3868" WIDTH="0" VPOS="0" HPOS="3060"/><BottomMargin HEIGHT="0" WIDTH="3060" VPOS="3868" HPOS="0"/><PrintSpace HEIGHT="3868" WIDTH="3060" VPOS="0" HPOS="0"><TextBlock ID="region_1523378297634_91" HEIGHT="53" WIDTH="291" VPOS="51" HPOS="1486"><Shape><Polygon POINTS="1486,51 1486,104 1777,104 1777,51"/></Shape><TextLine ID="line_1523378297735_92" BASELINE="110" HEIGHT="67" WIDTH="312" VPOS="43" HPOS="1475"><String HEIGHT="67" WIDTH="416" VPOS="43" HPOS="1371" CONTENT="— 19 —"/></TextLine></TextBlock><TextBlock ID="TextRegion_1523378266207_90" HEIGHT="2852" WIDTH="1288" VPOS="161" HPOS="1673"><Shape><Polygon POINTS="2961,3013 1673,3013 1673,161 2961,161"/></Shape><TextLine ID="r5l1" BASELINE="222" HEIGHT="81" WIDTH="1273" VPOS="141" HPOS="1669"><String HEIGHT="81" WIDTH="1321" VPOS="141" HPOS="1621" CONTENT="חלק בהנהגת הקהלה, ואפילו אלה הרואים ויודעים כל זה, לא"/></TextLine><TextLine ID="r5l2" BASELINE="279" HEIGHT="75" WIDTH="1267" VPOS="204" HPOS="1669"><String HEIGHT="75" WIDTH="1315" VPOS="204" HPOS="1621" CONTENT="יובלו להגיש עצומותיהם לפני שער המשפט, כי עי״ז יבלע גם"/></TextLine><TextLine ID="r5l3" BASELINE="346" HEIGHT="79" WIDTH="1260" VPOS="267" HPOS="1672"><String HEIGHT="79" WIDTH="1308" VPOS="267" HPOS="1624" CONTENT="לאנשים נקיים וחפים מפשע; גם לפרסם את החוטאים והמועלים"/></TextLine><TextLine ID="r5l4" BASELINE="413" HEIGHT="84" WIDTH="1261" VPOS="329" HPOS="1668"><String HEIGHT="84" WIDTH="1310" VPOS="329" HPOS="1620" CONTENT="מעל בכסף העדה אי אפשר, ולכן החוטא לא יענש, והנקי ישא"/></TextLine><TextLine ID="r5l5" BASELINE="473" HEIGHT="80" WIDTH="1283" VPOS="393" HPOS="1664"><String HEIGHT="80" WIDTH="1331" VPOS="393" HPOS="1616" CONTENT="את העון, כי על מי יכבידו ויעיקו מנהגים כאלה, אם לא על"/></TextLine><TextLine ID="r5l6" BASELINE="542" HEIGHT="80" WIDTH="582" VPOS="462" HPOS="2355"><String HEIGHT="80" WIDTH="633" VPOS="462" HPOS="2304" CONTENT="המון העם הטהורים מחטאת?"/></TextLine><TextLine ID="r5l7" BASELINE="600" HEIGHT="79" WIDTH="1162" VPOS="521" HPOS="1674"><String HEIGHT="79" WIDTH="1209" VPOS="521" HPOS="1627" CONTENT="הנסיון אשר נסתה הממשלה ברוסיה להקים רבנים משכילים"/></TextLine><TextLine ID="r5l8" BASELINE="664" HEIGHT="81" WIDTH="1246" VPOS="583" HPOS="1678"><String HEIGHT="81" WIDTH="1295" VPOS="583" HPOS="1629" CONTENT="בישראל שמה, הראה לה לדעת, כי אין חפץ אחר, זולתי חפץ"/></TextLine><TextLine ID="r5l9" BASELINE="733" HEIGHT="86" WIDTH="1259" VPOS="647" HPOS="1673"><String HEIGHT="86" WIDTH="1307" VPOS="647" HPOS="1625" CONTENT="העם יעצר כח לתת יכלת בידי רב להיות מורה ומנהיג, באופן"/></TextLine><TextLine ID="r5l10" BASELINE="793" HEIGHT="85" WIDTH="1271" VPOS="708" HPOS="1665"><String HEIGHT="85" WIDTH="1321" VPOS="708" HPOS="1615" CONTENT="שהכלל יסמוך עצמו עליו בכל דבר שבדת ואמונה. משני בתי"/></TextLine><TextLine ID="r5l11" BASELINE="854" HEIGHT="84" WIDTH="1267" VPOS="770" HPOS="1669"><String HEIGHT="84" WIDTH="1317" VPOS="770" HPOS="1619" CONTENT="מדרש לרבנים, אשר הקימה הממשלה בערי ווילנא וזיטאמיר,"/></TextLine><TextLine ID="r5l12" BASELINE="911" HEIGHT="74" WIDTH="1256" VPOS="837" HPOS="1674"><String HEIGHT="74" WIDTH="1305" VPOS="837" HPOS="1625" CONTENT="יצאו רבנים משכילים ויהיו לרבנים בישראל מטעם הממשלה."/></TextLine><TextLine ID="r5l13" BASELINE="988" HEIGHT="85" WIDTH="1275" VPOS="903" HPOS="1666"><String HEIGHT="85" WIDTH="1324" VPOS="903" HPOS="1617" CONTENT="והנה מה עשו הרבנים האלה? היו למליצים בין הקהלות ובין"/></TextLine><TextLine ID="r5l14" BASELINE="1047" HEIGHT="85" WIDTH="1265" VPOS="962" HPOS="1674"><String HEIGHT="85" WIDTH="1316" VPOS="962" HPOS="1623" CONTENT="הממשלה, באו לבתי ערכאות, השביעו את היהודי בדבר דין"/></TextLine><TextLine ID="r5l15" BASELINE="1108" HEIGHT="76" WIDTH="1275" VPOS="1032" HPOS="1666"><String HEIGHT="76" WIDTH="1325" VPOS="1032" HPOS="1616" CONTENT="ומשפט, וכתבו בספר שמות הנולדים והמתים. ואחרי אשר רק"/></TextLine><TextLine ID="r5l16" BASELINE="1176" HEIGHT="80" WIDTH="1273" VPOS="1096" HPOS="1665"><String HEIGHT="80" WIDTH="1325" VPOS="1096" HPOS="1613" CONTENT="זאת היתה עבודתם הנה נוכל לשער עד כמה היה כחם גדול"/></TextLine><TextLine ID="r5l17" BASELINE="1238" HEIGHT="87" WIDTH="1271" VPOS="1151" HPOS="1666"><String HEIGHT="87" WIDTH="1322" VPOS="1151" HPOS="1615" CONTENT="בתלמוד ופוסקים ובקיאותם בהוראה והלכה למעשה, אשר כל"/></TextLine><TextLine ID="r5l18" BASELINE="1303" HEIGHT="79" WIDTH="1258" VPOS="1224" HPOS="1671"><String HEIGHT="79" WIDTH="1304" VPOS="1224" HPOS="1625" CONTENT="רבני דוסיה הנבחרים מהעם בקיאים בהם; על כן לא היו דבריהם"/></TextLine><TextLine ID="r5l19" BASELINE="1368" HEIGHT="86" WIDTH="1275" VPOS="1282" HPOS="1664"><String HEIGHT="86" WIDTH="1323" VPOS="1282" HPOS="1616" CONTENT="נשמעים אצל העם, ודעתם איננה מתקבלת בהקהלות. ומסיבת זה"/></TextLine><TextLine ID="r5l20" BASELINE="1430" HEIGHT="85" WIDTH="1271" VPOS="1345" HPOS="1677"><String HEIGHT="85" WIDTH="1322" VPOS="1345" HPOS="1626" CONTENT="גם על בתי מדה״ר באה הפקודה להאסף, ואף כי בתי מדה״ר"/></TextLine><TextLine ID="r5l21" BASELINE="1490" HEIGHT="84" WIDTH="1280" VPOS="1406" HPOS="1664"><String HEIGHT="84" WIDTH="1331" VPOS="1406" HPOS="1613" CONTENT="שלא ברצון רוב בני ישראל נתיסדו בתחלתם, ולא מלאו את"/></TextLine><TextLine ID="r5l22" BASELINE="1557" HEIGHT="82" WIDTH="1268" VPOS="1475" HPOS="1671"><String HEIGHT="82" WIDTH="1318" VPOS="1475" HPOS="1621" CONTENT="מטרתם, עכ״ז בלב מלא יגון ועצב שמעו אחינו את הבשורה,"/></TextLine><TextLine ID="r5l23" BASELINE="1621" HEIGHT="86" WIDTH="1257" VPOS="1535" HPOS="1678"><String HEIGHT="86" WIDTH="1310" VPOS="1535" HPOS="1625" CONTENT="כי שני אלה בתי ההשכלה אשר היו להם בכל ארץ רוסיה"/></TextLine><TextLine ID="r5l24" BASELINE="1687" HEIGHT="90" WIDTH="1250" VPOS="1597" HPOS="1692"><String HEIGHT="90" WIDTH="1300" VPOS="1597" HPOS="1642" CONTENT="יסגרו על מסגר. תחת במה״ר הכינה הממשלה שני בתי חנוך"/></TextLine><TextLine ID="r5l25" BASELINE="1747" HEIGHT="88" WIDTH="1252" VPOS="1659" HPOS="1675"><String HEIGHT="88" WIDTH="1298" VPOS="1659" HPOS="1629" CONTENT="למורים. התלמידים הבאים אל בתי החנוך לשמוע בלמודים, ישבו"/></TextLine><TextLine ID="r5l26" BASELINE="1816" HEIGHT="83" WIDTH="1273" VPOS="1733" HPOS="1672"><String HEIGHT="83" WIDTH="1321" VPOS="1733" HPOS="1624" CONTENT="שמה ארבע שנים; רבים מהם ידורו שמה וכל מחסורם ינתן להם"/></TextLine><TextLine ID="r5l27" BASELINE="1863" HEIGHT="71" WIDTH="1274" VPOS="1792" HPOS="1668"><String HEIGHT="71" WIDTH="1325" VPOS="1792" HPOS="1617" CONTENT="מאוצר הממשלה. אבל מבלעדי שפת רוסיה לא תתלמד פה שום"/></TextLine><TextLine ID="r5l28" BASELINE="1936" HEIGHT="77" WIDTH="1258" VPOS="1859" HPOS="1687"><String HEIGHT="77" WIDTH="1305" VPOS="1859" HPOS="1640" CONTENT="שפה איירופית, גם התלמוד מחקו מלוח הלמודים. הוצאות בתי"/></TextLine><TextLine ID="r5l29" BASELINE="1998" HEIGHT="83" WIDTH="894" VPOS="1915" HPOS="2055"><String HEIGHT="83" WIDTH="942" VPOS="1915" HPOS="2007" CONTENT="החנוך האלה תבאנה מקפת מכם הנרות וכו'."/></TextLine><TextLine ID="r5l30" BASELINE="2058" HEIGHT="75" WIDTH="1157" VPOS="1983" HPOS="1675"><String HEIGHT="75" WIDTH="1203" VPOS="1983" HPOS="1629" CONTENT="עוד מנגע אחד לא העלים ה׳ לעווי את עיניו. הנגע ההוא"/></TextLine><TextLine ID="r5l31" BASELINE="2130" HEIGHT="89" WIDTH="1270" VPOS="2041" HPOS="1690"><String HEIGHT="89" WIDTH="1323" VPOS="2041" HPOS="1637" CONTENT="נהיה לפוקה ולמכשול לרבים מבני ישראל ברוסיה, יאסר"/></TextLine><TextLine ID="r5l32" BASELINE="2199" HEIGHT="87" WIDTH="1271" VPOS="2112" HPOS="1677"><String HEIGHT="87" WIDTH="1321" VPOS="2112" HPOS="1627" CONTENT="ידיהם ורגליהם בעבותים, אף יתן פה למסטיננו ומקטריגנו"/></TextLine><TextLine ID="r5l33" BASELINE="2251" HEIGHT="85" WIDTH="1258" VPOS="2166" HPOS="1687"><String HEIGHT="85" WIDTH="1312" VPOS="2166" HPOS="1633" CONTENT="להבאיש ריחנו בעיני הממשלה, והוא — הנעלמים הבלתי"/></TextLine><TextLine ID="r5l34" BASELINE="2319" HEIGHT="80" WIDTH="1267" VPOS="2239" HPOS="1689"><String HEIGHT="80" WIDTH="1311" VPOS="2239" HPOS="1645" CONTENT="נכתבים בספר החיים, כי מה יוכלו העניים המרודים האלה לעשות,"/></TextLine><TextLine ID="r5l35" BASELINE="2384" HEIGHT="89" WIDTH="1259" VPOS="2295" HPOS="1686"><String HEIGHT="89" WIDTH="1306" VPOS="2295" HPOS="1639" CONTENT="מאין יקחו לחם חקם, אם אין לאל ידם לצאת מקיר העיר וחוצה"/></TextLine><TextLine ID="r5l36" BASELINE="2443" HEIGHT="79" WIDTH="1267" VPOS="2364" HPOS="1678"><String HEIGHT="79" WIDTH="1316" VPOS="2364" HPOS="1629" CONTENT="בסבת חסרון מכתב מסע, לא יוכלו לבא עד בית משפט או בית"/></TextLine><TextLine ID="r5l37" BASELINE="2512" HEIGHT="87" WIDTH="1271" VPOS="2425" HPOS="1683"><String HEIGHT="87" WIDTH="1321" VPOS="2425" HPOS="1633" CONTENT="פקודות, מפחד האשם הגדול הרובץ עליהם, ובכן נטל עליהם"/></TextLine><TextLine ID="r5l38" BASELINE="2571" HEIGHT="90" WIDTH="1268" VPOS="2481" HPOS="1692"><String HEIGHT="90" WIDTH="1315" VPOS="2481" HPOS="1645" CONTENT="למות ברעב ולהיות נעלבים כל ימי חייהם. ענינים כאלה ועוד"/></TextLine><TextLine ID="r5l39" BASELINE="2640" HEIGHT="89" WIDTH="1278" VPOS="2551" HPOS="1674"><String HEIGHT="89" WIDTH="1324" VPOS="2551" HPOS="1628" CONTENT="רבים כמוהם, יתנו קטורה באף כותבי העתים הרוסיים לרדוף את"/></TextLine><TextLine ID="r5l40" BASELINE="2702" HEIGHT="88" WIDTH="1267" VPOS="2614" HPOS="1687"><String HEIGHT="88" WIDTH="1315" VPOS="2614" HPOS="1639" CONTENT="ישראל בלשוניהם, ולכתוב עליו שטנה, להגדיל עונו שבעתים,"/></TextLine><TextLine ID="r5l41" BASELINE="2763" HEIGHT="92" WIDTH="1270" VPOS="2671" HPOS="1689"><String HEIGHT="92" WIDTH="1318" VPOS="2671" HPOS="1641" CONTENT="ולטפול עליו שוא ומדוחים אשר לא עלו על לבו. רבות יספר."/></TextLine><TextLine ID="r5l42" BASELINE="2826" HEIGHT="87" WIDTH="1268" VPOS="2739" HPOS="1685"><String HEIGHT="87" WIDTH="1315" VPOS="2739" HPOS="1638" CONTENT="ה׳ לעווי ע״ד מצב בני ישראל ברוסיה, ואנחנו לא יכלנו ולא"/></TextLine><TextLine ID="r5l43" BASELINE="2894" HEIGHT="89" WIDTH="1250" VPOS="2805" HPOS="1699"><String HEIGHT="89" WIDTH="1296" VPOS="2805" HPOS="1653" CONTENT="חפצנו לפורטן; אבל החפץ יקרא את דבריו מעל המ״הע האנגלי,"/></TextLine><TextLine ID="r5l44" BASELINE="2950" HEIGHT="73" WIDTH="751" VPOS="2877" HPOS="2208"><String HEIGHT="73" WIDTH="807" VPOS="2877" HPOS="2152" CONTENT="אשר העתקנו משם את המעט הזה."/></TextLine></TextBlock><TextBlock ID="TextRegion_1523378266207_89" HEIGHT="597" WIDTH="1288" VPOS="3013" HPOS="1673"><Shape><Polygon POINTS="2961,3610 1673,3610 1673,3013 2961,3013"/></Shape><TextLine ID="r5l46" BASELINE="3181" HEIGHT="109" WIDTH="711" VPOS="3072" HPOS="1957"><String HEIGHT="109" WIDTH="853" VPOS="3072" HPOS="1815" CONTENT="דייטשלאנד."/></TextLine><TextLine ID="r5l48" BASELINE="3299" HEIGHT="91" WIDTH="1147" VPOS="3208" HPOS="1677"><String HEIGHT="91" WIDTH="1195" VPOS="3208" HPOS="1629" CONTENT="בערלין בשבוע זה נשלח לנו ההודעה הראשונה מהתנהגות"/></TextLine><TextLine ID="r5l49" BASELINE="3369" HEIGHT="90" WIDTH="1283" VPOS="3279" HPOS="1683"><String HEIGHT="90" WIDTH="401" VPOS="3279" HPOS="1656" CONTENT=")Hochschule"/><String HEIGHT="90" WIDTH="187" VPOS="3279" HPOS="1977" CONTENT="für"/><String HEIGHT="90" WIDTH="187" VPOS="3279" HPOS="2084" CONTENT="die"/><String HEIGHT="90" WIDTH="187" VPOS="3279" HPOS="2191" CONTENT="בית"/><String HEIGHT="90" WIDTH="241" VPOS="3279" HPOS="2298" CONTENT="המדרש"/><String HEIGHT="90" WIDTH="241" VPOS="3279" HPOS="2458" CONTENT="הגדול"/><String HEIGHT="90" WIDTH="241" VPOS="3279" HPOS="2619" CONTENT="לחכמת"/><String HEIGHT="90" WIDTH="241" VPOS="3279" HPOS="2779" CONTENT="ישורן"/><String HEIGHT="90" WIDTH="53" VPOS="3279" HPOS="2913" CONTENT=""/></TextLine><TextLine ID="r5l50" BASELINE="3426" HEIGHT="87" WIDTH="1274" VPOS="3339" HPOS="1689"><String HEIGHT="87" WIDTH="1329" VPOS="3339" HPOS="1634" CONTENT="(Wissenschaft des Judenthums פה ברין. מספמודעה"/></TextLine><TextLine ID="r5l51" BASELINE="3492" HEIGHT="88" WIDTH="1261" VPOS="3404" HPOS="1700"><String HEIGHT="88" WIDTH="1308" VPOS="3404" HPOS="1653" CONTENT="נראה, כי מטרת הבית הזה הוא, לבנות בית נאמן לחכמת ישראל"/></TextLine><TextLine ID="r5l52" BASELINE="3550" HEIGHT="84" WIDTH="1286" VPOS="3466" HPOS="1683"><String HEIGHT="84" WIDTH="1335" VPOS="3466" HPOS="1634" CONTENT="בקרית מלך רב ברלין, אשר שמה יקשיבו הבחורים הבאים הנה"/></TextLine><TextLine ID="r5l53" BASELINE="3614" HEIGHT="85" WIDTH="1274" VPOS="3529" HPOS="1694"><String HEIGHT="85" WIDTH="1324" VPOS="3529" HPOS="1644" CONTENT="לשקוד על דלתי האקדמיה, ומעותדים להיות רבנים ומטיפים"/></TextLine></TextBlock><TextBlock ID="TextRegion_1523378257307_88" HEIGHT="2254" WIDTH="1289" VPOS="165" HPOS="342"><Shape><Polygon POINTS="1631,2419 342,2419 342,165 1631,165"/></Shape><TextLine ID="r3l1" BASELINE="235" HEIGHT="93" WIDTH="1268" VPOS="142" HPOS="337"><String HEIGHT="93" WIDTH="1315" VPOS="142" HPOS="290" CONTENT="בישראל, גם בלמודי חכמת ישורן, מפי מורים מובהקים וחכמים"/></TextLine><TextLine ID="r3l2" BASELINE="293" HEIGHT="80" WIDTH="1270" VPOS="213" HPOS="343"><String HEIGHT="80" WIDTH="1320" VPOS="213" HPOS="293" CONTENT="מומחים, אשר שמשו כל צרכם בבתי האקדמיות, ולהם יד ושם"/></TextLine><TextLine ID="r3l3" BASELINE="349" HEIGHT="75" WIDTH="1277" VPOS="274" HPOS="339"><String HEIGHT="75" WIDTH="1327" VPOS="274" HPOS="289" CONTENT="בחכמת ישראל וספרותו. הראשונים אשר עלתה במחשבתם בשנת"/></TextLine><TextLine ID="r3l4" BASELINE="417" HEIGHT="79" WIDTH="1274" VPOS="338" HPOS="333"><String HEIGHT="79" WIDTH="1320" VPOS="338" HPOS="287" CONTENT="1867 להקים ולכונן בית כזה היו הפריפוסר דר׳ משה לצרוס נ״י"/></TextLine><TextLine ID="r3l5" BASELINE="484" HEIGHT="78" WIDTH="1276" VPOS="406" HPOS="343"><String HEIGHT="78" WIDTH="1319" VPOS="406" HPOS="300" CONTENT="ויועץ העיר מוריץ מאיר נ״ע, ויוציאו אז קול קורא, להעיר ולעורר"/></TextLine><TextLine ID="r3l6" BASELINE="544" HEIGHT="83" WIDTH="1269" VPOS="461" HPOS="341"><String HEIGHT="83" WIDTH="1318" VPOS="461" HPOS="292" CONTENT="אנשים נדיבים לתמוך בימינם להוציא אל הפועל הדבר הגדול"/></TextLine><TextLine ID="r3l7" BASELINE="612" HEIGHT="82" WIDTH="1273" VPOS="530" HPOS="340"><String HEIGHT="82" WIDTH="1328" VPOS="530" HPOS="285" CONTENT="הזה. אפס מסבת מחלת האדון מאיר נמשך הדבר עד שנת"/></TextLine><TextLine ID="r3l8" BASELINE="673" HEIGHT="75" WIDTH="1274" VPOS="598" HPOS="335"><String HEIGHT="75" WIDTH="1322" VPOS="598" HPOS="287" CONTENT="1869. בשנה הזאת מת האדון מאיר, ויבא בנו דר׳ פאול מאיר"/></TextLine><TextLine ID="r3l9" BASELINE="741" HEIGHT="81" WIDTH="1266" VPOS="660" HPOS="341"><String HEIGHT="81" WIDTH="1314" VPOS="660" HPOS="293" CONTENT="תחת אביו המת, ויתחבר אל הפרופיסר לצרוס לדבר הטוב הזה,"/></TextLine><TextLine ID="r3l10" BASELINE="809" HEIGHT="77" WIDTH="1267" VPOS="732" HPOS="342"><String HEIGHT="77" WIDTH="1312" VPOS="732" HPOS="297" CONTENT="ויקראו אסיפות, ויקבצו כסף, ויעשו תקנות, והבית המדרש הוקם"/></TextLine><TextLine ID="r3l11" BASELINE="865" HEIGHT="82" WIDTH="1278" VPOS="783" HPOS="334"><String HEIGHT="82" WIDTH="1328" VPOS="783" HPOS="284" CONTENT="על, וחפץ האנשים היקרים, אשר לבם בוער באהבה עזה לעמם"/></TextLine><TextLine ID="r3l12" BASELINE="920" HEIGHT="72" WIDTH="559" VPOS="848" HPOS="1048"><String HEIGHT="72" WIDTH="606" VPOS="848" HPOS="1001" CONTENT="וספרותו, יצא לפעולת אדם."/></TextLine><TextLine ID="r3l13" BASELINE="992" HEIGHT="67" WIDTH="1155" VPOS="925" HPOS="337"><String HEIGHT="67" WIDTH="1204" VPOS="925" HPOS="288" CONTENT="בספר ההודעה נקובים בשמותם אלה אשר נתנו נדבותיהם"/></TextLine><TextLine ID="r3l14" BASELINE="1057" HEIGHT="85" WIDTH="1256" VPOS="972" HPOS="351"><String HEIGHT="85" WIDTH="1307" VPOS="972" HPOS="300" CONTENT="לתמיכת הבית המדרש הזה, וסך הכסף אשר נמצא עתה בידי"/></TextLine><TextLine ID="r3l15" BASELINE="1116" HEIGHT="82" WIDTH="1258" VPOS="1034" HPOS="348"><String HEIGHT="82" WIDTH="1304" VPOS="1034" HPOS="302" CONTENT="מיסדיו לכלכלתו, הוא 29,785 ר״ט, מלבד ההוצאות אשר הוציאו"/></TextLine><TextLine ID="r3l16" BASELINE="1184" HEIGHT="83" WIDTH="1267" VPOS="1101" HPOS="345"><String HEIGHT="83" WIDTH="1315" VPOS="1101" HPOS="297" CONTENT="על החזקת הבית זה שתי שנים ויותר אשר עלו עד 9,315 ר״ט."/></TextLine><TextLine ID="r3l17" BASELINE="1252" HEIGHT="88" WIDTH="1260" VPOS="1164" HPOS="344"><String HEIGHT="88" WIDTH="1307" VPOS="1164" HPOS="297" CONTENT="להבית המדרש יש בית עקד ספרים יקרים מחכמת ישורן בלשונות"/></TextLine><TextLine ID="r3l18" BASELINE="1310" HEIGHT="78" WIDTH="1265" VPOS="1232" HPOS="351"><String HEIGHT="78" WIDTH="1314" VPOS="1232" HPOS="302" CONTENT="החיות והמתות, אשר חלק גדול מהם הוא נדבת אשת הפרופיסר"/></TextLine><TextLine ID="r3l19" BASELINE="1382" HEIGHT="90" WIDTH="1253" VPOS="1292" HPOS="362"><String HEIGHT="90" WIDTH="1301" VPOS="1292" HPOS="314" CONTENT="לצרוס. המורים המה ארבעה במספר ואלו המה: דר׳ דוד קסל,"/></TextLine><TextLine ID="r3l20" BASELINE="1436" HEIGHT="75" WIDTH="1274" VPOS="1361" HPOS="351"><String HEIGHT="75" WIDTH="1317" VPOS="1361" HPOS="308" CONTENT="דר׳ אברהם גייגר, דר׳ ישראל לוי, ופרופיסור דר׳ ה. שטיינטהאל."/></TextLine><TextLine ID="r3l21" BASELINE="1505" HEIGHT="84" WIDTH="1261" VPOS="1421" HPOS="361"><String HEIGHT="84" WIDTH="1309" VPOS="1421" HPOS="313" CONTENT="המורים האלו יטיפו לקחם על חכמת וקורות ישראל, אולם עוד"/></TextLine><TextLine ID="r3l22" BASELINE="1555" HEIGHT="66" WIDTH="1267" VPOS="1489" HPOS="354"><String HEIGHT="66" WIDTH="1319" VPOS="1489" HPOS="302" CONTENT="יש מורים אחרים אשר ילמדו את התלמידים הבאים מארצות"/></TextLine><TextLine ID="r3l23" BASELINE="1631" HEIGHT="87" WIDTH="1270" VPOS="1544" HPOS="354"><String HEIGHT="87" WIDTH="1315" VPOS="1544" HPOS="309" CONTENT="הסלוים ולא למדו עוד למודי חול וידיעות חצוניות, שפת אשכנז,"/></TextLine><TextLine ID="r3l24" BASELINE="1696" HEIGHT="81" WIDTH="1268" VPOS="1615" HPOS="354"><String HEIGHT="81" WIDTH="1312" VPOS="1615" HPOS="310" CONTENT="רומית, יונית, קורות דהי״מ וכו׳. להבית מדרש הלזה נאוה תהלה,"/></TextLine><TextLine ID="r3l25" BASELINE="1759" HEIGHT="83" WIDTH="1270" VPOS="1676" HPOS="357"><String HEIGHT="83" WIDTH="1316" VPOS="1676" HPOS="311" CONTENT="כי בו תתאחדנה כל הדעות השונות בדבר אמונת ישראל וספרותו,"/></TextLine><TextLine ID="r3l26" BASELINE="1825" HEIGHT="83" WIDTH="1280" VPOS="1742" HPOS="348"><String HEIGHT="83" WIDTH="1327" VPOS="1742" HPOS="301" CONTENT="והקצות פה תתחברנה. דר׳ לוי יורה דעת בתלמוד ופוסקים אחד"/></TextLine><TextLine ID="r3l27" BASELINE="1887" HEIGHT="82" WIDTH="1279" VPOS="1805" HPOS="345"><String HEIGHT="82" WIDTH="1326" VPOS="1805" HPOS="298" CONTENT="'ראשי הישיבות, ולא יזוז מהשולחן ערוך אף כחוט השערה, ודר"/></TextLine><TextLine ID="r3l28" BASELINE="1948" HEIGHT="81" WIDTH="1280" VPOS="1867" HPOS="344"><String HEIGHT="81" WIDTH="1327" VPOS="1867" HPOS="297" CONTENT="גייגער יטיף לקחו לפי רוח הבקרת החדשה, ולפי שטתו הידועה."/></TextLine><TextLine ID="r3l29" BASELINE="2016" HEIGHT="87" WIDTH="1267" VPOS="1929" HPOS="357"><String HEIGHT="87" WIDTH="1319" VPOS="1929" HPOS="305" CONTENT="דר׳ קסל ילך באמצע, ופריפוסר שטיינטהאל מעין המתגבר"/></TextLine><TextLine ID="r3l30" BASELINE="2072" HEIGHT="82" WIDTH="728" VPOS="1990" HPOS="898"><String HEIGHT="82" WIDTH="777" VPOS="1990" HPOS="849" CONTENT="בפלסופיה ודבר אין לו עם אמונה."/></TextLine><TextLine ID="r3l31" BASELINE="2143" HEIGHT="77" WIDTH="1147" VPOS="2066" HPOS="354"><String HEIGHT="77" WIDTH="1200" VPOS="2066" HPOS="301" CONTENT="בראש ההודעה יבא מאמר ארוך, כהקדמה לספר, מאת"/></TextLine><TextLine ID="r3l32" BASELINE="2207" HEIGHT="85" WIDTH="1265" VPOS="2122" HPOS="357"><String HEIGHT="85" WIDTH="1312" VPOS="2122" HPOS="310" CONTENT="החכם דר׳ אברהם גייגר, אשר בו יבאר בקצרה את הלמודים אשר"/></TextLine><TextLine ID="r3l33" BASELINE="2259" HEIGHT="75" WIDTH="1278" VPOS="2184" HPOS="353"><String HEIGHT="75" WIDTH="1326" VPOS="2184" HPOS="305" CONTENT="הטיף מלתו עליהם לפני תלמידיו בבית המדרש הזה בשתי שנים"/></TextLine><TextLine ID="r3l34" BASELINE="2331" HEIGHT="73" WIDTH="1275" VPOS="2258" HPOS="347"><String HEIGHT="73" WIDTH="1324" VPOS="2258" HPOS="298" CONTENT="האחרונות. דברי המאמר הזה נאמרים בחכמה והשכל, וראויים"/></TextLine><TextLine ID="r3l35" BASELINE="2379" HEIGHT="69" WIDTH="397" VPOS="2310" HPOS="1239"><String HEIGHT="69" WIDTH="454" VPOS="2310" HPOS="1182" CONTENT="המה למי שאמרם."/></TextLine></TextBlock><TextBlock ID="TextRegion_1523378257307_87" HEIGHT="1200" WIDTH="1289" VPOS="2419" HPOS="342"><Shape><Polygon POINTS="1631,3619 342,3619 342,2419 1631,2419"/></Shape><TextLine ID="line_1523378538063_95" BASELINE="2630" HEIGHT="96" WIDTH="553" VPOS="2534" HPOS="718"><String HEIGHT="96" WIDTH="691" VPOS="2534" HPOS="580" CONTENT="עסטרייך."/></TextLine><TextLine ID="r3l37" BASELINE="2734" HEIGHT="81" WIDTH="1155" VPOS="2653" HPOS="352"><String HEIGHT="81" WIDTH="1204" VPOS="2653" HPOS="303" CONTENT="קראקא תמוז. אם כל ימי עני רעים, רע ומר לו ביותר"/></TextLine><TextLine ID="r3l38" BASELINE="2805" HEIGHT="94" WIDTH="1263" VPOS="2711" HPOS="358"><String HEIGHT="94" WIDTH="1313" VPOS="2711" HPOS="308" CONTENT="בלכתו שחוח תחת סבל הימים, בימים אין לו בהם חפץ, המה"/></TextLine><TextLine ID="r3l39" BASELINE="2865" HEIGHT="98" WIDTH="1267" VPOS="2767" HPOS="363"><String HEIGHT="98" WIDTH="1317" VPOS="2767" HPOS="313" CONTENT="ימי הזקנה, אשר עליהם צקן לחש בן ישי מלכנו, את התפלה"/></TextLine><TextLine ID="r3l40" BASELINE="2934" HEIGHT="92" WIDTH="1254" VPOS="2842" HPOS="369"><String HEIGHT="92" WIDTH="1301" VPOS="2842" HPOS="322" CONTENT="הנודעת „אל תשליכנו„. הן מעוז חיי האדם בין שתי הקצוות,"/></TextLine><TextLine ID="r3l41" BASELINE="2982" HEIGHT="93" WIDTH="1259" VPOS="2889" HPOS="365"><String HEIGHT="93" WIDTH="1307" VPOS="2889" HPOS="317" CONTENT="וכאשר לר אשיתו בשחר ימיו, לולא אבותיו סככו עליו באברת"/></TextLine><TextLine ID="r3l42" BASELINE="3054" HEIGHT="82" WIDTH="1264" VPOS="2972" HPOS="364"><String HEIGHT="82" WIDTH="1317" VPOS="2972" HPOS="311" CONTENT="השגחתם, לא יכול לעמוד. כן בעת רפה יום חלדו לערוב"/></TextLine><TextLine ID="r3l43" BASELINE="3120" HEIGHT="92" WIDTH="1276" VPOS="3028" HPOS="357"><String HEIGHT="92" WIDTH="1327" VPOS="3028" HPOS="306" CONTENT="מצפה הוא לעזרת אחרים, וכשהוא לעצמו ילך תמס. ואי לו"/></TextLine><TextLine ID="r3l44" BASELINE="3183" HEIGHT="90" WIDTH="1271" VPOS="3093" HPOS="363"><String HEIGHT="90" WIDTH="1319" VPOS="3093" HPOS="315" CONTENT="לאיש זקן רש אשר בביתו אין כל וגם אין לאיש הזה בנים או"/></TextLine><TextLine ID="r3l45" BASELINE="3248" HEIGHT="83" WIDTH="1271" VPOS="3165" HPOS="358"><String HEIGHT="83" WIDTH="1321" VPOS="3165" HPOS="308" CONTENT="קרובים אשר בכחם להיות משגב לו, משגב לעתות בצרה, הלא"/></TextLine><TextLine ID="r3l46" BASELINE="3289" HEIGHT="67" WIDTH="431" VPOS="3222" HPOS="1205"><String HEIGHT="67" WIDTH="485" VPOS="3222" HPOS="1178" CONTENT="גדול בים שברו."/><String HEIGHT="67" WIDTH="81" VPOS="3222" HPOS="1555" CONTENT="—"/></TextLine><TextLine ID="r3l47" BASELINE="3436" HEIGHT="72" WIDTH="1151" VPOS="3364" HPOS="368"><String HEIGHT="72" WIDTH="1194" VPOS="3364" HPOS="325" CONTENT="והנה מימים רבים יחד נכמרו נחומי בני עדתנו על האומללים"/></TextLine><TextLine ID="r3l48" BASELINE="3504" HEIGHT="91" WIDTH="1260" VPOS="3413" HPOS="376"><String HEIGHT="91" WIDTH="1309" VPOS="3413" HPOS="327" CONTENT="האלה אשר שיבה זרקה במו והמה לא ידעו מאין יבוא עזרם."/></TextLine><TextLine ID="r3l49" BASELINE="3564" HEIGHT="75" WIDTH="1247" VPOS="3489" HPOS="376"><String HEIGHT="75" WIDTH="1289" VPOS="3489" HPOS="334" CONTENT="היעזוב גוי את זקניו, זקני העמים יראו מנוחה כי טוב בבית אוספי"/></TextLine><TextLine ID="r3l50" BASELINE="3630" HEIGHT="86" WIDTH="1247" VPOS="3544" HPOS="377"><String HEIGHT="86" WIDTH="1292" VPOS="3544" HPOS="332" CONTENT="דלים אשר נוסדו בעבורם, ואנחנו נקובים רחמנים בני רחמנים,"/></TextLine></TextBlock></PrintSpace></Page></Layout></alto>