<?xml version="1.0" encoding="UTF-8"?><alto xmlns:xsi="http://www.w3.org/2001/XMLSchema-instance" xmlns="http://www.loc.gov/standards/alto/ns-v2#" xmlns:page="http://schema.primaresearch.org/PAGE/gts/pagecontent/2013-07-15" xsi:schemaLocation="http://schema.primaresearch.org/PAGE/gts/pagecontent/2013-07-15 http://schema.primaresearch.org/PAGE/gts/pagecontent/2013-07-15/pagecontent.xsd http://www.loc.gov/standards/alto/ns-v2# http://www.loc.gov/standards/alto/alto-v2.0.xsd"><Description><MeasurementUnit>pixel</MeasurementUnit></Description><Layout><Page ID="Page1" PHYSICAL_IMG_NR="1" HEIGHT="3868" WIDTH="3011"><TopMargin HEIGHT="0" WIDTH="3011" VPOS="0" HPOS="0"/><LeftMargin HEIGHT="3868" WIDTH="0" VPOS="0" HPOS="0"/><RightMargin HEIGHT="3868" WIDTH="0" VPOS="0" HPOS="3011"/><BottomMargin HEIGHT="0" WIDTH="3011" VPOS="3868" HPOS="0"/><PrintSpace HEIGHT="3868" WIDTH="3011" VPOS="0" HPOS="0"><TextBlock ID="region_1522078016561_543" HEIGHT="87" WIDTH="375" VPOS="105" HPOS="1401"><Shape><Polygon POINTS="1401,105 1776,105 1776,192 1401,192"/></Shape><TextLine ID="line_1522079234124_572" BASELINE="181" HEIGHT="74" WIDTH="321" VPOS="107" HPOS="1424"><String HEIGHT="74" WIDTH="321" VPOS="107" HPOS="1360" CONTENT="—"/><String HEIGHT="74" WIDTH="321" VPOS="107" HPOS="1488" CONTENT="ן"/><String HEIGHT="74" WIDTH="193" VPOS="107" HPOS="1552" CONTENT="—"/></TextLine></TextBlock><TextBlock ID="region_1522078042689_547" HEIGHT="750" WIDTH="1281" VPOS="209" HPOS="1584"><Shape><Polygon POINTS="1584,209 2865,209 2865,959 1584,959"/></Shape><TextLine ID="region_1522078042689_547l1" BASELINE="296" HEIGHT="78" WIDTH="1247" VPOS="218" HPOS="1611"><String HEIGHT="78" WIDTH="171" VPOS="218" HPOS="1587" CONTENT="מכל"/><String HEIGHT="78" WIDTH="171" VPOS="218" HPOS="1684" CONTENT="אשר"/><String HEIGHT="78" WIDTH="171" VPOS="218" HPOS="1782" CONTENT="היה"/><String HEIGHT="78" WIDTH="245" VPOS="218" HPOS="1880" CONTENT="מאומה."/><String HEIGHT="78" WIDTH="122" VPOS="218" HPOS="2051" CONTENT="—"/><String HEIGHT="78" WIDTH="171" VPOS="218" HPOS="2100" CONTENT="מכל"/><String HEIGHT="78" WIDTH="245" VPOS="218" HPOS="2198" CONTENT="החזיון"/><String HEIGHT="78" WIDTH="171" VPOS="218" HPOS="2369" CONTENT="הזה"/><String HEIGHT="78" WIDTH="196" VPOS="218" HPOS="2467" CONTENT="יאמר"/><String HEIGHT="78" WIDTH="220" VPOS="218" HPOS="2589" CONTENT="התוכן"/><String HEIGHT="78" WIDTH="147" VPOS="218" HPOS="2711" CONTENT="נשאר"/></TextLine><TextLine ID="region_1522078042689_547l2" BASELINE="360" HEIGHT="79" WIDTH="1260" VPOS="281" HPOS="1596"><String HEIGHT="79" WIDTH="222" VPOS="281" HPOS="1571" CONTENT="בקרבו"/><String HEIGHT="79" WIDTH="198" VPOS="281" HPOS="1720" CONTENT="ציור"/><String HEIGHT="79" WIDTH="272" VPOS="281" HPOS="1843" CONTENT="דמיוני,"/><String HEIGHT="79" WIDTH="198" VPOS="281" HPOS="2041" CONTENT="כאלו"/><String HEIGHT="79" WIDTH="198" VPOS="281" HPOS="2164" CONTENT="השמש"/><String HEIGHT="79" WIDTH="222" VPOS="281" HPOS="2288" CONTENT="נבקעה"/><String HEIGHT="79" WIDTH="222" VPOS="281" HPOS="2436" CONTENT="במקום"/><String HEIGHT="79" WIDTH="198" VPOS="281" HPOS="2584" CONTENT="ההוא"/><String HEIGHT="79" WIDTH="173" VPOS="281" HPOS="2683" CONTENT="ופלטה"/></TextLine><TextLine ID="line_1522147299295_598" BASELINE="423" HEIGHT="72" WIDTH="1241" VPOS="351" HPOS="1608"><String HEIGHT="72" WIDTH="203" VPOS="351" HPOS="1585" CONTENT="מקרבה"/><String HEIGHT="72" WIDTH="203" VPOS="351" HPOS="1721" CONTENT="גשמים"/><String HEIGHT="72" WIDTH="226" VPOS="351" HPOS="1856" CONTENT="חמריים"/><String HEIGHT="72" WIDTH="158" VPOS="351" HPOS="2014" CONTENT="אשר"/><String HEIGHT="72" WIDTH="226" VPOS="351" HPOS="2104" CONTENT="נתקבצו"/><String HEIGHT="72" WIDTH="226" VPOS="351" HPOS="2262" CONTENT="ונתעבו"/><String HEIGHT="72" WIDTH="181" VPOS="351" HPOS="2420" CONTENT="מעט,"/><String HEIGHT="72" WIDTH="226" VPOS="351" HPOS="2533" CONTENT="ופתאום"/><String HEIGHT="72" WIDTH="181" VPOS="351" HPOS="2668" CONTENT="נתפצצו"/></TextLine><TextLine ID="region_1522078042689_547l3" BASELINE="488" HEIGHT="81" WIDTH="1249" VPOS="407" HPOS="1606"><String HEIGHT="81" WIDTH="208" VPOS="407" HPOS="1583" CONTENT="מעצמם"/><String HEIGHT="81" WIDTH="208" VPOS="407" HPOS="1722" CONTENT="נזרקו"/><String HEIGHT="81" WIDTH="185" VPOS="407" HPOS="1860" CONTENT="ממנה"/><String HEIGHT="81" WIDTH="162" VPOS="407" HPOS="1976" CONTENT="בכח"/><String HEIGHT="81" WIDTH="185" VPOS="407" HPOS="2069" CONTENT="גדול"/><String HEIGHT="81" WIDTH="185" VPOS="407" HPOS="2184" CONTENT="מאוד"/><String HEIGHT="81" WIDTH="162" VPOS="407" HPOS="2300" CONTENT="לכל"/><String HEIGHT="81" WIDTH="162" VPOS="407" HPOS="2392" CONTENT="צד,"/><String HEIGHT="81" WIDTH="278" VPOS="407" HPOS="2485" CONTENT="ובעפיפתם"/><String HEIGHT="81" WIDTH="185" VPOS="407" HPOS="2670" CONTENT="נתפרקו"/></TextLine><TextLine ID="region_1522078042689_547l4" BASELINE="549" HEIGHT="80" WIDTH="1249" VPOS="469" HPOS="1609"><String HEIGHT="80" WIDTH="216" VPOS="469" HPOS="1585" CONTENT="ונמחו"/><String HEIGHT="80" WIDTH="288" VPOS="469" HPOS="1729" CONTENT="לחלקיהם,"/><String HEIGHT="80" WIDTH="192" VPOS="469" HPOS="1945" CONTENT="במשך"/><String HEIGHT="80" WIDTH="192" VPOS="469" HPOS="2065" CONTENT="איזה"/><String HEIGHT="80" WIDTH="192" VPOS="469" HPOS="2185" CONTENT="שעות"/><String HEIGHT="80" WIDTH="192" VPOS="469" HPOS="2306" CONTENT="אחרי"/><String HEIGHT="80" WIDTH="168" VPOS="469" HPOS="2426" CONTENT="כן,"/><String HEIGHT="80" WIDTH="192" VPOS="469" HPOS="2522" CONTENT="נראה"/><String HEIGHT="80" WIDTH="168" VPOS="469" HPOS="2642" CONTENT="בצד"/><String HEIGHT="80" WIDTH="144" VPOS="469" HPOS="2714" CONTENT="השני"/></TextLine><TextLine ID="region_1522078042689_547l5" BASELINE="613" HEIGHT="78" WIDTH="1260" VPOS="535" HPOS="1600"><String HEIGHT="78" WIDTH="238" VPOS="535" HPOS="1576" CONTENT="המזרחי"/><String HEIGHT="78" WIDTH="143" VPOS="535" HPOS="1743" CONTENT="מן"/><String HEIGHT="78" WIDTH="190" VPOS="535" HPOS="1814" CONTENT="השמש"/><String HEIGHT="78" WIDTH="166" VPOS="535" HPOS="1933" CONTENT="כמו"/><String HEIGHT="78" WIDTH="190" VPOS="535" HPOS="2028" CONTENT="שאון"/><String HEIGHT="78" WIDTH="190" VPOS="535" HPOS="2147" CONTENT="גלים"/><String HEIGHT="78" WIDTH="238" VPOS="535" HPOS="2266" CONTENT="זועפים"/><String HEIGHT="78" WIDTH="166" VPOS="535" HPOS="2432" CONTENT="הנה"/><String HEIGHT="78" WIDTH="214" VPOS="535" HPOS="2527" CONTENT="והנה,"/><String HEIGHT="78" WIDTH="166" VPOS="535" HPOS="2670" CONTENT="לעת"/><String HEIGHT="78" WIDTH="119" VPOS="535" HPOS="2741" CONTENT="ערב"/></TextLine><TextLine ID="region_1522078042689_547l6" BASELINE="689" HEIGHT="94" WIDTH="1262" VPOS="595" HPOS="1595"><String HEIGHT="94" WIDTH="227" VPOS="595" HPOS="1570" CONTENT="בתחלת"/><String HEIGHT="94" WIDTH="227" VPOS="595" HPOS="1721" CONTENT="הלילה"/><String HEIGHT="94" WIDTH="202" VPOS="595" HPOS="1873" CONTENT="נראה"/><String HEIGHT="94" WIDTH="151" VPOS="595" HPOS="1999" CONTENT="על"/><String HEIGHT="94" WIDTH="177" VPOS="595" HPOS="2075" CONTENT="פני"/><String HEIGHT="94" WIDTH="202" VPOS="595" HPOS="2176" CONTENT="רקיע"/><String HEIGHT="94" WIDTH="227" VPOS="595" HPOS="2302" CONTENT="השמים"/><String HEIGHT="94" WIDTH="177" VPOS="595" HPOS="2453" CONTENT="אור"/><String HEIGHT="94" WIDTH="227" VPOS="595" HPOS="2554" CONTENT="יקרות"/><String HEIGHT="94" WIDTH="177" VPOS="595" HPOS="2680" CONTENT="הנודע"/></TextLine><TextLine ID="region_1522078042689_547l7" BASELINE="743" HEIGHT="81" WIDTH="1246" VPOS="662" HPOS="1596"><String HEIGHT="81" WIDTH="162" VPOS="662" HPOS="1573" CONTENT="בשם"/><String HEIGHT="81" WIDTH="162" VPOS="662" HPOS="1665" CONTENT="אות"/><String HEIGHT="81" WIDTH="231" VPOS="662" HPOS="1758" CONTENT="הצפוני"/><String HEIGHT="81" WIDTH="369" VPOS="662" HPOS="1919" CONTENT="(נארד-ליכט)."/><String HEIGHT="81" WIDTH="208" VPOS="662" HPOS="2219" CONTENT="ויתכן"/><String HEIGHT="81" WIDTH="185" VPOS="662" HPOS="2357" CONTENT="מאוד"/><String HEIGHT="81" WIDTH="138" VPOS="662" HPOS="2473" CONTENT="כי"/><String HEIGHT="81" WIDTH="138" VPOS="662" HPOS="2542" CONTENT="יש"/><String HEIGHT="81" WIDTH="185" VPOS="662" HPOS="2611" CONTENT="איזה"/><String HEIGHT="81" WIDTH="138" VPOS="662" HPOS="2704" CONTENT="יחוס"/></TextLine><TextLine ID="region_1522078042689_547l8" BASELINE="804" HEIGHT="78" WIDTH="1258" VPOS="726" HPOS="1596"><String HEIGHT="78" WIDTH="194" VPOS="726" HPOS="1572" CONTENT="וקשר"/><String HEIGHT="78" WIDTH="169" VPOS="726" HPOS="1693" CONTENT="בין"/><String HEIGHT="78" WIDTH="169" VPOS="726" HPOS="1790" CONTENT="שני"/><String HEIGHT="78" WIDTH="242" VPOS="726" HPOS="1886" CONTENT="המראות"/><String HEIGHT="78" WIDTH="218" VPOS="726" HPOS="2056" CONTENT="האלו,"/><String HEIGHT="78" WIDTH="242" VPOS="726" HPOS="2201" CONTENT="ומקורם"/><String HEIGHT="78" WIDTH="169" VPOS="726" HPOS="2370" CONTENT="הוא"/><String HEIGHT="78" WIDTH="194" VPOS="726" HPOS="2467" CONTENT="סיבה"/><String HEIGHT="78" WIDTH="169" VPOS="726" HPOS="2588" CONTENT="אחת"/><String HEIGHT="78" WIDTH="194" VPOS="726" HPOS="2660" CONTENT="משתתפת"/></TextLine><TextLine ID="region_1522078042689_547l9" BASELINE="857" HEIGHT="76" WIDTH="328" VPOS="781" HPOS="2515"><String HEIGHT="76" WIDTH="175" VPOS="781" HPOS="2493" CONTENT="בלתי"/><String HEIGHT="76" WIDTH="197" VPOS="781" HPOS="2602" CONTENT="נודעה"/><String HEIGHT="76" WIDTH="131" VPOS="781" HPOS="2712" CONTENT="לנו."/></TextLine></TextBlock><TextBlock ID="region_1522078047368_548" HEIGHT="2757" WIDTH="1304" VPOS="950" HPOS="1567"><Shape><Polygon POINTS="2865,950 1567,950 1573,3707 2871,3707"/></Shape><TextLine ID="region_1522078047368_548l1" BASELINE="1073" HEIGHT="74" WIDTH="995" VPOS="999" HPOS="1732"><String HEIGHT="74" WIDTH="176" VPOS="999" HPOS="1703" CONTENT="על"/><String HEIGHT="74" WIDTH="205" VPOS="999" HPOS="1791" CONTENT="דבר"/><String HEIGHT="74" WIDTH="263" VPOS="999" HPOS="1908" CONTENT="שמירת"/><String HEIGHT="74" WIDTH="205" VPOS="999" HPOS="2083" CONTENT="יום"/><String HEIGHT="74" WIDTH="234" VPOS="999" HPOS="2200" CONTENT="השבת"/><String HEIGHT="74" WIDTH="263" VPOS="999" HPOS="2347" CONTENT="לאנשי"/><String HEIGHT="74" WIDTH="234" VPOS="999" HPOS="2493" CONTENT="המזרח."/></TextLine><TextLine ID="region_1522078047368_548l2" BASELINE="1168" HEIGHT="79" WIDTH="420" VPOS="1089" HPOS="2013"><String HEIGHT="79" WIDTH="210" VPOS="1089" HPOS="1990" CONTENT="(המשך"/><String HEIGHT="79" WIDTH="140" VPOS="1089" HPOS="2130" CONTENT="מן"/><String HEIGHT="79" WIDTH="210" VPOS="1089" HPOS="2200" CONTENT="גליון"/><String HEIGHT="79" WIDTH="117" VPOS="1089" HPOS="2316" CONTENT="1)."/></TextLine><TextLine ID="region_1522078047368_548l3" BASELINE="1262" HEIGHT="66" WIDTH="1140" VPOS="1196" HPOS="1604"><String HEIGHT="66" WIDTH="194" VPOS="1196" HPOS="1580" CONTENT="והנה"/><String HEIGHT="66" WIDTH="243" VPOS="1196" HPOS="1701" CONTENT="הגאב״ד"/><String HEIGHT="66" WIDTH="194" VPOS="1196" HPOS="1871" CONTENT="מוה׳"/><String HEIGHT="66" WIDTH="218" VPOS="1196" HPOS="1992" CONTENT="ישעי׳"/><String HEIGHT="66" WIDTH="194" VPOS="1196" HPOS="2138" CONTENT="מאיר"/><String HEIGHT="66" WIDTH="194" VPOS="1196" HPOS="2259" CONTENT="כהנא"/><String HEIGHT="66" WIDTH="218" VPOS="1196" HPOS="2380" CONTENT="שפירא"/><String HEIGHT="66" WIDTH="170" VPOS="1196" HPOS="2526" CONTENT="ני׳"/><String HEIGHT="66" WIDTH="146" VPOS="1196" HPOS="2598" CONTENT="אחרי"/></TextLine><TextLine ID="region_1522078047368_548l4" BASELINE="1337" HEIGHT="78" WIDTH="1265" VPOS="1259" HPOS="1584"><String HEIGHT="78" WIDTH="253" VPOS="1259" HPOS="1559" CONTENT="שהקדים"/><String HEIGHT="78" WIDTH="202" VPOS="1259" HPOS="1736" CONTENT="לבאר"/><String HEIGHT="78" WIDTH="253" VPOS="1259" HPOS="1862" CONTENT="בהמגיד"/><String HEIGHT="78" WIDTH="202" VPOS="1259" HPOS="2039" CONTENT="כובד"/><String HEIGHT="78" WIDTH="228" VPOS="1259" HPOS="2166" CONTENT="השאלה"/><String HEIGHT="78" WIDTH="202" VPOS="1259" HPOS="2318" CONTENT="הזאת"/><String HEIGHT="78" WIDTH="228" VPOS="1259" HPOS="2444" CONTENT="וגודל"/><String HEIGHT="78" WIDTH="202" VPOS="1259" HPOS="2596" CONTENT="ערכה"/><String HEIGHT="78" WIDTH="152" VPOS="1259" HPOS="2697" CONTENT="בכמה"/></TextLine><TextLine ID="region_1522078047368_548l5" BASELINE="1407" HEIGHT="85" WIDTH="1249" VPOS="1322" HPOS="1600"><String HEIGHT="85" WIDTH="216" VPOS="1322" HPOS="1576" CONTENT="דינין"/><String HEIGHT="85" WIDTH="240" VPOS="1322" HPOS="1720" CONTENT="ואסורי"/><String HEIGHT="85" WIDTH="216" VPOS="1322" HPOS="1888" CONTENT="תורה,"/><String HEIGHT="85" WIDTH="168" VPOS="1322" HPOS="2032" CONTENT="מצא"/><String HEIGHT="85" WIDTH="144" VPOS="1322" HPOS="2128" CONTENT="את"/><String HEIGHT="85" WIDTH="192" VPOS="1322" HPOS="2200" CONTENT="לבבו"/><String HEIGHT="85" WIDTH="192" VPOS="1322" HPOS="2321" CONTENT="לבקש"/><String HEIGHT="85" WIDTH="240" VPOS="1322" HPOS="2441" CONTENT="ולחקור"/><String HEIGHT="85" WIDTH="240" VPOS="1322" HPOS="2609" CONTENT="ראשונה"/><String HEIGHT="85" WIDTH="96" VPOS="1322" HPOS="2753" CONTENT="אם"/></TextLine><TextLine ID="region_1522078047368_548l6" BASELINE="1467" HEIGHT="79" WIDTH="1252" VPOS="1388" HPOS="1597"><String HEIGHT="79" WIDTH="172" VPOS="1388" HPOS="1572" CONTENT="ע&#34;פ"/><String HEIGHT="79" WIDTH="245" VPOS="1388" HPOS="1671" CONTENT="דתו״הק"/><String HEIGHT="79" WIDTH="147" VPOS="1388" HPOS="1842" CONTENT="יש"/><String HEIGHT="79" WIDTH="295" VPOS="1388" HPOS="1916" CONTENT="מערידיאן"/><String HEIGHT="79" WIDTH="172" VPOS="1388" HPOS="2137" CONTENT="אחד"/><String HEIGHT="79" WIDTH="196" VPOS="1388" HPOS="2235" CONTENT="קבוע"/><String HEIGHT="79" WIDTH="147" VPOS="1388" HPOS="2358" CONTENT="על"/><String HEIGHT="79" WIDTH="196" VPOS="1388" HPOS="2432" CONTENT="הארץ"/><String HEIGHT="79" WIDTH="245" VPOS="1388" HPOS="2554" CONTENT="לשמירת"/><String HEIGHT="79" WIDTH="147" VPOS="1388" HPOS="2702" CONTENT="השבת"/></TextLine><TextLine ID="region_1522078047368_548l7" BASELINE="1527" HEIGHT="77" WIDTH="1245" VPOS="1450" HPOS="1597"><String HEIGHT="77" WIDTH="317" VPOS="1450" HPOS="1573" CONTENT="והמועדים,"/><String HEIGHT="77" WIDTH="220" VPOS="1450" HPOS="1817" CONTENT="באופן"/><String HEIGHT="77" WIDTH="293" VPOS="1450" HPOS="1963" CONTENT="שהיושבים"/><String HEIGHT="77" WIDTH="146" VPOS="1450" HPOS="2183" CONTENT="על"/><String HEIGHT="77" WIDTH="220" VPOS="1450" HPOS="2256" CONTENT="הגבול"/><String HEIGHT="77" WIDTH="195" VPOS="1450" HPOS="2403" CONTENT="מעבר"/><String HEIGHT="77" WIDTH="171" VPOS="1450" HPOS="2525" CONTENT="מזה"/><String HEIGHT="77" WIDTH="244" VPOS="1450" HPOS="2598" CONTENT="מחוייבים"/></TextLine><TextLine ID="region_1522078047368_548l8" BASELINE="1589" HEIGHT="76" WIDTH="1249" VPOS="1513" HPOS="1597"><String HEIGHT="76" WIDTH="234" VPOS="1513" HPOS="1571" CONTENT="לשמור"/><String HEIGHT="76" WIDTH="156" VPOS="1513" HPOS="1727" CONTENT="את"/><String HEIGHT="76" WIDTH="208" VPOS="1513" HPOS="1805" CONTENT="השבת"/><String HEIGHT="76" WIDTH="208" VPOS="1513" HPOS="1935" CONTENT="ביום"/><String HEIGHT="76" WIDTH="208" VPOS="1513" HPOS="2065" CONTENT="אחד,"/><String HEIGHT="76" WIDTH="286" VPOS="1513" HPOS="2195" CONTENT="ושכניהם"/><String HEIGHT="76" WIDTH="286" VPOS="1513" HPOS="2404" CONTENT="הקרובים"/><String HEIGHT="76" WIDTH="182" VPOS="1513" HPOS="2612" CONTENT="להם"/><String HEIGHT="76" WIDTH="156" VPOS="1513" HPOS="2690" CONTENT="מעבר"/></TextLine><TextLine ID="region_1522078047368_548l9" BASELINE="1654" HEIGHT="78" WIDTH="1268" VPOS="1576" HPOS="1583"><String HEIGHT="78" WIDTH="191" VPOS="1576" HPOS="1559" CONTENT="השני"/><String HEIGHT="78" WIDTH="311" VPOS="1576" HPOS="1679" CONTENT="למערידיאן"/><String HEIGHT="78" WIDTH="191" VPOS="1576" HPOS="1918" CONTENT="ההוא"/><String HEIGHT="78" WIDTH="287" VPOS="1576" HPOS="2038" CONTENT="מחוייבים"/><String HEIGHT="78" WIDTH="167" VPOS="1576" HPOS="2253" CONTENT="ע״פ"/><String HEIGHT="78" WIDTH="215" VPOS="1576" HPOS="2349" CONTENT="התורה"/><String HEIGHT="78" WIDTH="215" VPOS="1576" HPOS="2492" CONTENT="לקרוא"/><String HEIGHT="78" WIDTH="191" VPOS="1576" HPOS="2636" CONTENT="אותו"/><String HEIGHT="78" WIDTH="120" VPOS="1576" HPOS="2731" CONTENT="יום"/></TextLine><TextLine ID="region_1522078047368_548l10" BASELINE="1724" HEIGHT="84" WIDTH="1274" VPOS="1640" HPOS="1596"><String HEIGHT="84" WIDTH="156" VPOS="1640" HPOS="1570" CONTENT="ו׳"/><String HEIGHT="84" WIDTH="234" VPOS="1640" HPOS="1648" CONTENT="בשבוע"/><String HEIGHT="84" WIDTH="260" VPOS="1640" HPOS="1804" CONTENT="לעשותו"/><String HEIGHT="84" WIDTH="208" VPOS="1640" HPOS="1986" CONTENT="חול."/><String HEIGHT="84" WIDTH="338" VPOS="1640" HPOS="2116" CONTENT="ומערידיאן"/><String HEIGHT="84" WIDTH="182" VPOS="1640" HPOS="2376" CONTENT="כזה"/><String HEIGHT="84" WIDTH="182" VPOS="1640" HPOS="2480" CONTENT="הוא"/><String HEIGHT="84" WIDTH="260" VPOS="1640" HPOS="2584" CONTENT="מחוייב"/><String HEIGHT="84" WIDTH="130" VPOS="1640" HPOS="2740" CONTENT="ע״פ"/></TextLine><TextLine ID="region_1522078047368_548l11" BASELINE="1782" HEIGHT="65" WIDTH="1268" VPOS="1717" HPOS="1584"><String HEIGHT="65" WIDTH="233" VPOS="1717" HPOS="1558" CONTENT="דתנו."/><String HEIGHT="65" WIDTH="233" VPOS="1717" HPOS="1713" CONTENT="ואע&#34;פ"/><String HEIGHT="65" WIDTH="207" VPOS="1717" HPOS="1869" CONTENT="שהוא"/><String HEIGHT="65" WIDTH="181" VPOS="1717" HPOS="1998" CONTENT="דבר"/><String HEIGHT="65" WIDTH="155" VPOS="1717" HPOS="2102" CONTENT="זר"/><String HEIGHT="65" WIDTH="233" VPOS="1717" HPOS="2179" CONTENT="ותמוה"/><String HEIGHT="65" WIDTH="259" VPOS="1717" HPOS="2334" CONTENT="בהשקפה"/><String HEIGHT="65" WIDTH="311" VPOS="1717" HPOS="2516" CONTENT="הראשונה,"/><String HEIGHT="65" WIDTH="129" VPOS="1717" HPOS="2723" CONTENT="הנה"/></TextLine><TextLine ID="region_1522078047368_548l12" BASELINE="1847" HEIGHT="80" WIDTH="1248" VPOS="1767" HPOS="1596"><String HEIGHT="80" WIDTH="162" VPOS="1767" HPOS="1573" CONTENT="ע&#34;פ"/><String HEIGHT="80" WIDTH="231" VPOS="1767" HPOS="1665" CONTENT="חקירות"/><String HEIGHT="80" WIDTH="208" VPOS="1767" HPOS="1827" CONTENT="שונות"/><String HEIGHT="80" WIDTH="231" VPOS="1767" HPOS="1966" CONTENT="שהאריך"/><String HEIGHT="80" WIDTH="162" VPOS="1767" HPOS="2128" CONTENT="בזה"/><String HEIGHT="80" WIDTH="162" VPOS="1767" HPOS="2220" CONTENT="הרב"/><String HEIGHT="80" WIDTH="185" VPOS="1767" HPOS="2312" CONTENT="הנ&#34;ל"/><String HEIGHT="80" WIDTH="185" VPOS="1767" HPOS="2428" CONTENT="העלה"/><String HEIGHT="80" WIDTH="162" VPOS="1767" HPOS="2544" CONTENT="שיש"/><String HEIGHT="80" WIDTH="231" VPOS="1767" HPOS="2613" CONTENT="מערידיאן"/></TextLine><TextLine ID="region_1522078047368_548l13" BASELINE="1911" HEIGHT="84" WIDTH="1229" VPOS="1827" HPOS="1609"><String HEIGHT="84" WIDTH="186" VPOS="1827" HPOS="1586" CONTENT="קבוע"/><String HEIGHT="84" WIDTH="232" VPOS="1827" HPOS="1702" CONTENT="אצלנו,"/><String HEIGHT="84" WIDTH="232" VPOS="1827" HPOS="1864" CONTENT="ודבריו"/><String HEIGHT="84" WIDTH="232" VPOS="1827" HPOS="2026" CONTENT="צודקים"/><String HEIGHT="84" WIDTH="255" VPOS="1827" HPOS="2189" CONTENT="ואמתיים"/><String HEIGHT="84" WIDTH="162" VPOS="1827" HPOS="2374" CONTENT="לפי"/><String HEIGHT="84" WIDTH="209" VPOS="1827" HPOS="2467" CONTENT="דעתי,"/><String HEIGHT="84" WIDTH="162" VPOS="1827" HPOS="2606" CONTENT="כמו"/><String HEIGHT="84" WIDTH="162" VPOS="1827" HPOS="2676" CONTENT="שאבאר"/></TextLine><TextLine ID="region_1522078047368_548l14" BASELINE="1975" HEIGHT="93" WIDTH="1252" VPOS="1882" HPOS="1594"><String HEIGHT="93" WIDTH="172" VPOS="1882" HPOS="1569" CONTENT="עוד"/><String HEIGHT="93" WIDTH="221" VPOS="1882" HPOS="1668" CONTENT="להלן."/><String HEIGHT="93" WIDTH="172" VPOS="1882" HPOS="1815" CONTENT="אפס"/><String HEIGHT="93" WIDTH="147" VPOS="1882" HPOS="1913" CONTENT="כי"/><String HEIGHT="93" WIDTH="172" VPOS="1882" HPOS="1987" CONTENT="הרב"/><String HEIGHT="93" WIDTH="196" VPOS="1882" HPOS="2085" CONTENT="הנ&#34;ל"/><String HEIGHT="93" WIDTH="172" VPOS="1882" HPOS="2208" CONTENT="בנה"/><String HEIGHT="93" WIDTH="245" VPOS="1882" HPOS="2306" CONTENT="יסודתו"/><String HEIGHT="93" WIDTH="147" VPOS="1882" HPOS="2478" CONTENT="על"/><String HEIGHT="93" WIDTH="196" VPOS="1882" HPOS="2551" CONTENT="דברי"/><String HEIGHT="93" WIDTH="196" VPOS="1882" HPOS="2650" CONTENT="הכוזרי"/></TextLine><TextLine ID="region_1522078047368_548l15" BASELINE="2048" HEIGHT="85" WIDTH="1259" VPOS="1963" HPOS="1589"><String HEIGHT="85" WIDTH="291" VPOS="1963" HPOS="1565" CONTENT="והרזה״ה,"/><String HEIGHT="85" WIDTH="169" VPOS="1963" HPOS="1783" CONTENT="אשר"/><String HEIGHT="85" WIDTH="266" VPOS="1963" HPOS="1880" CONTENT="בפירושם"/><String HEIGHT="85" WIDTH="145" VPOS="1963" HPOS="2073" CONTENT="על"/><String HEIGHT="85" WIDTH="266" VPOS="1963" HPOS="2146" CONTENT="הברייתא"/><String HEIGHT="85" WIDTH="218" VPOS="1963" HPOS="2340" CONTENT="דנולד"/><String HEIGHT="85" WIDTH="194" VPOS="1963" HPOS="2485" CONTENT="קודם"/><String HEIGHT="85" WIDTH="194" VPOS="1963" HPOS="2606" CONTENT="חצות"/><String HEIGHT="85" WIDTH="145" VPOS="1963" HPOS="2703" CONTENT="(ר״ה"/></TextLine><TextLine ID="region_1522078047368_548l16" BASELINE="2113" HEIGHT="91" WIDTH="1251" VPOS="2022" HPOS="1593"><String HEIGHT="91" WIDTH="168" VPOS="2022" HPOS="1569" CONTENT="כ׳)"/><String HEIGHT="91" WIDTH="192" VPOS="2022" HPOS="1665" CONTENT="מצאו"/><String HEIGHT="91" WIDTH="337" VPOS="2022" HPOS="1785" CONTENT="שהמערידיאן"/><String HEIGHT="91" WIDTH="217" VPOS="2022" HPOS="2050" CONTENT="הקבוע"/><String HEIGHT="91" WIDTH="217" VPOS="2022" HPOS="2194" CONTENT="אצלנו"/><String HEIGHT="91" WIDTH="168" VPOS="2022" HPOS="2339" CONTENT="אשר"/><String HEIGHT="91" WIDTH="168" VPOS="2022" HPOS="2435" CONTENT="משם"/><String HEIGHT="91" WIDTH="241" VPOS="2022" HPOS="2531" CONTENT="יתחילו"/><String HEIGHT="91" WIDTH="168" VPOS="2022" HPOS="2676" CONTENT="קריאת"/></TextLine><TextLine ID="region_1522078047368_548l17" BASELINE="2160" HEIGHT="69" WIDTH="1242" VPOS="2091" HPOS="1600"><String HEIGHT="69" WIDTH="203" VPOS="2091" HPOS="1575" CONTENT="שמות"/><String HEIGHT="69" WIDTH="228" VPOS="2091" HPOS="1701" CONTENT="הימים"/><String HEIGHT="69" WIDTH="228" VPOS="2091" HPOS="1853" CONTENT="בשבוע"/><String HEIGHT="69" WIDTH="177" VPOS="2091" HPOS="2006" CONTENT="הוא"/><String HEIGHT="69" WIDTH="228" VPOS="2091" HPOS="2107" CONTENT="במעלה"/><String HEIGHT="69" WIDTH="177" VPOS="2091" HPOS="2259" CONTENT="90°"/><String HEIGHT="69" WIDTH="228" VPOS="2091" HPOS="2360" CONTENT="למזרח"/><String HEIGHT="69" WIDTH="152" VPOS="2091" HPOS="2512" CONTENT="אי"/><String HEIGHT="69" WIDTH="203" VPOS="2091" HPOS="2589" CONTENT="ולפי"/><String HEIGHT="69" WIDTH="152" VPOS="2091" HPOS="2690" CONTENT="דעתו"/></TextLine><TextLine ID="region_1522078047368_548l18" BASELINE="2234" HEIGHT="86" WIDTH="1249" VPOS="2148" HPOS="1602"><String HEIGHT="86" WIDTH="159" VPOS="2148" HPOS="1579" CONTENT="הוא"/><String HEIGHT="86" WIDTH="204" VPOS="2148" HPOS="1670" CONTENT="במעלה"/><String HEIGHT="86" WIDTH="182" VPOS="2148" HPOS="1806" CONTENT="130°"/><String HEIGHT="86" WIDTH="204" VPOS="2148" HPOS="1920" CONTENT="לאורך"/><String HEIGHT="86" WIDTH="227" VPOS="2148" HPOS="2056" CONTENT="הכדור,"/><String HEIGHT="86" WIDTH="204" VPOS="2148" HPOS="2215" CONTENT="והעלה"/><String HEIGHT="86" WIDTH="182" VPOS="2148" HPOS="2351" CONTENT="לפ״ז"/><String HEIGHT="86" WIDTH="136" VPOS="2148" HPOS="2465" CONTENT="כי"/><String HEIGHT="86" WIDTH="204" VPOS="2148" HPOS="2533" CONTENT="יושבי"/><String HEIGHT="86" WIDTH="204" VPOS="2148" HPOS="2647" CONTENT="מעלבורן"/></TextLine><TextLine ID="region_1522078047368_548l19" BASELINE="2295" HEIGHT="84" WIDTH="1261" VPOS="2211" HPOS="1597"><String HEIGHT="84" WIDTH="315" VPOS="2211" HPOS="1574" CONTENT="באוסטראליע"/><String HEIGHT="84" WIDTH="180" VPOS="2211" HPOS="1822" CONTENT="ועוד"/><String HEIGHT="84" WIDTH="180" VPOS="2211" HPOS="1935" CONTENT="הלאה"/><String HEIGHT="84" WIDTH="158" VPOS="2211" HPOS="2047" CONTENT="מהם"/><String HEIGHT="84" WIDTH="158" VPOS="2211" HPOS="2137" CONTENT="לצד"/><String HEIGHT="84" WIDTH="180" VPOS="2211" HPOS="2227" CONTENT="מערב"/><String HEIGHT="84" WIDTH="135" VPOS="2211" HPOS="2340" CONTENT="כל"/><String HEIGHT="84" WIDTH="158" VPOS="2211" HPOS="2408" CONTENT="חבל"/><String HEIGHT="84" WIDTH="180" VPOS="2211" HPOS="2498" CONTENT="הארץ"/><String HEIGHT="84" WIDTH="135" VPOS="2211" HPOS="2610" CONTENT="עד"/><String HEIGHT="84" WIDTH="158" VPOS="2211" HPOS="2678" CONTENT="נגד"/><String HEIGHT="84" WIDTH="113" VPOS="2211" HPOS="2745" CONTENT="האי"/></TextLine><TextLine ID="region_1522078047368_548l20" BASELINE="2362" HEIGHT="83" WIDTH="1248" VPOS="2279" HPOS="1603"><String HEIGHT="83" WIDTH="223" VPOS="2279" HPOS="1581" CONTENT="אלביאן"/><String HEIGHT="83" WIDTH="156" VPOS="2279" HPOS="1737" CONTENT="וכן"/><String HEIGHT="83" WIDTH="201" VPOS="2279" HPOS="1826" CONTENT="יושבי"/><String HEIGHT="83" WIDTH="290" VPOS="2279" HPOS="1960" CONTENT="קאמטשאטקא"/><String HEIGHT="83" WIDTH="223" VPOS="2279" HPOS="2182" CONTENT="ברוסיא"/><String HEIGHT="83" WIDTH="178" VPOS="2279" HPOS="2338" CONTENT="ועוד"/><String HEIGHT="83" WIDTH="201" VPOS="2279" HPOS="2450" CONTENT="למערב"/><String HEIGHT="83" WIDTH="134" VPOS="2279" HPOS="2584" CONTENT="עד"/><String HEIGHT="83" WIDTH="223" VPOS="2279" HPOS="2628" CONTENT="אירקוטסק"/></TextLine><TextLine ID="region_1522078047368_548l21" BASELINE="2422" HEIGHT="78" WIDTH="1242" VPOS="2344" HPOS="1603"><String HEIGHT="78" WIDTH="207" VPOS="2344" HPOS="1577" CONTENT="וכמו"/><String HEIGHT="78" WIDTH="233" VPOS="2344" HPOS="1707" CONTENT="שנראה"/><String HEIGHT="78" WIDTH="233" VPOS="2344" HPOS="1862" CONTENT="בצורה"/><String HEIGHT="78" WIDTH="285" VPOS="2344" HPOS="2017" CONTENT="שלפנינו"/><String HEIGHT="78" WIDTH="155" VPOS="2344" HPOS="2224" CONTENT="על"/><String HEIGHT="78" WIDTH="233" VPOS="2344" HPOS="2302" CONTENT="המפה,"/><String HEIGHT="78" WIDTH="181" VPOS="2344" HPOS="2457" CONTENT="הוא"/><String HEIGHT="78" WIDTH="233" VPOS="2344" HPOS="2560" CONTENT="במעלה"/><String HEIGHT="78" WIDTH="155" VPOS="2344" HPOS="2690" CONTENT="240°"/></TextLine><TextLine ID="region_1522078047368_548l22" BASELINE="2486" HEIGHT="79" WIDTH="1258" VPOS="2407" HPOS="1597"><String HEIGHT="79" WIDTH="257" VPOS="2407" HPOS="1571" CONTENT="(ממערב"/><String HEIGHT="79" WIDTH="385" VPOS="2407" HPOS="1751" CONTENT="גרענוויטש),"/><String HEIGHT="79" WIDTH="231" VPOS="2407" HPOS="2059" CONTENT="עליהם"/><String HEIGHT="79" WIDTH="154" VPOS="2407" HPOS="2213" CONTENT="חל"/><String HEIGHT="79" WIDTH="231" VPOS="2407" HPOS="2290" CONTENT="לעשות"/><String HEIGHT="79" WIDTH="154" VPOS="2407" HPOS="2444" CONTENT="את"/><String HEIGHT="79" WIDTH="205" VPOS="2407" HPOS="2521" CONTENT="השבת"/><String HEIGHT="79" WIDTH="205" VPOS="2407" HPOS="2650" CONTENT="ביום"/><String HEIGHT="79" WIDTH="103" VPOS="2407" HPOS="2752" CONTENT="א׳"/></TextLine><TextLine ID="region_1522078047368_548l23" BASELINE="2544" HEIGHT="94" WIDTH="1245" VPOS="2450" HPOS="1597"><String HEIGHT="94" WIDTH="208" VPOS="2450" HPOS="1574" CONTENT="למנין"/><String HEIGHT="94" WIDTH="208" VPOS="2450" HPOS="1712" CONTENT="השבוע"/><String HEIGHT="94" WIDTH="231" VPOS="2450" HPOS="1851" CONTENT="אצלנו."/><String HEIGHT="94" WIDTH="161" VPOS="2450" HPOS="2012" CONTENT="אכל"/><String HEIGHT="94" WIDTH="161" VPOS="2450" HPOS="2104" CONTENT="כבר"/><String HEIGHT="94" WIDTH="208" VPOS="2450" HPOS="2196" CONTENT="הראתי"/><String HEIGHT="94" WIDTH="254" VPOS="2450" HPOS="2335" CONTENT="והוכחתי"/><String HEIGHT="94" WIDTH="231" VPOS="2450" HPOS="2519" CONTENT="בראיות"/><String HEIGHT="94" WIDTH="184" VPOS="2450" HPOS="2658" CONTENT="ברורות"/></TextLine><TextLine ID="region_1522078047368_548l24" BASELINE="2608" HEIGHT="76" WIDTH="1268" VPOS="2532" HPOS="1600"><String HEIGHT="76" WIDTH="174" VPOS="2532" HPOS="1575" CONTENT="שכל"/><String HEIGHT="76" WIDTH="273" VPOS="2532" HPOS="1675" CONTENT="הגאונים"/><String HEIGHT="76" WIDTH="298" VPOS="2532" HPOS="1873" CONTENT="הראשונים"/><String HEIGHT="76" WIDTH="174" VPOS="2532" HPOS="2097" CONTENT="אשר"/><String HEIGHT="76" WIDTH="199" VPOS="2532" HPOS="2197" CONTENT="טרחו"/><String HEIGHT="76" WIDTH="224" VPOS="2532" HPOS="2321" CONTENT="ויגעו"/><String HEIGHT="76" WIDTH="199" VPOS="2532" HPOS="2470" CONTENT="לפרש"/><String HEIGHT="76" WIDTH="149" VPOS="2532" HPOS="2595" CONTENT="את"/><String HEIGHT="76" WIDTH="224" VPOS="2532" HPOS="2644" CONTENT="הברייתא"/></TextLine><TextLine ID="region_1522078047368_548l25" BASELINE="2680" HEIGHT="83" WIDTH="1262" VPOS="2597" HPOS="1597"><String HEIGHT="83" WIDTH="223" VPOS="2597" HPOS="1572" CONTENT="דנולד"/><String HEIGHT="83" WIDTH="198" VPOS="2597" HPOS="1721" CONTENT="קודם"/><String HEIGHT="83" WIDTH="223" VPOS="2597" HPOS="1844" CONTENT="חצות,"/><String HEIGHT="83" WIDTH="173" VPOS="2597" HPOS="1993" CONTENT="נטו"/><String HEIGHT="83" WIDTH="198" VPOS="2597" HPOS="2092" CONTENT="מדרך"/><String HEIGHT="83" WIDTH="198" VPOS="2597" HPOS="2216" CONTENT="הפשט"/><String HEIGHT="83" WIDTH="247" VPOS="2597" HPOS="2339" CONTENT="האמיתי"/><String HEIGHT="83" WIDTH="247" VPOS="2597" HPOS="2513" CONTENT="ונדחקו"/><String HEIGHT="83" WIDTH="198" VPOS="2597" HPOS="2661" CONTENT="ונלחצו"/></TextLine><TextLine ID="region_1522078047368_548l26" BASELINE="2743" HEIGHT="82" WIDTH="1266" VPOS="2661" HPOS="1600"><String HEIGHT="82" WIDTH="276" VPOS="2661" HPOS="1577" CONTENT="בפירושים"/><String HEIGHT="82" WIDTH="184" VPOS="2661" HPOS="1784" CONTENT="זרים"/><String HEIGHT="82" WIDTH="276" VPOS="2661" HPOS="1899" CONTENT="ורחוקים,"/><String HEIGHT="82" WIDTH="161" VPOS="2661" HPOS="2106" CONTENT="לפי"/><String HEIGHT="82" WIDTH="207" VPOS="2661" HPOS="2198" CONTENT="שחשבו"/><String HEIGHT="82" WIDTH="276" VPOS="2661" HPOS="2337" CONTENT="שהברייתא"/><String HEIGHT="82" WIDTH="184" VPOS="2661" HPOS="2544" CONTENT="הזאת"/><String HEIGHT="82" WIDTH="161" VPOS="2661" HPOS="2659" CONTENT="היא"/><String HEIGHT="82" WIDTH="138" VPOS="2661" HPOS="2728" CONTENT="מקור"/></TextLine><TextLine ID="region_1522078047368_548l27" BASELINE="2807" HEIGHT="84" WIDTH="1244" VPOS="2723" HPOS="1608"><String HEIGHT="84" WIDTH="224" VPOS="2723" HPOS="1583" CONTENT="הקבלה"/><String HEIGHT="84" WIDTH="199" VPOS="2723" HPOS="1732" CONTENT="ואבן"/><String HEIGHT="84" WIDTH="224" VPOS="2723" HPOS="1857" CONTENT="הראשה"/><String HEIGHT="84" WIDTH="249" VPOS="2723" HPOS="2006" CONTENT="ליסודי"/><String HEIGHT="84" WIDTH="224" VPOS="2723" HPOS="2180" CONTENT="חשבון"/><String HEIGHT="84" WIDTH="274" VPOS="2723" HPOS="2330" CONTENT="הקביעות"/><String HEIGHT="84" WIDTH="249" VPOS="2723" HPOS="2529" CONTENT="שבידנו"/><String HEIGHT="84" WIDTH="174" VPOS="2723" HPOS="2678" CONTENT="היום,"/></TextLine><TextLine ID="region_1522078047368_548l28" BASELINE="2871" HEIGHT="87" WIDTH="1252" VPOS="2784" HPOS="1603"><String HEIGHT="87" WIDTH="193" VPOS="2784" HPOS="1579" CONTENT="וע&#34;כ"/><String HEIGHT="87" WIDTH="193" VPOS="2784" HPOS="1699" CONTENT="חתרו"/><String HEIGHT="87" WIDTH="193" VPOS="2784" HPOS="1820" CONTENT="לפרש"/><String HEIGHT="87" WIDTH="193" VPOS="2784" HPOS="1940" CONTENT="אותה"/><String HEIGHT="87" WIDTH="217" VPOS="2784" HPOS="2060" CONTENT="באופן"/><String HEIGHT="87" WIDTH="217" VPOS="2784" HPOS="2205" CONTENT="מסכים"/><String HEIGHT="87" WIDTH="144" VPOS="2784" HPOS="2349" CONTENT="עם"/><String HEIGHT="87" WIDTH="217" VPOS="2784" HPOS="2422" CONTENT="היסוד"/><String HEIGHT="87" WIDTH="144" VPOS="2784" HPOS="2566" CONTENT="של"/><String HEIGHT="87" WIDTH="193" VPOS="2784" HPOS="2638" CONTENT="מולד"/><String HEIGHT="87" WIDTH="120" VPOS="2784" HPOS="2735" CONTENT="זקן"/></TextLine><TextLine ID="region_1522078047368_548l29" BASELINE="2940" HEIGHT="95" WIDTH="1251" VPOS="2845" HPOS="1602"><String HEIGHT="95" WIDTH="241" VPOS="2845" HPOS="1578" CONTENT="המיוסד"/><String HEIGHT="95" WIDTH="217" VPOS="2845" HPOS="1746" CONTENT="אצלנו"/><String HEIGHT="95" WIDTH="265" VPOS="2845" HPOS="1891" CONTENT="בחשבון,"/><String HEIGHT="95" WIDTH="217" VPOS="2845" HPOS="2083" CONTENT="שכשחל"/><String HEIGHT="95" WIDTH="217" VPOS="2845" HPOS="2228" CONTENT="המולד"/><String HEIGHT="95" WIDTH="192" VPOS="2845" HPOS="2372" CONTENT="קודם"/><String HEIGHT="95" WIDTH="192" VPOS="2845" HPOS="2492" CONTENT="חצות"/><String HEIGHT="95" WIDTH="192" VPOS="2845" HPOS="2612" CONTENT="היום"/><String HEIGHT="95" WIDTH="144" VPOS="2845" HPOS="2709" CONTENT="באחד"/></TextLine><TextLine ID="region_1522078047368_548l30" BASELINE="2998" HEIGHT="80" WIDTH="1248" VPOS="2918" HPOS="1601"><String HEIGHT="80" WIDTH="166" VPOS="2918" HPOS="1580" CONTENT="מימי"/><String HEIGHT="80" WIDTH="187" VPOS="2918" HPOS="1684" CONTENT="בגה״ז"/><String HEIGHT="80" WIDTH="208" VPOS="2918" HPOS="1809" CONTENT="קובעין"/><String HEIGHT="80" WIDTH="146" VPOS="2918" HPOS="1955" CONTENT="ר״ה"/><String HEIGHT="80" WIDTH="125" VPOS="2918" HPOS="2038" CONTENT="בו"/><String HEIGHT="80" WIDTH="187" VPOS="2918" HPOS="2100" CONTENT="ביום,"/><String HEIGHT="80" WIDTH="187" VPOS="2918" HPOS="2225" CONTENT="ולאחר"/><String HEIGHT="80" WIDTH="166" VPOS="2918" HPOS="2350" CONTENT="חצות"/><String HEIGHT="80" WIDTH="187" VPOS="2918" HPOS="2454" CONTENT="דוחין"/><String HEIGHT="80" WIDTH="166" VPOS="2918" HPOS="2579" CONTENT="אותו"/><String HEIGHT="80" WIDTH="187" VPOS="2918" HPOS="2662" CONTENT="למחרתו,"/></TextLine><TextLine ID="region_1522078047368_548l31" BASELINE="3066" HEIGHT="88" WIDTH="1260" VPOS="2978" HPOS="1599"><String HEIGHT="88" WIDTH="202" VPOS="2978" HPOS="1574" CONTENT="ולפי"/><String HEIGHT="88" WIDTH="252" VPOS="2978" HPOS="1700" CONTENT="שמאמרם"/><String HEIGHT="88" WIDTH="202" VPOS="2978" HPOS="1876" CONTENT="נולד"/><String HEIGHT="88" WIDTH="202" VPOS="2978" HPOS="2002" CONTENT="קודם"/><String HEIGHT="88" WIDTH="202" VPOS="2978" HPOS="2128" CONTENT="חצות"/><String HEIGHT="88" WIDTH="227" VPOS="2978" HPOS="2254" CONTENT="בידוע"/><String HEIGHT="88" WIDTH="227" VPOS="2978" HPOS="2405" CONTENT="שנראה"/><String HEIGHT="88" WIDTH="202" VPOS="2978" HPOS="2557" CONTENT="סמוך"/><String HEIGHT="88" WIDTH="202" VPOS="2978" HPOS="2657" CONTENT="לשקיעת"/></TextLine><TextLine ID="region_1522078047368_548l32" BASELINE="3123" HEIGHT="79" WIDTH="1258" VPOS="3044" HPOS="1597"><String HEIGHT="79" WIDTH="197" VPOS="3044" HPOS="1572" CONTENT="החמה"/><String HEIGHT="79" WIDTH="173" VPOS="3044" HPOS="1696" CONTENT="הוא"/><String HEIGHT="79" WIDTH="222" VPOS="3044" HPOS="1794" CONTENT="מכחיש"/><String HEIGHT="79" WIDTH="148" VPOS="3044" HPOS="1942" CONTENT="את"/><String HEIGHT="79" WIDTH="222" VPOS="3044" HPOS="2016" CONTENT="הידוע"/><String HEIGHT="79" WIDTH="197" VPOS="3044" HPOS="2164" CONTENT="שא״א"/><String HEIGHT="79" WIDTH="222" VPOS="3044" HPOS="2288" CONTENT="שיראה"/><String HEIGHT="79" WIDTH="197" VPOS="3044" HPOS="2436" CONTENT="הירח"/><String HEIGHT="79" WIDTH="173" VPOS="3044" HPOS="2559" CONTENT="אחר"/><String HEIGHT="79" WIDTH="148" VPOS="3044" HPOS="2658" CONTENT="ו׳"/><String HEIGHT="79" WIDTH="148" VPOS="3044" HPOS="2707" CONTENT="שעות"/></TextLine><TextLine ID="region_1522078047368_548l33" BASELINE="3187" HEIGHT="83" WIDTH="1243" VPOS="3104" HPOS="1609"><String HEIGHT="83" WIDTH="292" VPOS="3104" HPOS="1585" CONTENT="לתולדתו,"/><String HEIGHT="83" WIDTH="171" VPOS="3104" HPOS="1804" CONTENT="כמו"/><String HEIGHT="83" WIDTH="219" VPOS="3104" HPOS="1901" CONTENT="שאמרו"/><String HEIGHT="83" WIDTH="146" VPOS="3104" HPOS="2048" CONTENT="שם"/><String HEIGHT="83" WIDTH="219" VPOS="3104" HPOS="2121" CONTENT="בעצמם"/><String HEIGHT="83" WIDTH="171" VPOS="3104" HPOS="2267" CONTENT="כ״ד"/><String HEIGHT="83" WIDTH="171" VPOS="3104" HPOS="2365" CONTENT="שעי"/><String HEIGHT="83" WIDTH="195" VPOS="3104" HPOS="2462" CONTENT="מכסי"/><String HEIGHT="83" WIDTH="219" VPOS="3104" HPOS="2584" CONTENT="סיהרא"/><String HEIGHT="83" WIDTH="146" VPOS="3104" HPOS="2706" CONTENT="וכו׳"/></TextLine><TextLine ID="region_1522078047368_548l34" BASELINE="3253" HEIGHT="91" WIDTH="1263" VPOS="3162" HPOS="1599"><String HEIGHT="91" WIDTH="167" VPOS="3162" HPOS="1575" CONTENT="לכן"/><String HEIGHT="91" WIDTH="214" VPOS="3162" HPOS="1670" CONTENT="פירשו"/><String HEIGHT="91" WIDTH="191" VPOS="3162" HPOS="1813" CONTENT="נולד"/><String HEIGHT="91" WIDTH="191" VPOS="3162" HPOS="1933" CONTENT="קודם"/><String HEIGHT="91" WIDTH="191" VPOS="3162" HPOS="2052" CONTENT="חצות"/><String HEIGHT="91" WIDTH="191" VPOS="3162" HPOS="2171" CONTENT="היום"/><String HEIGHT="91" WIDTH="214" VPOS="3162" HPOS="2290" CONTENT="במזרח"/><String HEIGHT="91" WIDTH="214" VPOS="3162" HPOS="2433" CONTENT="העולם"/><String HEIGHT="91" WIDTH="214" VPOS="3162" HPOS="2576" CONTENT="בידוע"/><String HEIGHT="91" WIDTH="167" VPOS="3162" HPOS="2695" CONTENT="שנראה"/></TextLine><TextLine ID="region_1522078047368_548l35" BASELINE="3319" HEIGHT="88" WIDTH="1247" VPOS="3231" HPOS="1603"><String HEIGHT="88" WIDTH="196" VPOS="3231" HPOS="1579" CONTENT="סמוך"/><String HEIGHT="88" WIDTH="245" VPOS="3231" HPOS="1701" CONTENT="לשקיעת"/><String HEIGHT="88" WIDTH="196" VPOS="3231" HPOS="1872" CONTENT="החמה"/><String HEIGHT="88" WIDTH="293" VPOS="3231" HPOS="1994" CONTENT="להיושבים"/><String HEIGHT="88" WIDTH="220" VPOS="3231" HPOS="2214" CONTENT="במערב"/><String HEIGHT="88" WIDTH="245" VPOS="3231" HPOS="2361" CONTENT="העולם,"/><String HEIGHT="88" WIDTH="171" VPOS="3231" HPOS="2532" CONTENT="פי׳"/><String HEIGHT="88" WIDTH="147" VPOS="3231" HPOS="2630" CONTENT="זר"/><String HEIGHT="88" WIDTH="171" VPOS="3231" HPOS="2679" CONTENT="ורחוק"/></TextLine><TextLine ID="region_1522078047368_548l36" BASELINE="3380" HEIGHT="82" WIDTH="1286" VPOS="3298" HPOS="1584"><String HEIGHT="82" WIDTH="207" VPOS="3298" HPOS="1561" CONTENT="בעיני"/><String HEIGHT="82" WIDTH="138" VPOS="3298" HPOS="1699" CONTENT="כל"/><String HEIGHT="82" WIDTH="161" VPOS="3298" HPOS="1768" CONTENT="בעל"/><String HEIGHT="82" WIDTH="184" VPOS="3298" HPOS="1860" CONTENT="דיעה"/><String HEIGHT="82" WIDTH="184" VPOS="3298" HPOS="1974" CONTENT="ישרה"/><String HEIGHT="82" WIDTH="207" VPOS="3298" HPOS="2089" CONTENT="היודע"/><String HEIGHT="82" WIDTH="161" VPOS="3298" HPOS="2227" CONTENT="דרך"/><String HEIGHT="82" WIDTH="230" VPOS="3298" HPOS="2319" CONTENT="התלמוד"/><String HEIGHT="82" WIDTH="230" VPOS="3298" HPOS="2480" CONTENT="וסגנון"/><String HEIGHT="82" WIDTH="230" VPOS="3298" HPOS="2640" CONTENT="דבריו,"/><String HEIGHT="82" WIDTH="92" VPOS="3298" HPOS="2778" CONTENT="גם"/></TextLine><TextLine ID="region_1522078047368_548l37" BASELINE="3445" HEIGHT="87" WIDTH="1265" VPOS="3358" HPOS="1603"><String HEIGHT="87" WIDTH="191" VPOS="3358" HPOS="1579" CONTENT="איזה"/><String HEIGHT="87" WIDTH="191" VPOS="3358" HPOS="1698" CONTENT="ענין"/><String HEIGHT="87" WIDTH="143" VPOS="3358" HPOS="1818" CONTENT="יש"/><String HEIGHT="87" WIDTH="143" VPOS="3358" HPOS="1889" CONTENT="לו"/><String HEIGHT="87" WIDTH="143" VPOS="3358" HPOS="1961" CONTENT="עם"/><String HEIGHT="87" WIDTH="215" VPOS="3358" HPOS="2033" CONTENT="מימרא"/><String HEIGHT="87" WIDTH="191" VPOS="3358" HPOS="2176" CONTENT="דר״ז"/><String HEIGHT="87" WIDTH="143" VPOS="3358" HPOS="2295" CONTENT="שם"/><String HEIGHT="87" WIDTH="191" VPOS="3358" HPOS="2367" CONTENT="צריך"/><String HEIGHT="87" WIDTH="215" VPOS="3358" HPOS="2486" CONTENT="שיהיה"/><String HEIGHT="87" WIDTH="191" VPOS="3358" HPOS="2629" CONTENT="לילה"/><String HEIGHT="87" WIDTH="143" VPOS="3358" HPOS="2725" CONTENT="ויום"/></TextLine><TextLine ID="region_1522078047368_548l38" BASELINE="3507" HEIGHT="91" WIDTH="1267" VPOS="3416" HPOS="1590"><String HEIGHT="91" WIDTH="162" VPOS="3416" HPOS="1563" CONTENT="מן"/><String HEIGHT="91" WIDTH="243" VPOS="3416" HPOS="1644" CONTENT="החדש?"/><String HEIGHT="91" WIDTH="189" VPOS="3416" HPOS="1806" CONTENT="וכן"/><String HEIGHT="91" WIDTH="243" VPOS="3416" HPOS="1913" CONTENT="תירוץ"/><String HEIGHT="91" WIDTH="189" VPOS="3416" HPOS="2075" CONTENT="רבא"/><String HEIGHT="91" WIDTH="162" VPOS="3416" HPOS="2183" CONTENT="שם"/><String HEIGHT="91" WIDTH="216" VPOS="3416" HPOS="2264" CONTENT="חצות"/><String HEIGHT="91" WIDTH="216" VPOS="3416" HPOS="2399" CONTENT="לילה"/><String HEIGHT="91" WIDTH="216" VPOS="3416" HPOS="2534" CONTENT="איכא"/><String HEIGHT="91" WIDTH="216" VPOS="3416" HPOS="2641" CONTENT="בנייהו"/></TextLine><TextLine ID="region_1522078047368_548l39" BASELINE="3571" HEIGHT="88" WIDTH="1266" VPOS="3483" HPOS="1597"><String HEIGHT="88" WIDTH="264" VPOS="3483" HPOS="1571" CONTENT="שנדחקו"/><String HEIGHT="88" WIDTH="211" VPOS="3483" HPOS="1755" CONTENT="לפרש"/><String HEIGHT="88" WIDTH="158" VPOS="3483" HPOS="1887" CONTENT="על"/><String HEIGHT="88" WIDTH="185" VPOS="3483" HPOS="1966" CONTENT="חצי"/><String HEIGHT="88" WIDTH="211" VPOS="3483" HPOS="2072" CONTENT="לילה"/><String HEIGHT="88" WIDTH="158" VPOS="3483" HPOS="2204" CONTENT="של"/><String HEIGHT="88" WIDTH="185" VPOS="3483" HPOS="2283" CONTENT="פסח"/><String HEIGHT="88" WIDTH="158" VPOS="3483" HPOS="2388" CONTENT="מה"/><String HEIGHT="88" WIDTH="211" VPOS="3483" HPOS="2467" CONTENT="ענין"/><String HEIGHT="88" WIDTH="185" VPOS="3483" HPOS="2599" CONTENT="פסח"/><String HEIGHT="88" WIDTH="185" VPOS="3483" HPOS="2678" CONTENT="לכאן?"/></TextLine><TextLine ID="region_1522078047368_548l40" BASELINE="3635" HEIGHT="95" WIDTH="1268" VPOS="3540" HPOS="1590"><String HEIGHT="95" WIDTH="164" VPOS="3540" HPOS="1567" CONTENT="אבל"/><String HEIGHT="95" WIDTH="164" VPOS="3540" HPOS="1660" CONTENT="לפי"/><String HEIGHT="95" WIDTH="188" VPOS="3540" HPOS="1754" CONTENT="האמת"/><String HEIGHT="95" WIDTH="258" VPOS="3540" HPOS="1872" CONTENT="הברייתא"/><String HEIGHT="95" WIDTH="188" VPOS="3540" HPOS="2060" CONTENT="הואת"/><String HEIGHT="95" WIDTH="164" VPOS="3540" HPOS="2177" CONTENT="וכל"/><String HEIGHT="95" WIDTH="235" VPOS="3540" HPOS="2271" CONTENT="הסוגיא"/><String HEIGHT="95" WIDTH="141" VPOS="3540" HPOS="2435" CONTENT="שם"/><String HEIGHT="95" WIDTH="188" VPOS="3540" HPOS="2506" CONTENT="עיקר"/><String HEIGHT="95" WIDTH="211" VPOS="3540" HPOS="2623" CONTENT="ענינה"/><String HEIGHT="95" WIDTH="117" VPOS="3540" HPOS="2741" CONTENT="הוא"/></TextLine><TextLine ID="region_1522078047368_548l41" BASELINE="3706" HEIGHT="99" WIDTH="1270" VPOS="3607" HPOS="1585"><String HEIGHT="99" WIDTH="174" VPOS="3607" HPOS="1560" CONTENT="לפי"/><String HEIGHT="99" WIDTH="224" VPOS="3607" HPOS="1660" CONTENT="חשבון"/><String HEIGHT="99" WIDTH="224" VPOS="3607" HPOS="1809" CONTENT="הראיה"/><String HEIGHT="99" WIDTH="224" VPOS="3607" HPOS="1959" CONTENT="הנהוג"/><String HEIGHT="99" WIDTH="199" VPOS="3607" HPOS="2108" CONTENT="בזמן"/><String HEIGHT="99" WIDTH="249" VPOS="3607" HPOS="2232" CONTENT="התלמוד"/><String HEIGHT="99" WIDTH="174" VPOS="3607" HPOS="2407" CONTENT="כמו"/><String HEIGHT="99" WIDTH="199" VPOS="3607" HPOS="2506" CONTENT="שהוא"/><String HEIGHT="99" WIDTH="174" VPOS="3607" HPOS="2631" CONTENT="בכל"/><String HEIGHT="99" WIDTH="149" VPOS="3607" HPOS="2706" CONTENT="מקום"/></TextLine></TextBlock><TextBlock ID="region_1522078053800_549" HEIGHT="3521" WIDTH="1333" VPOS="218" HPOS="242"><Shape><Polygon POINTS="1575,218 242,218 242,3739 1575,3739"/></Shape><TextLine ID="region_1522078053800_549l1" BASELINE="298" HEIGHT="76" WIDTH="1249" VPOS="222" HPOS="300"><String HEIGHT="76" WIDTH="208" VPOS="222" HPOS="277" CONTENT="בש״ס,"/><String HEIGHT="76" WIDTH="185" VPOS="222" HPOS="416" CONTENT="וכמו"/><String HEIGHT="76" WIDTH="208" VPOS="222" HPOS="531" CONTENT="שאמרו"/><String HEIGHT="76" WIDTH="139" VPOS="222" HPOS="670" CONTENT="שם"/><String HEIGHT="76" WIDTH="231" VPOS="222" HPOS="739" CONTENT="בפירוש"/><String HEIGHT="76" WIDTH="208" VPOS="222" HPOS="901" CONTENT="בידוע"/><String HEIGHT="76" WIDTH="208" VPOS="222" HPOS="1040" CONTENT="שנראה"/><String HEIGHT="76" WIDTH="208" VPOS="222" HPOS="1179" CONTENT="וכו׳,"/><String HEIGHT="76" WIDTH="231" VPOS="222" HPOS="1318" CONTENT="והכונה"/><String HEIGHT="76" WIDTH="93" VPOS="222" HPOS="1456" CONTENT="מן"/></TextLine><TextLine ID="region_1522078053800_549l2" BASELINE="363" HEIGHT="80" WIDTH="1258" VPOS="283" HPOS="295"><String HEIGHT="80" WIDTH="180" VPOS="283" HPOS="273" CONTENT="נולד"/><String HEIGHT="80" WIDTH="180" VPOS="283" HPOS="385" CONTENT="קודם"/><String HEIGHT="80" WIDTH="180" VPOS="283" HPOS="497" CONTENT="חצות"/><String HEIGHT="80" WIDTH="180" VPOS="283" HPOS="610" CONTENT="אינו"/><String HEIGHT="80" WIDTH="180" VPOS="283" HPOS="722" CONTENT="חצות"/><String HEIGHT="80" WIDTH="180" VPOS="283" HPOS="834" CONTENT="היום"/><String HEIGHT="80" WIDTH="135" VPOS="283" HPOS="946" CONTENT="רק"/><String HEIGHT="80" WIDTH="180" VPOS="283" HPOS="1014" CONTENT="חצות"/><String HEIGHT="80" WIDTH="225" VPOS="283" HPOS="1126" CONTENT="הלילה,"/><String HEIGHT="80" WIDTH="180" VPOS="283" HPOS="1283" CONTENT="ובזה"/><String HEIGHT="80" WIDTH="157" VPOS="283" HPOS="1396" CONTENT="סרו"/><String HEIGHT="80" WIDTH="90" VPOS="283" HPOS="1463" CONTENT="כל"/></TextLine><TextLine ID="region_1522078053800_549l3" BASELINE="433" HEIGHT="87" WIDTH="1252" VPOS="346" HPOS="295"><String HEIGHT="87" WIDTH="205" VPOS="346" HPOS="272" CONTENT="הזרות"/><String HEIGHT="87" WIDTH="296" VPOS="346" HPOS="409" CONTENT="והפליאות,"/><String HEIGHT="87" WIDTH="182" VPOS="346" HPOS="636" CONTENT="ופי׳"/><String HEIGHT="87" WIDTH="137" VPOS="346" HPOS="750" CONTENT="כל"/><String HEIGHT="87" WIDTH="228" VPOS="346" HPOS="819" CONTENT="הסוגיא"/><String HEIGHT="87" WIDTH="182" VPOS="346" HPOS="978" CONTENT="כולה"/><String HEIGHT="87" WIDTH="182" VPOS="346" HPOS="1092" CONTENT="עולה"/><String HEIGHT="87" WIDTH="182" VPOS="346" HPOS="1206" CONTENT="בטעם"/><String HEIGHT="87" WIDTH="182" VPOS="346" HPOS="1319" CONTENT="נכון"/><String HEIGHT="87" WIDTH="137" VPOS="346" HPOS="1410" CONTENT="ויפה"/></TextLine><TextLine ID="region_1522078053800_549l4" BASELINE="489" HEIGHT="83" WIDTH="1254" VPOS="406" HPOS="288"><String HEIGHT="83" WIDTH="228" VPOS="406" HPOS="265" CONTENT="למאוד,"/><String HEIGHT="83" WIDTH="160" VPOS="406" HPOS="425" CONTENT="אין"/><String HEIGHT="83" WIDTH="137" VPOS="406" HPOS="516" CONTENT="בו"/><String HEIGHT="83" WIDTH="160" VPOS="406" HPOS="584" CONTENT="שום"/><String HEIGHT="83" WIDTH="182" VPOS="406" HPOS="676" CONTENT="זרות"/><String HEIGHT="83" WIDTH="228" VPOS="406" HPOS="790" CONTENT="ודוחק,"/><String HEIGHT="83" WIDTH="228" VPOS="406" HPOS="949" CONTENT="ומתאמת"/><String HEIGHT="83" WIDTH="160" VPOS="406" HPOS="1109" CONTENT="ג״כ"/><String HEIGHT="83" WIDTH="137" VPOS="406" HPOS="1200" CONTENT="עם"/><String HEIGHT="83" WIDTH="160" VPOS="406" HPOS="1268" CONTENT="טבע"/><String HEIGHT="83" WIDTH="205" VPOS="406" HPOS="1337" CONTENT="המציאות"/></TextLine><TextLine ID="region_1522078053800_549l5" BASELINE="550" HEIGHT="86" WIDTH="1255" VPOS="464" HPOS="301"><String HEIGHT="86" WIDTH="213" VPOS="464" HPOS="277" CONTENT="בענין"/><String HEIGHT="86" WIDTH="213" VPOS="464" HPOS="419" CONTENT="ראיית"/><String HEIGHT="86" WIDTH="213" VPOS="464" HPOS="561" CONTENT="הלבנה"/><String HEIGHT="86" WIDTH="237" VPOS="464" HPOS="704" CONTENT="החדשה."/><String HEIGHT="86" WIDTH="166" VPOS="464" HPOS="869" CONTENT="כמו"/><String HEIGHT="86" WIDTH="237" VPOS="464" HPOS="964" CONTENT="שבארתי"/><String HEIGHT="86" WIDTH="142" VPOS="464" HPOS="1130" CONTENT="כל"/><String HEIGHT="86" WIDTH="142" VPOS="464" HPOS="1201" CONTENT="זה"/><String HEIGHT="86" WIDTH="213" VPOS="464" HPOS="1272" CONTENT="בספרי"/><String HEIGHT="86" WIDTH="166" VPOS="464" HPOS="1390" CONTENT="יסודי"/></TextLine><TextLine ID="region_1522078053800_549l6" BASELINE="620" HEIGHT="84" WIDTH="1271" VPOS="536" HPOS="279"><String HEIGHT="84" WIDTH="216" VPOS="536" HPOS="255" CONTENT="העבור"/><String HEIGHT="84" WIDTH="264" VPOS="536" HPOS="399" CONTENT="(מהדורא"/><String HEIGHT="84" WIDTH="216" VPOS="536" HPOS="591" CONTENT="תנינא"/><String HEIGHT="84" WIDTH="144" VPOS="536" HPOS="735" CONTENT="צד"/><String HEIGHT="84" WIDTH="192" VPOS="536" HPOS="807" CONTENT="55),"/><String HEIGHT="84" WIDTH="168" VPOS="536" HPOS="926" CONTENT="איך"/><String HEIGHT="84" WIDTH="216" VPOS="536" HPOS="1022" CONTENT="שיהיה"/><String HEIGHT="84" WIDTH="192" VPOS="536" HPOS="1166" CONTENT="עכ״פ"/><String HEIGHT="84" WIDTH="144" VPOS="536" HPOS="1286" CONTENT="כל"/><String HEIGHT="84" WIDTH="216" VPOS="536" HPOS="1334" CONTENT="הדרישות"/></TextLine><TextLine ID="region_1522078053800_549l7" BASELINE="680" HEIGHT="78" WIDTH="1255" VPOS="602" HPOS="295"><String HEIGHT="78" WIDTH="290" VPOS="602" HPOS="271" CONTENT="והחקירות"/><String HEIGHT="78" WIDTH="217" VPOS="602" HPOS="488" CONTENT="מענין"/><String HEIGHT="78" WIDTH="314" VPOS="602" HPOS="633" CONTENT="המערידיאן"/><String HEIGHT="78" WIDTH="217" VPOS="602" HPOS="874" CONTENT="הקבוע"/><String HEIGHT="78" WIDTH="241" VPOS="602" HPOS="1019" CONTENT="לקריאת"/><String HEIGHT="78" WIDTH="193" VPOS="602" HPOS="1188" CONTENT="שמות"/><String HEIGHT="78" WIDTH="169" VPOS="602" HPOS="1309" CONTENT="ימי"/><String HEIGHT="78" WIDTH="169" VPOS="602" HPOS="1381" CONTENT="השבוע"/></TextLine><TextLine ID="region_1522078053800_549l8" BASELINE="732" HEIGHT="71" WIDTH="1260" VPOS="661" HPOS="289"><String HEIGHT="71" WIDTH="151" VPOS="661" HPOS="264" CONTENT="של"/><String HEIGHT="71" WIDTH="252" VPOS="661" HPOS="339" CONTENT="הכוזרי"/><String HEIGHT="71" WIDTH="277" VPOS="661" HPOS="516" CONTENT="והרזה״ה"/><String HEIGHT="71" WIDTH="227" VPOS="661" HPOS="717" CONTENT="היותו"/><String HEIGHT="71" WIDTH="227" VPOS="661" HPOS="869" CONTENT="במעלה"/><String HEIGHT="71" WIDTH="176" VPOS="661" HPOS="1020" CONTENT="90°"/><String HEIGHT="71" WIDTH="227" VPOS="661" HPOS="1121" CONTENT="למזרח"/><String HEIGHT="71" WIDTH="176" VPOS="661" HPOS="1272" CONTENT="א&#34;י"/><String HEIGHT="71" WIDTH="202" VPOS="661" HPOS="1347" CONTENT="נופלות"/></TextLine><TextLine ID="region_1522078053800_549l9" BASELINE="808" HEIGHT="83" WIDTH="1256" VPOS="725" HPOS="289"><String HEIGHT="83" WIDTH="251" VPOS="725" HPOS="266" CONTENT="מאליהן,"/><String HEIGHT="83" WIDTH="160" VPOS="725" HPOS="449" CONTENT="ולא"/><String HEIGHT="83" WIDTH="206" VPOS="725" HPOS="540" CONTENT="מפיהן"/><String HEIGHT="83" WIDTH="160" VPOS="725" HPOS="677" CONTENT="אנו"/><String HEIGHT="83" WIDTH="183" VPOS="725" HPOS="769" CONTENT="חיין"/><String HEIGHT="83" WIDTH="183" VPOS="725" HPOS="883" CONTENT="בדבר"/><String HEIGHT="83" WIDTH="160" VPOS="725" HPOS="997" CONTENT="כזה"/><String HEIGHT="83" WIDTH="206" VPOS="725" HPOS="1088" CONTENT="המעות"/><String HEIGHT="83" WIDTH="206" VPOS="725" HPOS="1225" CONTENT="עלינו"/><String HEIGHT="83" WIDTH="137" VPOS="725" HPOS="1362" CONTENT="את"/><String HEIGHT="83" WIDTH="137" VPOS="725" HPOS="1408" CONTENT="דברי"/></TextLine><TextLine ID="region_1522078053800_549l10" BASELINE="871" HEIGHT="81" WIDTH="1259" VPOS="790" HPOS="288"><String HEIGHT="81" WIDTH="256" VPOS="790" HPOS="265" CONTENT="התלמודף"/><String HEIGHT="81" WIDTH="187" VPOS="790" HPOS="451" CONTENT="וכבר"/><String HEIGHT="81" WIDTH="163" VPOS="790" HPOS="568" CONTENT="דחה"/><String HEIGHT="81" WIDTH="140" VPOS="790" HPOS="661" CONTENT="את"/><String HEIGHT="81" WIDTH="233" VPOS="790" HPOS="731" CONTENT="דבריהם"/><String HEIGHT="81" WIDTH="163" VPOS="790" HPOS="894" CONTENT="הרב"/><String HEIGHT="81" WIDTH="163" VPOS="790" HPOS="987" CONTENT="בעל"/><String HEIGHT="81" WIDTH="187" VPOS="790" HPOS="1081" CONTENT="יסוד"/><String HEIGHT="81" WIDTH="187" VPOS="790" HPOS="1197" CONTENT="עולם"/><String HEIGHT="81" WIDTH="187" VPOS="790" HPOS="1314" CONTENT="(מ&#34;ב"/><String HEIGHT="81" WIDTH="140" VPOS="790" HPOS="1407" CONTENT="פי״ז"/></TextLine><TextLine ID="region_1522078053800_549l11" BASELINE="936" HEIGHT="69" WIDTH="1253" VPOS="867" HPOS="294"><String HEIGHT="69" WIDTH="326" VPOS="867" HPOS="269" CONTENT="יעויי״ש)."/><String HEIGHT="69" WIDTH="175" VPOS="867" HPOS="520" CONTENT="ואם"/><String HEIGHT="69" WIDTH="175" VPOS="867" HPOS="620" CONTENT="הרב"/><String HEIGHT="69" WIDTH="276" VPOS="867" HPOS="720" CONTENT="מוהרי״מ"/><String HEIGHT="69" WIDTH="226" VPOS="867" HPOS="921" CONTENT="שפירא"/><String HEIGHT="69" WIDTH="175" VPOS="867" HPOS="1071" CONTENT="תקע"/><String HEIGHT="69" WIDTH="200" VPOS="867" HPOS="1171" CONTENT="עצמו"/><String HEIGHT="69" WIDTH="200" VPOS="867" HPOS="1296" CONTENT="יותר"/><String HEIGHT="69" WIDTH="150" VPOS="867" HPOS="1397" CONTENT="מדאי"/></TextLine><TextLine ID="region_1522078053800_549l12" BASELINE="1000" HEIGHT="82" WIDTH="1247" VPOS="918" HPOS="306"><String HEIGHT="82" WIDTH="235" VPOS="918" HPOS="282" CONTENT="להחזיק"/><String HEIGHT="82" WIDTH="188" VPOS="918" HPOS="447" CONTENT="בשטת"/><String HEIGHT="82" WIDTH="235" VPOS="918" HPOS="565" CONTENT="הכוזרי"/><String HEIGHT="82" WIDTH="259" VPOS="918" HPOS="730" CONTENT="והרזה״ה"/><String HEIGHT="82" WIDTH="212" VPOS="918" HPOS="918" CONTENT="בענין"/><String HEIGHT="82" WIDTH="188" VPOS="918" HPOS="1059" CONTENT="מקום"/><String HEIGHT="82" WIDTH="306" VPOS="918" HPOS="1177" CONTENT="המערידיאן"/><String HEIGHT="82" WIDTH="165" VPOS="918" HPOS="1388" CONTENT="בכדור"/></TextLine><TextLine ID="region_1522078053800_549l13" BASELINE="1063" HEIGHT="78" WIDTH="1262" VPOS="985" HPOS="291"><String HEIGHT="78" WIDTH="198" VPOS="985" HPOS="266" CONTENT="הארץ"/><String HEIGHT="78" WIDTH="173" VPOS="985" HPOS="390" CONTENT="אשר"/><String HEIGHT="78" WIDTH="173" VPOS="985" HPOS="489" CONTENT="משם"/><String HEIGHT="78" WIDTH="247" VPOS="985" HPOS="588" CONTENT="יתחילו"/><String HEIGHT="78" WIDTH="198" VPOS="985" HPOS="761" CONTENT="מנין"/><String HEIGHT="78" WIDTH="198" VPOS="985" HPOS="885" CONTENT="ימות"/><String HEIGHT="78" WIDTH="223" VPOS="985" HPOS="1009" CONTENT="השבוע"/><String HEIGHT="78" WIDTH="173" VPOS="985" HPOS="1157" CONTENT="הנה"/><String HEIGHT="78" WIDTH="148" VPOS="985" HPOS="1256" CONTENT="גם"/><String HEIGHT="78" WIDTH="173" VPOS="985" HPOS="1330" CONTENT="הרב"/><String HEIGHT="78" WIDTH="148" VPOS="985" HPOS="1405" CONTENT="מו״ה"/></TextLine><TextLine ID="region_1522078053800_549l14" BASELINE="1128" HEIGHT="80" WIDTH="1257" VPOS="1048" HPOS="284"><String HEIGHT="80" WIDTH="229" VPOS="1048" HPOS="261" CONTENT="בנימין"/><String HEIGHT="80" WIDTH="160" VPOS="1048" HPOS="421" CONTENT="זאב"/><String HEIGHT="80" WIDTH="251" VPOS="1048" HPOS="513" CONTENT="וויללער"/><String HEIGHT="80" WIDTH="160" VPOS="1048" HPOS="695" CONTENT="ני׳"/><String HEIGHT="80" WIDTH="160" VPOS="1048" HPOS="787" CONTENT="אשר"/><String HEIGHT="80" WIDTH="206" VPOS="1048" HPOS="878" CONTENT="התנגד"/><String HEIGHT="80" WIDTH="137" VPOS="1048" HPOS="1015" CONTENT="לו"/><String HEIGHT="80" WIDTH="183" VPOS="1048" HPOS="1084" CONTENT="וחתך"/><String HEIGHT="80" WIDTH="137" VPOS="1048" HPOS="1198" CONTENT="את"/><String HEIGHT="80" WIDTH="183" VPOS="1048" HPOS="1267" CONTENT="הדין"/><String HEIGHT="80" WIDTH="183" VPOS="1048" HPOS="1358" CONTENT="בסכינא"/></TextLine><TextLine ID="region_1522078053800_549l15" BASELINE="1191" HEIGHT="79" WIDTH="1263" VPOS="1112" HPOS="283"><String HEIGHT="79" WIDTH="203" VPOS="1112" HPOS="260" CONTENT="חריפא"/><String HEIGHT="79" WIDTH="180" VPOS="1112" HPOS="396" CONTENT="שאין"/><String HEIGHT="79" WIDTH="158" VPOS="1112" HPOS="509" CONTENT="לנו"/><String HEIGHT="79" WIDTH="248" VPOS="1112" HPOS="599" CONTENT="בדתו״הק"/><String HEIGHT="79" WIDTH="158" VPOS="1112" HPOS="779" CONTENT="שום"/><String HEIGHT="79" WIDTH="271" VPOS="1112" HPOS="869" CONTENT="מערידיאן"/><String HEIGHT="79" WIDTH="180" VPOS="1112" HPOS="1072" CONTENT="כלל,"/><String HEIGHT="79" WIDTH="203" VPOS="1112" HPOS="1185" CONTENT="ושאין"/><String HEIGHT="79" WIDTH="158" VPOS="1112" HPOS="1320" CONTENT="אנו"/><String HEIGHT="79" WIDTH="158" VPOS="1112" HPOS="1388" CONTENT="רשאים"/></TextLine><TextLine ID="region_1522078053800_549l16" BASELINE="1257" HEIGHT="76" WIDTH="1249" VPOS="1181" HPOS="297"><String HEIGHT="76" WIDTH="239" VPOS="1181" HPOS="270" CONTENT="לעשות"/><String HEIGHT="76" WIDTH="186" VPOS="1181" HPOS="430" CONTENT="שום"/><String HEIGHT="76" WIDTH="213" VPOS="1181" HPOS="536" CONTENT="תקנה"/><String HEIGHT="76" WIDTH="213" VPOS="1181" HPOS="669" CONTENT="חדשה"/><String HEIGHT="76" WIDTH="213" VPOS="1181" HPOS="802" CONTENT="בדבר"/><String HEIGHT="76" WIDTH="186" VPOS="1181" HPOS="935" CONTENT="הזה"/><String HEIGHT="76" WIDTH="186" VPOS="1181" HPOS="1041" CONTENT="שגה"/><String HEIGHT="76" WIDTH="292" VPOS="1181" HPOS="1147" CONTENT="במשפטו,"/><String HEIGHT="76" WIDTH="159" VPOS="1181" HPOS="1360" CONTENT="כי"/><String HEIGHT="76" WIDTH="133" VPOS="1181" HPOS="1413" CONTENT="איך"/></TextLine><TextLine ID="region_1522078053800_549l17" BASELINE="1320" HEIGHT="80" WIDTH="1254" VPOS="1240" HPOS="293"><String HEIGHT="80" WIDTH="221" VPOS="1240" HPOS="268" CONTENT="שיהיה"/><String HEIGHT="80" WIDTH="197" VPOS="1240" HPOS="416" CONTENT="עכ״פ"/><String HEIGHT="80" WIDTH="172" VPOS="1240" HPOS="539" CONTENT="אנו"/><String HEIGHT="80" WIDTH="246" VPOS="1240" HPOS="637" CONTENT="צריכים"/><String HEIGHT="80" WIDTH="221" VPOS="1240" HPOS="809" CONTENT="לתקנה"/><String HEIGHT="80" WIDTH="246" VPOS="1240" HPOS="957" CONTENT="מוגבלת"/><String HEIGHT="80" WIDTH="197" VPOS="1240" HPOS="1129" CONTENT="ברוב"/><String HEIGHT="80" WIDTH="270" VPOS="1240" HPOS="1252" CONTENT="המקומות"/><String HEIGHT="80" WIDTH="123" VPOS="1240" HPOS="1424" CONTENT="אשר"/></TextLine><TextLine ID="region_1522078053800_549l18" BASELINE="1380" HEIGHT="76" WIDTH="1249" VPOS="1304" HPOS="292"><String HEIGHT="76" WIDTH="229" VPOS="1304" HPOS="267" CONTENT="עדיין"/><String HEIGHT="76" WIDTH="153" VPOS="1304" HPOS="419" CONTENT="לא"/><String HEIGHT="76" WIDTH="280" VPOS="1304" HPOS="496" CONTENT="נתיישבו"/><String HEIGHT="76" WIDTH="229" VPOS="1304" HPOS="700" CONTENT="מאחנו"/><String HEIGHT="76" WIDTH="178" VPOS="1304" HPOS="853" CONTENT="ב״י"/><String HEIGHT="76" WIDTH="229" VPOS="1304" HPOS="955" CONTENT="בבואם"/><String HEIGHT="76" WIDTH="204" VPOS="1304" HPOS="1108" CONTENT="לגור"/><String HEIGHT="76" WIDTH="153" VPOS="1304" HPOS="1235" CONTENT="שם"/><String HEIGHT="76" WIDTH="204" VPOS="1304" HPOS="1312" CONTENT="איזה"/><String HEIGHT="76" WIDTH="127" VPOS="1304" HPOS="1414" CONTENT="שבת"/></TextLine><TextLine ID="region_1522078053800_549l19" BASELINE="1447" HEIGHT="78" WIDTH="1273" VPOS="1369" HPOS="283"><String HEIGHT="78" WIDTH="250" VPOS="1369" HPOS="258" CONTENT="ישמרו."/><String HEIGHT="78" WIDTH="150" VPOS="1369" HPOS="433" CONTENT="אם"/><String HEIGHT="78" WIDTH="200" VPOS="1369" HPOS="508" CONTENT="השבת"/><String HEIGHT="78" WIDTH="225" VPOS="1369" HPOS="632" CONTENT="הנהוג"/><String HEIGHT="78" WIDTH="175" VPOS="1369" HPOS="782" CONTENT="אצל"/><String HEIGHT="78" WIDTH="225" VPOS="1369" HPOS="882" CONTENT="יושבי"/><String HEIGHT="78" WIDTH="349" VPOS="1369" HPOS="1032" CONTENT="אוסטראליען"/><String HEIGHT="78" WIDTH="175" VPOS="1369" HPOS="1306" CONTENT="וכל"/><String HEIGHT="78" WIDTH="175" VPOS="1369" HPOS="1381" CONTENT="ארצות"/></TextLine><TextLine ID="region_1522078053800_549l20" BASELINE="1509" HEIGHT="79" WIDTH="1253" VPOS="1430" HPOS="290"><String HEIGHT="79" WIDTH="241" VPOS="1430" HPOS="266" CONTENT="המערב,"/><String HEIGHT="79" WIDTH="145" VPOS="1430" HPOS="435" CONTENT="או"/><String HEIGHT="79" WIDTH="169" VPOS="1430" HPOS="507" CONTENT="לפי"/><String HEIGHT="79" WIDTH="193" VPOS="1430" HPOS="603" CONTENT="מנין"/><String HEIGHT="79" WIDTH="217" VPOS="1430" HPOS="724" CONTENT="הימים"/><String HEIGHT="79" WIDTH="145" VPOS="1430" HPOS="868" CONTENT="של"/><String HEIGHT="79" WIDTH="217" VPOS="1430" HPOS="941" CONTENT="יושבי"/><String HEIGHT="79" WIDTH="289" VPOS="1430" HPOS="1085" CONTENT="אמעריקא."/><String HEIGHT="79" WIDTH="193" VPOS="1430" HPOS="1302" CONTENT="וכמו"/><String HEIGHT="79" WIDTH="145" VPOS="1430" HPOS="1398" CONTENT="שכבר"/></TextLine><TextLine ID="region_1522078053800_549l21" BASELINE="1561" HEIGHT="70" WIDTH="1235" VPOS="1491" HPOS="303"><String HEIGHT="70" WIDTH="160" VPOS="1491" HPOS="280" CONTENT="נגע"/><String HEIGHT="70" WIDTH="160" VPOS="1491" HPOS="372" CONTENT="בזה"/><String HEIGHT="70" WIDTH="160" VPOS="1491" HPOS="463" CONTENT="הרב"/><String HEIGHT="70" WIDTH="183" VPOS="1491" HPOS="555" CONTENT="מוה,"/><String HEIGHT="70" WIDTH="160" VPOS="1491" HPOS="669" CONTENT="דוד"/><String HEIGHT="70" WIDTH="183" VPOS="1491" HPOS="760" CONTENT="יואל"/><String HEIGHT="70" WIDTH="183" VPOS="1491" HPOS="875" CONTENT="ני׳."/><String HEIGHT="70" WIDTH="137" VPOS="1491" HPOS="989" CONTENT="כי"/><String HEIGHT="70" WIDTH="137" VPOS="1491" HPOS="1058" CONTENT="אם"/><String HEIGHT="70" WIDTH="183" VPOS="1491" HPOS="1126" CONTENT="נאמר"/><String HEIGHT="70" WIDTH="160" VPOS="1491" HPOS="1241" CONTENT="שכל"/><String HEIGHT="70" WIDTH="160" VPOS="1491" HPOS="1332" CONTENT="הבא"/><String HEIGHT="70" WIDTH="137" VPOS="1491" HPOS="1401" CONTENT="לגור"/></TextLine><TextLine ID="region_1522078053800_549l22" BASELINE="1626" HEIGHT="56" WIDTH="1244" VPOS="1570" HPOS="296"><String HEIGHT="56" WIDTH="144" VPOS="1570" HPOS="272" CONTENT="שם"/><String HEIGHT="56" WIDTH="167" VPOS="1570" HPOS="344" CONTENT="מצד"/><String HEIGHT="56" WIDTH="191" VPOS="1570" HPOS="440" CONTENT="מערב"/><String HEIGHT="56" WIDTH="215" VPOS="1570" HPOS="559" CONTENT="ישבות"/><String HEIGHT="56" WIDTH="191" VPOS="1570" HPOS="703" CONTENT="שבתו"/><String HEIGHT="56" WIDTH="144" VPOS="1570" HPOS="822" CONTENT="עם"/><String HEIGHT="56" WIDTH="191" VPOS="1570" HPOS="894" CONTENT="אנשי"/><String HEIGHT="56" WIDTH="191" VPOS="1570" HPOS="1014" CONTENT="א״י,"/><String HEIGHT="56" WIDTH="287" VPOS="1570" HPOS="1133" CONTENT="והמתגורר"/><String HEIGHT="56" WIDTH="167" VPOS="1570" HPOS="1349" CONTENT="הבא"/><String HEIGHT="56" WIDTH="120" VPOS="1570" HPOS="1420" CONTENT="מצד"/></TextLine><TextLine ID="region_1522078053800_549l23" BASELINE="1700" HEIGHT="78" WIDTH="1245" VPOS="1622" HPOS="289"><String HEIGHT="78" WIDTH="204" VPOS="1622" HPOS="266" CONTENT="המזרח"/><String HEIGHT="78" WIDTH="204" VPOS="1622" HPOS="402" CONTENT="ישבות"/><String HEIGHT="78" WIDTH="181" VPOS="1622" HPOS="538" CONTENT="ביום"/><String HEIGHT="78" WIDTH="136" VPOS="1622" HPOS="651" CONTENT="א׳"/><String HEIGHT="78" WIDTH="136" VPOS="1622" HPOS="719" CONTENT="של"/><String HEIGHT="78" WIDTH="181" VPOS="1622" HPOS="787" CONTENT="א&#34;י,"/><String HEIGHT="78" WIDTH="158" VPOS="1622" HPOS="900" CONTENT="הנה"/><String HEIGHT="78" WIDTH="181" VPOS="1622" HPOS="991" CONTENT="יהי׳"/><String HEIGHT="78" WIDTH="204" VPOS="1622" HPOS="1104" CONTENT="סכסוך"/><String HEIGHT="78" WIDTH="226" VPOS="1622" HPOS="1240" CONTENT="ובלבול"/><String HEIGHT="78" WIDTH="158" VPOS="1622" HPOS="1376" CONTENT="בעדתם"/></TextLine><TextLine ID="region_1522078053800_549l24" BASELINE="1764" HEIGHT="80" WIDTH="1242" VPOS="1684" HPOS="303"><String HEIGHT="80" WIDTH="236" VPOS="1684" HPOS="282" CONTENT="ויתחלקו"/><String HEIGHT="80" WIDTH="193" VPOS="1684" HPOS="453" CONTENT="לכתות"/><String HEIGHT="80" WIDTH="236" VPOS="1684" HPOS="581" CONTENT="ואגודות"/><String HEIGHT="80" WIDTH="236" VPOS="1684" HPOS="753" CONTENT="מתנגדות"/><String HEIGHT="80" WIDTH="171" VPOS="1684" HPOS="924" CONTENT="זל״ז"/><String HEIGHT="80" WIDTH="214" VPOS="1684" HPOS="1031" CONTENT="בקדושת"/><String HEIGHT="80" WIDTH="214" VPOS="1684" HPOS="1181" CONTENT="השבתות"/><String HEIGHT="80" WIDTH="236" VPOS="1684" HPOS="1309" CONTENT="והמועדים,"/></TextLine><TextLine ID="region_1522078053800_549l25" BASELINE="1827" HEIGHT="77" WIDTH="1233" VPOS="1750" HPOS="298"><String HEIGHT="77" WIDTH="163" VPOS="1750" HPOS="275" CONTENT="בעת"/><String HEIGHT="77" WIDTH="186" VPOS="1750" HPOS="368" CONTENT="שאלו"/><String HEIGHT="77" WIDTH="186" VPOS="1750" HPOS="484" CONTENT="יהיו"/><String HEIGHT="77" WIDTH="233" VPOS="1750" HPOS="600" CONTENT="מקדשים"/><String HEIGHT="77" WIDTH="279" VPOS="1750" HPOS="763" CONTENT="ומהללים,"/><String HEIGHT="77" WIDTH="186" VPOS="1750" HPOS="973" CONTENT="יהיו"/><String HEIGHT="77" WIDTH="163" VPOS="1750" HPOS="1089" CONTENT="אלו"/><String HEIGHT="77" WIDTH="209" VPOS="1750" HPOS="1182" CONTENT="מבזים"/><String HEIGHT="77" WIDTH="233" VPOS="1750" HPOS="1298" CONTENT="ומחללים,"/></TextLine><TextLine ID="region_1522078053800_549l26" BASELINE="1894" HEIGHT="84" WIDTH="1252" VPOS="1810" HPOS="288"><String HEIGHT="84" WIDTH="217" VPOS="1810" HPOS="264" CONTENT="והמון"/><String HEIGHT="84" WIDTH="169" VPOS="1810" HPOS="408" CONTENT="העם"/><String HEIGHT="84" WIDTH="193" VPOS="1810" HPOS="505" CONTENT="יקלו"/><String HEIGHT="84" WIDTH="169" VPOS="1810" HPOS="625" CONTENT="בכל"/><String HEIGHT="84" WIDTH="265" VPOS="1810" HPOS="721" CONTENT="האסורים"/><String HEIGHT="84" WIDTH="241" VPOS="1810" HPOS="914" CONTENT="התלוים"/><String HEIGHT="84" WIDTH="193" VPOS="1810" HPOS="1083" CONTENT="בשבת"/><String HEIGHT="84" WIDTH="241" VPOS="1810" HPOS="1203" CONTENT="ומועד,"/><String HEIGHT="84" WIDTH="193" VPOS="1810" HPOS="1347" CONTENT="ולמגדר"/></TextLine><TextLine ID="region_1522078053800_549l27" BASELINE="1965" HEIGHT="85" WIDTH="1275" VPOS="1880" HPOS="273"><String HEIGHT="85" WIDTH="209" VPOS="1880" HPOS="250" CONTENT="מילתא"/><String HEIGHT="85" WIDTH="162" VPOS="1880" HPOS="389" CONTENT="אנו"/><String HEIGHT="85" WIDTH="255" VPOS="1880" HPOS="482" CONTENT="מוכרחים"/><String HEIGHT="85" WIDTH="185" VPOS="1880" HPOS="667" CONTENT="לקבל"/><String HEIGHT="85" WIDTH="278" VPOS="1880" HPOS="783" CONTENT="מערידיאן"/><String HEIGHT="85" WIDTH="185" VPOS="1880" HPOS="992" CONTENT="קבוע"/><String HEIGHT="85" WIDTH="232" VPOS="1880" HPOS="1108" CONTENT="ולגזור"/><String HEIGHT="85" WIDTH="185" VPOS="1880" HPOS="1270" CONTENT="אומר"/><String HEIGHT="85" WIDTH="185" VPOS="1880" HPOS="1363" CONTENT="בהסכמת"/></TextLine><TextLine ID="region_1522078053800_549l28" BASELINE="2025" HEIGHT="79" WIDTH="1265" VPOS="1946" HPOS="276"><String HEIGHT="79" WIDTH="243" VPOS="1946" HPOS="252" CONTENT="הרבנים"/><String HEIGHT="79" WIDTH="170" VPOS="1946" HPOS="422" CONTENT="שכל"/><String HEIGHT="79" WIDTH="219" VPOS="1946" HPOS="519" CONTENT="האיים"/><String HEIGHT="79" WIDTH="268" VPOS="1946" HPOS="665" CONTENT="והיבשות"/><String HEIGHT="79" WIDTH="170" VPOS="1946" HPOS="860" CONTENT="אשר"/><String HEIGHT="79" WIDTH="146" VPOS="1946" HPOS="957" CONTENT="מן"/><String HEIGHT="79" WIDTH="316" VPOS="1946" HPOS="1030" CONTENT="המערידיאן"/><String HEIGHT="79" WIDTH="170" VPOS="1946" HPOS="1273" CONTENT="הזה"/><String HEIGHT="79" WIDTH="195" VPOS="1946" HPOS="1346" CONTENT="ולמערב"/></TextLine><TextLine ID="region_1522078053800_549l29" BASELINE="2079" HEIGHT="69" WIDTH="1251" VPOS="2010" HPOS="282"><String HEIGHT="69" WIDTH="283" VPOS="2010" HPOS="258" CONTENT="מחוייבים"/><String HEIGHT="69" WIDTH="212" VPOS="2010" HPOS="471" CONTENT="למנות"/><String HEIGHT="69" WIDTH="165" VPOS="2010" HPOS="612" CONTENT="ימי"/><String HEIGHT="69" WIDTH="212" VPOS="2010" HPOS="707" CONTENT="השבוע"/><String HEIGHT="69" WIDTH="212" VPOS="2010" HPOS="848" CONTENT="כאנשי"/><String HEIGHT="69" WIDTH="189" VPOS="2010" HPOS="990" CONTENT="א&#34;י,"/><String HEIGHT="69" WIDTH="283" VPOS="2010" HPOS="1108" CONTENT="והיושבים"/><String HEIGHT="69" WIDTH="165" VPOS="2010" HPOS="1321" CONTENT="מצד"/><String HEIGHT="69" WIDTH="142" VPOS="2010" HPOS="1391" CONTENT="השני"/></TextLine><TextLine ID="region_1522078053800_549l30" BASELINE="2152" HEIGHT="83" WIDTH="1256" VPOS="2069" HPOS="282"><String HEIGHT="83" WIDTH="206" VPOS="2069" HPOS="259" CONTENT="למזרח"/><String HEIGHT="83" WIDTH="183" VPOS="2069" HPOS="396" CONTENT="ימנו"/><String HEIGHT="83" WIDTH="206" VPOS="2069" HPOS="510" CONTENT="מנינם"/><String HEIGHT="83" WIDTH="137" VPOS="2069" HPOS="647" CONTENT="עם"/><String HEIGHT="83" WIDTH="183" VPOS="2069" HPOS="716" CONTENT="אנשי"/><String HEIGHT="83" WIDTH="274" VPOS="2069" HPOS="830" CONTENT="אמעריקא,"/><String HEIGHT="83" WIDTH="206" VPOS="2069" HPOS="1036" CONTENT="ותקנה"/><String HEIGHT="83" WIDTH="160" VPOS="2069" HPOS="1173" CONTENT="כזו"/><String HEIGHT="83" WIDTH="137" VPOS="2069" HPOS="1264" CONTENT="לא"/><String HEIGHT="83" WIDTH="183" VPOS="2069" HPOS="1332" CONTENT="תהיה"/><String HEIGHT="83" WIDTH="114" VPOS="2069" HPOS="1424" CONTENT="זרה"/></TextLine><TextLine ID="region_1522078053800_549l31" BASELINE="2216" HEIGHT="77" WIDTH="1258" VPOS="2139" HPOS="283"><String HEIGHT="77" WIDTH="233" VPOS="2139" HPOS="260" CONTENT="ומתמהת"/><String HEIGHT="77" WIDTH="210" VPOS="2139" HPOS="423" CONTENT="בעיני"/><String HEIGHT="77" WIDTH="210" VPOS="2139" HPOS="563" CONTENT="ההמון"/><String HEIGHT="77" WIDTH="210" VPOS="2139" HPOS="702" CONTENT="כתקנת"/><String HEIGHT="77" WIDTH="163" VPOS="2139" HPOS="842" CONTENT="הרב"/><String HEIGHT="77" WIDTH="210" VPOS="2139" HPOS="935" CONTENT="שפירא"/><String HEIGHT="77" WIDTH="186" VPOS="2139" HPOS="1075" CONTENT="ני׳,"/><String HEIGHT="77" WIDTH="140" VPOS="2139" HPOS="1192" CONTENT="כי"/><String HEIGHT="77" WIDTH="140" VPOS="2139" HPOS="1261" CONTENT="לא"/><String HEIGHT="77" WIDTH="186" VPOS="2139" HPOS="1331" CONTENT="נבוא"/><String HEIGHT="77" WIDTH="116" VPOS="2139" HPOS="1425" CONTENT="בזה"/></TextLine><TextLine ID="region_1522078053800_549l32" BASELINE="2281" HEIGHT="82" WIDTH="1260" VPOS="2199" HPOS="276"><String HEIGHT="82" WIDTH="218" VPOS="2199" HPOS="252" CONTENT="לשנות"/><String HEIGHT="82" WIDTH="267" VPOS="2199" HPOS="397" CONTENT="ולהחליף"/><String HEIGHT="82" WIDTH="170" VPOS="2199" HPOS="591" CONTENT="דבר"/><String HEIGHT="82" WIDTH="145" VPOS="2199" HPOS="688" CONTENT="מן"/><String HEIGHT="82" WIDTH="242" VPOS="2199" HPOS="761" CONTENT="המסורת"/><String HEIGHT="82" WIDTH="242" VPOS="2199" HPOS="930" CONTENT="המקובל"/><String HEIGHT="82" WIDTH="218" VPOS="2199" HPOS="1100" CONTENT="מכבר,"/><String HEIGHT="82" WIDTH="145" VPOS="2199" HPOS="1245" CONTENT="רק"/><String HEIGHT="82" WIDTH="170" VPOS="2199" HPOS="1318" CONTENT="היא"/><String HEIGHT="82" WIDTH="145" VPOS="2199" HPOS="1391" CONTENT="תקנה"/></TextLine><TextLine ID="region_1522078053800_549l33" BASELINE="2343" HEIGHT="80" WIDTH="1245" VPOS="2263" HPOS="294"><String HEIGHT="80" WIDTH="144" VPOS="2263" HPOS="270" CONTENT="על"/><String HEIGHT="80" WIDTH="215" VPOS="2263" HPOS="342" CONTENT="לעתיד"/><String HEIGHT="80" WIDTH="168" VPOS="2263" HPOS="486" CONTENT="דלא"/><String HEIGHT="80" WIDTH="215" VPOS="2263" HPOS="581" CONTENT="ליפוק"/><String HEIGHT="80" WIDTH="215" VPOS="2263" HPOS="725" CONTENT="חורבא"/><String HEIGHT="80" WIDTH="192" VPOS="2263" HPOS="869" CONTENT="מינה"/><String HEIGHT="80" WIDTH="168" VPOS="2263" HPOS="988" CONTENT="בין"/><String HEIGHT="80" WIDTH="192" VPOS="2263" HPOS="1084" CONTENT="אנשי"/><String HEIGHT="80" WIDTH="215" VPOS="2263" HPOS="1204" CONTENT="הישוב"/><String HEIGHT="80" WIDTH="215" VPOS="2263" HPOS="1324" CONTENT="שנתישבו"/></TextLine><TextLine ID="region_1522078053800_549l34" BASELINE="2402" HEIGHT="74" WIDTH="459" VPOS="2328" HPOS="1083"><String HEIGHT="74" WIDTH="216" VPOS="2328" HPOS="1056" CONTENT="מחדש"/><String HEIGHT="74" WIDTH="270" VPOS="2328" HPOS="1191" CONTENT="בארצות"/><String HEIGHT="74" WIDTH="189" VPOS="2328" HPOS="1353" CONTENT="האלה."/></TextLine><TextLine ID="region_1522078053800_549l35" BASELINE="2555" HEIGHT="79" WIDTH="1217" VPOS="2476" HPOS="285"><String HEIGHT="79" WIDTH="177" VPOS="2476" HPOS="260" CONTENT="וכן"/><String HEIGHT="79" WIDTH="152" VPOS="2476" HPOS="361" CONTENT="מה"/><String HEIGHT="79" WIDTH="228" VPOS="2476" HPOS="437" CONTENT="שהעלה"/><String HEIGHT="79" WIDTH="177" VPOS="2476" HPOS="589" CONTENT="הרב"/><String HEIGHT="79" WIDTH="203" VPOS="2476" HPOS="691" CONTENT="מוה׳"/><String HEIGHT="79" WIDTH="254" VPOS="2476" HPOS="817" CONTENT="בנימין"/><String HEIGHT="79" WIDTH="152" VPOS="2476" HPOS="995" CONTENT="אב"/><String HEIGHT="79" WIDTH="177" VPOS="2476" HPOS="1071" CONTENT="ני׳"/><String HEIGHT="79" WIDTH="254" VPOS="2476" HPOS="1172" CONTENT="בסברתו"/><String HEIGHT="79" WIDTH="177" VPOS="2476" HPOS="1325" CONTENT="שהשבת"/></TextLine><TextLine ID="region_1522078053800_549l36" BASELINE="2623" HEIGHT="83" WIDTH="1256" VPOS="2540" HPOS="289"><String HEIGHT="83" WIDTH="183" VPOS="2540" HPOS="266" CONTENT="אינו"/><String HEIGHT="83" WIDTH="183" VPOS="2540" HPOS="380" CONTENT="תלוי"/><String HEIGHT="83" WIDTH="183" VPOS="2540" HPOS="495" CONTENT="בא״י"/><String HEIGHT="83" WIDTH="137" VPOS="2540" HPOS="609" CONTENT="רק"/><String HEIGHT="83" WIDTH="251" VPOS="2540" HPOS="677" CONTENT="אקרקפתא"/><String HEIGHT="83" WIDTH="206" VPOS="2540" HPOS="860" CONTENT="דגברא"/><String HEIGHT="83" WIDTH="160" VPOS="2540" HPOS="997" CONTENT="מנח"/><String HEIGHT="83" WIDTH="206" VPOS="2540" HPOS="1088" CONTENT="לשבות"/><String HEIGHT="83" WIDTH="137" VPOS="2540" HPOS="1225" CONTENT="את"/><String HEIGHT="83" WIDTH="160" VPOS="2540" HPOS="1294" CONTENT="יום"/><String HEIGHT="83" WIDTH="183" VPOS="2540" HPOS="1362" CONTENT="השביעי"/></TextLine><TextLine ID="region_1522078053800_549l37" BASELINE="2687" HEIGHT="85" WIDTH="1237" VPOS="2602" HPOS="307"><String HEIGHT="85" WIDTH="173" VPOS="2602" HPOS="282" CONTENT="לפי"/><String HEIGHT="85" WIDTH="223" VPOS="2602" HPOS="381" CONTENT="מקומו"/><String HEIGHT="85" WIDTH="247" VPOS="2602" HPOS="530" CONTENT="ומושבו"/><String HEIGHT="85" WIDTH="223" VPOS="2602" HPOS="703" CONTENT="ואורך"/><String HEIGHT="85" WIDTH="198" VPOS="2602" HPOS="851" CONTENT="היום"/><String HEIGHT="85" WIDTH="173" VPOS="2602" HPOS="975" CONTENT="שם,"/><String HEIGHT="85" WIDTH="148" VPOS="2602" HPOS="1074" CONTENT="אף"/><String HEIGHT="85" WIDTH="198" VPOS="2602" HPOS="1148" CONTENT="שהוא"/><String HEIGHT="85" WIDTH="198" VPOS="2602" HPOS="1272" CONTENT="נכון"/><String HEIGHT="85" WIDTH="173" VPOS="2602" HPOS="1371" CONTENT="בכלל,"/></TextLine><TextLine ID="region_1522078053800_549l38" BASELINE="2748" HEIGHT="80" WIDTH="1256" VPOS="2668" HPOS="285"><String HEIGHT="80" WIDTH="222" VPOS="2668" HPOS="260" CONTENT="איננו"/><String HEIGHT="80" WIDTH="222" VPOS="2668" HPOS="408" CONTENT="מתאמת"/><String HEIGHT="80" WIDTH="172" VPOS="2668" HPOS="556" CONTENT="מצד"/><String HEIGHT="80" WIDTH="197" VPOS="2668" HPOS="654" CONTENT="אחד,"/><String HEIGHT="80" WIDTH="148" VPOS="2668" HPOS="778" CONTENT="כי"/><String HEIGHT="80" WIDTH="172" VPOS="2668" HPOS="851" CONTENT="לפי"/><String HEIGHT="80" WIDTH="222" VPOS="2668" HPOS="950" CONTENT="סברתו"/><String HEIGHT="80" WIDTH="172" VPOS="2668" HPOS="1098" CONTENT="זאת"/><String HEIGHT="80" WIDTH="222" VPOS="2668" HPOS="1196" CONTENT="הפריז"/><String HEIGHT="80" WIDTH="148" VPOS="2668" HPOS="1344" CONTENT="על"/><String HEIGHT="80" WIDTH="148" VPOS="2668" HPOS="1393" CONTENT="המדה"/></TextLine><TextLine ID="region_1522078053800_549l39" BASELINE="2811" HEIGHT="81" WIDTH="1262" VPOS="2730" HPOS="282"><String HEIGHT="81" WIDTH="187" VPOS="2730" HPOS="259" CONTENT="לדיק"/><String HEIGHT="81" WIDTH="187" VPOS="2730" HPOS="375" CONTENT="מקרא"/><String HEIGHT="81" WIDTH="187" VPOS="2730" HPOS="492" CONTENT="דבכל"/><String HEIGHT="81" WIDTH="304" VPOS="2730" HPOS="609" CONTENT="מושבותיכם"/><String HEIGHT="81" WIDTH="187" VPOS="2730" HPOS="843" CONTENT="לחרש"/><String HEIGHT="81" WIDTH="164" VPOS="2730" HPOS="960" CONTENT="דין"/><String HEIGHT="81" WIDTH="140" VPOS="2730" HPOS="1053" CONTENT="זר"/><String HEIGHT="81" WIDTH="210" VPOS="2730" HPOS="1123" CONTENT="מאוד,"/><String HEIGHT="81" WIDTH="187" VPOS="2730" HPOS="1264" CONTENT="והוא"/><String HEIGHT="81" WIDTH="187" VPOS="2730" HPOS="1357" CONTENT="שהמפרש"/></TextLine><TextLine ID="region_1522078053800_549l40" BASELINE="2873" HEIGHT="79" WIDTH="1245" VPOS="2794" HPOS="302"><String HEIGHT="79" WIDTH="158" VPOS="2794" HPOS="279" CONTENT="בים"/><String HEIGHT="79" WIDTH="181" VPOS="2794" HPOS="370" CONTENT="הרחק"/><String HEIGHT="79" WIDTH="136" VPOS="2794" HPOS="483" CONTENT="על"/><String HEIGHT="79" WIDTH="158" VPOS="2794" HPOS="551" CONTENT="הים"/><String HEIGHT="79" WIDTH="249" VPOS="2794" HPOS="642" CONTENT="הצפוני,"/><String HEIGHT="79" WIDTH="136" VPOS="2794" HPOS="823" CONTENT="או"/><String HEIGHT="79" WIDTH="158" VPOS="2794" HPOS="891" CONTENT="הדר"/><String HEIGHT="79" WIDTH="181" VPOS="2794" HPOS="981" CONTENT="בארץ"/><String HEIGHT="79" WIDTH="249" VPOS="2794" HPOS="1094" CONTENT="איסלאנד"/><String HEIGHT="79" WIDTH="136" VPOS="2794" HPOS="1275" CONTENT="או"/><String HEIGHT="79" WIDTH="226" VPOS="2794" HPOS="1321" CONTENT="גרענלאנד"/></TextLine><TextLine ID="region_1522078053800_549l41" BASELINE="2938" HEIGHT="74" WIDTH="1257" VPOS="2864" HPOS="280"><String HEIGHT="74" WIDTH="180" VPOS="2864" HPOS="254" CONTENT="אשר"/><String HEIGHT="74" WIDTH="205" VPOS="2864" HPOS="357" CONTENT="היום"/><String HEIGHT="74" WIDTH="205" VPOS="2864" HPOS="485" CONTENT="נמשך"/><String HEIGHT="74" WIDTH="154" VPOS="2864" HPOS="613" CONTENT="שם"/><String HEIGHT="74" WIDTH="180" VPOS="2864" HPOS="690" CONTENT="משך"/><String HEIGHT="74" WIDTH="205" VPOS="2864" HPOS="793" CONTENT="חודש"/><String HEIGHT="74" WIDTH="257" VPOS="2864" HPOS="921" CONTENT="ויותר,"/><String HEIGHT="74" WIDTH="257" VPOS="2864" HPOS="1101" CONTENT="מחוייב"/><String HEIGHT="74" WIDTH="231" VPOS="2864" HPOS="1280" CONTENT="הנוסע"/><String HEIGHT="74" WIDTH="128" VPOS="2864" HPOS="1409" CONTENT="הבא"/></TextLine><TextLine ID="region_1522078053800_549l42" BASELINE="3003" HEIGHT="84" WIDTH="1244" VPOS="2919" HPOS="291"><String HEIGHT="84" WIDTH="194" VPOS="2919" HPOS="263" CONTENT="לשם"/><String HEIGHT="84" WIDTH="221" VPOS="2919" HPOS="374" CONTENT="ביום"/><String HEIGHT="84" WIDTH="221" VPOS="2919" HPOS="512" CONTENT="השבת"/><String HEIGHT="84" WIDTH="194" VPOS="2919" HPOS="650" CONTENT="שלו"/><String HEIGHT="84" WIDTH="249" VPOS="2919" HPOS="761" CONTENT="לשבות"/><String HEIGHT="84" WIDTH="194" VPOS="2919" HPOS="927" CONTENT="משך"/><String HEIGHT="84" WIDTH="221" VPOS="2919" HPOS="1037" CONTENT="חודש"/><String HEIGHT="84" WIDTH="194" VPOS="2919" HPOS="1176" CONTENT="שלם"/><String HEIGHT="84" WIDTH="194" VPOS="2919" HPOS="1286" CONTENT="יום"/><String HEIGHT="84" WIDTH="166" VPOS="2919" HPOS="1369" CONTENT="שכלו"/></TextLine><TextLine ID="region_1522078053800_549l43" BASELINE="3071" HEIGHT="85" WIDTH="1245" VPOS="2986" HPOS="289"><String HEIGHT="85" WIDTH="208" VPOS="2986" HPOS="263" CONTENT="שבת!"/><String HEIGHT="85" WIDTH="182" VPOS="2986" HPOS="393" CONTENT="אלה"/><String HEIGHT="85" WIDTH="233" VPOS="2986" HPOS="497" CONTENT="דבריו"/><String HEIGHT="85" WIDTH="156" VPOS="2986" HPOS="652" CONTENT="שם"/><String HEIGHT="85" WIDTH="259" VPOS="2986" HPOS="730" CONTENT="(המגיד"/><String HEIGHT="85" WIDTH="182" VPOS="2986" HPOS="912" CONTENT="15."/><String HEIGHT="85" WIDTH="259" VPOS="2986" HPOS="1015" CONTENT="1873):"/><String HEIGHT="85" WIDTH="259" VPOS="2986" HPOS="1197" CONTENT="„בהולך"/><String HEIGHT="85" WIDTH="156" VPOS="2986" HPOS="1378" CONTENT="על"/><String HEIGHT="85" WIDTH="104" VPOS="2986" HPOS="1430" CONTENT="ים"/></TextLine><TextLine ID="region_1522078053800_549l44" BASELINE="3131" HEIGHT="80" WIDTH="1252" VPOS="3051" HPOS="281"><String HEIGHT="80" WIDTH="228" VPOS="3051" HPOS="258" CONTENT="הצפוני"/><String HEIGHT="80" WIDTH="159" VPOS="3051" HPOS="418" CONTENT="ובא"/><String HEIGHT="80" WIDTH="205" VPOS="3051" HPOS="509" CONTENT="בימות"/><String HEIGHT="80" WIDTH="182" VPOS="3051" HPOS="645" CONTENT="החול"/><String HEIGHT="80" WIDTH="205" VPOS="3051" HPOS="759" CONTENT="למקום"/><String HEIGHT="80" WIDTH="205" VPOS="3051" HPOS="896" CONTENT="שהיום"/><String HEIGHT="80" WIDTH="182" VPOS="3051" HPOS="1032" CONTENT="אורך"/><String HEIGHT="80" WIDTH="159" VPOS="3051" HPOS="1146" CONTENT="כמו"/><String HEIGHT="80" WIDTH="137" VPOS="3051" HPOS="1237" CONTENT="ב׳"/><String HEIGHT="80" WIDTH="159" VPOS="3051" HPOS="1305" CONTENT="וג׳"/><String HEIGHT="80" WIDTH="159" VPOS="3051" HPOS="1374" CONTENT="חדשים"/></TextLine><TextLine ID="region_1522078053800_549l45" BASELINE="3186" HEIGHT="74" WIDTH="1265" VPOS="3112" HPOS="283"><String HEIGHT="74" WIDTH="248" VPOS="3112" HPOS="258" CONTENT="אצלנו,"/><String HEIGHT="74" WIDTH="174" VPOS="3112" HPOS="432" CONTENT="הנה"/><String HEIGHT="74" WIDTH="198" VPOS="3112" HPOS="531" CONTENT="ברור"/><String HEIGHT="74" WIDTH="223" VPOS="3112" HPOS="655" CONTENT="בעיני"/><String HEIGHT="74" WIDTH="149" VPOS="3112" HPOS="804" CONTENT="כי"/><String HEIGHT="74" WIDTH="198" VPOS="3112" HPOS="878" CONTENT="מותר"/><String HEIGHT="74" WIDTH="149" VPOS="3112" HPOS="1002" CONTENT="לו"/><String HEIGHT="74" WIDTH="223" VPOS="3112" HPOS="1077" CONTENT="לעשות"/><String HEIGHT="74" WIDTH="223" VPOS="3112" HPOS="1226" CONTENT="מלאכה"/><String HEIGHT="74" WIDTH="149" VPOS="3112" HPOS="1374" CONTENT="כל"/><String HEIGHT="74" WIDTH="124" VPOS="3112" HPOS="1424" CONTENT="יום"/></TextLine><TextLine ID="region_1522078053800_549l46" BASELINE="3259" HEIGHT="82" WIDTH="1246" VPOS="3177" HPOS="288"><String HEIGHT="82" WIDTH="231" VPOS="3177" HPOS="265" CONTENT="הארוך,"/><String HEIGHT="82" WIDTH="138" VPOS="3177" HPOS="426" CONTENT="כי"/><String HEIGHT="82" WIDTH="162" VPOS="3177" HPOS="496" CONTENT="חול"/><String HEIGHT="82" WIDTH="185" VPOS="3177" HPOS="588" CONTENT="גמור"/><String HEIGHT="82" WIDTH="92" VPOS="3177" HPOS="703" CONTENT=""/><String HEIGHT="82" WIDTH="162" VPOS="3177" HPOS="726" CONTENT="הוא"/><String HEIGHT="82" WIDTH="231" VPOS="3177" HPOS="819" CONTENT="שעדיין"/><String HEIGHT="82" WIDTH="138" VPOS="3177" HPOS="980" CONTENT="לא"/><String HEIGHT="82" WIDTH="208" VPOS="3177" HPOS="1049" CONTENT="העריב"/><String HEIGHT="82" WIDTH="185" VPOS="3177" HPOS="1188" CONTENT="שמשו"/><String HEIGHT="82" WIDTH="208" VPOS="3177" HPOS="1303" CONTENT="וכו׳,"/><String HEIGHT="82" WIDTH="115" VPOS="3177" HPOS="1419" CONTENT="אבל"/></TextLine><TextLine ID="region_1522078053800_549l47" BASELINE="3320" HEIGHT="77" WIDTH="1260" VPOS="3243" HPOS="278"><String HEIGHT="77" WIDTH="166" VPOS="3243" HPOS="254" CONTENT="בבא"/><String HEIGHT="77" WIDTH="166" VPOS="3243" HPOS="349" CONTENT="לשם"/><String HEIGHT="77" WIDTH="190" VPOS="3243" HPOS="444" CONTENT="ביום"/><String HEIGHT="77" WIDTH="190" VPOS="3243" HPOS="563" CONTENT="השבת"/><String HEIGHT="77" WIDTH="214" VPOS="3243" HPOS="682" CONTENT="והיום"/><String HEIGHT="77" WIDTH="190" VPOS="3243" HPOS="825" CONTENT="יארך"/><String HEIGHT="77" WIDTH="143" VPOS="3243" HPOS="944" CONTENT="ג׳"/><String HEIGHT="77" WIDTH="214" VPOS="3243" HPOS="1015" CONTENT="חדשים"/><String HEIGHT="77" WIDTH="214" VPOS="3243" HPOS="1158" CONTENT="בודאי"/><String HEIGHT="77" WIDTH="190" VPOS="3243" HPOS="1300" CONTENT="אסור"/><String HEIGHT="77" WIDTH="143" VPOS="3243" HPOS="1395" CONTENT="מה״ת"/></TextLine><TextLine ID="region_1522078053800_549l48" BASELINE="3388" HEIGHT="84" WIDTH="1244" VPOS="3304" HPOS="291"><String HEIGHT="84" WIDTH="226" VPOS="3304" HPOS="268" CONTENT="ובחיוב"/><String HEIGHT="84" WIDTH="158" VPOS="3304" HPOS="427" CONTENT="כרת"/><String HEIGHT="84" WIDTH="204" VPOS="3304" HPOS="517" CONTENT="לעשות"/><String HEIGHT="84" WIDTH="226" VPOS="3304" HPOS="653" CONTENT="מלאכתו"/><String HEIGHT="84" WIDTH="181" VPOS="3304" HPOS="811" CONTENT="ביום"/><String HEIGHT="84" WIDTH="204" VPOS="3304" HPOS="924" CONTENT="הארוך"/><String HEIGHT="84" WIDTH="158" VPOS="3304" HPOS="1060" CONTENT="הזה"/><String HEIGHT="84" WIDTH="204" VPOS="3304" HPOS="1150" CONTENT="שכולו"/><String HEIGHT="84" WIDTH="181" VPOS="3304" HPOS="1286" CONTENT="שבת!"/><String HEIGHT="84" WIDTH="158" VPOS="3304" HPOS="1377" CONTENT="ע&#34;כל,"/></TextLine><TextLine ID="region_1522078053800_549l49" BASELINE="3450" HEIGHT="82" WIDTH="1255" VPOS="3368" HPOS="286"><String HEIGHT="82" WIDTH="183" VPOS="3368" HPOS="260" CONTENT="וזה"/><String HEIGHT="82" WIDTH="183" VPOS="3368" HPOS="364" CONTENT="הוא"/><String HEIGHT="82" WIDTH="183" VPOS="3368" HPOS="469" CONTENT="דבר"/><String HEIGHT="82" WIDTH="209" VPOS="3368" HPOS="574" CONTENT="שאין"/><String HEIGHT="82" WIDTH="209" VPOS="3368" HPOS="704" CONTENT="הדעת"/><String HEIGHT="82" WIDTH="261" VPOS="3368" HPOS="835" CONTENT="סובלו."/><String HEIGHT="82" WIDTH="235" VPOS="3368" HPOS="1018" CONTENT="התורה"/><String HEIGHT="82" WIDTH="209" VPOS="3368" HPOS="1175" CONTENT="אמרה"/><String HEIGHT="82" WIDTH="183" VPOS="3368" HPOS="1306" CONTENT="ששת"/><String HEIGHT="82" WIDTH="157" VPOS="3368" HPOS="1384" CONTENT="ימים"/></TextLine><TextLine ID="region_1522078053800_549l50" BASELINE="3501" HEIGHT="71" WIDTH="1260" VPOS="3430" HPOS="277"><String HEIGHT="71" WIDTH="218" VPOS="3430" HPOS="253" CONTENT="תעבוד"/><String HEIGHT="71" WIDTH="218" VPOS="3430" HPOS="398" CONTENT="וביום"/><String HEIGHT="71" WIDTH="242" VPOS="3430" HPOS="544" CONTENT="השביעי"/><String HEIGHT="71" WIDTH="218" VPOS="3430" HPOS="713" CONTENT="תשבות"/><String HEIGHT="71" WIDTH="218" VPOS="3430" HPOS="859" CONTENT="וימים"/><String HEIGHT="71" WIDTH="170" VPOS="3430" HPOS="1004" CONTENT="אתה"/><String HEIGHT="71" WIDTH="194" VPOS="3430" HPOS="1101" CONTENT="מונה"/><String HEIGHT="71" WIDTH="194" VPOS="3430" HPOS="1222" CONTENT="לשבת"/><String HEIGHT="71" WIDTH="170" VPOS="3430" HPOS="1343" CONTENT="ואי"/><String HEIGHT="71" WIDTH="121" VPOS="3430" HPOS="1416" CONTENT="אתה"/></TextLine><TextLine ID="region_1522078053800_549l51" BASELINE="3577" HEIGHT="82" WIDTH="1270" VPOS="3495" HPOS="275"><String HEIGHT="82" WIDTH="195" VPOS="3495" HPOS="251" CONTENT="מונה"/><String HEIGHT="82" WIDTH="220" VPOS="3495" HPOS="373" CONTENT="חדשים"/><String HEIGHT="82" WIDTH="220" VPOS="3495" HPOS="519" CONTENT="לשבת."/><String HEIGHT="82" WIDTH="147" VPOS="3495" HPOS="666" CONTENT="כי"/><String HEIGHT="82" WIDTH="220" VPOS="3495" HPOS="739" CONTENT="החודש"/><String HEIGHT="82" WIDTH="195" VPOS="3495" HPOS="886" CONTENT="נראה"/><String HEIGHT="82" WIDTH="171" VPOS="3495" HPOS="1008" CONTENT="לפי"/><String HEIGHT="82" WIDTH="244" VPOS="3495" HPOS="1105" CONTENT="הלבנה,"/><String HEIGHT="82" WIDTH="171" VPOS="3495" HPOS="1276" CONTENT="ואם"/><String HEIGHT="82" WIDTH="171" VPOS="3495" HPOS="1374" CONTENT="הדר"/><String HEIGHT="82" WIDTH="98" VPOS="3495" HPOS="1447" CONTENT="שם"/></TextLine><TextLine ID="region_1522078053800_549l52" BASELINE="3642" HEIGHT="87" WIDTH="1259" VPOS="3555" HPOS="281"><String HEIGHT="87" WIDTH="315" VPOS="3555" HPOS="257" CONTENT="בגרענלאנד"/><String HEIGHT="87" WIDTH="194" VPOS="3555" HPOS="499" CONTENT="רואה"/><String HEIGHT="87" WIDTH="194" VPOS="3555" HPOS="620" CONTENT="חלוף"/><String HEIGHT="87" WIDTH="218" VPOS="3555" HPOS="741" CONTENT="הלבנה"/><String HEIGHT="87" WIDTH="242" VPOS="3555" HPOS="886" CONTENT="בחדושה"/><String HEIGHT="87" WIDTH="194" VPOS="3555" HPOS="1056" CONTENT="איזו"/><String HEIGHT="87" WIDTH="218" VPOS="3555" HPOS="1177" CONTENT="פעמים"/><String HEIGHT="87" WIDTH="169" VPOS="3555" HPOS="1322" CONTENT="איך"/><String HEIGHT="87" WIDTH="145" VPOS="3555" HPOS="1395" CONTENT="יתכן"/></TextLine><TextLine ID="region_1522078053800_549l53" BASELINE="3716" HEIGHT="101" WIDTH="1270" VPOS="3615" HPOS="277"><String HEIGHT="101" WIDTH="212" VPOS="3615" HPOS="251" CONTENT="לומר"/><String HEIGHT="101" WIDTH="159" VPOS="3615" HPOS="383" CONTENT="שם"/><String HEIGHT="101" WIDTH="212" VPOS="3615" HPOS="462" CONTENT="שהוא"/><String HEIGHT="101" WIDTH="185" VPOS="3615" HPOS="595" CONTENT="יום"/><String HEIGHT="101" WIDTH="185" VPOS="3615" HPOS="700" CONTENT="אחד"/><String HEIGHT="101" WIDTH="238" VPOS="3615" HPOS="806" CONTENT="ארוך?"/><String HEIGHT="101" WIDTH="185" VPOS="3615" HPOS="965" CONTENT="ואם"/><String HEIGHT="101" WIDTH="159" VPOS="3615" HPOS="1071" CONTENT="בא"/><String HEIGHT="101" WIDTH="212" VPOS="3615" HPOS="1150" CONTENT="ביום"/><String HEIGHT="101" WIDTH="212" VPOS="3615" HPOS="1282" CONTENT="החול"/><String HEIGHT="101" WIDTH="159" VPOS="3615" HPOS="1388" CONTENT="בסוף"/></TextLine></TextBlock></PrintSpace></Page></Layout></alto>