<?xml version="1.0" encoding="UTF-8"?><alto xmlns:xsi="http://www.w3.org/2001/XMLSchema-instance" xmlns="http://www.loc.gov/standards/alto/ns-v2#" xmlns:page="http://schema.primaresearch.org/PAGE/gts/pagecontent/2013-07-15" xsi:schemaLocation="http://schema.primaresearch.org/PAGE/gts/pagecontent/2013-07-15 http://schema.primaresearch.org/PAGE/gts/pagecontent/2013-07-15/pagecontent.xsd http://www.loc.gov/standards/alto/ns-v2# http://www.loc.gov/standards/alto/alto-v2.0.xsd"><Description><MeasurementUnit>pixel</MeasurementUnit></Description><Layout><Page ID="Page1" PHYSICAL_IMG_NR="1" HEIGHT="3934" WIDTH="3019"><TopMargin HEIGHT="0" WIDTH="3019" VPOS="0" HPOS="0"/><LeftMargin HEIGHT="3934" WIDTH="0" VPOS="0" HPOS="0"/><RightMargin HEIGHT="3934" WIDTH="0" VPOS="0" HPOS="3019"/><BottomMargin HEIGHT="0" WIDTH="3019" VPOS="3934" HPOS="0"/><PrintSpace HEIGHT="3934" WIDTH="3019" VPOS="0" HPOS="0"><TextBlock ID="region_1522077955804_537" HEIGHT="130" WIDTH="438" VPOS="149" HPOS="1267"><Shape><Polygon POINTS="1267,149 1705,149 1705,279 1267,279"/></Shape><TextLine ID="line_1522079210510_571" BASELINE="244" HEIGHT="50" WIDTH="340" VPOS="194" HPOS="1331"><String HEIGHT="50" WIDTH="476" VPOS="194" HPOS="1263" CONTENT="—14"/><String HEIGHT="50" WIDTH="204" VPOS="194" HPOS="1467" CONTENT="—"/></TextLine></TextBlock><TextBlock ID="region_1522077961544_538" HEIGHT="3581" WIDTH="1284" VPOS="242" HPOS="1509"><Shape><Polygon POINTS="2793,242 1509,242 1509,3823 2793,3823"/></Shape><TextLine ID="region_1522077961544_538l1" BASELINE="360" HEIGHT="77" WIDTH="1250" VPOS="283" HPOS="1521"><String HEIGHT="77" WIDTH="172" VPOS="283" HPOS="1496" CONTENT="פעם"/><String HEIGHT="77" WIDTH="221" VPOS="283" HPOS="1595" CONTENT="בפעם,"/><String HEIGHT="77" WIDTH="123" VPOS="283" HPOS="1742" CONTENT="-"/><String HEIGHT="77" WIDTH="196" VPOS="283" HPOS="1791" CONTENT="השמש"/><String HEIGHT="77" WIDTH="196" VPOS="283" HPOS="1913" CONTENT="עצמה"/><String HEIGHT="77" WIDTH="172" VPOS="283" HPOS="2036" CONTENT="כפי"/><String HEIGHT="77" WIDTH="221" VPOS="283" HPOS="2134" CONTENT="הנודע"/><String HEIGHT="77" WIDTH="172" VPOS="283" HPOS="2281" CONTENT="לנו"/><String HEIGHT="77" WIDTH="221" VPOS="283" HPOS="2379" CONTENT="כיום,"/><String HEIGHT="77" WIDTH="221" VPOS="283" HPOS="2526" CONTENT="איננה"/><String HEIGHT="77" WIDTH="123" VPOS="283" HPOS="2648" CONTENT="גוף"/></TextLine><TextLine ID="region_1522077961544_538l2" BASELINE="425" HEIGHT="96" WIDTH="1259" VPOS="329" HPOS="1502"><String HEIGHT="96" WIDTH="143" VPOS="329" HPOS="1478" CONTENT="מן"/><String HEIGHT="96" WIDTH="190" VPOS="329" HPOS="1550" CONTENT="חומר"/><String HEIGHT="96" WIDTH="214" VPOS="329" HPOS="1668" CONTENT="מוקשה"/><String HEIGHT="96" WIDTH="214" VPOS="329" HPOS="1811" CONTENT="כככבי"/><String HEIGHT="96" WIDTH="190" VPOS="329" HPOS="1953" CONTENT="הלכת"/><String HEIGHT="96" WIDTH="238" VPOS="329" HPOS="2072" CONTENT="זולתה,"/><String HEIGHT="96" WIDTH="143" VPOS="329" HPOS="2238" CONTENT="רק"/><String HEIGHT="96" WIDTH="190" VPOS="329" HPOS="2310" CONTENT="כדור"/><String HEIGHT="96" WIDTH="190" VPOS="329" HPOS="2428" CONTENT="גדול"/><String HEIGHT="96" WIDTH="190" VPOS="329" HPOS="2547" CONTENT="ממין"/><String HEIGHT="96" WIDTH="119" VPOS="329" HPOS="2642" CONTENT="גשם"/></TextLine><TextLine ID="region_1522077961544_538l3" BASELINE="486" HEIGHT="78" WIDTH="1263" VPOS="408" HPOS="1504"><String HEIGHT="78" WIDTH="203" VPOS="408" HPOS="1481" CONTENT="נוזלי"/><String HEIGHT="78" WIDTH="203" VPOS="408" HPOS="1617" CONTENT="אוירי"/><String HEIGHT="78" WIDTH="203" VPOS="408" HPOS="1752" CONTENT="(איין"/><String HEIGHT="78" WIDTH="180" VPOS="408" HPOS="1887" CONTENT="גאזע"/><String HEIGHT="78" WIDTH="203" VPOS="408" HPOS="2000" CONTENT="באלל)"/><String HEIGHT="78" WIDTH="180" VPOS="408" HPOS="2136" CONTENT="וכמו"/><String HEIGHT="78" WIDTH="135" VPOS="408" HPOS="2248" CONTENT="ים"/><String HEIGHT="78" WIDTH="180" VPOS="408" HPOS="2316" CONTENT="סוער"/><String HEIGHT="78" WIDTH="203" VPOS="408" HPOS="2429" CONTENT="וזועף"/><String HEIGHT="78" WIDTH="158" VPOS="408" HPOS="2564" CONTENT="אשר"/><String HEIGHT="78" WIDTH="135" VPOS="408" HPOS="2632" CONTENT="יהמו"/></TextLine><TextLine ID="region_1522077961544_538l4" BASELINE="538" HEIGHT="67" WIDTH="1258" VPOS="471" HPOS="1512"><String HEIGHT="67" WIDTH="214" VPOS="471" HPOS="1488" CONTENT="יחמרו"/><String HEIGHT="67" WIDTH="237" VPOS="471" HPOS="1631" CONTENT="מימיו,"/><String HEIGHT="67" WIDTH="214" VPOS="471" HPOS="1797" CONTENT="ירעשו"/><String HEIGHT="67" WIDTH="190" VPOS="471" HPOS="1939" CONTENT="עליה"/><String HEIGHT="67" WIDTH="190" VPOS="471" HPOS="2058" CONTENT="גלים"/><String HEIGHT="67" WIDTH="237" VPOS="471" HPOS="2177" CONTENT="גבוהים"/><String HEIGHT="67" WIDTH="261" VPOS="471" HPOS="2343" CONTENT="השוטפים"/><String HEIGHT="67" WIDTH="190" VPOS="471" HPOS="2533" CONTENT="ברוח"/><String HEIGHT="67" WIDTH="142" VPOS="471" HPOS="2628" CONTENT="סועה"/></TextLine><TextLine ID="region_1522077961544_538l5" BASELINE="602" HEIGHT="75" WIDTH="1257" VPOS="527" HPOS="1515"><String HEIGHT="75" WIDTH="205" VPOS="527" HPOS="1489" CONTENT="וסער"/><String HEIGHT="75" WIDTH="180" VPOS="527" HPOS="1618" CONTENT="לכל"/><String HEIGHT="75" WIDTH="180" VPOS="527" HPOS="1720" CONTENT="פאה"/><String HEIGHT="75" WIDTH="231" VPOS="527" HPOS="1823" CONTENT="ורוח."/><String HEIGHT="75" WIDTH="282" VPOS="527" HPOS="1977" CONTENT="ולפעמים"/><String HEIGHT="75" WIDTH="231" VPOS="527" HPOS="2182" CONTENT="יולדו"/><String HEIGHT="75" WIDTH="205" VPOS="527" HPOS="2336" CONTENT="עליה"/><String HEIGHT="75" WIDTH="231" VPOS="527" HPOS="2464" CONTENT="כתמים"/><String HEIGHT="75" WIDTH="180" VPOS="527" HPOS="2592" CONTENT="חשכים"/></TextLine><TextLine ID="region_1522077961544_538l6" BASELINE="673" HEIGHT="76" WIDTH="1254" VPOS="597" HPOS="1509"><String HEIGHT="76" WIDTH="246" VPOS="597" HPOS="1484" CONTENT="וכהים,"/><String HEIGHT="76" WIDTH="246" VPOS="597" HPOS="1657" CONTENT="המכסים"/><String HEIGHT="76" WIDTH="172" VPOS="597" HPOS="1829" CONTENT="כמה"/><String HEIGHT="76" WIDTH="221" VPOS="597" HPOS="1927" CONTENT="אלפים"/><String HEIGHT="76" WIDTH="246" VPOS="597" HPOS="2075" CONTENT="פרסאות"/><String HEIGHT="76" WIDTH="197" VPOS="597" HPOS="2247" CONTENT="ממנה"/><String HEIGHT="76" WIDTH="172" VPOS="597" HPOS="2370" CONTENT="כמו"/><String HEIGHT="76" WIDTH="197" VPOS="597" HPOS="2468" CONTENT="איים"/><String HEIGHT="76" WIDTH="197" VPOS="597" HPOS="2566" CONTENT="גדולים"/></TextLine><TextLine ID="region_1522077961544_538l7" BASELINE="740" HEIGHT="79" WIDTH="1254" VPOS="661" HPOS="1510"><String HEIGHT="79" WIDTH="241" VPOS="661" HPOS="1486" CONTENT="קבועים"/><String HEIGHT="79" WIDTH="193" VPOS="661" HPOS="1655" CONTENT="בתוך"/><String HEIGHT="79" WIDTH="193" VPOS="661" HPOS="1775" CONTENT="הים."/><String HEIGHT="79" WIDTH="241" VPOS="661" HPOS="1896" CONTENT="עומדים"/><String HEIGHT="79" WIDTH="145" VPOS="661" HPOS="2065" CONTENT="על"/><String HEIGHT="79" WIDTH="193" VPOS="661" HPOS="2137" CONTENT="עמדם"/><String HEIGHT="79" WIDTH="193" VPOS="661" HPOS="2258" CONTENT="ימים"/><String HEIGHT="79" WIDTH="265" VPOS="661" HPOS="2378" CONTENT="וחדשים,"/><String HEIGHT="79" WIDTH="217" VPOS="661" HPOS="2547" CONTENT="וחוזרים"/></TextLine><TextLine ID="region_1522077961544_538l8" BASELINE="804" HEIGHT="80" WIDTH="1253" VPOS="724" HPOS="1521"><String HEIGHT="80" WIDTH="221" VPOS="724" HPOS="1496" CONTENT="וכלים"/><String HEIGHT="80" WIDTH="172" VPOS="724" HPOS="1644" CONTENT="מעט"/><String HEIGHT="80" WIDTH="270" VPOS="724" HPOS="1742" CONTENT="מאליהם."/><String HEIGHT="80" WIDTH="123" VPOS="724" HPOS="1939" CONTENT="—"/><String HEIGHT="80" WIDTH="197" VPOS="724" HPOS="1988" CONTENT="כאשר"/><String HEIGHT="80" WIDTH="197" VPOS="724" HPOS="2111" CONTENT="יקרה"/><String HEIGHT="80" WIDTH="246" VPOS="724" HPOS="2233" CONTENT="לפעמים"/><String HEIGHT="80" WIDTH="197" VPOS="724" HPOS="2405" CONTENT="לקוי"/><String HEIGHT="80" WIDTH="197" VPOS="724" HPOS="2528" CONTENT="חמה,"/><String HEIGHT="80" WIDTH="147" VPOS="724" HPOS="2627" CONTENT="והוא"/></TextLine><TextLine ID="region_1522077961544_538l9" BASELINE="864" HEIGHT="76" WIDTH="1244" VPOS="788" HPOS="1521"><String HEIGHT="76" WIDTH="185" VPOS="788" HPOS="1495" CONTENT="בעת"/><String HEIGHT="76" WIDTH="185" VPOS="788" HPOS="1600" CONTENT="אשר"/><String HEIGHT="76" WIDTH="238" VPOS="788" HPOS="1706" CONTENT="הלבנה"/><String HEIGHT="76" WIDTH="265" VPOS="788" HPOS="1865" CONTENT="הקרובה"/><String HEIGHT="76" WIDTH="238" VPOS="788" HPOS="2050" CONTENT="אלינו"/><String HEIGHT="76" WIDTH="212" VPOS="788" HPOS="2209" CONTENT="תבוא"/><String HEIGHT="76" WIDTH="238" VPOS="788" HPOS="2342" CONTENT="לעמוד"/><String HEIGHT="76" WIDTH="185" VPOS="788" HPOS="2500" CONTENT="תחת"/><String HEIGHT="76" WIDTH="185" VPOS="788" HPOS="2580" CONTENT="השמש,"/></TextLine><TextLine ID="region_1522077961544_538l10" BASELINE="928" HEIGHT="77" WIDTH="1262" VPOS="851" HPOS="1506"><String HEIGHT="77" WIDTH="214" VPOS="851" HPOS="1482" CONTENT="ותכסה"/><String HEIGHT="77" WIDTH="238" VPOS="851" HPOS="1625" CONTENT="מעיננו"/><String HEIGHT="77" WIDTH="167" VPOS="851" HPOS="1792" CONTENT="אור"/><String HEIGHT="77" WIDTH="190" VPOS="851" HPOS="1887" CONTENT="פניה"/><String HEIGHT="77" WIDTH="214" VPOS="851" HPOS="2006" CONTENT="החזק,"/><String HEIGHT="77" WIDTH="143" VPOS="851" HPOS="2149" CONTENT="או"/><String HEIGHT="77" WIDTH="190" VPOS="851" HPOS="2220" CONTENT="יראו"/><String HEIGHT="77" WIDTH="238" VPOS="851" HPOS="2339" CONTENT="לפעמים"/><String HEIGHT="77" WIDTH="190" VPOS="851" HPOS="2506" CONTENT="בכלי"/><String HEIGHT="77" WIDTH="167" VPOS="851" HPOS="2601" CONTENT="המחזה"/></TextLine><TextLine ID="region_1522077961544_538l11" BASELINE="981" HEIGHT="67" WIDTH="1253" VPOS="914" HPOS="1504"><String HEIGHT="67" WIDTH="142" VPOS="914" HPOS="1480" CONTENT="על"/><String HEIGHT="67" WIDTH="189" VPOS="914" HPOS="1551" CONTENT="שפתה"/><String HEIGHT="67" WIDTH="165" VPOS="914" HPOS="1669" CONTENT="כמו"/><String HEIGHT="67" WIDTH="189" VPOS="914" HPOS="1764" CONTENT="הרים"/><String HEIGHT="67" WIDTH="260" VPOS="914" HPOS="1882" CONTENT="גבנונים"/><String HEIGHT="67" WIDTH="260" VPOS="914" HPOS="2071" CONTENT="ותלולים"/><String HEIGHT="67" WIDTH="236" VPOS="914" HPOS="2261" CONTENT="גבוהים"/><String HEIGHT="67" WIDTH="260" VPOS="914" HPOS="2426" CONTENT="מתמונות"/><String HEIGHT="67" WIDTH="165" VPOS="914" HPOS="2592" CONTENT="שונות"/></TextLine><TextLine ID="region_1522077961544_538l12" BASELINE="1053" HEIGHT="78" WIDTH="1248" VPOS="975" HPOS="1519"><String HEIGHT="78" WIDTH="250" VPOS="975" HPOS="1494" CONTENT="יוצאים"/><String HEIGHT="78" WIDTH="275" VPOS="975" HPOS="1669" CONTENT="ובולטים"/><String HEIGHT="78" WIDTH="200" VPOS="975" HPOS="1868" CONTENT="ממנה"/><String HEIGHT="78" WIDTH="225" VPOS="975" HPOS="1993" CONTENT="ולחוץ"/><String HEIGHT="78" WIDTH="150" VPOS="975" HPOS="2143" CONTENT="עד"/><String HEIGHT="78" WIDTH="175" VPOS="975" HPOS="2218" CONTENT="כדי"/><String HEIGHT="78" WIDTH="175" VPOS="975" HPOS="2318" CONTENT="כמה"/><String HEIGHT="78" WIDTH="225" VPOS="975" HPOS="2418" CONTENT="אלפים"/><String HEIGHT="78" WIDTH="225" VPOS="975" HPOS="2542" CONTENT="פרסאות,"/></TextLine><TextLine ID="region_1522077961544_538l13" BASELINE="1121" HEIGHT="81" WIDTH="1267" VPOS="1040" HPOS="1507"><String HEIGHT="81" WIDTH="244" VPOS="1040" HPOS="1483" CONTENT="וההרים"/><String HEIGHT="81" WIDTH="171" VPOS="1040" HPOS="1653" CONTENT="ההם"/><String HEIGHT="81" WIDTH="195" VPOS="1040" HPOS="1751" CONTENT="בלתי"/><String HEIGHT="81" WIDTH="244" VPOS="1040" HPOS="1872" CONTENT="קבועים"/><String HEIGHT="81" WIDTH="195" VPOS="1040" HPOS="2043" CONTENT="עליה"/><String HEIGHT="81" WIDTH="219" VPOS="1040" HPOS="2165" CONTENT="במקום"/><String HEIGHT="81" WIDTH="171" VPOS="1040" HPOS="2311" CONTENT="אחד"/><String HEIGHT="81" WIDTH="219" VPOS="1040" HPOS="2409" CONTENT="מיוחד"/><String HEIGHT="81" WIDTH="146" VPOS="1040" HPOS="2555" CONTENT="עד"/><String HEIGHT="81" WIDTH="171" VPOS="1040" HPOS="2603" CONTENT="שנוכל"/></TextLine><TextLine ID="region_1522077961544_538l14" BASELINE="1190" HEIGHT="88" WIDTH="1265" VPOS="1102" HPOS="1500"><String HEIGHT="88" WIDTH="211" VPOS="1102" HPOS="1477" CONTENT="לשפוט"/><String HEIGHT="88" WIDTH="211" VPOS="1102" HPOS="1617" CONTENT="היותם"/><String HEIGHT="88" WIDTH="164" VPOS="1102" HPOS="1758" CONTENT="חלק"/><String HEIGHT="88" WIDTH="141" VPOS="1102" HPOS="1851" CONTENT="מן"/><String HEIGHT="88" WIDTH="211" VPOS="1102" HPOS="1922" CONTENT="גופה,"/><String HEIGHT="88" WIDTH="141" VPOS="1102" HPOS="2062" CONTENT="רק"/><String HEIGHT="88" WIDTH="211" VPOS="1102" HPOS="2133" CONTENT="משנים"/><String HEIGHT="88" WIDTH="211" VPOS="1102" HPOS="2273" CONTENT="מקומם"/><String HEIGHT="88" WIDTH="258" VPOS="1102" HPOS="2414" CONTENT="ומחלפים"/><String HEIGHT="88" WIDTH="187" VPOS="1102" HPOS="2578" CONTENT="תמונתם"/></TextLine><TextLine ID="region_1522077961544_538l15" BASELINE="1237" HEIGHT="70" WIDTH="1252" VPOS="1167" HPOS="1512"><String HEIGHT="70" WIDTH="250" VPOS="1167" HPOS="1487" CONTENT="וגדלם,"/><String HEIGHT="70" WIDTH="175" VPOS="1167" HPOS="1662" CONTENT="אשר"/><String HEIGHT="70" WIDTH="175" VPOS="1167" HPOS="1762" CONTENT="מכל"/><String HEIGHT="70" WIDTH="150" VPOS="1167" HPOS="1863" CONTENT="זה"/><String HEIGHT="70" WIDTH="200" VPOS="1167" HPOS="1938" CONTENT="נראה"/><String HEIGHT="70" WIDTH="150" VPOS="1167" HPOS="2063" CONTENT="כי"/><String HEIGHT="70" WIDTH="175" VPOS="1167" HPOS="2138" CONTENT="המה"/><String HEIGHT="70" WIDTH="250" VPOS="1167" HPOS="2238" CONTENT="שינוים"/><String HEIGHT="70" WIDTH="300" VPOS="1167" HPOS="2413" CONTENT="המתחדשים"/><String HEIGHT="70" WIDTH="150" VPOS="1167" HPOS="2614" CONTENT="עליה"/></TextLine><TextLine ID="region_1522077961544_538l16" BASELINE="1311" HEIGHT="97" WIDTH="1250" VPOS="1214" HPOS="1515"><String HEIGHT="97" WIDTH="366" VPOS="1214" HPOS="1493" CONTENT="Protuberanzen"/><String HEIGHT="97" WIDTH="172" VPOS="1214" HPOS="1795" CONTENT="מזמן"/><String HEIGHT="97" WIDTH="194" VPOS="1214" HPOS="1903" CONTENT="לזמן."/><String HEIGHT="97" WIDTH="194" VPOS="1214" HPOS="2032" CONTENT="תלולי"/><String HEIGHT="97" WIDTH="172" VPOS="1214" HPOS="2162" CONTENT="הרים"/><String HEIGHT="97" WIDTH="172" VPOS="1214" HPOS="2269" CONTENT="כאלו"/><String HEIGHT="97" WIDTH="194" VPOS="1214" HPOS="2377" CONTENT="נקראו"/><String HEIGHT="97" WIDTH="151" VPOS="1214" HPOS="2506" CONTENT="אצל"/><String HEIGHT="97" WIDTH="194" VPOS="1214" HPOS="2571" CONTENT="התוכנים"/></TextLine><TextLine ID="region_1522077961544_538l17" BASELINE="1366" HEIGHT="72" WIDTH="1244" VPOS="1294" HPOS="1522"><String HEIGHT="72" WIDTH="254" VPOS="1294" HPOS="1497" CONTENT="ובשנים"/><String HEIGHT="72" WIDTH="228" VPOS="1294" HPOS="1674" CONTENT="שעברו"/><String HEIGHT="72" WIDTH="152" VPOS="1294" HPOS="1827" CONTENT="לא"/><String HEIGHT="72" WIDTH="178" VPOS="1294" HPOS="1903" CONTENT="היה"/><String HEIGHT="72" WIDTH="178" VPOS="1294" HPOS="2004" CONTENT="לאל"/><String HEIGHT="72" WIDTH="152" VPOS="1294" HPOS="2106" CONTENT="יד"/><String HEIGHT="72" WIDTH="279" VPOS="1294" HPOS="2182" CONTENT="התוכנים"/><String HEIGHT="72" WIDTH="254" VPOS="1294" HPOS="2385" CONTENT="לראותם"/><String HEIGHT="72" WIDTH="178" VPOS="1294" HPOS="2563" CONTENT="ע״י"/><String HEIGHT="72" WIDTH="127" VPOS="1294" HPOS="2639" CONTENT="כלי"/></TextLine><TextLine ID="region_1522077961544_538l18" BASELINE="1436" HEIGHT="75" WIDTH="1263" VPOS="1361" HPOS="1510"><String HEIGHT="75" WIDTH="242" VPOS="1361" HPOS="1483" CONTENT="המחזה"/><String HEIGHT="75" WIDTH="161" VPOS="1361" HPOS="1644" CONTENT="רק"/><String HEIGHT="75" WIDTH="188" VPOS="1361" HPOS="1725" CONTENT="בעת"/><String HEIGHT="75" WIDTH="188" VPOS="1361" HPOS="1832" CONTENT="אשר"/><String HEIGHT="75" WIDTH="215" VPOS="1361" HPOS="1940" CONTENT="השמש"/><String HEIGHT="75" WIDTH="215" VPOS="1361" HPOS="2074" CONTENT="עצמה"/><String HEIGHT="75" WIDTH="242" VPOS="1361" HPOS="2209" CONTENT="נכסית"/><String HEIGHT="75" WIDTH="188" VPOS="1361" HPOS="2370" CONTENT="ע&#34;י"/><String HEIGHT="75" WIDTH="242" VPOS="1361" HPOS="2477" CONTENT="הלבנה"/><String HEIGHT="75" WIDTH="161" VPOS="1361" HPOS="2612" CONTENT="בשעת"/></TextLine><TextLine ID="region_1522077961544_538l19" BASELINE="1510" HEIGHT="90" WIDTH="1259" VPOS="1420" HPOS="1503"><String HEIGHT="90" WIDTH="194" VPOS="1420" HPOS="1479" CONTENT="לקוי"/><String HEIGHT="90" WIDTH="169" VPOS="1420" HPOS="1600" CONTENT="חמה"/><String HEIGHT="90" WIDTH="242" VPOS="1420" HPOS="1697" CONTENT="כוללת,"/><String HEIGHT="90" WIDTH="194" VPOS="1420" HPOS="1866" CONTENT="וע״כ"/><String HEIGHT="90" WIDTH="169" VPOS="1420" HPOS="1987" CONTENT="היו"/><String HEIGHT="90" WIDTH="218" VPOS="1420" HPOS="2084" CONTENT="מצפים"/><String HEIGHT="90" WIDTH="145" VPOS="1420" HPOS="2229" CONTENT="רק"/><String HEIGHT="90" WIDTH="145" VPOS="1420" HPOS="2302" CONTENT="על"/><String HEIGHT="90" WIDTH="169" VPOS="1420" HPOS="2375" CONTENT="זמן"/><String HEIGHT="90" WIDTH="194" VPOS="1420" HPOS="2471" CONTENT="ביאת"/><String HEIGHT="90" WIDTH="194" VPOS="1420" HPOS="2568" CONTENT="הלקוים"/></TextLine><TextLine ID="region_1522077961544_538l20" BASELINE="1565" HEIGHT="79" WIDTH="1260" VPOS="1486" HPOS="1509"><String HEIGHT="79" WIDTH="194" VPOS="1486" HPOS="1485" CONTENT="והיו"/><String HEIGHT="79" WIDTH="267" VPOS="1486" HPOS="1606" CONTENT="מוכרחים"/><String HEIGHT="79" WIDTH="218" VPOS="1486" HPOS="1800" CONTENT="לנסוע"/><String HEIGHT="79" WIDTH="291" VPOS="1486" HPOS="1945" CONTENT="למקומותן"/><String HEIGHT="79" WIDTH="242" VPOS="1486" HPOS="2163" CONTENT="רחוקים"/><String HEIGHT="79" WIDTH="218" VPOS="1486" HPOS="2333" CONTENT="בכדור"/><String HEIGHT="79" WIDTH="194" VPOS="1486" HPOS="2478" CONTENT="הארץ"/><String HEIGHT="79" WIDTH="170" VPOS="1486" HPOS="2599" CONTENT="אשר"/><String HEIGHT="79" WIDTH="97" VPOS="1486" HPOS="2672" CONTENT="שם"/></TextLine><TextLine ID="region_1522077961544_538l21" BASELINE="1636" HEIGHT="91" WIDTH="1251" VPOS="1545" HPOS="1516"><String HEIGHT="91" WIDTH="192" VPOS="1545" HPOS="1492" CONTENT="נראה"/><String HEIGHT="91" WIDTH="217" VPOS="1545" HPOS="1612" CONTENT="הלקוי"/><String HEIGHT="91" WIDTH="217" VPOS="1545" HPOS="1757" CONTENT="בגדלו"/><String HEIGHT="91" WIDTH="192" VPOS="1545" HPOS="1901" CONTENT="בכדי"/><String HEIGHT="91" WIDTH="217" VPOS="1545" HPOS="2021" CONTENT="לראות"/><String HEIGHT="91" WIDTH="289" VPOS="1545" HPOS="2166" CONTENT="ולהתבונן"/><String HEIGHT="91" WIDTH="144" VPOS="1545" HPOS="2382" CONTENT="על"/><String HEIGHT="91" WIDTH="241" VPOS="1545" HPOS="2454" CONTENT="החזיון"/><String HEIGHT="91" WIDTH="168" VPOS="1545" HPOS="2599" CONTENT="הנפלא"/></TextLine><TextLine ID="region_1522077961544_538l22" BASELINE="1698" HEIGHT="92" WIDTH="1258" VPOS="1606" HPOS="1521"><String HEIGHT="92" WIDTH="194" VPOS="1606" HPOS="1497" CONTENT="הזה."/><String HEIGHT="92" WIDTH="194" VPOS="1606" HPOS="1618" CONTENT="בשנת"/><String HEIGHT="92" WIDTH="194" VPOS="1606" HPOS="1739" CONTENT="1868"/><String HEIGHT="92" WIDTH="194" VPOS="1606" HPOS="1860" CONTENT="כאשר"/><String HEIGHT="92" WIDTH="169" VPOS="1606" HPOS="1981" CONTENT="קרה"/><String HEIGHT="92" WIDTH="194" VPOS="1606" HPOS="2077" CONTENT="לקוי"/><String HEIGHT="92" WIDTH="169" VPOS="1606" HPOS="2198" CONTENT="חמה"/><String HEIGHT="92" WIDTH="169" VPOS="1606" HPOS="2295" CONTENT="כזה"/><String HEIGHT="92" WIDTH="194" VPOS="1606" HPOS="2392" CONTENT="ביום"/><String HEIGHT="92" WIDTH="145" VPOS="1606" HPOS="2513" CONTENT="18"/><String HEIGHT="92" WIDTH="218" VPOS="1606" HPOS="2561" CONTENT="אוגוסט,"/></TextLine><TextLine ID="region_1522077961544_538l23" BASELINE="1762" HEIGHT="89" WIDTH="1260" VPOS="1673" HPOS="1509"><String HEIGHT="89" WIDTH="170" VPOS="1673" HPOS="1485" CONTENT="נסע"/><String HEIGHT="89" WIDTH="145" VPOS="1673" HPOS="1582" CONTENT="אז"/><String HEIGHT="89" WIDTH="218" VPOS="1673" HPOS="1654" CONTENT="התוכן"/><String HEIGHT="89" WIDTH="218" VPOS="1673" HPOS="1800" CONTENT="אנסען"/><String HEIGHT="89" WIDTH="242" VPOS="1673" HPOS="1945" CONTENT="הצרפתי"/><String HEIGHT="89" WIDTH="194" VPOS="1673" HPOS="2115" CONTENT="לעיר"/><String HEIGHT="89" WIDTH="267" VPOS="1673" HPOS="2236" CONTENT="קאלקוטא"/><String HEIGHT="89" WIDTH="218" VPOS="1673" HPOS="2430" CONTENT="לראות"/><String HEIGHT="89" WIDTH="218" VPOS="1673" HPOS="2551" CONTENT="ולהבחין"/></TextLine><TextLine ID="region_1522077961544_538l24" BASELINE="1823" HEIGHT="86" WIDTH="1266" VPOS="1737" HPOS="1509"><String HEIGHT="86" WIDTH="173" VPOS="1737" HPOS="1480" CONTENT="שם"/><String HEIGHT="86" WIDTH="230" VPOS="1737" HPOS="1567" CONTENT="בכלי"/><String HEIGHT="86" WIDTH="288" VPOS="1737" HPOS="1710" CONTENT="מחזיו,"/><String HEIGHT="86" WIDTH="201" VPOS="1737" HPOS="1912" CONTENT="ואז"/><String HEIGHT="86" WIDTH="201" VPOS="1737" HPOS="2027" CONTENT="גלה"/><String HEIGHT="86" WIDTH="288" VPOS="1737" HPOS="2142" CONTENT="תחבולה"/><String HEIGHT="86" WIDTH="230" VPOS="1737" HPOS="2343" CONTENT="חדשה"/><String HEIGHT="86" WIDTH="201" VPOS="1737" HPOS="2487" CONTENT="איך"/><String HEIGHT="86" WIDTH="201" VPOS="1737" HPOS="2574" CONTENT="לראות"/></TextLine><TextLine ID="region_1522077961544_538l25" BASELINE="1889" HEIGHT="78" WIDTH="1259" VPOS="1811" HPOS="1515"><String HEIGHT="78" WIDTH="436" VPOS="1811" HPOS="1491" CONTENT="הפראטובעראנצען"/><String HEIGHT="78" WIDTH="169" VPOS="1811" HPOS="1854" CONTENT="ההם"/><String HEIGHT="78" WIDTH="145" VPOS="1811" HPOS="1951" CONTENT="גם"/><String HEIGHT="78" WIDTH="169" VPOS="1811" HPOS="2023" CONTENT="שלא"/><String HEIGHT="78" WIDTH="194" VPOS="1811" HPOS="2120" CONTENT="בשעת"/><String HEIGHT="78" WIDTH="242" VPOS="1811" HPOS="2241" CONTENT="הלקוי,"/><String HEIGHT="78" WIDTH="194" VPOS="1811" HPOS="2411" CONTENT="ומאז"/><String HEIGHT="78" WIDTH="194" VPOS="1811" HPOS="2532" CONTENT="ועוד"/><String HEIGHT="78" WIDTH="145" VPOS="1811" HPOS="2629" CONTENT="היום"/></TextLine><TextLine ID="region_1522077961544_538l26" BASELINE="1952" HEIGHT="84" WIDTH="1250" VPOS="1868" HPOS="1518"><String HEIGHT="84" WIDTH="250" VPOS="1868" HPOS="1493" CONTENT="ישתדלו"/><String HEIGHT="84" WIDTH="275" VPOS="1868" HPOS="1668" CONTENT="התוכנים"/><String HEIGHT="84" WIDTH="250" VPOS="1868" HPOS="1868" CONTENT="להבחין"/><String HEIGHT="84" WIDTH="225" VPOS="1868" HPOS="2043" CONTENT="עליהם"/><String HEIGHT="84" WIDTH="175" VPOS="1868" HPOS="2193" CONTENT="בכל"/><String HEIGHT="84" WIDTH="175" VPOS="1868" HPOS="2293" CONTENT="פעם"/><String HEIGHT="84" WIDTH="200" VPOS="1868" HPOS="2393" CONTENT="כאשר"/><String HEIGHT="84" WIDTH="200" VPOS="1868" HPOS="2518" CONTENT="יקרו"/><String HEIGHT="84" WIDTH="150" VPOS="1868" HPOS="2618" CONTENT="לבוא"/></TextLine><TextLine ID="region_1522077961544_538l27" BASELINE="2015" HEIGHT="83" WIDTH="1263" VPOS="1932" HPOS="1515"><String HEIGHT="83" WIDTH="257" VPOS="1932" HPOS="1492" CONTENT="להתראות"/><String HEIGHT="83" WIDTH="140" VPOS="1932" HPOS="1679" CONTENT="על"/><String HEIGHT="83" WIDTH="164" VPOS="1932" HPOS="1749" CONTENT="פני"/><String HEIGHT="83" WIDTH="211" VPOS="1932" HPOS="1842" CONTENT="השמש,"/><String HEIGHT="83" WIDTH="211" VPOS="1932" HPOS="1983" CONTENT="ולמען"/><String HEIGHT="83" WIDTH="187" VPOS="1932" HPOS="2123" CONTENT="יוכל"/><String HEIGHT="83" WIDTH="211" VPOS="1932" HPOS="2240" CONTENT="הקורא"/><String HEIGHT="83" WIDTH="211" VPOS="1932" HPOS="2380" CONTENT="לצייר"/><String HEIGHT="83" WIDTH="140" VPOS="1932" HPOS="2521" CONTENT="לו"/><String HEIGHT="83" WIDTH="211" VPOS="1932" HPOS="2568" CONTENT="בדמיונו"/></TextLine><TextLine ID="region_1522077961544_538l28" BASELINE="2080" HEIGHT="80" WIDTH="1248" VPOS="2000" HPOS="1520"><String HEIGHT="80" WIDTH="220" VPOS="2000" HPOS="1496" CONTENT="תכונת"/><String HEIGHT="80" WIDTH="440" VPOS="2000" HPOS="1642" CONTENT="הפראטובעראנצען"/><String HEIGHT="80" WIDTH="171" VPOS="2000" HPOS="2009" CONTENT="ההם"/><String HEIGHT="80" WIDTH="220" VPOS="2000" HPOS="2107" CONTENT="מהותם"/><String HEIGHT="80" WIDTH="294" VPOS="2000" HPOS="2254" CONTENT="ותבניתם,"/><String HEIGHT="80" WIDTH="196" VPOS="2000" HPOS="2474" CONTENT="הנני"/><String HEIGHT="80" WIDTH="196" VPOS="2000" HPOS="2572" CONTENT="להעתיק"/></TextLine><TextLine ID="region_1522077961544_538l29" BASELINE="2143" HEIGHT="78" WIDTH="1253" VPOS="2065" HPOS="1515"><String HEIGHT="78" WIDTH="179" VPOS="2065" HPOS="1489" CONTENT="הנה"/><String HEIGHT="78" WIDTH="153" VPOS="2065" HPOS="1592" CONTENT="רק"/><String HEIGHT="78" WIDTH="153" VPOS="2065" HPOS="1668" CONTENT="מה"/><String HEIGHT="78" WIDTH="205" VPOS="2065" HPOS="1745" CONTENT="שראה"/><String HEIGHT="78" WIDTH="205" VPOS="2065" HPOS="1873" CONTENT="תוכן"/><String HEIGHT="78" WIDTH="179" VPOS="2065" HPOS="2001" CONTENT="אחד"/><String HEIGHT="78" WIDTH="153" VPOS="2065" HPOS="2103" CONTENT="מן"/><String HEIGHT="78" WIDTH="256" VPOS="2065" HPOS="2180" CONTENT="השנוים"/><String HEIGHT="78" WIDTH="179" VPOS="2065" HPOS="2359" CONTENT="אשר"/><String HEIGHT="78" WIDTH="205" VPOS="2065" HPOS="2461" CONTENT="חלפו"/><String HEIGHT="78" WIDTH="153" VPOS="2065" HPOS="2589" CONTENT="על"/><String HEIGHT="78" WIDTH="128" VPOS="2065" HPOS="2640" CONTENT="פני"/></TextLine><TextLine ID="region_1522077961544_538l30" BASELINE="2207" HEIGHT="79" WIDTH="932" VPOS="2128" HPOS="1838"><String HEIGHT="79" WIDTH="207" VPOS="2128" HPOS="1812" CONTENT="השמש"/><String HEIGHT="79" WIDTH="207" VPOS="2128" HPOS="1942" CONTENT="במשך"/><String HEIGHT="79" WIDTH="181" VPOS="2128" HPOS="2071" CONTENT="זמן"/><String HEIGHT="79" WIDTH="181" VPOS="2128" HPOS="2175" CONTENT="קצר"/><String HEIGHT="79" WIDTH="155" VPOS="2128" HPOS="2278" CONTENT="מן"/><String HEIGHT="79" WIDTH="181" VPOS="2128" HPOS="2356" CONTENT="שעה"/><String HEIGHT="79" WIDTH="233" VPOS="2128" HPOS="2459" CONTENT="ומחצה"/><String HEIGHT="79" WIDTH="181" VPOS="2128" HPOS="2589" CONTENT="לערך."/></TextLine><TextLine ID="region_1522077961544_538l31" BASELINE="2313" HEIGHT="68" WIDTH="924" VPOS="2245" HPOS="1685"><String HEIGHT="68" WIDTH="103" VPOS="2245" HPOS="1659" CONTENT=""/><String HEIGHT="68" WIDTH="231" VPOS="2245" HPOS="1685" CONTENT="תלולי"/><String HEIGHT="68" WIDTH="154" VPOS="2245" HPOS="1839" CONTENT="אש"/><String HEIGHT="68" WIDTH="282" VPOS="2245" HPOS="1916" CONTENT="מתפרצים"/><String HEIGHT="68" WIDTH="231" VPOS="2245" HPOS="2121" CONTENT="הנראה"/><String HEIGHT="68" WIDTH="154" VPOS="2245" HPOS="2275" CONTENT="על"/><String HEIGHT="68" WIDTH="180" VPOS="2245" HPOS="2352" CONTENT="פני"/><String HEIGHT="68" WIDTH="180" VPOS="2245" HPOS="2429" CONTENT="השמש."/></TextLine><TextLine ID="region_1522077961544_538l39" BASELINE="3047" HEIGHT="80" WIDTH="1171" VPOS="2967" HPOS="1515"><String HEIGHT="80" WIDTH="260" VPOS="2967" HPOS="1489" CONTENT="בתמונה"/><String HEIGHT="80" WIDTH="286" VPOS="2967" HPOS="1671" CONTENT="שלפנינו"/><String HEIGHT="80" WIDTH="312" VPOS="2967" HPOS="1879" CONTENT="המצויירת"/><String HEIGHT="80" WIDTH="182" VPOS="2967" HPOS="2114" CONTENT="לבן"/><String HEIGHT="80" WIDTH="156" VPOS="2967" HPOS="2218" CONTENT="על"/><String HEIGHT="80" WIDTH="182" VPOS="2967" HPOS="2296" CONTENT="גבי"/><String HEIGHT="80" WIDTH="208" VPOS="2967" HPOS="2400" CONTENT="שחור"/><String HEIGHT="80" WIDTH="182" VPOS="2967" HPOS="2504" CONTENT="יצייר"/></TextLine><TextLine ID="region_1522077961544_538l40" BASELINE="3111" HEIGHT="79" WIDTH="1272" VPOS="3032" HPOS="1509"><String HEIGHT="79" WIDTH="229" VPOS="3032" HPOS="1484" CONTENT="הקורא"/><String HEIGHT="79" WIDTH="280" VPOS="3032" HPOS="1636" CONTENT="בדמיונו"/><String HEIGHT="79" WIDTH="153" VPOS="3032" HPOS="1840" CONTENT="כי"/><String HEIGHT="79" WIDTH="204" VPOS="3032" HPOS="1916" CONTENT="השפה"/><String HEIGHT="79" WIDTH="280" VPOS="3032" HPOS="2043" CONTENT="התחתונה"/><String HEIGHT="79" WIDTH="153" VPOS="3032" HPOS="2247" CONTENT="מן"/><String HEIGHT="79" WIDTH="254" VPOS="3032" HPOS="2323" CONTENT="התמונה"/><String HEIGHT="79" WIDTH="229" VPOS="3032" HPOS="2501" CONTENT="הלבנה"/><String HEIGHT="79" WIDTH="153" VPOS="3032" HPOS="2628" CONTENT="והוא"/></TextLine><TextLine ID="region_1522077961544_538l41" BASELINE="3182" HEIGHT="87" WIDTH="1279" VPOS="3095" HPOS="1503"><String HEIGHT="87" WIDTH="209" VPOS="3095" HPOS="1477" CONTENT="הקשת"/><String HEIGHT="87" WIDTH="157" VPOS="3095" HPOS="1607" CONTENT="ab"/><String HEIGHT="87" WIDTH="183" VPOS="3095" HPOS="1686" CONTENT="הוא"/><String HEIGHT="87" WIDTH="183" VPOS="3095" HPOS="1790" CONTENT="חלק"/><String HEIGHT="87" WIDTH="183" VPOS="3095" HPOS="1895" CONTENT="קטן"/><String HEIGHT="87" WIDTH="157" VPOS="3095" HPOS="1999" CONTENT="מן"/><String HEIGHT="87" WIDTH="183" VPOS="3095" HPOS="2077" CONTENT="שפת"/><String HEIGHT="87" WIDTH="235" VPOS="3095" HPOS="2182" CONTENT="עגולת"/><String HEIGHT="87" WIDTH="209" VPOS="3095" HPOS="2338" CONTENT="השמש"/><String HEIGHT="87" WIDTH="235" VPOS="3095" HPOS="2469" CONTENT="הבלתי"/><String HEIGHT="87" WIDTH="183" VPOS="3095" HPOS="2599" CONTENT="נראית"/></TextLine><TextLine ID="region_1522077961544_538l42" BASELINE="3236" HEIGHT="77" WIDTH="1255" VPOS="3159" HPOS="1523"><String HEIGHT="77" WIDTH="160" VPOS="3159" HPOS="1500" CONTENT="לנו"/><String HEIGHT="77" WIDTH="228" VPOS="3159" HPOS="1591" CONTENT="בצורה,"/><String HEIGHT="77" WIDTH="160" VPOS="3159" HPOS="1751" CONTENT="וכל"/><String HEIGHT="77" WIDTH="228" VPOS="3159" HPOS="1842" CONTENT="התמונה"/><String HEIGHT="77" WIDTH="228" VPOS="3159" HPOS="2002" CONTENT="המשונה"/><String HEIGHT="77" WIDTH="251" VPOS="3159" HPOS="2162" CONTENT="בתבניתה"/><String HEIGHT="77" WIDTH="160" VPOS="3159" HPOS="2344" CONTENT="הוא"/><String HEIGHT="77" WIDTH="160" VPOS="3159" HPOS="2436" CONTENT="גוף"/><String HEIGHT="77" WIDTH="183" VPOS="3159" HPOS="2527" CONTENT="גדול"/><String HEIGHT="77" WIDTH="160" VPOS="3159" HPOS="2618" CONTENT="העומד"/></TextLine><TextLine ID="region_1522077961544_538l43" BASELINE="3300" HEIGHT="82" WIDTH="1271" VPOS="3218" HPOS="1506"><String HEIGHT="82" WIDTH="216" VPOS="3218" HPOS="1479" CONTENT="ממעל"/><String HEIGHT="82" WIDTH="216" VPOS="3218" HPOS="1614" CONTENT="השמש"/><String HEIGHT="82" WIDTH="270" VPOS="3218" HPOS="1749" CONTENT="ומחובר"/><String HEIGHT="82" WIDTH="216" VPOS="3218" HPOS="1939" CONTENT="אליה"/><String HEIGHT="82" WIDTH="162" VPOS="3218" HPOS="2074" CONTENT="רק"/><String HEIGHT="82" WIDTH="189" VPOS="3218" HPOS="2155" CONTENT="ע&#34;י"/><String HEIGHT="82" WIDTH="270" VPOS="3218" HPOS="2263" CONTENT="עמודים"/><String HEIGHT="82" WIDTH="243" VPOS="3218" HPOS="2452" CONTENT="שונים"/><String HEIGHT="82" WIDTH="189" VPOS="3218" HPOS="2588" CONTENT="בארכם"/></TextLine><TextLine ID="region_1522077961544_538l44" BASELINE="3362" HEIGHT="76" WIDTH="1266" VPOS="3286" HPOS="1519"><String HEIGHT="76" WIDTH="273" VPOS="3286" HPOS="1494" CONTENT="הנמשכים"/><String HEIGHT="76" WIDTH="223" VPOS="3286" HPOS="1693" CONTENT="ממנה,"/><String HEIGHT="76" WIDTH="223" VPOS="3286" HPOS="1842" CONTENT="מראהו"/><String HEIGHT="76" WIDTH="174" VPOS="3286" HPOS="1991" CONTENT="כמו"/><String HEIGHT="76" WIDTH="199" VPOS="3286" HPOS="2090" CONTENT="חומר"/><String HEIGHT="76" WIDTH="149" VPOS="3286" HPOS="2214" CONTENT="עב"/><String HEIGHT="76" WIDTH="223" VPOS="3286" HPOS="2289" CONTENT="ממראה"/><String HEIGHT="76" WIDTH="149" VPOS="3286" HPOS="2437" CONTENT="אש"/><String HEIGHT="76" WIDTH="223" VPOS="3286" HPOS="2512" CONTENT="לוהט."/><String HEIGHT="76" WIDTH="149" VPOS="3286" HPOS="2636" CONTENT="גובה"/></TextLine><TextLine ID="region_1522077961544_538l45" BASELINE="3430" HEIGHT="85" WIDTH="1261" VPOS="3345" HPOS="1521"><String HEIGHT="85" WIDTH="257" VPOS="3345" HPOS="1495" CONTENT="התמונה"/><String HEIGHT="85" WIDTH="206" VPOS="3345" HPOS="1675" CONTENT="הזאת"/><String HEIGHT="85" WIDTH="180" VPOS="3345" HPOS="1804" CONTENT="מצא"/><String HEIGHT="85" WIDTH="232" VPOS="3345" HPOS="1907" CONTENT="התוכן"/><String HEIGHT="85" WIDTH="206" VPOS="3345" HPOS="2061" CONTENT="הנ״ל"/><String HEIGHT="85" WIDTH="257" VPOS="3345" HPOS="2190" CONTENT="במדידה"/><String HEIGHT="85" WIDTH="257" VPOS="3345" HPOS="2370" CONTENT="מדויקת"/><String HEIGHT="85" WIDTH="129" VPOS="3345" HPOS="2550" CONTENT="2"/><String HEIGHT="85" WIDTH="206" VPOS="3345" HPOS="2576" CONTENT="מנוטען"/></TextLine><TextLine ID="region_1522077961544_538l46" BASELINE="3498" HEIGHT="85" WIDTH="1253" VPOS="3413" HPOS="1527"><String HEIGHT="85" WIDTH="265" VPOS="3413" HPOS="1503" CONTENT="קשתיים,"/><String HEIGHT="85" WIDTH="193" VPOS="3413" HPOS="1696" CONTENT="והוא"/><String HEIGHT="85" WIDTH="193" VPOS="3413" HPOS="1816" CONTENT="לערך"/><String HEIGHT="85" WIDTH="169" VPOS="3413" HPOS="1937" CONTENT="י״א"/><String HEIGHT="85" WIDTH="217" VPOS="3413" HPOS="2033" CONTENT="אלפים"/><String HEIGHT="85" WIDTH="265" VPOS="3413" HPOS="2178" CONTENT="פרסאות,"/><String HEIGHT="85" WIDTH="193" VPOS="3413" HPOS="2370" CONTENT="ומדת"/><String HEIGHT="85" WIDTH="193" VPOS="3413" HPOS="2491" CONTENT="ארכה"/><String HEIGHT="85" WIDTH="145" VPOS="3413" HPOS="2611" CONTENT="עד"/><String HEIGHT="85" WIDTH="120" VPOS="3413" HPOS="2660" CONTENT="כדי"/></TextLine><TextLine ID="region_1522077961544_538l47" BASELINE="3552" HEIGHT="75" WIDTH="1263" VPOS="3477" HPOS="1509"><String HEIGHT="75" WIDTH="152" VPOS="3477" HPOS="1484" CONTENT="כ׳"/><String HEIGHT="75" WIDTH="227" VPOS="3477" HPOS="1560" CONTENT="אלפים"/><String HEIGHT="75" WIDTH="227" VPOS="3477" HPOS="1711" CONTENT="פרסה,"/><String HEIGHT="75" WIDTH="152" VPOS="3477" HPOS="1863" CONTENT="את"/><String HEIGHT="75" WIDTH="227" VPOS="3477" HPOS="1938" CONTENT="המראה"/><String HEIGHT="75" WIDTH="177" VPOS="3477" HPOS="2090" CONTENT="חזה"/><String HEIGHT="75" WIDTH="177" VPOS="3477" HPOS="2191" CONTENT="ראה"/><String HEIGHT="75" WIDTH="152" VPOS="3477" HPOS="2292" CONTENT="על"/><String HEIGHT="75" WIDTH="202" VPOS="3477" HPOS="2368" CONTENT="השמש"/><String HEIGHT="75" WIDTH="177" VPOS="3477" HPOS="2494" CONTENT="בעת"/><String HEIGHT="75" WIDTH="202" VPOS="3477" HPOS="2570" CONTENT="הצהרים"/></TextLine><TextLine ID="region_1522077961544_538l48" BASELINE="3624" HEIGHT="103" WIDTH="1263" VPOS="3521" HPOS="1528"><String HEIGHT="103" WIDTH="184" VPOS="3521" HPOS="1505" CONTENT="ביום"/><String HEIGHT="103" WIDTH="138" VPOS="3521" HPOS="1620" CONTENT="צח"/><String HEIGHT="103" WIDTH="207" VPOS="3521" HPOS="1689" CONTENT="ובהיר"/><String HEIGHT="103" WIDTH="253" VPOS="3521" HPOS="1827" CONTENT="בשחקים,"/><String HEIGHT="103" WIDTH="207" VPOS="3521" HPOS="2010" CONTENT="היותו"/><String HEIGHT="103" WIDTH="184" VPOS="3521" HPOS="2148" CONTENT="עומד"/><String HEIGHT="103" WIDTH="207" VPOS="3521" HPOS="2263" CONTENT="במקום"/><String HEIGHT="103" WIDTH="161" VPOS="3521" HPOS="2401" CONTENT="אחד"/><String HEIGHT="103" WIDTH="161" VPOS="3521" HPOS="2492" CONTENT="בלי"/><String HEIGHT="103" WIDTH="184" VPOS="3521" HPOS="2584" CONTENT="שנוי"/><String HEIGHT="103" WIDTH="115" VPOS="3521" HPOS="2676" CONTENT="זמן"/></TextLine><TextLine ID="region_1522077961544_538l49" BASELINE="3687" HEIGHT="84" WIDTH="1254" VPOS="3603" HPOS="1534"><String HEIGHT="84" WIDTH="163" VPOS="3603" HPOS="1511" CONTENT="מה,"/><String HEIGHT="84" WIDTH="139" VPOS="3603" HPOS="1604" CONTENT="רק"/><String HEIGHT="84" WIDTH="186" VPOS="3603" HPOS="1673" CONTENT="נראה"/><String HEIGHT="84" WIDTH="232" VPOS="3603" HPOS="1789" CONTENT="שהעמוד"/><String HEIGHT="84" WIDTH="232" VPOS="3603" HPOS="1952" CONTENT="הימיני"/><String HEIGHT="84" WIDTH="209" VPOS="3603" HPOS="2115" CONTENT="מתחיל"/><String HEIGHT="84" WIDTH="186" VPOS="3603" HPOS="2254" CONTENT="לנגד"/><String HEIGHT="84" WIDTH="186" VPOS="3603" HPOS="2370" CONTENT="עינו"/><String HEIGHT="84" WIDTH="232" VPOS="3603" HPOS="2486" CONTENT="להבהיק"/><String HEIGHT="84" WIDTH="163" VPOS="3603" HPOS="2625" CONTENT="ביותר"/></TextLine><TextLine ID="region_1522077961544_538l50" BASELINE="3759" HEIGHT="91" WIDTH="1274" VPOS="3668" HPOS="1519"><String HEIGHT="91" WIDTH="280" VPOS="3668" HPOS="1494" CONTENT="ולהתעקם"/><String HEIGHT="91" WIDTH="204" VPOS="3668" HPOS="1697" CONTENT="מעט,"/><String HEIGHT="91" WIDTH="204" VPOS="3668" HPOS="1825" CONTENT="ובצד"/><String HEIGHT="91" WIDTH="204" VPOS="3668" HPOS="1952" CONTENT="שמאל"/><String HEIGHT="91" WIDTH="204" VPOS="3668" HPOS="2080" CONTENT="למטה"/><String HEIGHT="91" WIDTH="229" VPOS="3668" HPOS="2207" CONTENT="התחיל"/><String HEIGHT="91" WIDTH="229" VPOS="3668" HPOS="2360" CONTENT="לעלות"/><String HEIGHT="91" WIDTH="178" VPOS="3668" HPOS="2513" CONTENT="כמו"/><String HEIGHT="91" WIDTH="178" VPOS="3668" HPOS="2615" CONTENT="ענן"/><String HEIGHT="91" WIDTH="102" VPOS="3668" HPOS="2691" CONTENT="עב"/></TextLine></TextBlock><TextBlock ID="region_1522077966638_539" HEIGHT="3534" WIDTH="1330" VPOS="270" HPOS="151"><Shape><Polygon POINTS="1481,270 151,270 151,3804 1481,3804"/></Shape><TextLine ID="region_1522077966638_539l1" BASELINE="360" HEIGHT="80" WIDTH="1266" VPOS="280" HPOS="203"><String HEIGHT="80" WIDTH="219" VPOS="280" HPOS="179" CONTENT="מתעקל"/><String HEIGHT="80" WIDTH="219" VPOS="280" HPOS="325" CONTENT="ויוצא"/><String HEIGHT="80" WIDTH="146" VPOS="280" HPOS="471" CONTENT="מן"/><String HEIGHT="80" WIDTH="219" VPOS="280" HPOS="544" CONTENT="השמש,"/><String HEIGHT="80" WIDTH="170" VPOS="280" HPOS="690" CONTENT="אחר"/><String HEIGHT="80" WIDTH="195" VPOS="280" HPOS="787" CONTENT="עבור"/><String HEIGHT="80" WIDTH="170" VPOS="280" HPOS="909" CONTENT="חצי"/><String HEIGHT="80" WIDTH="170" VPOS="280" HPOS="1006" CONTENT="שעה"/><String HEIGHT="80" WIDTH="146" VPOS="280" HPOS="1104" CONTENT="מה"/><String HEIGHT="80" WIDTH="195" VPOS="280" HPOS="1177" CONTENT="גדלה"/><String HEIGHT="80" WIDTH="195" VPOS="280" HPOS="1274" CONTENT="פליאתו"/></TextLine><TextLine ID="region_1522077966638_539l2" BASELINE="425" HEIGHT="81" WIDTH="1257" VPOS="344" HPOS="211"><String HEIGHT="81" WIDTH="222" VPOS="344" HPOS="186" CONTENT="לראות"/><String HEIGHT="81" WIDTH="148" VPOS="344" HPOS="334" CONTENT="כי"/><String HEIGHT="81" WIDTH="148" VPOS="344" HPOS="408" CONTENT="כל"/><String HEIGHT="81" WIDTH="197" VPOS="344" HPOS="482" CONTENT="הגוף"/><String HEIGHT="81" WIDTH="222" VPOS="344" HPOS="605" CONTENT="הגדול"/><String HEIGHT="81" WIDTH="197" VPOS="344" HPOS="753" CONTENT="הוזה"/><String HEIGHT="81" WIDTH="173" VPOS="344" HPOS="876" CONTENT="אשר"/><String HEIGHT="81" WIDTH="173" VPOS="344" HPOS="975" CONTENT="שכן"/><String HEIGHT="81" WIDTH="148" VPOS="344" HPOS="1074" CONTENT="על"/><String HEIGHT="81" WIDTH="197" VPOS="344" HPOS="1148" CONTENT="השמש"/><String HEIGHT="81" WIDTH="222" VPOS="344" HPOS="1246" CONTENT="במנוחה,"/></TextLine><TextLine ID="region_1522077966638_539l3" BASELINE="487" HEIGHT="79" WIDTH="1253" VPOS="408" HPOS="206"><String HEIGHT="79" WIDTH="213" VPOS="408" HPOS="182" CONTENT="פתאום"/><String HEIGHT="79" WIDTH="236" VPOS="408" HPOS="324" CONTENT="מתפורר"/><String HEIGHT="79" WIDTH="260" VPOS="408" HPOS="490" CONTENT="ומתפוצץ"/><String HEIGHT="79" WIDTH="213" VPOS="408" HPOS="679" CONTENT="לאלפי"/><String HEIGHT="79" WIDTH="213" VPOS="408" HPOS="821" CONTENT="חלקים"/><String HEIGHT="79" WIDTH="260" VPOS="408" HPOS="963" CONTENT="מעופפים"/><String HEIGHT="79" WIDTH="165" VPOS="408" HPOS="1152" CONTENT="כמו"/><String HEIGHT="79" WIDTH="213" VPOS="408" HPOS="1246" CONTENT="לפידי"/><String HEIGHT="79" WIDTH="95" VPOS="408" HPOS="1364" CONTENT="אש"/></TextLine><TextLine ID="region_1522077966638_539l4" BASELINE="552" HEIGHT="76" WIDTH="1268" VPOS="476" HPOS="197"><String HEIGHT="76" WIDTH="258" VPOS="476" HPOS="174" CONTENT="ארוכים,"/><String HEIGHT="76" WIDTH="258" VPOS="476" HPOS="361" CONTENT="הנזרקים"/><String HEIGHT="76" WIDTH="164" VPOS="476" HPOS="549" CONTENT="בכח"/><String HEIGHT="76" WIDTH="188" VPOS="476" HPOS="643" CONTENT="אדיר"/><String HEIGHT="76" WIDTH="188" VPOS="476" HPOS="761" CONTENT="וחזק"/><String HEIGHT="76" WIDTH="211" VPOS="476" HPOS="878" CONTENT="מאוד,"/><String HEIGHT="76" WIDTH="211" VPOS="476" HPOS="1019" CONTENT="ושטים"/><String HEIGHT="76" WIDTH="235" VPOS="476" HPOS="1160" CONTENT="במרוצה"/><String HEIGHT="76" WIDTH="164" VPOS="476" HPOS="1301" CONTENT="גדולה"/></TextLine><TextLine ID="line_1522079181089_570" BASELINE="611" HEIGHT="76" WIDTH="589" VPOS="535" HPOS="867"><String HEIGHT="76" WIDTH="159" VPOS="535" HPOS="844" CONTENT="לכל"/><String HEIGHT="76" WIDTH="159" VPOS="535" HPOS="935" CONTENT="צד,"/><String HEIGHT="76" WIDTH="159" VPOS="535" HPOS="1026" CONTENT="כמו"/><String HEIGHT="76" WIDTH="204" VPOS="535" HPOS="1116" CONTENT="הצורה"/><String HEIGHT="76" WIDTH="227" VPOS="535" HPOS="1229" CONTENT="שלפנינו."/></TextLine><TextLine ID="region_1522077966638_539l8" BASELINE="1878" HEIGHT="85" WIDTH="1159" VPOS="1793" HPOS="207"><String HEIGHT="85" WIDTH="290" VPOS="1793" HPOS="181" CONTENT="הלפידים"/><String HEIGHT="85" WIDTH="184" VPOS="1793" HPOS="391" CONTENT="ההם"/><String HEIGHT="85" WIDTH="184" VPOS="1793" HPOS="497" CONTENT="היו"/><String HEIGHT="85" WIDTH="263" VPOS="1793" HPOS="602" CONTENT="משונים"/><String HEIGHT="85" WIDTH="263" VPOS="1793" HPOS="787" CONTENT="במדתם,"/><String HEIGHT="85" WIDTH="184" VPOS="1793" HPOS="971" CONTENT="מהם"/><String HEIGHT="85" WIDTH="211" VPOS="1793" HPOS="1076" CONTENT="ארכם"/><String HEIGHT="85" WIDTH="158" VPOS="1793" HPOS="1208" CONTENT="עד"/><String HEIGHT="85" WIDTH="105" VPOS="1793" HPOS="1261" CONTENT="&#34;2"/></TextLine><TextLine ID="region_1522077966638_539l9" BASELINE="1943" HEIGHT="78" WIDTH="1260" VPOS="1865" HPOS="204"><String HEIGHT="78" WIDTH="203" VPOS="1865" HPOS="181" CONTENT="(והוא"/><String HEIGHT="78" WIDTH="180" VPOS="1865" HPOS="316" CONTENT="לערך"/><String HEIGHT="78" WIDTH="135" VPOS="1865" HPOS="429" CONTENT="ר׳"/><String HEIGHT="78" WIDTH="270" VPOS="1865" HPOS="497" CONTENT="פרסאות),"/><String HEIGHT="78" WIDTH="180" VPOS="1865" HPOS="699" CONTENT="ומהם"/><String HEIGHT="78" WIDTH="135" VPOS="1865" HPOS="812" CONTENT="עד"/><String HEIGHT="78" WIDTH="158" VPOS="1865" HPOS="879" CONTENT="״30"/><String HEIGHT="78" WIDTH="180" VPOS="1865" HPOS="969" CONTENT="והוא"/><String HEIGHT="78" WIDTH="135" VPOS="1865" HPOS="1082" CONTENT="ג׳"/><String HEIGHT="78" WIDTH="203" VPOS="1865" HPOS="1149" CONTENT="אלפים"/><String HEIGHT="78" WIDTH="203" VPOS="1865" HPOS="1262" CONTENT="פרסאות."/></TextLine><TextLine ID="region_1522077966638_539l10" BASELINE="2007" HEIGHT="77" WIDTH="1249" VPOS="1930" HPOS="214"><String HEIGHT="77" WIDTH="196" VPOS="1930" HPOS="190" CONTENT="ובכח"/><String HEIGHT="77" WIDTH="245" VPOS="1930" HPOS="312" CONTENT="מרוצתם"/><String HEIGHT="77" WIDTH="171" VPOS="1930" HPOS="483" CONTENT="שטו"/><String HEIGHT="77" WIDTH="220" VPOS="1930" HPOS="581" CONTENT="ועפפו"/><String HEIGHT="77" WIDTH="220" VPOS="1930" HPOS="728" CONTENT="להלאה"/><String HEIGHT="77" WIDTH="147" VPOS="1930" HPOS="875" CONTENT="מן"/><String HEIGHT="77" WIDTH="220" VPOS="1930" HPOS="949" CONTENT="השמש,"/><String HEIGHT="77" WIDTH="171" VPOS="1930" HPOS="1096" CONTENT="מהם"/><String HEIGHT="77" WIDTH="220" VPOS="1930" HPOS="1194" CONTENT="ביושר"/><String HEIGHT="77" WIDTH="147" VPOS="1930" HPOS="1316" CONTENT="ומהם"/></TextLine><TextLine ID="region_1522077966638_539l11" BASELINE="2067" HEIGHT="75" WIDTH="1261" VPOS="1992" HPOS="211"><String HEIGHT="75" WIDTH="234" VPOS="1992" HPOS="188" CONTENT="בנטיה,"/><String HEIGHT="75" WIDTH="140" VPOS="1992" HPOS="351" CONTENT="עד"/><String HEIGHT="75" WIDTH="163" VPOS="1992" HPOS="421" CONTENT="כדי"/><String HEIGHT="75" WIDTH="187" VPOS="1992" HPOS="515" CONTENT="גובה"/><String HEIGHT="75" WIDTH="140" VPOS="1992" HPOS="631" CONTENT="ג׳"/><String HEIGHT="75" WIDTH="210" VPOS="1992" HPOS="701" CONTENT="אלפים"/><String HEIGHT="75" WIDTH="257" VPOS="1992" HPOS="842" CONTENT="פרסאות!"/><String HEIGHT="75" WIDTH="163" VPOS="1992" HPOS="1028" CONTENT="ומה"/><String HEIGHT="75" WIDTH="187" VPOS="1992" HPOS="1122" CONTENT="נורא"/><String HEIGHT="75" WIDTH="163" VPOS="1992" HPOS="1238" CONTENT="היה"/><String HEIGHT="75" WIDTH="163" VPOS="1992" HPOS="1309" CONTENT="המראה"/></TextLine><TextLine ID="region_1522077966638_539l12" BASELINE="2134" HEIGHT="77" WIDTH="1246" VPOS="2057" HPOS="216"><String HEIGHT="77" WIDTH="192" VPOS="2057" HPOS="192" CONTENT="הזה,"/><String HEIGHT="77" WIDTH="192" VPOS="2057" HPOS="312" CONTENT="יאמר"/><String HEIGHT="77" WIDTH="240" VPOS="2057" HPOS="432" CONTENT="התוכן,"/><String HEIGHT="77" WIDTH="216" VPOS="2057" HPOS="599" CONTENT="לראות"/><String HEIGHT="77" WIDTH="168" VPOS="2057" HPOS="743" CONTENT="גוף"/><String HEIGHT="77" WIDTH="192" VPOS="2057" HPOS="839" CONTENT="גדול"/><String HEIGHT="77" WIDTH="168" VPOS="2057" HPOS="959" CONTENT="כזה"/><String HEIGHT="77" WIDTH="168" VPOS="2057" HPOS="1055" CONTENT="אשר"/><String HEIGHT="77" WIDTH="216" VPOS="2057" HPOS="1151" CONTENT="החזיק"/><String HEIGHT="77" WIDTH="192" VPOS="2057" HPOS="1270" CONTENT="בכמותו"/></TextLine><TextLine ID="region_1522077966638_539l13" BASELINE="2200" HEIGHT="84" WIDTH="1260" VPOS="2116" HPOS="208"><String HEIGHT="84" WIDTH="198" VPOS="2116" HPOS="183" CONTENT="אלפי"/><String HEIGHT="84" WIDTH="222" VPOS="2116" HPOS="307" CONTENT="אלפים"/><String HEIGHT="84" WIDTH="272" VPOS="2116" HPOS="455" CONTENT="פרסאות,"/><String HEIGHT="84" WIDTH="222" VPOS="2116" HPOS="653" CONTENT="מתבקע"/><String HEIGHT="84" WIDTH="222" VPOS="2116" HPOS="801" CONTENT="ונהרס"/><String HEIGHT="84" WIDTH="247" VPOS="2116" HPOS="949" CONTENT="פתאום,"/><String HEIGHT="84" WIDTH="247" VPOS="2116" HPOS="1122" CONTENT="מתפוצץ"/><String HEIGHT="84" WIDTH="198" VPOS="2116" HPOS="1270" CONTENT="לבקעים"/></TextLine><TextLine ID="region_1522077966638_539l14" BASELINE="2257" HEIGHT="74" WIDTH="1254" VPOS="2183" HPOS="207"><String HEIGHT="74" WIDTH="301" VPOS="2183" HPOS="182" CONTENT="ורסיסים,"/><String HEIGHT="74" WIDTH="201" VPOS="2183" HPOS="408" CONTENT="וכמו"/><String HEIGHT="74" WIDTH="176" VPOS="2183" HPOS="533" CONTENT="חצי"/><String HEIGHT="74" WIDTH="150" VPOS="2183" HPOS="633" CONTENT="אש"/><String HEIGHT="74" WIDTH="251" VPOS="2183" HPOS="709" CONTENT="ירוצצו"/><String HEIGHT="74" WIDTH="251" VPOS="2183" HPOS="884" CONTENT="ויעופו"/><String HEIGHT="74" WIDTH="176" VPOS="2183" HPOS="1060" CONTENT="לכל"/><String HEIGHT="74" WIDTH="176" VPOS="2183" HPOS="1160" CONTENT="צד!"/><String HEIGHT="74" WIDTH="176" VPOS="2183" HPOS="1260" CONTENT="וכל"/><String HEIGHT="74" WIDTH="125" VPOS="2183" HPOS="1336" CONTENT="אשר"/></TextLine><TextLine ID="region_1522077966638_539l15" BASELINE="2327" HEIGHT="81" WIDTH="1256" VPOS="2246" HPOS="213"><String HEIGHT="81" WIDTH="242" VPOS="2246" HPOS="189" CONTENT="הגביהו"/><String HEIGHT="81" WIDTH="145" VPOS="2246" HPOS="358" CONTENT="עף"/><String HEIGHT="81" WIDTH="217" VPOS="2246" HPOS="430" CONTENT="למעלה"/><String HEIGHT="81" WIDTH="193" VPOS="2246" HPOS="575" CONTENT="נחלש"/><String HEIGHT="81" WIDTH="145" VPOS="2246" HPOS="696" CONTENT="גם"/><String HEIGHT="81" WIDTH="145" VPOS="2246" HPOS="769" CONTENT="כח"/><String HEIGHT="81" WIDTH="242" VPOS="2246" HPOS="841" CONTENT="מרוצתם"/><String HEIGHT="81" WIDTH="169" VPOS="2246" HPOS="1010" CONTENT="וגם"/><String HEIGHT="81" WIDTH="242" VPOS="2246" HPOS="1107" CONTENT="נזדככו"/><String HEIGHT="81" WIDTH="193" VPOS="2246" HPOS="1276" CONTENT="יותר"/><String HEIGHT="81" WIDTH="97" VPOS="2246" HPOS="1372" CONTENT="מן"/></TextLine><TextLine ID="region_1522077966638_539l16" BASELINE="2390" HEIGHT="84" WIDTH="1256" VPOS="2306" HPOS="216"><String HEIGHT="84" WIDTH="197" VPOS="2306" HPOS="191" CONTENT="עובי"/><String HEIGHT="84" WIDTH="197" VPOS="2306" HPOS="315" CONTENT="חמרם"/><String HEIGHT="84" WIDTH="271" VPOS="2306" HPOS="438" CONTENT="הראשון."/><String HEIGHT="84" WIDTH="172" VPOS="2306" HPOS="635" CONTENT="אחר"/><String HEIGHT="84" WIDTH="172" VPOS="2306" HPOS="733" CONTENT="זמן"/><String HEIGHT="84" WIDTH="148" VPOS="2306" HPOS="832" CONTENT="14"/><String HEIGHT="84" WIDTH="246" VPOS="2306" HPOS="906" CONTENT="מנוטען"/><String HEIGHT="84" WIDTH="148" VPOS="2306" HPOS="1078" CONTENT="לא"/><String HEIGHT="84" WIDTH="197" VPOS="2306" HPOS="1152" CONTENT="נראה"/><String HEIGHT="84" WIDTH="172" VPOS="2306" HPOS="1275" CONTENT="עוד"/><String HEIGHT="84" WIDTH="123" VPOS="2306" HPOS="1349" CONTENT="מכל"/></TextLine><TextLine ID="region_1522077966638_539l17" BASELINE="2443" HEIGHT="70" WIDTH="1253" VPOS="2373" HPOS="219"><String HEIGHT="70" WIDTH="217" VPOS="2373" HPOS="195" CONTENT="המראה"/><String HEIGHT="70" WIDTH="169" VPOS="2373" HPOS="339" CONTENT="הזה"/><String HEIGHT="70" WIDTH="217" VPOS="2373" HPOS="436" CONTENT="זולתי"/><String HEIGHT="70" WIDTH="169" VPOS="2373" HPOS="580" CONTENT="כמו"/><String HEIGHT="70" WIDTH="217" VPOS="2373" HPOS="677" CONTENT="כתמים"/><String HEIGHT="70" WIDTH="217" VPOS="2373" HPOS="821" CONTENT="חלשים"/><String HEIGHT="70" WIDTH="289" VPOS="2373" HPOS="966" CONTENT="מתנודדים"/><String HEIGHT="70" WIDTH="169" VPOS="2373" HPOS="1183" CONTENT="הנה"/><String HEIGHT="70" WIDTH="193" VPOS="2373" HPOS="1279" CONTENT="והנה"/><String HEIGHT="70" WIDTH="96" VPOS="2373" HPOS="1376" CONTENT="על"/></TextLine><TextLine ID="region_1522077966638_539l18" BASELINE="2516" HEIGHT="76" WIDTH="1263" VPOS="2440" HPOS="201"><String HEIGHT="76" WIDTH="188" VPOS="2440" HPOS="174" CONTENT="שפת"/><String HEIGHT="76" WIDTH="242" VPOS="2440" HPOS="282" CONTENT="השמש."/><String HEIGHT="76" WIDTH="242" VPOS="2440" HPOS="443" CONTENT="במקום"/><String HEIGHT="76" WIDTH="188" VPOS="2440" HPOS="604" CONTENT="אשר"/><String HEIGHT="76" WIDTH="188" VPOS="2440" HPOS="712" CONTENT="משם"/><String HEIGHT="76" WIDTH="188" VPOS="2440" HPOS="819" CONTENT="פרץ"/><String HEIGHT="76" WIDTH="215" VPOS="2440" HPOS="927" CONTENT="הסער"/><String HEIGHT="76" WIDTH="242" VPOS="2440" HPOS="1061" CONTENT="הגדול"/><String HEIGHT="76" WIDTH="269" VPOS="2440" HPOS="1195" CONTENT="בראשונה."/></TextLine><TextLine ID="region_1522077966638_539l19" BASELINE="2581" HEIGHT="84" WIDTH="1276" VPOS="2497" HPOS="204"><String HEIGHT="84" WIDTH="175" VPOS="2497" HPOS="179" CONTENT="אבל"/><String HEIGHT="84" WIDTH="225" VPOS="2497" HPOS="279" CONTENT="לעומת"/><String HEIGHT="84" WIDTH="150" VPOS="2497" HPOS="429" CONTENT="זה"/><String HEIGHT="84" WIDTH="175" VPOS="2497" HPOS="504" CONTENT="בצד"/><String HEIGHT="84" WIDTH="250" VPOS="2497" HPOS="604" CONTENT="השמאלי"/><String HEIGHT="84" WIDTH="275" VPOS="2497" HPOS="779" CONTENT="בתמונה,"/><String HEIGHT="84" WIDTH="225" VPOS="2497" HPOS="980" CONTENT="במקום"/><String HEIGHT="84" WIDTH="175" VPOS="2497" HPOS="1130" CONTENT="אשר"/><String HEIGHT="84" WIDTH="175" VPOS="2497" HPOS="1230" CONTENT="ראה"/><String HEIGHT="84" WIDTH="175" VPOS="2497" HPOS="1305" CONTENT="בתחלה"/></TextLine><TextLine ID="region_1522077966638_539l20" BASELINE="2645" HEIGHT="75" WIDTH="1247" VPOS="2570" HPOS="211"><String HEIGHT="75" WIDTH="139" VPOS="2570" HPOS="188" CONTENT="רק"/><String HEIGHT="75" WIDTH="162" VPOS="2570" HPOS="257" CONTENT="כמו"/><String HEIGHT="75" WIDTH="162" VPOS="2570" HPOS="350" CONTENT="ענן"/><String HEIGHT="75" WIDTH="139" VPOS="2570" HPOS="442" CONTENT="עב"/><String HEIGHT="75" WIDTH="185" VPOS="2570" HPOS="511" CONTENT="יוצא"/><String HEIGHT="75" WIDTH="231" VPOS="2570" HPOS="627" CONTENT="ומתרחב"/><String HEIGHT="75" WIDTH="185" VPOS="2570" HPOS="788" CONTENT="מעט,"/><String HEIGHT="75" WIDTH="208" VPOS="2570" HPOS="904" CONTENT="פתאום"/><String HEIGHT="75" WIDTH="231" VPOS="2570" HPOS="1042" CONTENT="התאבכו"/><String HEIGHT="75" WIDTH="185" VPOS="2570" HPOS="1204" CONTENT="גאות"/><String HEIGHT="75" WIDTH="162" VPOS="2570" HPOS="1296" CONTENT="עננים"/></TextLine><TextLine ID="region_1522077966638_539l21" BASELINE="2706" HEIGHT="81" WIDTH="1279" VPOS="2625" HPOS="198"><String HEIGHT="81" WIDTH="169" VPOS="2625" HPOS="174" CONTENT="מאש"/><String HEIGHT="81" WIDTH="265" VPOS="2625" HPOS="270" CONTENT="מתלקחת,"/><String HEIGHT="81" WIDTH="265" VPOS="2625" HPOS="463" CONTENT="מתעקמים"/><String HEIGHT="81" WIDTH="314" VPOS="2625" HPOS="657" CONTENT="ומתגלגלים"/><String HEIGHT="81" WIDTH="241" VPOS="2625" HPOS="898" CONTENT="למעלה,"/><String HEIGHT="81" WIDTH="169" VPOS="2625" HPOS="1067" CONTENT="כמו"/><String HEIGHT="81" WIDTH="217" VPOS="2625" HPOS="1163" CONTENT="להבות"/><String HEIGHT="81" WIDTH="193" VPOS="2625" HPOS="1284" CONTENT="גדולים"/></TextLine><TextLine ID="region_1522077966638_539l22" BASELINE="2770" HEIGHT="77" WIDTH="1267" VPOS="2693" HPOS="201"><String HEIGHT="77" WIDTH="268" VPOS="2693" HPOS="177" CONTENT="ונוראים"/><String HEIGHT="77" WIDTH="171" VPOS="2693" HPOS="372" CONTENT="אשר"/><String HEIGHT="77" WIDTH="171" VPOS="2693" HPOS="469" CONTENT="רוח"/><String HEIGHT="77" WIDTH="171" VPOS="2693" HPOS="566" CONTENT="חזק"/><String HEIGHT="77" WIDTH="219" VPOS="2693" HPOS="664" CONTENT="ירדפם"/><String HEIGHT="77" WIDTH="195" VPOS="2693" HPOS="810" CONTENT="לפאת"/><String HEIGHT="77" WIDTH="195" VPOS="2693" HPOS="932" CONTENT="מערב"/><String HEIGHT="77" WIDTH="195" VPOS="2693" HPOS="1054" CONTENT="וכמו"/><String HEIGHT="77" WIDTH="219" VPOS="2693" HPOS="1176" CONTENT="שנראה"/><String HEIGHT="77" WIDTH="171" VPOS="2693" HPOS="1297" CONTENT="בצורה"/></TextLine><TextLine ID="region_1522077966638_539l23" BASELINE="2830" HEIGHT="80" WIDTH="190" VPOS="2750" HPOS="1276"><String HEIGHT="80" WIDTH="238" VPOS="2750" HPOS="1229" CONTENT="שלפנינו."/></TextLine><TextLine ID="region_1522077966638_539l27" BASELINE="3567" HEIGHT="84" WIDTH="1161" VPOS="3483" HPOS="198"><String HEIGHT="84" WIDTH="186" VPOS="3483" HPOS="175" CONTENT="גובה"/><String HEIGHT="84" WIDTH="232" VPOS="3483" HPOS="291" CONTENT="התמונה"/><String HEIGHT="84" WIDTH="186" VPOS="3483" HPOS="453" CONTENT="הואת"/><String HEIGHT="84" WIDTH="163" VPOS="3483" HPOS="570" CONTENT="היח"/><String HEIGHT="84" WIDTH="163" VPOS="3483" HPOS="662" CONTENT="לפי"/><String HEIGHT="84" WIDTH="209" VPOS="3483" HPOS="755" CONTENT="מדידה"/><String HEIGHT="84" WIDTH="255" VPOS="3483" HPOS="895" CONTENT="מדוייקת"/><String HEIGHT="84" WIDTH="163" VPOS="3483" HPOS="1080" CONTENT="׳2,"/><String HEIGHT="84" WIDTH="163" VPOS="3483" HPOS="1173" CONTENT="כדי"/><String HEIGHT="84" WIDTH="116" VPOS="3483" HPOS="1243" CONTENT="י&#34;א"/></TextLine><TextLine ID="region_1522077966638_539l28" BASELINE="3627" HEIGHT="84" WIDTH="1286" VPOS="3543" HPOS="195"><String HEIGHT="84" WIDTH="227" VPOS="3543" HPOS="170" CONTENT="אלפים"/><String HEIGHT="84" WIDTH="227" VPOS="3543" HPOS="321" CONTENT="פרסא,"/><String HEIGHT="84" WIDTH="202" VPOS="3543" HPOS="472" CONTENT="ומצד"/><String HEIGHT="84" WIDTH="227" VPOS="3543" HPOS="598" CONTENT="הימין"/><String HEIGHT="84" WIDTH="177" VPOS="3543" HPOS="750" CONTENT="היה"/><String HEIGHT="84" WIDTH="202" VPOS="3543" HPOS="851" CONTENT="נראה"/><String HEIGHT="84" WIDTH="227" VPOS="3543" HPOS="977" CONTENT="עדיין"/><String HEIGHT="84" WIDTH="227" VPOS="3543" HPOS="1128" CONTENT="שארית"/><String HEIGHT="84" WIDTH="252" VPOS="3543" HPOS="1279" CONTENT="החלקים"/><String HEIGHT="84" WIDTH="50" VPOS="3543" HPOS="1431" CONTENT=""/></TextLine><TextLine ID="region_1522077966638_539l29" BASELINE="3692" HEIGHT="77" WIDTH="1270" VPOS="3615" HPOS="204"><String HEIGHT="77" WIDTH="305" VPOS="3615" HPOS="179" CONTENT="המעופפים"/><String HEIGHT="77" WIDTH="152" VPOS="3615" HPOS="407" CONTENT="מן"/><String HEIGHT="77" WIDTH="229" VPOS="3615" HPOS="483" CONTENT="החומר"/><String HEIGHT="77" WIDTH="254" VPOS="3615" HPOS="636" CONTENT="הראשון"/><String HEIGHT="77" WIDTH="305" VPOS="3615" HPOS="814" CONTENT="שנתפוצץ."/><String HEIGHT="77" WIDTH="178" VPOS="3615" HPOS="1042" CONTENT="אחר"/><String HEIGHT="77" WIDTH="178" VPOS="3615" HPOS="1144" CONTENT="שעה"/><String HEIGHT="77" WIDTH="178" VPOS="3615" HPOS="1245" CONTENT="אחת"/><String HEIGHT="77" WIDTH="152" VPOS="3615" HPOS="1322" CONTENT="וט״ז"/></TextLine><TextLine ID="region_1522077966638_539l30" BASELINE="3762" HEIGHT="95" WIDTH="1277" VPOS="3667" HPOS="195"><String HEIGHT="95" WIDTH="255" VPOS="3667" HPOS="169" CONTENT="מנוטען"/><String HEIGHT="95" WIDTH="179" VPOS="3667" HPOS="348" CONTENT="מעת"/><String HEIGHT="95" WIDTH="179" VPOS="3667" HPOS="450" CONTENT="אשר"/><String HEIGHT="95" WIDTH="179" VPOS="3667" HPOS="553" CONTENT="ראה"/><String HEIGHT="95" WIDTH="281" VPOS="3667" HPOS="655" CONTENT="בראשונה"/><String HEIGHT="95" WIDTH="255" VPOS="3667" HPOS="859" CONTENT="התמונה"/><String HEIGHT="95" WIDTH="281" VPOS="3667" HPOS="1038" CONTENT="הגדולה."/><String HEIGHT="95" WIDTH="153" VPOS="3667" HPOS="1242" CONTENT="לא"/><String HEIGHT="95" WIDTH="179" VPOS="3667" HPOS="1293" CONTENT="נשאר׳"/></TextLine></TextBlock><Illustration ID="Graphic_1522077982946_541" HEIGHT="1097" WIDTH="911" VPOS="661" HPOS="375"/><Illustration ID="Graphic_1522077989059_542" HEIGHT="558" WIDTH="810" VPOS="2874" HPOS="430"/><Illustration ID="Graphic_1522247662767_600" HEIGHT="582" WIDTH="1111" VPOS="2356" HPOS="1588"/></PrintSpace></Page></Layout></alto>