<?xml version="1.0" encoding="UTF-8"?><alto xmlns:xsi="http://www.w3.org/2001/XMLSchema-instance" xmlns="http://www.loc.gov/standards/alto/ns-v2#" xmlns:page="http://schema.primaresearch.org/PAGE/gts/pagecontent/2013-07-15" xsi:schemaLocation="http://schema.primaresearch.org/PAGE/gts/pagecontent/2013-07-15 http://schema.primaresearch.org/PAGE/gts/pagecontent/2013-07-15/pagecontent.xsd http://www.loc.gov/standards/alto/ns-v2# http://www.loc.gov/standards/alto/alto-v2.0.xsd"><Description><MeasurementUnit>pixel</MeasurementUnit></Description><Layout><Page ID="Page1" PHYSICAL_IMG_NR="1" HEIGHT="3913" WIDTH="2993"><TopMargin HEIGHT="0" WIDTH="2993" VPOS="0" HPOS="0"/><LeftMargin HEIGHT="3913" WIDTH="0" VPOS="0" HPOS="0"/><RightMargin HEIGHT="3913" WIDTH="0" VPOS="0" HPOS="2993"/><BottomMargin HEIGHT="0" WIDTH="2993" VPOS="3913" HPOS="0"/><PrintSpace HEIGHT="3913" WIDTH="2993" VPOS="0" HPOS="0"><TextBlock ID="region_1522077838224_527" HEIGHT="88" WIDTH="462" VPOS="188" HPOS="1210"><Shape><Polygon POINTS="1210,276 1672,276 1672,188 1210,188"/></Shape><TextLine ID="line_1522079074160_568" BASELINE="259" HEIGHT="50" WIDTH="353" VPOS="209" HPOS="1259"><String HEIGHT="50" WIDTH="294" VPOS="209" HPOS="1200" CONTENT="—"/><String HEIGHT="50" WIDTH="353" VPOS="209" HPOS="1318" CONTENT="12"/><String HEIGHT="50" WIDTH="177" VPOS="209" HPOS="1436" CONTENT="—"/></TextLine></TextBlock><TextBlock ID="region_1522077847996_528" HEIGHT="2101" WIDTH="1300" VPOS="296" HPOS="1427"><Shape><Polygon POINTS="1427,296 2727,304 2727,2397 1427,2389"/></Shape><TextLine ID="region_1522077847996_528l1" BASELINE="340" HEIGHT="67" WIDTH="384" VPOS="273" HPOS="2457"><String HEIGHT="67" WIDTH="288" VPOS="273" HPOS="2425" CONTENT="איככה"/><String HEIGHT="67" WIDTH="256" VPOS="273" HPOS="2617" CONTENT="נוכל"/><String HEIGHT="67" WIDTH="96" VPOS="273" HPOS="2745" CONTENT="ל"/></TextLine><TextLine ID="region_1522077847996_528l2" BASELINE="400" HEIGHT="102" WIDTH="1389" VPOS="298" HPOS="1446"><String HEIGHT="102" WIDTH="185" VPOS="298" HPOS="1415" CONTENT="עה"/><String HEIGHT="102" WIDTH="216" VPOS="298" HPOS="1508" CONTENT="אחת"/><String HEIGHT="102" WIDTH="185" VPOS="298" HPOS="1631" CONTENT="עם"/><String HEIGHT="102" WIDTH="309" VPOS="298" HPOS="1724" CONTENT="החברה;"/><String HEIGHT="102" WIDTH="216" VPOS="298" HPOS="1940" CONTENT="אכל"/><String HEIGHT="102" WIDTH="247" VPOS="298" HPOS="2063" CONTENT="כאשר"/><String HEIGHT="102" WIDTH="247" VPOS="298" HPOS="2218" CONTENT="פתרה"/><String HEIGHT="102" WIDTH="278" VPOS="298" HPOS="2372" CONTENT="החברה"/><String HEIGHT="102" WIDTH="185" VPOS="298" HPOS="2557" CONTENT="כן"/><String HEIGHT="102" WIDTH="216" VPOS="298" HPOS="2619" CONTENT="היתה:"/></TextLine><TextLine ID="region_1522077847996_528l3" BASELINE="439" HEIGHT="80" WIDTH="1257" VPOS="359" HPOS="1443"><String HEIGHT="80" WIDTH="205" VPOS="359" HPOS="1417" CONTENT="פרוד"/><String HEIGHT="80" WIDTH="231" VPOS="359" HPOS="1546" CONTENT="הדעות"/><String HEIGHT="80" WIDTH="180" VPOS="359" HPOS="1700" CONTENT="עצר"/><String HEIGHT="80" WIDTH="180" VPOS="359" HPOS="1802" CONTENT="בעד"/><String HEIGHT="80" WIDTH="257" VPOS="359" HPOS="1905" CONTENT="הרבנים"/><String HEIGHT="80" WIDTH="180" VPOS="359" HPOS="2084" CONTENT="לבא"/><String HEIGHT="80" WIDTH="154" VPOS="359" HPOS="2187" CONTENT="עד"/><String HEIGHT="80" WIDTH="231" VPOS="359" HPOS="2264" CONTENT="תכלית"/><String HEIGHT="80" WIDTH="282" VPOS="359" HPOS="2418" CONTENT="נסיעתם;"/><String HEIGHT="80" WIDTH="103" VPOS="359" HPOS="2597" CONTENT="אך"/></TextLine><TextLine ID="region_1522077847996_528l4" BASELINE="501" HEIGHT="87" WIDTH="1245" VPOS="414" HPOS="1446"><String HEIGHT="87" WIDTH="181" VPOS="414" HPOS="1423" CONTENT="שנים"/><String HEIGHT="87" WIDTH="158" VPOS="414" HPOS="1537" CONTENT="מהם"/><String HEIGHT="87" WIDTH="158" VPOS="414" HPOS="1627" CONTENT="באו"/><String HEIGHT="87" WIDTH="181" VPOS="414" HPOS="1718" CONTENT="בסוד"/><String HEIGHT="87" WIDTH="204" VPOS="414" HPOS="1831" CONTENT="החברה"/><String HEIGHT="87" WIDTH="249" VPOS="414" HPOS="1967" CONTENT="להתחקות"/><String HEIGHT="87" WIDTH="136" VPOS="414" HPOS="2148" CONTENT="על"/><String HEIGHT="87" WIDTH="204" VPOS="414" HPOS="2216" CONTENT="צפונת"/><String HEIGHT="87" WIDTH="158" VPOS="414" HPOS="2351" CONTENT="העם"/><String HEIGHT="87" WIDTH="272" VPOS="414" HPOS="2419" CONTENT="ועתידותיו,"/></TextLine><TextLine ID="region_1522077847996_528l5" BASELINE="565" HEIGHT="79" WIDTH="1128" VPOS="486" HPOS="1574"><String HEIGHT="79" WIDTH="276" VPOS="486" HPOS="1551" CONTENT="והנשארים"/><String HEIGHT="79" WIDTH="184" VPOS="486" HPOS="1758" CONTENT="עמדו"/><String HEIGHT="79" WIDTH="230" VPOS="486" HPOS="1873" CONTENT="מרחוק,"/><String HEIGHT="79" WIDTH="207" VPOS="486" HPOS="2034" CONTENT="ואחרי"/><String HEIGHT="79" WIDTH="184" VPOS="486" HPOS="2173" CONTENT="ימים"/><String HEIGHT="79" WIDTH="207" VPOS="486" HPOS="2288" CONTENT="אחדים"/><String HEIGHT="79" WIDTH="184" VPOS="486" HPOS="2426" CONTENT="נסעו"/><String HEIGHT="79" WIDTH="184" VPOS="486" HPOS="2518" CONTENT="לדרכם."/></TextLine><TextLine ID="region_1522077847996_528l6" BASELINE="627" HEIGHT="78" WIDTH="1147" VPOS="549" HPOS="1435"><String HEIGHT="78" WIDTH="171" VPOS="549" HPOS="1411" CONTENT="ולא"/><String HEIGHT="78" WIDTH="244" VPOS="549" HPOS="1508" CONTENT="הרבנים"/><String HEIGHT="78" WIDTH="195" VPOS="549" HPOS="1679" CONTENT="בלבד"/><String HEIGHT="78" WIDTH="195" VPOS="549" HPOS="1801" CONTENT="פקחו"/><String HEIGHT="78" WIDTH="146" VPOS="549" HPOS="1923" CONTENT="את"/><String HEIGHT="78" WIDTH="244" VPOS="549" HPOS="1996" CONTENT="עיניהם"/><String HEIGHT="78" WIDTH="244" VPOS="549" HPOS="2167" CONTENT="לראות,"/><String HEIGHT="78" WIDTH="146" VPOS="549" HPOS="2338" CONTENT="כי"/><String HEIGHT="78" WIDTH="146" VPOS="549" HPOS="2411" CONTENT="רב"/><String HEIGHT="78" WIDTH="122" VPOS="549" HPOS="2460" CONTENT="טוב"/></TextLine><TextLine ID="region_1522077847996_528l7" BASELINE="694" HEIGHT="88" WIDTH="1241" VPOS="606" HPOS="1452"><String HEIGHT="88" WIDTH="191" VPOS="606" HPOS="1428" CONTENT="צפון"/><String HEIGHT="88" WIDTH="263" VPOS="606" HPOS="1547" CONTENT="בתעודות"/><String HEIGHT="88" WIDTH="215" VPOS="606" HPOS="1738" CONTENT="החברה"/><String HEIGHT="88" WIDTH="334" VPOS="606" HPOS="1882" CONTENT="ועלילותיה,"/><String HEIGHT="88" WIDTH="143" VPOS="606" HPOS="2144" CONTENT="אך"/><String HEIGHT="88" WIDTH="143" VPOS="606" HPOS="2216" CONTENT="גם"/><String HEIGHT="88" WIDTH="191" VPOS="606" HPOS="2287" CONTENT="ראשי"/><String HEIGHT="88" WIDTH="215" VPOS="606" HPOS="2407" CONTENT="הקהל,"/><String HEIGHT="88" WIDTH="167" VPOS="606" HPOS="2526" CONTENT="נדיבי"/></TextLine><TextLine ID="region_1522077847996_528l8" BASELINE="756" HEIGHT="77" WIDTH="1243" VPOS="679" HPOS="1451"><String HEIGHT="77" WIDTH="161" VPOS="679" HPOS="1428" CONTENT="העם"/><String HEIGHT="77" WIDTH="184" VPOS="679" HPOS="1520" CONTENT="ובני"/><String HEIGHT="77" WIDTH="276" VPOS="679" HPOS="1635" CONTENT="הנעורים."/><String HEIGHT="77" WIDTH="138" VPOS="679" HPOS="1842" CONTENT="כן"/><String HEIGHT="77" WIDTH="230" VPOS="679" HPOS="1911" CONTENT="מוצאים"/><String HEIGHT="77" WIDTH="207" VPOS="679" HPOS="2073" CONTENT="אנחנו"/><String HEIGHT="77" WIDTH="230" VPOS="679" HPOS="2211" CONTENT="בחשבון"/><String HEIGHT="77" WIDTH="207" VPOS="679" HPOS="2372" CONTENT="המונח"/><String HEIGHT="77" WIDTH="207" VPOS="679" HPOS="2487" CONTENT="לפנינו,"/></TextLine><TextLine ID="region_1522077847996_528l9" BASELINE="818" HEIGHT="80" WIDTH="1255" VPOS="738" HPOS="1447"><String HEIGHT="80" WIDTH="145" VPOS="738" HPOS="1423" CONTENT="כי"/><String HEIGHT="80" WIDTH="193" VPOS="738" HPOS="1495" CONTENT="קהלה"/><String HEIGHT="80" WIDTH="169" VPOS="738" HPOS="1616" CONTENT="אחת"/><String HEIGHT="80" WIDTH="241" VPOS="738" HPOS="1712" CONTENT="התנדבה"/><String HEIGHT="80" WIDTH="169" VPOS="738" HPOS="1881" CONTENT="לתת"/><String HEIGHT="80" WIDTH="145" VPOS="738" HPOS="1978" CONTENT="סך"/><String HEIGHT="80" WIDTH="241" VPOS="738" HPOS="2050" CONTENT="מסויים"/><String HEIGHT="80" WIDTH="169" VPOS="738" HPOS="2219" CONTENT="מדי"/><String HEIGHT="80" WIDTH="169" VPOS="738" HPOS="2316" CONTENT="שנה"/><String HEIGHT="80" WIDTH="193" VPOS="738" HPOS="2412" CONTENT="בשנה"/><String HEIGHT="80" WIDTH="193" VPOS="738" HPOS="2509" CONTENT="לתועלת"/></TextLine><TextLine ID="region_1522077847996_528l10" BASELINE="882" HEIGHT="78" WIDTH="1259" VPOS="804" HPOS="1435"><String HEIGHT="78" WIDTH="262" VPOS="804" HPOS="1409" CONTENT="החברה;"/><String HEIGHT="78" WIDTH="184" VPOS="804" HPOS="1592" CONTENT="איש"/><String HEIGHT="78" WIDTH="236" VPOS="804" HPOS="1697" CONTENT="עברי'"/><String HEIGHT="78" WIDTH="184" VPOS="804" HPOS="1855" CONTENT="אשר"/><String HEIGHT="78" WIDTH="184" VPOS="804" HPOS="1960" CONTENT="בלי"/><String HEIGHT="78" WIDTH="236" VPOS="804" HPOS="2065" CONTENT="תפונה"/><String HEIGHT="78" WIDTH="157" VPOS="804" HPOS="2222" CONTENT="אך"/><String HEIGHT="78" WIDTH="157" VPOS="804" HPOS="2301" CONTENT="מן"/><String HEIGHT="78" WIDTH="210" VPOS="804" HPOS="2379" CONTENT="מכ״ה"/><String HEIGHT="78" WIDTH="210" VPOS="804" HPOS="2484" CONTENT="העברים"/></TextLine><TextLine ID="region_1522077847996_528l11" BASELINE="946" HEIGHT="81" WIDTH="1257" VPOS="865" HPOS="1439"><String HEIGHT="81" WIDTH="193" VPOS="865" HPOS="1415" CONTENT="נודע"/><String HEIGHT="81" WIDTH="145" VPOS="865" HPOS="1536" CONTENT="לו"/><String HEIGHT="81" WIDTH="145" VPOS="865" HPOS="1608" CONTENT="שם"/><String HEIGHT="81" WIDTH="193" VPOS="865" HPOS="1681" CONTENT="חברת"/><String HEIGHT="81" WIDTH="218" VPOS="865" HPOS="1802" CONTENT="מפיצי"/><String HEIGHT="81" WIDTH="242" VPOS="865" HPOS="1947" CONTENT="ההשכלה"/><String HEIGHT="81" WIDTH="266" VPOS="865" HPOS="2116" CONTENT="ומגמתה,"/><String HEIGHT="81" WIDTH="193" VPOS="865" HPOS="2309" CONTENT="נותן"/><String HEIGHT="81" WIDTH="193" VPOS="865" HPOS="2430" CONTENT="נדבה"/><String HEIGHT="81" WIDTH="169" VPOS="865" HPOS="2527" CONTENT="הגונה"/></TextLine><TextLine ID="region_1522077847996_528l12" BASELINE="1016" HEIGHT="88" WIDTH="1267" VPOS="928" HPOS="1443"><String HEIGHT="88" WIDTH="219" VPOS="928" HPOS="1419" CONTENT="מכיסו"/><String HEIGHT="88" WIDTH="219" VPOS="928" HPOS="1565" CONTENT="לאוצר"/><String HEIGHT="88" WIDTH="244" VPOS="928" HPOS="1711" CONTENT="החברה."/><String HEIGHT="88" WIDTH="171" VPOS="928" HPOS="1882" CONTENT="בני"/><String HEIGHT="88" WIDTH="268" VPOS="928" HPOS="1979" CONTENT="הנעורים"/><String HEIGHT="88" WIDTH="219" VPOS="928" HPOS="2174" CONTENT="בערים"/><String HEIGHT="88" WIDTH="268" VPOS="928" HPOS="2320" CONTENT="הקטנות,"/><String HEIGHT="88" WIDTH="171" VPOS="928" HPOS="2515" CONTENT="אשר"/><String HEIGHT="88" WIDTH="122" VPOS="928" HPOS="2588" CONTENT="נתן"/></TextLine><TextLine ID="region_1522077847996_528l13" BASELINE="1074" HEIGHT="82" WIDTH="1253" VPOS="992" HPOS="1452"><String HEIGHT="82" WIDTH="165" VPOS="992" HPOS="1428" CONTENT="להם"/><String HEIGHT="82" WIDTH="189" VPOS="992" HPOS="1523" CONTENT="הזמן"/><String HEIGHT="82" WIDTH="213" VPOS="992" HPOS="1641" CONTENT="עינים"/><String HEIGHT="82" WIDTH="213" VPOS="992" HPOS="1783" CONTENT="לראות"/><String HEIGHT="82" WIDTH="142" VPOS="992" HPOS="1925" CONTENT="את"/><String HEIGHT="82" WIDTH="213" VPOS="992" HPOS="1996" CONTENT="הנחוץ"/><String HEIGHT="82" WIDTH="189" VPOS="992" HPOS="2138" CONTENT="להם,"/><String HEIGHT="82" WIDTH="213" VPOS="992" HPOS="2256" CONTENT="פונים"/><String HEIGHT="82" WIDTH="307" VPOS="992" HPOS="2398" CONTENT="בבקשותיהם"/><String HEIGHT="82" WIDTH="95" VPOS="992" HPOS="2610" CONTENT="אל"/></TextLine><TextLine ID="region_1522077847996_528l14" BASELINE="1132" HEIGHT="75" WIDTH="1253" VPOS="1057" HPOS="1452"><String HEIGHT="75" WIDTH="175" VPOS="1057" HPOS="1427" CONTENT="ועד"/><String HEIGHT="75" WIDTH="226" VPOS="1057" HPOS="1527" CONTENT="החברה"/><String HEIGHT="75" WIDTH="226" VPOS="1057" HPOS="1678" CONTENT="לתמוך"/><String HEIGHT="75" WIDTH="150" VPOS="1057" HPOS="1828" CONTENT="על"/><String HEIGHT="75" WIDTH="175" VPOS="1057" HPOS="1903" CONTENT="ידם"/><String HEIGHT="75" WIDTH="251" VPOS="1057" HPOS="2003" CONTENT="בספרים"/><String HEIGHT="75" WIDTH="226" VPOS="1057" HPOS="2179" CONTENT="שונים"/><String HEIGHT="75" WIDTH="276" VPOS="1057" HPOS="2329" CONTENT="ולהורות"/><String HEIGHT="75" WIDTH="175" VPOS="1057" HPOS="2530" CONTENT="להם"/><String HEIGHT="75" WIDTH="100" VPOS="1057" HPOS="2605" CONTENT="את"/></TextLine><TextLine ID="region_1522077847996_528l15" BASELINE="1198" HEIGHT="78" WIDTH="1266" VPOS="1120" HPOS="1452"><String HEIGHT="78" WIDTH="203" VPOS="1120" HPOS="1427" CONTENT="הדרך"/><String HEIGHT="78" WIDTH="203" VPOS="1120" HPOS="1553" CONTENT="ילכו"/><String HEIGHT="78" WIDTH="152" VPOS="1120" HPOS="1680" CONTENT="בה"/><String HEIGHT="78" WIDTH="177" VPOS="1120" HPOS="1756" CONTENT="ואת"/><String HEIGHT="78" WIDTH="228" VPOS="1120" HPOS="1857" CONTENT="המעשה"/><String HEIGHT="78" WIDTH="177" VPOS="1120" HPOS="2009" CONTENT="אשר"/><String HEIGHT="78" WIDTH="228" VPOS="1120" HPOS="2110" CONTENT="יעשון"/><String HEIGHT="78" WIDTH="228" VPOS="1120" HPOS="2262" CONTENT="להגיע"/><String HEIGHT="78" WIDTH="228" VPOS="1120" HPOS="2414" CONTENT="למחוז"/><String HEIGHT="78" WIDTH="177" VPOS="1120" HPOS="2541" CONTENT="הפצם."/></TextLine><TextLine ID="region_1522077847996_528l16" BASELINE="1261" HEIGHT="79" WIDTH="1269" VPOS="1182" HPOS="1440"><String HEIGHT="79" WIDTH="144" VPOS="1182" HPOS="1416" CONTENT="כל"/><String HEIGHT="79" WIDTH="239" VPOS="1182" HPOS="1488" CONTENT="הדברים"/><String HEIGHT="79" WIDTH="192" VPOS="1182" HPOS="1655" CONTENT="האלה"/><String HEIGHT="79" WIDTH="215" VPOS="1182" HPOS="1775" CONTENT="מראים"/><String HEIGHT="79" WIDTH="239" VPOS="1182" HPOS="1919" CONTENT="באצבע,"/><String HEIGHT="79" WIDTH="144" VPOS="1182" HPOS="2086" CONTENT="כי"/><String HEIGHT="79" WIDTH="168" VPOS="1182" HPOS="2158" CONTENT="כבר"/><String HEIGHT="79" WIDTH="215" VPOS="1182" HPOS="2254" CONTENT="הקיצו"/><String HEIGHT="79" WIDTH="215" VPOS="1182" HPOS="2398" CONTENT="אחינו"/><String HEIGHT="79" WIDTH="192" VPOS="1182" HPOS="2517" CONTENT="ברוסיה"/></TextLine><TextLine ID="region_1522077847996_528l17" BASELINE="1312" HEIGHT="57" WIDTH="1176" VPOS="1255" HPOS="1535"><String HEIGHT="57" WIDTH="216" VPOS="1255" HPOS="1511" CONTENT="משנתם"/><String HEIGHT="57" WIDTH="264" VPOS="1255" HPOS="1655" CONTENT="ויודעים"/><String HEIGHT="57" WIDTH="168" VPOS="1255" HPOS="1847" CONTENT="המה"/><String HEIGHT="57" WIDTH="144" VPOS="1255" HPOS="1943" CONTENT="מה"/><String HEIGHT="57" WIDTH="192" VPOS="1255" HPOS="2015" CONTENT="משפט"/><String HEIGHT="57" WIDTH="216" VPOS="1255" HPOS="2135" CONTENT="החברה"/><String HEIGHT="57" WIDTH="192" VPOS="1255" HPOS="2279" CONTENT="ואנה"/><String HEIGHT="57" WIDTH="192" VPOS="1255" HPOS="2399" CONTENT="פניה"/><String HEIGHT="57" WIDTH="216" VPOS="1255" HPOS="2495" CONTENT="מועדות."/></TextLine><TextLine ID="region_1522077847996_528l18" BASELINE="1392" HEIGHT="83" WIDTH="1139" VPOS="1309" HPOS="1452"><String HEIGHT="83" WIDTH="190" VPOS="1309" HPOS="1428" CONTENT="והנה"/><String HEIGHT="83" WIDTH="214" VPOS="1309" HPOS="1547" CONTENT="לרגלי"/><String HEIGHT="83" WIDTH="237" VPOS="1309" HPOS="1689" CONTENT="הזכיות"/><String HEIGHT="83" WIDTH="237" VPOS="1309" HPOS="1855" CONTENT="הרבות,"/><String HEIGHT="83" WIDTH="166" VPOS="1309" HPOS="2021" CONTENT="אשר"/><String HEIGHT="83" WIDTH="214" VPOS="1309" HPOS="2116" CONTENT="ינחיל"/><String HEIGHT="83" WIDTH="166" VPOS="1309" HPOS="2259" CONTENT="חוק"/><String HEIGHT="83" WIDTH="190" VPOS="1309" HPOS="2354" CONTENT="הצבא"/><String HEIGHT="83" WIDTH="142" VPOS="1309" HPOS="2449" CONTENT="החדש"/></TextLine><TextLine ID="region_1522077847996_528l19" BASELINE="1451" HEIGHT="79" WIDTH="1257" VPOS="1372" HPOS="1440"><String HEIGHT="79" WIDTH="229" VPOS="1372" HPOS="1417" CONTENT="ברוסיה"/><String HEIGHT="79" WIDTH="251" VPOS="1372" HPOS="1577" CONTENT="לתלמידי"/><String HEIGHT="79" WIDTH="137" VPOS="1372" HPOS="1760" CONTENT="בת"/><String HEIGHT="79" WIDTH="183" VPOS="1372" HPOS="1829" CONTENT="הספר"/><String HEIGHT="79" WIDTH="297" VPOS="1372" HPOS="1943" CONTENT="והמשכילים"/><String HEIGHT="79" WIDTH="183" VPOS="1372" HPOS="2171" CONTENT="בעם,"/><String HEIGHT="79" WIDTH="160" VPOS="1372" HPOS="2286" CONTENT="נקל"/><String HEIGHT="79" WIDTH="206" VPOS="1372" HPOS="2377" CONTENT="להבין"/><String HEIGHT="79" WIDTH="137" VPOS="1372" HPOS="2514" CONTENT="כי"/><String HEIGHT="79" WIDTH="137" VPOS="1372" HPOS="2560" CONTENT="ירבה"/></TextLine><TextLine ID="region_1522077847996_528l20" BASELINE="1514" HEIGHT="80" WIDTH="1271" VPOS="1434" HPOS="1440"><String HEIGHT="80" WIDTH="196" VPOS="1434" HPOS="1416" CONTENT="מספר"/><String HEIGHT="80" WIDTH="293" VPOS="1434" HPOS="1538" CONTENT="התלמידים"/><String HEIGHT="80" WIDTH="196" VPOS="1434" HPOS="1758" CONTENT="מבני"/><String HEIGHT="80" WIDTH="220" VPOS="1434" HPOS="1880" CONTENT="ישראל"/><String HEIGHT="80" WIDTH="147" VPOS="1434" HPOS="2027" CONTENT="עד"/><String HEIGHT="80" WIDTH="244" VPOS="1434" HPOS="2100" CONTENT="למעלה,"/><String HEIGHT="80" WIDTH="220" VPOS="1434" HPOS="2271" CONTENT="ולמען"/><String HEIGHT="80" WIDTH="147" VPOS="1434" HPOS="2418" CONTENT="לא"/><String HEIGHT="80" WIDTH="196" VPOS="1434" HPOS="2491" CONTENT="יבצר"/><String HEIGHT="80" WIDTH="122" VPOS="1434" HPOS="2589" CONTENT="מהם"/></TextLine><TextLine ID="region_1522077847996_528l21" BASELINE="1578" HEIGHT="79" WIDTH="1262" VPOS="1499" HPOS="1440"><String HEIGHT="79" WIDTH="232" VPOS="1499" HPOS="1414" CONTENT="להפיק"/><String HEIGHT="79" WIDTH="206" VPOS="1499" HPOS="1569" CONTENT="זממם"/><String HEIGHT="79" WIDTH="206" VPOS="1499" HPOS="1698" CONTENT="מאפם"/><String HEIGHT="79" WIDTH="206" VPOS="1499" HPOS="1826" CONTENT="מקום"/><String HEIGHT="79" WIDTH="206" VPOS="1499" HPOS="1955" CONTENT="בבתי"/><String HEIGHT="79" WIDTH="180" VPOS="1499" HPOS="2084" CONTENT="ספר"/><String HEIGHT="79" WIDTH="283" VPOS="1499" HPOS="2187" CONTENT="הכללים,"/><String HEIGHT="79" WIDTH="232" VPOS="1499" HPOS="2393" CONTENT="אומרת"/><String HEIGHT="79" WIDTH="180" VPOS="1499" HPOS="2522" CONTENT="החברה"/></TextLine><TextLine ID="region_1522077847996_528l22" BASELINE="1637" HEIGHT="76" WIDTH="1271" VPOS="1561" HPOS="1441"><String HEIGHT="76" WIDTH="94" VPOS="1561" HPOS="1417" CONTENT=""/><String HEIGHT="76" WIDTH="188" VPOS="1561" HPOS="1441" CONTENT="ליסד"/><String HEIGHT="76" WIDTH="165" VPOS="1561" HPOS="1559" CONTENT="בית"/><String HEIGHT="76" WIDTH="165" VPOS="1561" HPOS="1653" CONTENT="ספר"/><String HEIGHT="76" WIDTH="259" VPOS="1561" HPOS="1747" CONTENT="מיוחדים"/><String HEIGHT="76" WIDTH="259" VPOS="1561" HPOS="1935" CONTENT="ממדרגות"/><String HEIGHT="76" WIDTH="212" VPOS="1561" HPOS="2124" CONTENT="שנות;"/><String HEIGHT="76" WIDTH="165" VPOS="1561" HPOS="2265" CONTENT="ורב"/><String HEIGHT="76" WIDTH="188" VPOS="1561" HPOS="2359" CONTENT="עמלה"/><String HEIGHT="76" WIDTH="188" VPOS="1561" HPOS="2477" CONTENT="בשנה"/><String HEIGHT="76" WIDTH="141" VPOS="1561" HPOS="2571" CONTENT="ההיא"/></TextLine><TextLine ID="region_1522077847996_528l23" BASELINE="1704" HEIGHT="79" WIDTH="1252" VPOS="1625" HPOS="1451"><String HEIGHT="79" WIDTH="175" VPOS="1625" HPOS="1426" CONTENT="היה"/><String HEIGHT="79" WIDTH="225" VPOS="1625" HPOS="1526" CONTENT="בענין"/><String HEIGHT="79" WIDTH="200" VPOS="1625" HPOS="1676" CONTENT="הזה;"/><String HEIGHT="79" WIDTH="175" VPOS="1625" HPOS="1802" CONTENT="אבל"/><String HEIGHT="79" WIDTH="150" VPOS="1625" HPOS="1902" CONTENT="עד"/><String HEIGHT="79" WIDTH="150" VPOS="1625" HPOS="1977" CONTENT="לא"/><String HEIGHT="79" WIDTH="200" VPOS="1625" HPOS="2052" CONTENT="נודע"/><String HEIGHT="79" WIDTH="175" VPOS="1625" HPOS="2177" CONTENT="איך"/><String HEIGHT="79" WIDTH="200" VPOS="1625" HPOS="2277" CONTENT="יפול"/><String HEIGHT="79" WIDTH="175" VPOS="1625" HPOS="2403" CONTENT="דבר"/><String HEIGHT="79" WIDTH="175" VPOS="1625" HPOS="2503" CONTENT="ומה"/><String HEIGHT="79" WIDTH="125" VPOS="1625" HPOS="2578" CONTENT="תהי"/></TextLine><TextLine ID="region_1522077847996_528l24" BASELINE="1770" HEIGHT="80" WIDTH="1250" VPOS="1690" HPOS="1455"><String HEIGHT="80" WIDTH="225" VPOS="1690" HPOS="1430" CONTENT="אחרית"/><String HEIGHT="80" WIDTH="200" VPOS="1690" HPOS="1580" CONTENT="עמלה"/><String HEIGHT="80" WIDTH="175" VPOS="1690" HPOS="1705" CONTENT="זה;"/><String HEIGHT="80" WIDTH="150" VPOS="1690" HPOS="1805" CONTENT="על"/><String HEIGHT="80" WIDTH="150" VPOS="1690" HPOS="1880" CONTENT="כן"/><String HEIGHT="80" WIDTH="175" VPOS="1690" HPOS="1955" CONTENT="אין"/><String HEIGHT="80" WIDTH="200" VPOS="1690" HPOS="2055" CONTENT="הדבר"/><String HEIGHT="80" WIDTH="200" VPOS="1690" HPOS="2180" CONTENT="נכנס"/><String HEIGHT="80" WIDTH="225" VPOS="1690" HPOS="2305" CONTENT="בגבול"/><String HEIGHT="80" WIDTH="250" VPOS="1690" HPOS="2455" CONTENT="החשבון"/><String HEIGHT="80" WIDTH="100" VPOS="1690" HPOS="2605" CONTENT="של"/></TextLine><TextLine ID="region_1522077847996_528l25" BASELINE="1821" HEIGHT="60" WIDTH="269" VPOS="1761" HPOS="2436"><String HEIGHT="60" WIDTH="209" VPOS="1761" HPOS="2406" CONTENT="שנת"/><String HEIGHT="60" WIDTH="209" VPOS="1761" HPOS="2496" CONTENT="1873."/></TextLine><TextLine ID="region_1522077847996_528l26" BASELINE="1899" HEIGHT="83" WIDTH="1144" VPOS="1816" HPOS="1445"><String HEIGHT="83" WIDTH="143" VPOS="1816" HPOS="1421" CONTENT="כל"/><String HEIGHT="83" WIDTH="238" VPOS="1816" HPOS="1493" CONTENT="הוצאות"/><String HEIGHT="83" WIDTH="215" VPOS="1816" HPOS="1660" CONTENT="החברה"/><String HEIGHT="83" WIDTH="191" VPOS="1816" HPOS="1802" CONTENT="בשנה"/><String HEIGHT="83" WIDTH="191" VPOS="1816" HPOS="1922" CONTENT="ההיא"/><String HEIGHT="83" WIDTH="167" VPOS="1816" HPOS="2041" CONTENT="עלו"/><String HEIGHT="83" WIDTH="143" VPOS="1816" HPOS="2136" CONTENT="עד"/><String HEIGHT="83" WIDTH="215" VPOS="1816" HPOS="2208" CONTENT="6,085"/><String HEIGHT="83" WIDTH="215" VPOS="1816" HPOS="2351" CONTENT="רו״כ,"/><String HEIGHT="83" WIDTH="119" VPOS="1816" HPOS="2470" CONTENT="מזה"/></TextLine><TextLine ID="region_1522077847996_528l27" BASELINE="1957" HEIGHT="79" WIDTH="1267" VPOS="1878" HPOS="1451"><String HEIGHT="79" WIDTH="203" VPOS="1878" HPOS="1426" CONTENT="נחלק"/><String HEIGHT="79" WIDTH="279" VPOS="1878" HPOS="1552" CONTENT="לתלמידי"/><String HEIGHT="79" WIDTH="177" VPOS="1878" HPOS="1755" CONTENT="בתי"/><String HEIGHT="79" WIDTH="203" VPOS="1878" HPOS="1856" CONTENT="מדרש"/><String HEIGHT="79" WIDTH="228" VPOS="1878" HPOS="1983" CONTENT="החכמה"/><String HEIGHT="79" WIDTH="304" VPOS="1878" HPOS="2135" CONTENT="התיכונים"/><String HEIGHT="79" WIDTH="304" VPOS="1878" HPOS="2363" CONTENT="והגבוהים"/><String HEIGHT="79" WIDTH="152" VPOS="1878" HPOS="2566" CONTENT="בתור"/></TextLine><TextLine ID="region_1522077847996_528l28" BASELINE="2022" HEIGHT="78" WIDTH="1260" VPOS="1944" HPOS="1458"><String HEIGHT="78" WIDTH="309" VPOS="1944" HPOS="1434" CONTENT="סטיפענדיא"/><String HEIGHT="78" WIDTH="214" VPOS="1944" HPOS="1672" CONTENT="ובתור"/><String HEIGHT="78" WIDTH="214" VPOS="1944" HPOS="1815" CONTENT="הלואה"/><String HEIGHT="78" WIDTH="190" VPOS="1944" HPOS="1957" CONTENT="בפעם"/><String HEIGHT="78" WIDTH="166" VPOS="1944" HPOS="2076" CONTENT="אחת"/><String HEIGHT="78" WIDTH="95" VPOS="1944" HPOS="2171" CONTENT=""/><String HEIGHT="78" WIDTH="262" VPOS="1944" HPOS="2195" CONTENT="3,73939"/><String HEIGHT="78" WIDTH="214" VPOS="1944" HPOS="2385" CONTENT="רו&#34;כ;"/><String HEIGHT="78" WIDTH="143" VPOS="1944" HPOS="2528" CONTENT="על"/><String HEIGHT="78" WIDTH="143" VPOS="1944" HPOS="2575" CONTENT="משען"/></TextLine><TextLine ID="region_1522077847996_528l29" BASELINE="2086" HEIGHT="78" WIDTH="1248" VPOS="2008" HPOS="1458"><String HEIGHT="78" WIDTH="227" VPOS="2008" HPOS="1435" CONTENT="סופרים"/><String HEIGHT="78" WIDTH="250" VPOS="2008" HPOS="1594" CONTENT="ומחברים"/><String HEIGHT="78" WIDTH="159" VPOS="2008" HPOS="1776" CONTENT="651"/><String HEIGHT="78" WIDTH="204" VPOS="2008" HPOS="1866" CONTENT="רו&#34;כ;"/><String HEIGHT="78" WIDTH="136" VPOS="2008" HPOS="2003" CONTENT="על"/><String HEIGHT="78" WIDTH="227" VPOS="2008" HPOS="2071" CONTENT="הוצאות"/><String HEIGHT="78" WIDTH="159" VPOS="2008" HPOS="2229" CONTENT="ספר"/><String HEIGHT="78" WIDTH="204" VPOS="2008" HPOS="2320" CONTENT="„פרקי"/><String HEIGHT="78" WIDTH="182" VPOS="2008" HPOS="2456" CONTENT="מוסר"/><String HEIGHT="78" WIDTH="159" VPOS="2008" HPOS="2547" CONTENT="ודברי"/></TextLine><TextLine ID="region_1522077847996_528l30" BASELINE="2151" HEIGHT="79" WIDTH="1239" VPOS="2072" HPOS="1460"><String HEIGHT="79" WIDTH="238" VPOS="2072" HPOS="1436" CONTENT="אמונה&#34;"/><String HEIGHT="79" WIDTH="95" VPOS="2072" HPOS="1603" CONTENT=""/><String HEIGHT="79" WIDTH="143" VPOS="2072" HPOS="1627" CONTENT="*)"/><String HEIGHT="79" WIDTH="191" VPOS="2072" HPOS="1698" CONTENT="בשפת"/><String HEIGHT="79" WIDTH="214" VPOS="2072" HPOS="1817" CONTENT="רוסיה"/><String HEIGHT="79" WIDTH="119" VPOS="2072" HPOS="1960" CONTENT="—"/><String HEIGHT="79" WIDTH="167" VPOS="2072" HPOS="2008" CONTENT="627"/><String HEIGHT="79" WIDTH="95" VPOS="2072" HPOS="2103" CONTENT=""/><String HEIGHT="79" WIDTH="214" VPOS="2072" HPOS="2127" CONTENT="רו&#34;כ;"/><String HEIGHT="79" WIDTH="143" VPOS="2072" HPOS="2270" CONTENT="על"/><String HEIGHT="79" WIDTH="191" VPOS="2072" HPOS="2342" CONTENT="קנית"/><String HEIGHT="79" WIDTH="214" VPOS="2072" HPOS="2461" CONTENT="ספרים"/><String HEIGHT="79" WIDTH="119" VPOS="2072" HPOS="2580" CONTENT="בעד"/></TextLine><TextLine ID="region_1522077847996_528l32" BASELINE="2213" HEIGHT="81" WIDTH="1257" VPOS="2132" HPOS="1450"><String HEIGHT="81" WIDTH="101" VPOS="2132" HPOS="1425" CONTENT=""/><String HEIGHT="81" WIDTH="176" VPOS="2132" HPOS="1450" CONTENT="בתי"/><String HEIGHT="81" WIDTH="201" VPOS="2132" HPOS="1551" CONTENT="הספר"/><String HEIGHT="81" WIDTH="251" VPOS="2132" HPOS="1676" CONTENT="לעברים"/><String HEIGHT="81" WIDTH="251" VPOS="2132" HPOS="1852" CONTENT="ושלוחם"/><String HEIGHT="81" WIDTH="226" VPOS="2132" HPOS="2028" CONTENT="ממקום"/><String HEIGHT="81" WIDTH="226" VPOS="2132" HPOS="2179" CONTENT="למקום"/><String HEIGHT="81" WIDTH="201" VPOS="2132" HPOS="2330" CONTENT="305,"/><String HEIGHT="81" WIDTH="151" VPOS="2132" HPOS="2456" CONTENT="על"/><String HEIGHT="81" WIDTH="201" VPOS="2132" HPOS="2506" CONTENT="הוצאות"/></TextLine><TextLine ID="region_1522077847996_528l33" BASELINE="2275" HEIGHT="80" WIDTH="1253" VPOS="2195" HPOS="1455"><String HEIGHT="80" WIDTH="307" VPOS="2195" HPOS="1429" CONTENT="הקאמיטעט"/><String HEIGHT="80" WIDTH="205" VPOS="2195" HPOS="1660" CONTENT="762."/><String HEIGHT="80" WIDTH="153" VPOS="2195" HPOS="1787" CONTENT="כל"/><String HEIGHT="80" WIDTH="205" VPOS="2195" HPOS="1864" CONTENT="הכסף"/><String HEIGHT="80" WIDTH="230" VPOS="2195" HPOS="1992" CONTENT="הנשאר"/><String HEIGHT="80" WIDTH="230" VPOS="2195" HPOS="2145" CONTENT="באוצר"/><String HEIGHT="80" WIDTH="230" VPOS="2195" HPOS="2299" CONTENT="החברה"/><String HEIGHT="80" WIDTH="205" VPOS="2195" HPOS="2452" CONTENT="לשנת"/><String HEIGHT="80" WIDTH="153" VPOS="2195" HPOS="2555" CONTENT="1874"/></TextLine><TextLine ID="line_1522148795399_599" BASELINE="2328" HEIGHT="57" WIDTH="466" VPOS="2271" HPOS="2247"><String HEIGHT="57" WIDTH="192" VPOS="2271" HPOS="2220" CONTENT="הוא"/><String HEIGHT="57" WIDTH="137" VPOS="2271" HPOS="2329" CONTENT="—"/><String HEIGHT="57" WIDTH="247" VPOS="2271" HPOS="2384" CONTENT="19783"/><String HEIGHT="57" WIDTH="192" VPOS="2271" HPOS="2521" CONTENT="רו״כ."/></TextLine></TextBlock><TextBlock ID="TextRegion_1523283226096_2" HEIGHT="249" WIDTH="1276" VPOS="2389" HPOS="1436"><Shape><Polygon POINTS="2712,2638 1436,2638 1436,2389 2712,2404"/></Shape><TextLine ID="region_1522077851535_529l1" BASELINE="2533" HEIGHT="86" WIDTH="1259" VPOS="2447" HPOS="1449"><String HEIGHT="86" WIDTH="215" VPOS="2447" HPOS="1418" CONTENT="בית"/><String HEIGHT="86" WIDTH="246" VPOS="2447" HPOS="1541" CONTENT="למוד"/><String HEIGHT="86" WIDTH="276" VPOS="2447" HPOS="1695" CONTENT="עבודת"/><String HEIGHT="86" WIDTH="276" VPOS="2447" HPOS="1879" CONTENT="האדמה"/><String HEIGHT="86" WIDTH="276" VPOS="2447" HPOS="2063" CONTENT="ונחלת"/><String HEIGHT="86" WIDTH="246" VPOS="2447" HPOS="2247" CONTENT="חברת"/><String HEIGHT="86" WIDTH="246" VPOS="2447" HPOS="2401" CONTENT="כי״ח"/><String HEIGHT="86" WIDTH="184" VPOS="2447" HPOS="2524" CONTENT="סביב"/></TextLine><TextLine ID="region_1522077851535_529l3" BASELINE="2630" HEIGHT="85" WIDTH="628" VPOS="2545" HPOS="1765"><String HEIGHT="85" WIDTH="239" VPOS="2545" HPOS="1735" CONTENT="העיר"/><String HEIGHT="85" WIDTH="209" VPOS="2545" HPOS="1885" CONTENT="יפו"/><String HEIGHT="85" WIDTH="269" VPOS="2545" HPOS="2004" CONTENT="שבארץ"/><String HEIGHT="85" WIDTH="239" VPOS="2545" HPOS="2154" CONTENT="ישראל."/></TextLine></TextBlock><TextBlock ID="TextRegion_1523283226096_1" HEIGHT="553" WIDTH="1276" VPOS="2638" HPOS="1436"><Shape><Polygon POINTS="2712,3191 1436,3176 1436,2638 2712,2638"/></Shape><TextLine ID="region_1522077851535_529l4" BASELINE="2735" HEIGHT="83" WIDTH="1165" VPOS="2652" HPOS="1451"><String HEIGHT="83" WIDTH="97" VPOS="2652" HPOS="1427" CONTENT=""/><String HEIGHT="83" WIDTH="218" VPOS="2652" HPOS="1451" CONTENT="האדון"/><String HEIGHT="83" WIDTH="218" VPOS="2652" HPOS="1597" CONTENT="קארעל"/><String HEIGHT="83" WIDTH="267" VPOS="2652" HPOS="1742" CONTENT="נעטטער,"/><String HEIGHT="83" WIDTH="194" VPOS="2652" HPOS="1936" CONTENT="הראש"/><String HEIGHT="83" WIDTH="243" VPOS="2652" HPOS="2058" CONTENT="והמנהל"/><String HEIGHT="83" WIDTH="218" VPOS="2652" HPOS="2228" CONTENT="מנחלת"/><String HEIGHT="83" WIDTH="194" VPOS="2652" HPOS="2373" CONTENT="חברת"/><String HEIGHT="83" WIDTH="146" VPOS="2652" HPOS="2470" CONTENT="כי״ח"/></TextLine><TextLine ID="region_1522077851535_529l5" BASELINE="2798" HEIGHT="82" WIDTH="1255" VPOS="2716" HPOS="1445"><String HEIGHT="82" WIDTH="186" VPOS="2716" HPOS="1422" CONTENT="ובית"/><String HEIGHT="82" WIDTH="186" VPOS="2716" HPOS="1538" CONTENT="חנוך"/><String HEIGHT="82" WIDTH="232" VPOS="2716" HPOS="1654" CONTENT="לעבודת"/><String HEIGHT="82" WIDTH="209" VPOS="2716" HPOS="1817" CONTENT="האדמה"/><String HEIGHT="82" WIDTH="186" VPOS="2716" HPOS="1956" CONTENT="סביב"/><String HEIGHT="82" WIDTH="186" VPOS="2716" HPOS="2073" CONTENT="העיר"/><String HEIGHT="82" WIDTH="186" VPOS="2716" HPOS="2189" CONTENT="יפו,"/><String HEIGHT="82" WIDTH="163" VPOS="2716" HPOS="2305" CONTENT="עזב"/><String HEIGHT="82" WIDTH="209" VPOS="2716" HPOS="2398" CONTENT="משמרת"/><String HEIGHT="82" WIDTH="186" VPOS="2716" HPOS="2514" CONTENT="פקודתו"/></TextLine><TextLine ID="region_1522077851535_529l6" BASELINE="2868" HEIGHT="85" WIDTH="1263" VPOS="2783" HPOS="1445"><String HEIGHT="85" WIDTH="206" VPOS="2783" HPOS="1419" CONTENT="מסבת"/><String HEIGHT="85" WIDTH="232" VPOS="2783" HPOS="1548" CONTENT="חליו;"/><String HEIGHT="85" WIDTH="258" VPOS="2783" HPOS="1703" CONTENT="והאדון"/><String HEIGHT="85" WIDTH="180" VPOS="2783" HPOS="1883" CONTENT="שמש"/><String HEIGHT="85" WIDTH="232" VPOS="2783" HPOS="1986" CONTENT="התמנה"/><String HEIGHT="85" WIDTH="206" VPOS="2783" HPOS="2141" CONTENT="לראש"/><String HEIGHT="85" WIDTH="258" VPOS="2783" HPOS="2270" CONTENT="תחתיו."/><String HEIGHT="85" WIDTH="232" VPOS="2783" HPOS="2450" CONTENT="האדון"/><String HEIGHT="85" WIDTH="129" VPOS="2783" HPOS="2579" CONTENT="שמש"/></TextLine><TextLine ID="region_1522077851535_529l8" BASELINE="2928" HEIGHT="84" WIDTH="1268" VPOS="2844" HPOS="1445"><String HEIGHT="84" WIDTH="174" VPOS="2844" HPOS="1420" CONTENT="הוא"/><String HEIGHT="84" WIDTH="174" VPOS="2844" HPOS="1520" CONTENT="אחד"/><String HEIGHT="84" WIDTH="273" VPOS="2844" HPOS="1619" CONTENT="מתלמידי"/><String HEIGHT="84" WIDTH="174" VPOS="2844" HPOS="1818" CONTENT="בית"/><String HEIGHT="84" WIDTH="199" VPOS="2844" HPOS="1917" CONTENT="הספר"/><String HEIGHT="84" WIDTH="174" VPOS="2844" HPOS="2042" CONTENT="אשר"/><String HEIGHT="84" WIDTH="224" VPOS="2844" HPOS="2141" CONTENT="לחברת"/><String HEIGHT="84" WIDTH="224" VPOS="2844" HPOS="2290" CONTENT="כי&#34;ח,"/><String HEIGHT="84" WIDTH="174" VPOS="2844" HPOS="2440" CONTENT="ואם"/><String HEIGHT="84" WIDTH="149" VPOS="2844" HPOS="2539" CONTENT="כי"/><String HEIGHT="84" WIDTH="124" VPOS="2844" HPOS="2589" CONTENT="הוא"/></TextLine><TextLine ID="region_1522077851535_529l9" BASELINE="2990" HEIGHT="87" WIDTH="1260" VPOS="2903" HPOS="1461"><String HEIGHT="87" WIDTH="158" VPOS="2903" HPOS="1439" CONTENT="עוד"/><String HEIGHT="87" WIDTH="180" VPOS="2903" HPOS="1529" CONTENT="צעיר"/><String HEIGHT="87" WIDTH="225" VPOS="2903" HPOS="1641" CONTENT="לימים,"/><String HEIGHT="87" WIDTH="158" VPOS="2903" HPOS="1799" CONTENT="אכן"/><String HEIGHT="87" WIDTH="158" VPOS="2903" HPOS="1889" CONTENT="הוא"/><String HEIGHT="87" WIDTH="158" VPOS="2903" HPOS="1979" CONTENT="איש"/><String HEIGHT="87" WIDTH="180" VPOS="2903" HPOS="2069" CONTENT="חרוץ"/><String HEIGHT="87" WIDTH="225" VPOS="2903" HPOS="2181" CONTENT="ומשכיל"/><String HEIGHT="87" WIDTH="203" VPOS="2903" HPOS="2339" CONTENT="ונבון"/><String HEIGHT="87" WIDTH="180" VPOS="2903" HPOS="2474" CONTENT="דבר."/><String HEIGHT="87" WIDTH="158" VPOS="2903" HPOS="2564" CONTENT="האדון"/></TextLine><TextLine ID="region_1522077851535_529l10" BASELINE="3055" HEIGHT="84" WIDTH="1230" VPOS="2971" HPOS="1445"><String HEIGHT="84" WIDTH="251" VPOS="2971" HPOS="1420" CONTENT="נעטטער"/><String HEIGHT="84" WIDTH="251" VPOS="2971" HPOS="1596" CONTENT="בהיותו"/><String HEIGHT="84" WIDTH="176" VPOS="2971" HPOS="1771" CONTENT="עתה"/><String HEIGHT="84" WIDTH="201" VPOS="2971" HPOS="1872" CONTENT="בעיר"/><String HEIGHT="84" WIDTH="226" VPOS="2971" HPOS="1997" CONTENT="לונדן"/><String HEIGHT="84" WIDTH="251" VPOS="2971" HPOS="2148" CONTENT="באסיפת"/><String HEIGHT="84" WIDTH="226" VPOS="2971" HPOS="2324" CONTENT="„חברת"/><String HEIGHT="84" WIDTH="226" VPOS="2971" HPOS="2449" CONTENT="היהודים"/></TextLine><TextLine ID="region_1522077851535_529l11" BASELINE="3117" HEIGHT="97" WIDTH="1276" VPOS="3020" HPOS="1448"><String HEIGHT="97" WIDTH="302" VPOS="3020" HPOS="1425" CONTENT="האנגליים״"/><String HEIGHT="97" WIDTH="209" VPOS="3020" HPOS="1657" CONTENT="הודיע"/><String HEIGHT="97" WIDTH="278" VPOS="3020" HPOS="1796" CONTENT="מהתנהגות"/><String HEIGHT="97" WIDTH="209" VPOS="3020" HPOS="2005" CONTENT="וממצב"/><String HEIGHT="97" WIDTH="186" VPOS="3020" HPOS="2144" CONTENT="„בית"/><String HEIGHT="97" WIDTH="209" VPOS="3020" HPOS="2260" CONTENT="החנוך"/><String HEIGHT="97" WIDTH="232" VPOS="3020" HPOS="2399" CONTENT="לעבודת"/><String HEIGHT="97" WIDTH="186" VPOS="3020" HPOS="2538" CONTENT="האדמה״"/></TextLine></TextBlock><TextBlock ID="region_1522077855424_530" HEIGHT="667" WIDTH="1282" VPOS="3176" HPOS="1436"><Shape><Polygon POINTS="1436,3176 2718,3185 2718,3843 1436,3834"/></Shape><TextLine ID="region_1522077855424_530l3" BASELINE="3313" HEIGHT="85" WIDTH="1163" VPOS="3228" HPOS="1446"><String HEIGHT="85" WIDTH="140" VPOS="3228" HPOS="1423" CONTENT="*)"/><String HEIGHT="85" WIDTH="186" VPOS="3228" HPOS="1493" CONTENT="הספר"/><String HEIGHT="85" WIDTH="163" VPOS="3228" HPOS="1609" CONTENT="הזה"/><String HEIGHT="85" WIDTH="163" VPOS="3228" HPOS="1702" CONTENT="אשר"/><String HEIGHT="85" WIDTH="163" VPOS="3228" HPOS="1795" CONTENT="כפי"/><String HEIGHT="85" WIDTH="209" VPOS="3228" HPOS="1888" CONTENT="שהוגד"/><String HEIGHT="85" WIDTH="163" VPOS="3228" HPOS="2028" CONTENT="לנו"/><String HEIGHT="85" WIDTH="163" VPOS="3228" HPOS="2121" CONTENT="ישא"/><String HEIGHT="85" WIDTH="209" VPOS="3228" HPOS="2214" CONTENT="בצאתו"/><String HEIGHT="85" WIDTH="186" VPOS="3228" HPOS="2353" CONTENT="לאור"/><String HEIGHT="85" WIDTH="163" VPOS="3228" HPOS="2446" CONTENT="הדפוס"/></TextLine><TextLine ID="region_1522077855424_530l4" BASELINE="3379" HEIGHT="88" WIDTH="1257" VPOS="3291" HPOS="1459"><String HEIGHT="88" WIDTH="151" VPOS="3291" HPOS="1434" CONTENT="את"/><String HEIGHT="88" WIDTH="176" VPOS="3291" HPOS="1509" CONTENT="השם"/><String HEIGHT="88" WIDTH="201" VPOS="3291" HPOS="1610" CONTENT="הנאה"/><String HEIGHT="88" WIDTH="151" VPOS="3291" HPOS="1736" CONTENT="לו"/><String HEIGHT="88" WIDTH="226" VPOS="3291" HPOS="1811" CONTENT="„עולם"/><String HEIGHT="88" WIDTH="251" VPOS="3291" HPOS="1962" CONTENT="העברי״"/><String HEIGHT="88" WIDTH="176" VPOS="3291" HPOS="2138" CONTENT="הוא"/><String HEIGHT="88" WIDTH="226" VPOS="3291" HPOS="2238" CONTENT="ילקוט"/><String HEIGHT="88" WIDTH="251" VPOS="3291" HPOS="2389" CONTENT="מאמרים"/><String HEIGHT="88" WIDTH="176" VPOS="3291" HPOS="2540" CONTENT="שונים"/></TextLine><TextLine ID="region_1522077855424_530l6" BASELINE="3438" HEIGHT="86" WIDTH="1271" VPOS="3352" HPOS="1451"><String HEIGHT="86" WIDTH="219" VPOS="3352" HPOS="1429" CONTENT="בעניני"/><String HEIGHT="86" WIDTH="175" VPOS="3352" HPOS="1582" CONTENT="מוסר"/><String HEIGHT="86" WIDTH="219" VPOS="3352" HPOS="1692" CONTENT="ואמונה"/><String HEIGHT="86" WIDTH="131" VPOS="3352" HPOS="1845" CONTENT="מן"/><String HEIGHT="86" WIDTH="285" VPOS="3352" HPOS="1911" CONTENT="התלמודים,"/><String HEIGHT="86" WIDTH="241" VPOS="3352" HPOS="2130" CONTENT="מדרשים,"/><String HEIGHT="86" WIDTH="131" VPOS="3352" HPOS="2306" CONTENT="מן"/><String HEIGHT="86" WIDTH="241" VPOS="3352" HPOS="2371" CONTENT="הגאונים"/><String HEIGHT="86" WIDTH="197" VPOS="3352" HPOS="2525" CONTENT="והרבנים"/></TextLine><TextLine ID="region_1522077855424_530l8" BASELINE="3512" HEIGHT="91" WIDTH="1259" VPOS="3421" HPOS="1458"><String HEIGHT="91" WIDTH="135" VPOS="3421" HPOS="1436" CONTENT="עד"/><String HEIGHT="91" WIDTH="157" VPOS="3421" HPOS="1503" CONTENT="זמן"/><String HEIGHT="91" WIDTH="247" VPOS="3421" HPOS="1593" CONTENT="האחרון."/><String HEIGHT="91" WIDTH="225" VPOS="3421" HPOS="1773" CONTENT="הילקוט"/><String HEIGHT="91" WIDTH="180" VPOS="3421" HPOS="1930" CONTENT="נעשה"/><String HEIGHT="91" WIDTH="180" VPOS="3421" HPOS="2043" CONTENT="בידי"/><String HEIGHT="91" WIDTH="225" VPOS="3421" HPOS="2155" CONTENT="החכמים"/><String HEIGHT="91" WIDTH="157" VPOS="3421" HPOS="2312" CONTENT="פין"/><String HEIGHT="91" WIDTH="202" VPOS="3421" HPOS="2402" CONTENT="וק״ב,"/><String HEIGHT="91" WIDTH="225" VPOS="3421" HPOS="2537" CONTENT="ומלאכת"/><String HEIGHT="91" WIDTH="45" VPOS="3421" HPOS="2672" CONTENT=""/></TextLine><TextLine ID="region_1522077855424_530l10" BASELINE="3567" HEIGHT="81" WIDTH="1276" VPOS="3486" HPOS="1457"><String HEIGHT="81" WIDTH="241" VPOS="3486" HPOS="1433" CONTENT="העתקתו"/><String HEIGHT="81" WIDTH="217" VPOS="3486" HPOS="1601" CONTENT="נעשית"/><String HEIGHT="81" WIDTH="169" VPOS="3486" HPOS="1746" CONTENT="תחת"/><String HEIGHT="81" WIDTH="217" VPOS="3486" HPOS="1842" CONTENT="השגחת"/><String HEIGHT="81" WIDTH="144" VPOS="3486" HPOS="1987" CONTENT="ה׳"/><String HEIGHT="81" WIDTH="313" VPOS="3486" HPOS="2059" CONTENT="לעוואנדא."/><String HEIGHT="81" WIDTH="169" VPOS="3486" HPOS="2300" CONTENT="כפי"/><String HEIGHT="81" WIDTH="265" VPOS="3486" HPOS="2396" CONTENT="ששמענו,"/><String HEIGHT="81" WIDTH="169" VPOS="3486" HPOS="2564" CONTENT="הפליא"/></TextLine><TextLine ID="region_1522077855424_530l12" BASELINE="3637" HEIGHT="91" WIDTH="1259" VPOS="3546" HPOS="1464"><String HEIGHT="91" WIDTH="143" VPOS="3546" HPOS="1440" CONTENT="ה׳"/><String HEIGHT="91" WIDTH="285" VPOS="3546" HPOS="1512" CONTENT="לעוואנדא"/><String HEIGHT="91" WIDTH="214" VPOS="3546" HPOS="1725" CONTENT="לעשות"/><String HEIGHT="91" WIDTH="238" VPOS="3546" HPOS="1868" CONTENT="בהעתקת"/><String HEIGHT="91" WIDTH="190" VPOS="3546" HPOS="2034" CONTENT="הספר"/><String HEIGHT="91" WIDTH="214" VPOS="3546" HPOS="2153" CONTENT="ויביא"/><String HEIGHT="91" WIDTH="143" VPOS="3546" HPOS="2295" CONTENT="את"/><String HEIGHT="91" WIDTH="238" VPOS="3546" HPOS="2367" CONTENT="המלאכה"/><String HEIGHT="91" WIDTH="214" VPOS="3546" HPOS="2509" CONTENT="לשלמותה"/></TextLine><TextLine ID="region_1522077855424_530l13" BASELINE="3701" HEIGHT="86" WIDTH="1250" VPOS="3615" HPOS="1454"><String HEIGHT="86" WIDTH="216" VPOS="3615" HPOS="1430" CONTENT="באופן"/><String HEIGHT="86" WIDTH="192" VPOS="3615" HPOS="1574" CONTENT="נעלה"/><String HEIGHT="86" WIDTH="192" VPOS="3615" HPOS="1694" CONTENT="מאד,"/><String HEIGHT="86" WIDTH="144" VPOS="3615" HPOS="1815" CONTENT="אם"/><String HEIGHT="86" WIDTH="144" VPOS="3615" HPOS="1887" CONTENT="כי"/><String HEIGHT="86" WIDTH="144" VPOS="3615" HPOS="1959" CONTENT="כל"/><String HEIGHT="86" WIDTH="192" VPOS="3615" HPOS="2031" CONTENT="מבין"/><String HEIGHT="86" WIDTH="192" VPOS="3615" HPOS="2151" CONTENT="יודע"/><String HEIGHT="86" WIDTH="168" VPOS="3615" HPOS="2271" CONTENT="כמה"/><String HEIGHT="86" WIDTH="168" VPOS="3615" HPOS="2367" CONTENT="קשה"/><String HEIGHT="86" WIDTH="240" VPOS="3615" HPOS="2464" CONTENT="להעתיק"/><String HEIGHT="86" WIDTH="96" VPOS="3615" HPOS="2608" CONTENT="מן"/></TextLine><TextLine ID="region_1522077855424_530l15" BASELINE="3764" HEIGHT="83" WIDTH="702" VPOS="3681" HPOS="2031"><String HEIGHT="83" WIDTH="226" VPOS="3681" HPOS="2006" CONTENT="ספרים"/><String HEIGHT="83" WIDTH="251" VPOS="3681" HPOS="2156" CONTENT="עתיקים"/><String HEIGHT="83" WIDTH="226" VPOS="3681" HPOS="2332" CONTENT="עברים"/><String HEIGHT="83" WIDTH="201" VPOS="3681" HPOS="2482" CONTENT="לשפה"/><String HEIGHT="83" WIDTH="150" VPOS="3681" HPOS="2583" CONTENT="חיה."/></TextLine></TextBlock><TextBlock ID="region_1522077861920_531" HEIGHT="3509" WIDTH="1327" VPOS="296" HPOS="100"><Shape><Polygon POINTS="1427,296 100,296 100,3805 1427,3805"/></Shape><TextLine ID="region_1522077861920_531l1" BASELINE="375" HEIGHT="81" WIDTH="1262" VPOS="294" HPOS="132"><String HEIGHT="81" WIDTH="258" VPOS="294" HPOS="106" CONTENT="שביפו,"/><String HEIGHT="81" WIDTH="180" VPOS="294" HPOS="287" CONTENT="ואת"/><String HEIGHT="81" WIDTH="206" VPOS="294" HPOS="390" CONTENT="תוכן"/><String HEIGHT="81" WIDTH="232" VPOS="294" HPOS="518" CONTENT="דבריו"/><String HEIGHT="81" WIDTH="206" VPOS="294" HPOS="673" CONTENT="הנני"/><String HEIGHT="81" WIDTH="206" VPOS="294" HPOS="802" CONTENT="נותן"/><String HEIGHT="81" WIDTH="206" VPOS="294" HPOS="930" CONTENT="לפני"/><String HEIGHT="81" WIDTH="232" VPOS="294" HPOS="1059" CONTENT="הקורא"/><String HEIGHT="81" WIDTH="180" VPOS="294" HPOS="1214" CONTENT="כפי"/><String HEIGHT="81" WIDTH="103" VPOS="294" HPOS="1291" CONTENT="מה"/></TextLine><TextLine ID="region_1522077861920_531l2" BASELINE="440" HEIGHT="81" WIDTH="995" VPOS="359" HPOS="400"><String HEIGHT="81" WIDTH="281" VPOS="359" HPOS="374" CONTENT=".Jewish"/><String HEIGHT="81" WIDTH="332" VPOS="359" HPOS="579" CONTENT="Chronicle"/><String HEIGHT="81" WIDTH="281" VPOS="359" HPOS="834" CONTENT="שהעתקתי"/><String HEIGHT="81" WIDTH="255" VPOS="359" HPOS="1038" CONTENT="ממכה״ע"/><String HEIGHT="81" WIDTH="204" VPOS="359" HPOS="1191" CONTENT="האנגלי"/></TextLine><TextLine ID="region_1522077861920_531l3" BASELINE="553" HEIGHT="87" WIDTH="1151" VPOS="466" HPOS="135"><String HEIGHT="87" WIDTH="192" VPOS="466" HPOS="111" CONTENT="הראש"/><String HEIGHT="87" WIDTH="264" VPOS="466" HPOS="231" CONTENT="והמנהיג"/><String HEIGHT="87" WIDTH="144" VPOS="466" HPOS="423" CONTENT="על"/><String HEIGHT="87" WIDTH="216" VPOS="466" HPOS="495" CONTENT="הנחלה"/><String HEIGHT="87" WIDTH="192" VPOS="466" HPOS="639" CONTENT="הזאת"/><String HEIGHT="87" WIDTH="168" VPOS="466" HPOS="758" CONTENT="הוא"/><String HEIGHT="87" WIDTH="216" VPOS="466" HPOS="854" CONTENT="האדון"/><String HEIGHT="87" WIDTH="192" VPOS="466" HPOS="998" CONTENT="שמש."/><String HEIGHT="87" WIDTH="192" VPOS="466" HPOS="1094" CONTENT="המורים"/></TextLine><TextLine ID="region_1522077861920_531l4" BASELINE="618" HEIGHT="81" WIDTH="1263" VPOS="537" HPOS="135"><String HEIGHT="81" WIDTH="335" VPOS="537" HPOS="109" CONTENT="והמשגיחים"/><String HEIGHT="81" WIDTH="155" VPOS="537" HPOS="367" CONTENT="על"/><String HEIGHT="81" WIDTH="155" VPOS="537" HPOS="444" CONTENT="כל"/><String HEIGHT="81" WIDTH="180" VPOS="537" HPOS="522" CONTENT="דבר"/><String HEIGHT="81" WIDTH="180" VPOS="537" HPOS="625" CONTENT="שמה"/><String HEIGHT="81" WIDTH="206" VPOS="537" HPOS="728" CONTENT="המה:"/><String HEIGHT="81" WIDTH="232" VPOS="537" HPOS="857" CONTENT="האדון"/><String HEIGHT="81" WIDTH="206" VPOS="537" HPOS="1011" CONTENT="בלוי"/><String HEIGHT="81" WIDTH="206" VPOS="537" HPOS="1140" CONTENT="מורה"/><String HEIGHT="81" WIDTH="155" VPOS="537" HPOS="1243" CONTENT="בבית"/></TextLine><TextLine ID="region_1522077861920_531l5" BASELINE="670" HEIGHT="69" WIDTH="1238" VPOS="601" HPOS="149"><String HEIGHT="69" WIDTH="227" VPOS="601" HPOS="124" CONTENT="הספר,"/><String HEIGHT="69" WIDTH="253" VPOS="601" HPOS="275" CONTENT="והעוזר"/><String HEIGHT="69" WIDTH="152" VPOS="601" HPOS="452" CONTENT="על"/><String HEIGHT="69" WIDTH="177" VPOS="601" HPOS="528" CONTENT="ידו"/><String HEIGHT="69" WIDTH="177" VPOS="601" HPOS="629" CONTENT="הוא"/><String HEIGHT="69" WIDTH="227" VPOS="601" HPOS="730" CONTENT="תלמיד"/><String HEIGHT="69" WIDTH="177" VPOS="601" HPOS="882" CONTENT="אחד"/><String HEIGHT="69" WIDTH="177" VPOS="601" HPOS="983" CONTENT="אשר"/><String HEIGHT="69" WIDTH="227" VPOS="601" HPOS="1084" CONTENT="השלים"/><String HEIGHT="69" WIDTH="177" VPOS="601" HPOS="1210" CONTENT="למודו"/></TextLine><TextLine ID="region_1522077861920_531l6" BASELINE="745" HEIGHT="79" WIDTH="1243" VPOS="666" HPOS="145"><String HEIGHT="79" WIDTH="203" VPOS="666" HPOS="120" CONTENT="בבית"/><String HEIGHT="79" WIDTH="203" VPOS="666" HPOS="246" CONTENT="הספר"/><String HEIGHT="79" WIDTH="178" VPOS="666" HPOS="373" CONTENT="פה."/><String HEIGHT="79" WIDTH="178" VPOS="666" HPOS="475" CONTENT="גנן"/><String HEIGHT="79" WIDTH="203" VPOS="666" HPOS="576" CONTENT="אחד,"/><String HEIGHT="79" WIDTH="304" VPOS="666" HPOS="703" CONTENT="דרעקסלער"/><String HEIGHT="79" WIDTH="203" VPOS="666" HPOS="931" CONTENT="אחד,"/><String HEIGHT="79" WIDTH="203" VPOS="666" HPOS="1058" CONTENT="ושני"/><String HEIGHT="79" WIDTH="228" VPOS="666" HPOS="1160" CONTENT="משגיחים"/></TextLine><TextLine ID="region_1522077861920_531l7" BASELINE="798" HEIGHT="71" WIDTH="1242" VPOS="727" HPOS="156"><String HEIGHT="71" WIDTH="146" VPOS="727" HPOS="132" CONTENT="על"/><String HEIGHT="71" WIDTH="244" VPOS="727" HPOS="205" CONTENT="המלאכה"/><String HEIGHT="71" WIDTH="146" VPOS="727" HPOS="375" CONTENT="עם"/><String HEIGHT="71" WIDTH="195" VPOS="727" HPOS="448" CONTENT="איזה"/><String HEIGHT="71" WIDTH="244" VPOS="727" HPOS="570" CONTENT="עוזרים"/><String HEIGHT="71" WIDTH="146" VPOS="727" HPOS="740" CONTENT="על"/><String HEIGHT="71" WIDTH="195" VPOS="727" HPOS="814" CONTENT="ידם."/><String HEIGHT="71" WIDTH="195" VPOS="727" HPOS="935" CONTENT="ועוד"/><String HEIGHT="71" WIDTH="195" VPOS="727" HPOS="1057" CONTENT="יחסר"/><String HEIGHT="71" WIDTH="195" VPOS="727" HPOS="1179" CONTENT="מורה"/><String HEIGHT="71" WIDTH="122" VPOS="727" HPOS="1276" CONTENT="אחד"/></TextLine><TextLine ID="region_1522077861920_531l8" BASELINE="872" HEIGHT="81" WIDTH="1248" VPOS="791" HPOS="150"><String HEIGHT="81" WIDTH="168" VPOS="791" HPOS="126" CONTENT="אשר"/><String HEIGHT="81" WIDTH="192" VPOS="791" HPOS="222" CONTENT="יבין"/><String HEIGHT="81" WIDTH="240" VPOS="791" HPOS="342" CONTENT="להורות"/><String HEIGHT="81" WIDTH="168" VPOS="791" HPOS="510" CONTENT="שפת"/><String HEIGHT="81" WIDTH="216" VPOS="791" HPOS="606" CONTENT="עברית"/><String HEIGHT="81" WIDTH="264" VPOS="791" HPOS="750" CONTENT="לתלמידי"/><String HEIGHT="81" WIDTH="168" VPOS="791" HPOS="942" CONTENT="בית"/><String HEIGHT="81" WIDTH="216" VPOS="791" HPOS="1038" CONTENT="החנוך"/><String HEIGHT="81" WIDTH="192" VPOS="791" HPOS="1182" CONTENT="עפ״י"/><String HEIGHT="81" WIDTH="120" VPOS="791" HPOS="1278" CONTENT="סדר"/></TextLine><TextLine ID="region_1522077861920_531l9" BASELINE="934" HEIGHT="80" WIDTH="1240" VPOS="854" HPOS="147"><String HEIGHT="80" WIDTH="191" VPOS="854" HPOS="123" CONTENT="נכון"/><String HEIGHT="80" WIDTH="215" VPOS="854" HPOS="242" CONTENT="והשטה"/><String HEIGHT="80" WIDTH="215" VPOS="854" HPOS="385" CONTENT="החדשה"/><String HEIGHT="80" WIDTH="167" VPOS="854" HPOS="529" CONTENT="כמו"/><String HEIGHT="80" WIDTH="191" VPOS="854" HPOS="624" CONTENT="בבתי"/><String HEIGHT="80" WIDTH="167" VPOS="854" HPOS="743" CONTENT="ספר"/><String HEIGHT="80" WIDTH="238" VPOS="854" HPOS="839" CONTENT="לעברים"/><String HEIGHT="80" WIDTH="238" VPOS="854" HPOS="1005" CONTENT="בארצות"/><String HEIGHT="80" WIDTH="238" VPOS="854" HPOS="1149" CONTENT="איירופה,"/></TextLine><TextLine ID="region_1522077861920_531l10" BASELINE="996" HEIGHT="79" WIDTH="1254" VPOS="917" HPOS="143"><String HEIGHT="79" WIDTH="187" VPOS="917" HPOS="116" CONTENT="וגם"/><String HEIGHT="79" WIDTH="213" VPOS="917" HPOS="223" CONTENT="לשרת"/><String HEIGHT="79" WIDTH="240" VPOS="917" HPOS="356" CONTENT="בקודש"/><String HEIGHT="79" WIDTH="240" VPOS="917" HPOS="517" CONTENT="לעבור"/><String HEIGHT="79" WIDTH="213" VPOS="917" HPOS="677" CONTENT="לפני"/><String HEIGHT="79" WIDTH="213" VPOS="917" HPOS="810" CONTENT="התבה"/><String HEIGHT="79" WIDTH="267" VPOS="917" HPOS="943" CONTENT="ולהיות"/><String HEIGHT="79" WIDTH="240" VPOS="917" HPOS="1130" CONTENT="שו״ב."/><String HEIGHT="79" WIDTH="133" VPOS="917" HPOS="1264" CONTENT="ששה"/></TextLine><TextLine ID="region_1522077861920_531l11" BASELINE="1063" HEIGHT="84" WIDTH="1256" VPOS="979" HPOS="135"><String HEIGHT="84" WIDTH="247" VPOS="979" HPOS="113" CONTENT="תלמידים"/><String HEIGHT="84" WIDTH="157" VPOS="979" HPOS="292" CONTENT="כלו"/><String HEIGHT="84" WIDTH="157" VPOS="979" HPOS="382" CONTENT="חוק"/><String HEIGHT="84" WIDTH="202" VPOS="979" HPOS="471" CONTENT="למודם"/><String HEIGHT="84" WIDTH="202" VPOS="979" HPOS="606" CONTENT="וגמרו"/><String HEIGHT="84" WIDTH="202" VPOS="979" HPOS="741" CONTENT="משנתם"/><String HEIGHT="84" WIDTH="179" VPOS="979" HPOS="875" CONTENT="בבית"/><String HEIGHT="84" WIDTH="179" VPOS="979" HPOS="987" CONTENT="הזה,"/><String HEIGHT="84" WIDTH="269" VPOS="979" HPOS="1099" CONTENT="ומרויחים"/><String HEIGHT="84" WIDTH="112" VPOS="979" HPOS="1279" CONTENT="עתה"/></TextLine><TextLine ID="region_1522077861920_531l12" BASELINE="1113" HEIGHT="70" WIDTH="1242" VPOS="1043" HPOS="159"><String HEIGHT="70" WIDTH="187" VPOS="1043" HPOS="136" CONTENT="לחמם"/><String HEIGHT="70" WIDTH="211" VPOS="1043" HPOS="253" CONTENT="בכבוד"/><String HEIGHT="70" WIDTH="281" VPOS="1043" HPOS="393" CONTENT="ממלאכתם."/><String HEIGHT="70" WIDTH="187" VPOS="1043" HPOS="604" CONTENT="שנים"/><String HEIGHT="70" WIDTH="164" VPOS="1043" HPOS="721" CONTENT="מהם"/><String HEIGHT="70" WIDTH="187" VPOS="1043" HPOS="815" CONTENT="למדו"/><String HEIGHT="70" WIDTH="211" VPOS="1043" HPOS="932" CONTENT="מלאכת"/><String HEIGHT="70" WIDTH="211" VPOS="1043" HPOS="1073" CONTENT="תפירת"/><String HEIGHT="70" WIDTH="211" VPOS="1043" HPOS="1190" CONTENT="מנעלים,"/></TextLine><TextLine ID="region_1522077861920_531l13" BASELINE="1186" HEIGHT="79" WIDTH="1245" VPOS="1107" HPOS="157"><String HEIGHT="79" WIDTH="211" VPOS="1107" HPOS="134" CONTENT="ושנים"/><String HEIGHT="79" WIDTH="211" VPOS="1107" HPOS="274" CONTENT="עושים"/><String HEIGHT="79" WIDTH="235" VPOS="1107" HPOS="415" CONTENT="במלאכת"/><String HEIGHT="79" WIDTH="235" VPOS="1107" HPOS="580" CONTENT="האבנים"/><String HEIGHT="79" WIDTH="329" VPOS="1107" HPOS="744" CONTENT="(דרעקסלער)"/><String HEIGHT="79" WIDTH="211" VPOS="1107" HPOS="1003" CONTENT="ושנים"/><String HEIGHT="79" WIDTH="188" VPOS="1107" HPOS="1144" CONTENT="נהיו"/><String HEIGHT="79" WIDTH="164" VPOS="1107" HPOS="1238" CONTENT="לבעלי"/></TextLine><TextLine ID="region_1522077861920_531l14" BASELINE="1239" HEIGHT="70" WIDTH="1252" VPOS="1169" HPOS="142"><String HEIGHT="70" WIDTH="217" VPOS="1169" HPOS="118" CONTENT="גינה."/><String HEIGHT="70" WIDTH="193" VPOS="1169" HPOS="262" CONTENT="שנים"/><String HEIGHT="70" WIDTH="289" VPOS="1169" HPOS="383" CONTENT="האחרונים"/><String HEIGHT="70" WIDTH="193" VPOS="1169" HPOS="599" CONTENT="מצאו"/><String HEIGHT="70" WIDTH="217" VPOS="1169" HPOS="720" CONTENT="מלאכה"/><String HEIGHT="70" WIDTH="241" VPOS="1169" HPOS="864" CONTENT="ועבודה"/><String HEIGHT="70" WIDTH="193" VPOS="1169" HPOS="1033" CONTENT="בגני"/><String HEIGHT="70" WIDTH="193" VPOS="1169" HPOS="1153" CONTENT="נחלת"/><String HEIGHT="70" WIDTH="144" VPOS="1169" HPOS="1250" CONTENT="חברת"/></TextLine><TextLine ID="region_1522077861920_531l15" BASELINE="1309" HEIGHT="75" WIDTH="1242" VPOS="1234" HPOS="149"><String HEIGHT="75" WIDTH="184" VPOS="1234" HPOS="126" CONTENT="כי״ח"/><String HEIGHT="75" WIDTH="184" VPOS="1234" HPOS="241" CONTENT="שמה."/><String HEIGHT="75" WIDTH="161" VPOS="1234" HPOS="356" CONTENT="שני"/><String HEIGHT="75" WIDTH="253" VPOS="1234" HPOS="448" CONTENT="תלמידים"/><String HEIGHT="75" WIDTH="230" VPOS="1234" HPOS="632" CONTENT="לומדים"/><String HEIGHT="75" WIDTH="207" VPOS="1234" HPOS="793" CONTENT="להיות"/><String HEIGHT="75" WIDTH="253" VPOS="1234" HPOS="931" CONTENT="רצענים,"/><String HEIGHT="75" WIDTH="207" VPOS="1234" HPOS="1115" CONTENT="ושנים"/><String HEIGHT="75" WIDTH="161" VPOS="1234" HPOS="1230" CONTENT="אחרים"/></TextLine><TextLine ID="region_1522077861920_531l16" BASELINE="1377" HEIGHT="80" WIDTH="1256" VPOS="1297" HPOS="147"><String HEIGHT="80" WIDTH="217" VPOS="1297" HPOS="123" CONTENT="להיות"/><String HEIGHT="80" WIDTH="242" VPOS="1297" HPOS="268" CONTENT="נפחים,"/><String HEIGHT="80" WIDTH="193" VPOS="1297" HPOS="437" CONTENT="בחוץ"/><String HEIGHT="80" WIDTH="193" VPOS="1297" HPOS="558" CONTENT="מבית"/><String HEIGHT="80" WIDTH="217" VPOS="1297" HPOS="678" CONTENT="החנוך"/><String HEIGHT="80" WIDTH="169" VPOS="1297" HPOS="823" CONTENT="אצל"/><String HEIGHT="80" WIDTH="193" VPOS="1297" HPOS="920" CONTENT="בעלי"/><String HEIGHT="80" WIDTH="217" VPOS="1297" HPOS="1041" CONTENT="מלאכה"/><String HEIGHT="80" WIDTH="242" VPOS="1297" HPOS="1161" CONTENT="אירופיים"/></TextLine><TextLine ID="region_1522077861920_531l17" BASELINE="1440" HEIGHT="77" WIDTH="1250" VPOS="1363" HPOS="144"><String HEIGHT="77" WIDTH="201" VPOS="1363" HPOS="122" CONTENT="הגרים"/><String HEIGHT="77" WIDTH="179" VPOS="1363" HPOS="256" CONTENT="בעיר"/><String HEIGHT="77" WIDTH="179" VPOS="1363" HPOS="367" CONTENT="יפו."/><String HEIGHT="77" WIDTH="179" VPOS="1363" HPOS="479" CONTENT="בבית"/><String HEIGHT="77" WIDTH="201" VPOS="1363" HPOS="590" CONTENT="החנוך"/><String HEIGHT="77" WIDTH="223" VPOS="1363" HPOS="724" CONTENT="נמצאים"/><String HEIGHT="77" WIDTH="156" VPOS="1363" HPOS="881" CONTENT="כעת"/><String HEIGHT="77" WIDTH="156" VPOS="1363" HPOS="970" CONTENT="שני"/><String HEIGHT="77" WIDTH="246" VPOS="1363" HPOS="1059" CONTENT="סנדלרים"/><String HEIGHT="77" WIDTH="179" VPOS="1363" HPOS="1215" CONTENT="ועשרים"/></TextLine><TextLine ID="region_1522077861920_531l18" BASELINE="1498" HEIGHT="58" WIDTH="1259" VPOS="1440" HPOS="138"><String HEIGHT="58" WIDTH="225" VPOS="1440" HPOS="116" CONTENT="עובדים"/><String HEIGHT="58" WIDTH="225" VPOS="1440" HPOS="273" CONTENT="בגנים,"/><String HEIGHT="58" WIDTH="157" VPOS="1440" HPOS="430" CONTENT="אפס"/><String HEIGHT="58" WIDTH="202" VPOS="1440" HPOS="520" CONTENT="ארבעה"/><String HEIGHT="58" WIDTH="292" VPOS="1440" HPOS="655" CONTENT="מהאחרונים"/><String HEIGHT="58" WIDTH="247" VPOS="1440" HPOS="880" CONTENT="מוכרחים"/><String HEIGHT="58" WIDTH="180" VPOS="1440" HPOS="1060" CONTENT="מפני"/><String HEIGHT="58" WIDTH="247" VPOS="1440" HPOS="1150" CONTENT="אי⸗בריאות"/></TextLine><TextLine ID="region_1522077861920_531l19" BASELINE="1568" HEIGHT="82" WIDTH="1250" VPOS="1486" HPOS="148"><String HEIGHT="82" WIDTH="189" VPOS="1486" HPOS="124" CONTENT="גופם"/><String HEIGHT="82" WIDTH="212" VPOS="1486" HPOS="242" CONTENT="לעזוב"/><String HEIGHT="82" WIDTH="142" VPOS="1486" HPOS="384" CONTENT="את"/><String HEIGHT="82" WIDTH="165" VPOS="1486" HPOS="455" CONTENT="בית"/><String HEIGHT="82" WIDTH="236" VPOS="1486" HPOS="549" CONTENT="החנוך."/><String HEIGHT="82" WIDTH="212" VPOS="1486" HPOS="714" CONTENT="נערים"/><String HEIGHT="82" WIDTH="189" VPOS="1486" HPOS="856" CONTENT="רבים"/><String HEIGHT="82" WIDTH="212" VPOS="1486" HPOS="973" CONTENT="יחפצו"/><String HEIGHT="82" WIDTH="212" VPOS="1486" HPOS="1115" CONTENT="ללמוד"/><String HEIGHT="82" WIDTH="165" VPOS="1486" HPOS="1233" CONTENT="עבודה"/></TextLine><TextLine ID="region_1522077861920_531l20" BASELINE="1628" HEIGHT="78" WIDTH="1256" VPOS="1550" HPOS="148"><String HEIGHT="78" WIDTH="242" VPOS="1550" HPOS="124" CONTENT="ומלאכה"/><String HEIGHT="78" WIDTH="193" VPOS="1550" HPOS="293" CONTENT="בבית"/><String HEIGHT="78" WIDTH="217" VPOS="1550" HPOS="414" CONTENT="החנוך"/><String HEIGHT="78" WIDTH="193" VPOS="1550" HPOS="559" CONTENT="עתה,"/><String HEIGHT="78" WIDTH="169" VPOS="1550" HPOS="679" CONTENT="תחת"/><String HEIGHT="78" WIDTH="169" VPOS="1550" HPOS="776" CONTENT="אשר"/><String HEIGHT="78" WIDTH="242" VPOS="1550" HPOS="873" CONTENT="בתחילה"/><String HEIGHT="78" WIDTH="193" VPOS="1550" HPOS="1042" CONTENT="בימי"/><String HEIGHT="78" WIDTH="217" VPOS="1550" HPOS="1162" CONTENT="הוסדו"/><String HEIGHT="78" WIDTH="121" VPOS="1550" HPOS="1283" CONTENT="היה"/></TextLine><TextLine ID="region_1522077861920_531l21" BASELINE="1694" HEIGHT="81" WIDTH="1272" VPOS="1613" HPOS="137"><String HEIGHT="81" WIDTH="212" VPOS="1613" HPOS="111" CONTENT="מספר"/><String HEIGHT="81" WIDTH="186" VPOS="1613" HPOS="243" CONTENT="אלה"/><String HEIGHT="81" WIDTH="265" VPOS="1613" HPOS="349" CONTENT="הנערים"/><String HEIGHT="81" WIDTH="186" VPOS="1613" HPOS="535" CONTENT="אשר"/><String HEIGHT="81" WIDTH="212" VPOS="1613" HPOS="641" CONTENT="שקדו"/><String HEIGHT="81" WIDTH="159" VPOS="1613" HPOS="773" CONTENT="על"/><String HEIGHT="81" WIDTH="292" VPOS="1613" HPOS="853" CONTENT="דלתותיו"/><String HEIGHT="81" WIDTH="159" VPOS="1613" HPOS="1065" CONTENT="רק"/><String HEIGHT="81" WIDTH="212" VPOS="1613" HPOS="1144" CONTENT="מעט."/><String HEIGHT="81" WIDTH="159" VPOS="1613" HPOS="1250" CONTENT="אולם"/></TextLine><TextLine ID="region_1522077861920_531l22" BASELINE="1758" HEIGHT="81" WIDTH="1250" VPOS="1677" HPOS="144"><String HEIGHT="81" WIDTH="189" VPOS="1677" HPOS="120" CONTENT="כאשר"/><String HEIGHT="81" WIDTH="142" VPOS="1677" HPOS="238" CONTENT="בל"/><String HEIGHT="81" WIDTH="189" VPOS="1677" HPOS="309" CONTENT="נוכל"/><String HEIGHT="81" WIDTH="189" VPOS="1677" HPOS="427" CONTENT="לקבל"/><String HEIGHT="81" WIDTH="142" VPOS="1677" HPOS="545" CONTENT="אל"/><String HEIGHT="81" WIDTH="165" VPOS="1677" HPOS="616" CONTENT="בית"/><String HEIGHT="81" WIDTH="212" VPOS="1677" HPOS="710" CONTENT="החנוך"/><String HEIGHT="81" WIDTH="142" VPOS="1677" HPOS="852" CONTENT="את"/><String HEIGHT="81" WIDTH="142" VPOS="1677" HPOS="922" CONTENT="כל"/><String HEIGHT="81" WIDTH="189" VPOS="1677" HPOS="993" CONTENT="הבא,"/><String HEIGHT="81" WIDTH="189" VPOS="1677" HPOS="1111" CONTENT="הננו"/><String HEIGHT="81" WIDTH="189" VPOS="1677" HPOS="1205" CONTENT="נותנים"/></TextLine><TextLine ID="region_1522077861920_531l23" BASELINE="1823" HEIGHT="87" WIDTH="1259" VPOS="1736" HPOS="144"><String HEIGHT="87" WIDTH="272" VPOS="1736" HPOS="119" CONTENT="ליתומים"/><String HEIGHT="87" WIDTH="173" VPOS="1736" HPOS="317" CONTENT="דין"/><String HEIGHT="87" WIDTH="247" VPOS="1736" HPOS="416" CONTENT="קדימה."/><String HEIGHT="87" WIDTH="222" VPOS="1736" HPOS="588" CONTENT="הלמוד"/><String HEIGHT="87" WIDTH="321" VPOS="1736" HPOS="736" CONTENT="בבית⸗הספר"/><String HEIGHT="87" WIDTH="173" VPOS="1736" HPOS="983" CONTENT="אשר"/><String HEIGHT="87" WIDTH="222" VPOS="1736" HPOS="1082" CONTENT="יסדנו"/><String HEIGHT="87" WIDTH="197" VPOS="1736" HPOS="1206" CONTENT="בהנחלה"/></TextLine><TextLine ID="region_1522077861920_531l24" BASELINE="1886" HEIGHT="82" WIDTH="1250" VPOS="1804" HPOS="150"><String HEIGHT="82" WIDTH="189" VPOS="1804" HPOS="126" CONTENT="הזאת"/><String HEIGHT="82" WIDTH="165" VPOS="1804" HPOS="244" CONTENT="הוא"/><String HEIGHT="82" WIDTH="165" VPOS="1804" HPOS="339" CONTENT="כמו"/><String HEIGHT="82" WIDTH="212" VPOS="1804" HPOS="433" CONTENT="הלמוד"/><String HEIGHT="82" WIDTH="189" VPOS="1804" HPOS="575" CONTENT="בבתי"/><String HEIGHT="82" WIDTH="165" VPOS="1804" HPOS="692" CONTENT="ספר"/><String HEIGHT="82" WIDTH="283" VPOS="1804" HPOS="787" CONTENT="למתחילים"/><String HEIGHT="82" WIDTH="425" VPOS="1804" HPOS="975" CONTENT="(עלעמענטארשולען)"/></TextLine><TextLine ID="region_1522077861920_531l25" BASELINE="1951" HEIGHT="88" WIDTH="1254" VPOS="1863" HPOS="149"><String HEIGHT="88" WIDTH="261" VPOS="1863" HPOS="123" CONTENT="בארצות"/><String HEIGHT="88" WIDTH="314" VPOS="1863" HPOS="306" CONTENT="איירופה."/><String HEIGHT="88" WIDTH="157" VPOS="1863" HPOS="541" CONTENT="כל"/><String HEIGHT="88" WIDTH="261" VPOS="1863" HPOS="619" CONTENT="תלמידי"/><String HEIGHT="88" WIDTH="183" VPOS="1863" HPOS="802" CONTENT="בית"/><String HEIGHT="88" WIDTH="261" VPOS="1863" HPOS="907" CONTENT="החנוך,"/><String HEIGHT="88" WIDTH="183" VPOS="1863" HPOS="1090" CONTENT="וכל"/><String HEIGHT="88" WIDTH="235" VPOS="1863" HPOS="1168" CONTENT="הלומדים"/></TextLine><TextLine ID="region_1522077861920_531l26" BASELINE="2011" HEIGHT="81" WIDTH="1259" VPOS="1930" HPOS="147"><String HEIGHT="81" WIDTH="206" VPOS="1930" HPOS="124" CONTENT="מלאכת"/><String HEIGHT="81" WIDTH="160" VPOS="1930" HPOS="261" CONTENT="יד,"/><String HEIGHT="81" WIDTH="275" VPOS="1930" HPOS="353" CONTENT="והעובדים"/><String HEIGHT="81" WIDTH="183" VPOS="1930" HPOS="559" CONTENT="בשדה"/><String HEIGHT="81" WIDTH="229" VPOS="1930" HPOS="673" CONTENT="ובגנים"/><String HEIGHT="81" WIDTH="229" VPOS="1930" HPOS="834" CONTENT="יקשיבו"/><String HEIGHT="81" WIDTH="160" VPOS="1930" HPOS="994" CONTENT="לקח"/><String HEIGHT="81" WIDTH="275" VPOS="1930" HPOS="1086" CONTENT="בלמודים."/><String HEIGHT="81" WIDTH="137" VPOS="1930" HPOS="1269" CONTENT="איזה"/></TextLine><TextLine ID="region_1522077861920_531l27" BASELINE="2072" HEIGHT="70" WIDTH="1259" VPOS="2002" HPOS="150"><String HEIGHT="70" WIDTH="176" VPOS="2002" HPOS="125" CONTENT="מהם"/><String HEIGHT="70" WIDTH="201" VPOS="2002" HPOS="226" CONTENT="משעה"/><String HEIGHT="70" WIDTH="126" VPOS="2002" HPOS="351" CONTENT="6"/><String HEIGHT="70" WIDTH="151" VPOS="2002" HPOS="402" CONTENT="עד"/><String HEIGHT="70" WIDTH="126" VPOS="2002" HPOS="477" CONTENT="7"/><String HEIGHT="70" WIDTH="201" VPOS="2002" HPOS="528" CONTENT="וחצי"/><String HEIGHT="70" WIDTH="227" VPOS="2002" HPOS="654" CONTENT="בבקר,"/><String HEIGHT="70" WIDTH="227" VPOS="2002" HPOS="805" CONTENT="ואיזה"/><String HEIGHT="70" WIDTH="176" VPOS="2002" HPOS="956" CONTENT="מהם"/><String HEIGHT="70" WIDTH="201" VPOS="2002" HPOS="1056" CONTENT="משעה"/><String HEIGHT="70" WIDTH="151" VPOS="2002" HPOS="1182" CONTENT="10"/><String HEIGHT="70" WIDTH="151" VPOS="2002" HPOS="1258" CONTENT="עד"/><String HEIGHT="70" WIDTH="101" VPOS="2002" HPOS="1308" CONTENT="12"/></TextLine><TextLine ID="region_1522077861920_531l28" BASELINE="2136" HEIGHT="75" WIDTH="1244" VPOS="2061" HPOS="151"><String HEIGHT="75" WIDTH="203" VPOS="2061" HPOS="126" CONTENT="קודם"/><String HEIGHT="75" WIDTH="203" VPOS="2061" HPOS="253" CONTENT="חצות"/><String HEIGHT="75" WIDTH="228" VPOS="2061" HPOS="379" CONTENT="היום,"/><String HEIGHT="75" WIDTH="254" VPOS="2061" HPOS="532" CONTENT="ואחרים"/><String HEIGHT="75" WIDTH="203" VPOS="2061" HPOS="710" CONTENT="משעה"/><String HEIGHT="75" WIDTH="127" VPOS="2061" HPOS="836" CONTENT="I"/><String HEIGHT="75" WIDTH="152" VPOS="2061" HPOS="887" CONTENT="עד"/><String HEIGHT="75" WIDTH="127" VPOS="2061" HPOS="963" CONTENT="3"/><String HEIGHT="75" WIDTH="178" VPOS="2061" HPOS="1014" CONTENT="אחר"/><String HEIGHT="75" WIDTH="279" VPOS="2061" HPOS="1116" CONTENT="הצהרים,"/><String HEIGHT="75" WIDTH="102" VPOS="2061" HPOS="1293" CONTENT="כי"/></TextLine><TextLine ID="region_1522077861920_531l29" BASELINE="2200" HEIGHT="78" WIDTH="1245" VPOS="2122" HPOS="154"><String HEIGHT="78" WIDTH="208" VPOS="2122" HPOS="128" CONTENT="בימי"/><String HEIGHT="78" WIDTH="208" VPOS="2122" HPOS="258" CONTENT="הקיץ"/><String HEIGHT="78" WIDTH="208" VPOS="2122" HPOS="387" CONTENT="כמעט"/><String HEIGHT="78" WIDTH="156" VPOS="2122" HPOS="517" CONTENT="מן"/><String HEIGHT="78" WIDTH="233" VPOS="2122" HPOS="595" CONTENT="הנמנע"/><String HEIGHT="78" WIDTH="233" VPOS="2122" HPOS="751" CONTENT="לעבוד"/><String HEIGHT="78" WIDTH="208" VPOS="2122" HPOS="906" CONTENT="באלה"/><String HEIGHT="78" WIDTH="233" VPOS="2122" HPOS="1036" CONTENT="השעות"/><String HEIGHT="78" WIDTH="156" VPOS="2122" HPOS="1192" CONTENT="הן"/><String HEIGHT="78" WIDTH="156" VPOS="2122" HPOS="1243" CONTENT="בשדה"/></TextLine><TextLine ID="region_1522077861920_531l30" BASELINE="2262" HEIGHT="78" WIDTH="1262" VPOS="2184" HPOS="139"><String HEIGHT="78" WIDTH="167" VPOS="2184" HPOS="115" CONTENT="והן"/><String HEIGHT="78" WIDTH="190" VPOS="2184" HPOS="210" CONTENT="בבתי"/><String HEIGHT="78" WIDTH="214" VPOS="2184" HPOS="329" CONTENT="מלאכה"/><String HEIGHT="78" WIDTH="190" VPOS="2184" HPOS="472" CONTENT="מפני"/><String HEIGHT="78" WIDTH="190" VPOS="2184" HPOS="591" CONTENT="החום"/><String HEIGHT="78" WIDTH="214" VPOS="2184" HPOS="710" CONTENT="הלוהט"/><String HEIGHT="78" WIDTH="167" VPOS="2184" HPOS="853" CONTENT="אז."/><String HEIGHT="78" WIDTH="190" VPOS="2184" HPOS="949" CONTENT="ועוד"/><String HEIGHT="78" WIDTH="214" VPOS="2184" HPOS="1068" CONTENT="ישמעו"/><String HEIGHT="78" WIDTH="214" VPOS="2184" HPOS="1187" CONTENT="בלמודים"/></TextLine><TextLine ID="region_1522077861920_531l31" BASELINE="2325" HEIGHT="77" WIDTH="1245" VPOS="2248" HPOS="152"><String HEIGHT="77" WIDTH="185" VPOS="2248" HPOS="126" CONTENT="כלם"/><String HEIGHT="77" WIDTH="238" VPOS="2248" HPOS="231" CONTENT="יחדיו"/><String HEIGHT="77" WIDTH="265" VPOS="2248" HPOS="390" CONTENT="בלשכות"/><String HEIGHT="77" WIDTH="238" VPOS="2248" HPOS="576" CONTENT="שונות"/><String HEIGHT="77" WIDTH="212" VPOS="2248" HPOS="735" CONTENT="משעה"/><String HEIGHT="77" WIDTH="132" VPOS="2248" HPOS="867" CONTENT="7"/><String HEIGHT="77" WIDTH="159" VPOS="2248" HPOS="920" CONTENT="עד"/><String HEIGHT="77" WIDTH="185" VPOS="2248" HPOS="1000" CONTENT="שעה"/><String HEIGHT="77" WIDTH="132" VPOS="2248" HPOS="1106" CONTENT="9"/><String HEIGHT="77" WIDTH="185" VPOS="2248" HPOS="1159" CONTENT="בכל"/><String HEIGHT="77" WIDTH="159" VPOS="2248" HPOS="1238" CONTENT="ערב,"/></TextLine><TextLine ID="region_1522077861920_531l32" BASELINE="2392" HEIGHT="92" WIDTH="1253" VPOS="2300" HPOS="161"><String HEIGHT="92" WIDTH="217" VPOS="2300" HPOS="137" CONTENT="ובימי"/><String HEIGHT="92" WIDTH="169" VPOS="2300" HPOS="281" CONTENT="שבת"/><String HEIGHT="92" WIDTH="241" VPOS="2300" HPOS="378" CONTENT="ומועד."/><String HEIGHT="92" WIDTH="169" VPOS="2300" HPOS="547" CONTENT="זמן"/><String HEIGHT="92" WIDTH="193" VPOS="2300" HPOS="643" CONTENT="תפלת"/><String HEIGHT="92" WIDTH="217" VPOS="2300" HPOS="763" CONTENT="שחרית"/><String HEIGHT="92" WIDTH="193" VPOS="2300" HPOS="908" CONTENT="בימי"/><String HEIGHT="92" WIDTH="217" VPOS="2300" HPOS="1028" CONTENT="החול,"/><String HEIGHT="92" WIDTH="193" VPOS="2300" HPOS="1173" CONTENT="בימי"/><String HEIGHT="92" WIDTH="145" VPOS="2300" HPOS="1269" CONTENT="הקיץ"/></TextLine><TextLine ID="region_1522077861920_531l33" BASELINE="2453" HEIGHT="71" WIDTH="1265" VPOS="2382" HPOS="144"><String HEIGHT="71" WIDTH="177" VPOS="2382" HPOS="119" CONTENT="הוא"/><String HEIGHT="71" WIDTH="202" VPOS="2382" HPOS="220" CONTENT="משעה"/><String HEIGHT="71" WIDTH="127" VPOS="2382" HPOS="346" CONTENT="5"/><String HEIGHT="71" WIDTH="202" VPOS="2382" HPOS="397" CONTENT="וחצי"/><String HEIGHT="71" WIDTH="152" VPOS="2382" HPOS="524" CONTENT="עד"/><String HEIGHT="71" WIDTH="127" VPOS="2382" HPOS="599" CONTENT="6"/><String HEIGHT="71" WIDTH="228" VPOS="2382" HPOS="650" CONTENT="בבקר,"/><String HEIGHT="71" WIDTH="177" VPOS="2382" HPOS="802" CONTENT="זמן"/><String HEIGHT="71" WIDTH="202" VPOS="2382" HPOS="903" CONTENT="מנחה"/><String HEIGHT="71" WIDTH="152" VPOS="2382" HPOS="1030" CONTENT="עם"/><String HEIGHT="71" WIDTH="228" VPOS="2382" HPOS="1105" CONTENT="שקיעת"/><String HEIGHT="71" WIDTH="177" VPOS="2382" HPOS="1232" CONTENT="החמה,"/></TextLine><TextLine ID="region_1522077861920_531l34" BASELINE="2518" HEIGHT="79" WIDTH="1252" VPOS="2439" HPOS="145"><String HEIGHT="79" WIDTH="165" VPOS="2439" HPOS="121" CONTENT="ועם"/><String HEIGHT="79" WIDTH="165" VPOS="2439" HPOS="216" CONTENT="צאת"/><String HEIGHT="79" WIDTH="236" VPOS="2439" HPOS="310" CONTENT="הככבים"/><String HEIGHT="79" WIDTH="165" VPOS="2439" HPOS="476" CONTENT="זמן"/><String HEIGHT="79" WIDTH="236" VPOS="2439" HPOS="570" CONTENT="ערבית."/><String HEIGHT="79" WIDTH="236" VPOS="2439" HPOS="736" CONTENT="בשבתות"/><String HEIGHT="79" WIDTH="213" VPOS="2439" HPOS="901" CONTENT="וימים"/><String HEIGHT="79" WIDTH="213" VPOS="2439" HPOS="1043" CONTENT="טובים"/><String HEIGHT="79" WIDTH="165" VPOS="2439" HPOS="1184" CONTENT="זמן"/><String HEIGHT="79" WIDTH="142" VPOS="2439" HPOS="1255" CONTENT="תפלת"/></TextLine><TextLine ID="region_1522077861920_531l35" BASELINE="2581" HEIGHT="76" WIDTH="1247" VPOS="2505" HPOS="159"><String HEIGHT="76" WIDTH="212" VPOS="2505" HPOS="132" CONTENT="הבקר"/><String HEIGHT="76" WIDTH="212" VPOS="2505" HPOS="265" CONTENT="משעה"/><String HEIGHT="76" WIDTH="133" VPOS="2505" HPOS="398" CONTENT="8"/><String HEIGHT="76" WIDTH="159" VPOS="2505" HPOS="451" CONTENT="עד"/><String HEIGHT="76" WIDTH="186" VPOS="2505" HPOS="530" CONTENT="10,"/><String HEIGHT="76" WIDTH="212" VPOS="2505" HPOS="637" CONTENT="מנחה"/><String HEIGHT="76" WIDTH="212" VPOS="2505" HPOS="769" CONTENT="משעה"/><String HEIGHT="76" WIDTH="133" VPOS="2505" HPOS="902" CONTENT="3"/><String HEIGHT="76" WIDTH="159" VPOS="2505" HPOS="955" CONTENT="עד"/><String HEIGHT="76" WIDTH="159" VPOS="2505" HPOS="1035" CONTENT="4."/><String HEIGHT="76" WIDTH="265" VPOS="2505" HPOS="1114" CONTENT="וערבית"/><String HEIGHT="76" WIDTH="133" VPOS="2505" HPOS="1273" CONTENT="בין"/></TextLine><TextLine ID="region_1522077861920_531l36" BASELINE="2644" HEIGHT="80" WIDTH="1247" VPOS="2564" HPOS="149"><String HEIGHT="80" WIDTH="286" VPOS="2564" HPOS="123" CONTENT="השמשות."/><String HEIGHT="80" WIDTH="182" VPOS="2564" HPOS="331" CONTENT="חלק"/><String HEIGHT="80" WIDTH="208" VPOS="2564" HPOS="435" CONTENT="גדול"/><String HEIGHT="80" WIDTH="234" VPOS="2564" HPOS="565" CONTENT="מאדמת"/><String HEIGHT="80" WIDTH="234" VPOS="2564" HPOS="721" CONTENT="הנחלה"/><String HEIGHT="80" WIDTH="208" VPOS="2564" HPOS="876" CONTENT="נעבד"/><String HEIGHT="80" WIDTH="208" VPOS="2564" HPOS="1006" CONTENT="בידי"/><String HEIGHT="80" WIDTH="286" VPOS="2564" HPOS="1110" CONTENT="התלמידים,"/></TextLine><TextLine ID="region_1522077861920_531l37" BASELINE="2708" HEIGHT="79" WIDTH="1267" VPOS="2629" HPOS="144"><String HEIGHT="79" WIDTH="199" VPOS="2629" HPOS="119" CONTENT="אולם"/><String HEIGHT="79" WIDTH="149" VPOS="2629" HPOS="243" CONTENT="גם"/><String HEIGHT="79" WIDTH="273" VPOS="2629" HPOS="318" CONTENT="ערביאים"/><String HEIGHT="79" WIDTH="224" VPOS="2629" HPOS="517" CONTENT="הגרים"/><String HEIGHT="79" WIDTH="248" VPOS="2629" HPOS="666" CONTENT="בכפרים"/><String HEIGHT="79" WIDTH="273" VPOS="2629" HPOS="840" CONTENT="הסמוכים"/><String HEIGHT="79" WIDTH="224" VPOS="2629" HPOS="1038" CONTENT="למושב"/><String HEIGHT="79" WIDTH="248" VPOS="2629" HPOS="1163" CONTENT="הקאלאניה"/></TextLine><TextLine ID="region_1522077861920_531l38" BASELINE="2768" HEIGHT="76" WIDTH="1257" VPOS="2692" HPOS="146"><String HEIGHT="76" WIDTH="257" VPOS="2692" HPOS="120" CONTENT="עוזרים"/><String HEIGHT="76" WIDTH="231" VPOS="2692" HPOS="300" CONTENT="לעבוד"/><String HEIGHT="76" WIDTH="257" VPOS="2692" HPOS="454" CONTENT="אדמתה,"/><String HEIGHT="76" WIDTH="231" VPOS="2692" HPOS="633" CONTENT="ועדנה"/><String HEIGHT="76" WIDTH="154" VPOS="2692" HPOS="787" CONTENT="לא"/><String HEIGHT="76" WIDTH="205" VPOS="2692" HPOS="864" CONTENT="נוכל"/><String HEIGHT="76" WIDTH="231" VPOS="2692" HPOS="993" CONTENT="לחרוש"/><String HEIGHT="76" WIDTH="257" VPOS="2692" HPOS="1146" CONTENT="ולזרוע"/><String HEIGHT="76" WIDTH="103" VPOS="2692" HPOS="1300" CONTENT="כל"/></TextLine><TextLine ID="region_1522077861920_531l40" BASELINE="2836" HEIGHT="84" WIDTH="1259" VPOS="2752" HPOS="153"><String HEIGHT="84" WIDTH="283" VPOS="2752" HPOS="127" CONTENT="הקרקעות"/><String HEIGHT="84" WIDTH="283" VPOS="2752" HPOS="333" CONTENT="השייכות"/><String HEIGHT="84" WIDTH="206" VPOS="2752" HPOS="538" CONTENT="לנו,"/><String HEIGHT="84" WIDTH="206" VPOS="2752" HPOS="667" CONTENT="באשר"/><String HEIGHT="84" WIDTH="206" VPOS="2752" HPOS="795" CONTENT="יחסר"/><String HEIGHT="84" WIDTH="180" VPOS="2752" HPOS="924" CONTENT="לנו"/><String HEIGHT="84" WIDTH="180" VPOS="2752" HPOS="1027" CONTENT="עוד"/><String HEIGHT="84" WIDTH="206" VPOS="2752" HPOS="1129" CONTENT="שוטר"/><String HEIGHT="84" WIDTH="180" VPOS="2752" HPOS="1232" CONTENT="מיוחד"/></TextLine><TextLine ID="region_1522077861920_531l41" BASELINE="2901" HEIGHT="81" WIDTH="1257" VPOS="2820" HPOS="143"><String HEIGHT="81" WIDTH="277" VPOS="2820" HPOS="118" CONTENT="מהממשלה"/><String HEIGHT="81" WIDTH="176" VPOS="2820" HPOS="319" CONTENT="אשר"/><String HEIGHT="81" WIDTH="226" VPOS="2820" HPOS="420" CONTENT="ישגיח"/><String HEIGHT="81" WIDTH="201" VPOS="2820" HPOS="570" CONTENT="בעין"/><String HEIGHT="81" WIDTH="226" VPOS="2820" HPOS="696" CONTENT="פקוחה"/><String HEIGHT="81" WIDTH="151" VPOS="2820" HPOS="847" CONTENT="על"/><String HEIGHT="81" WIDTH="302" VPOS="2820" HPOS="922" CONTENT="הקאלאניה"/><String HEIGHT="81" WIDTH="201" VPOS="2820" HPOS="1149" CONTENT="הזאת"/><String HEIGHT="81" WIDTH="151" VPOS="2820" HPOS="1249" CONTENT="להגן"/></TextLine><TextLine ID="region_1522077861920_531l42" BASELINE="2964" HEIGHT="82" WIDTH="1257" VPOS="2882" HPOS="150"><String HEIGHT="82" WIDTH="168" VPOS="2882" HPOS="129" CONTENT="עליה"/><String HEIGHT="82" WIDTH="210" VPOS="2882" HPOS="234" CONTENT="כראוי,"/><String HEIGHT="82" WIDTH="147" VPOS="2882" HPOS="380" CONTENT="וגם"/><String HEIGHT="82" WIDTH="168" VPOS="2882" HPOS="464" CONTENT="יחסר"/><String HEIGHT="82" WIDTH="147" VPOS="2882" HPOS="569" CONTENT="לנו"/><String HEIGHT="82" WIDTH="147" VPOS="2882" HPOS="653" CONTENT="עוד"/><String HEIGHT="82" WIDTH="168" VPOS="2882" HPOS="737" CONTENT="הרבה"/><String HEIGHT="82" WIDTH="168" VPOS="2882" HPOS="841" CONTENT="מיני"/><String HEIGHT="82" WIDTH="210" VPOS="2882" HPOS="946" CONTENT="זרעים."/><String HEIGHT="82" WIDTH="126" VPOS="2882" HPOS="1093" CONTENT="עד"/><String HEIGHT="82" WIDTH="147" VPOS="2882" HPOS="1156" CONTENT="העת"/><String HEIGHT="82" WIDTH="168" VPOS="2882" HPOS="1239" CONTENT="הזאת"/><String HEIGHT="82" WIDTH="84" VPOS="2882" HPOS="1323" CONTENT="לא"/></TextLine><TextLine ID="region_1522077861920_531l43" BASELINE="3027" HEIGHT="85" WIDTH="1251" VPOS="2942" HPOS="161"><String HEIGHT="85" WIDTH="201" VPOS="2942" HPOS="139" CONTENT="זרענו"/><String HEIGHT="85" WIDTH="134" VPOS="2942" HPOS="273" CONTENT="רק"/><String HEIGHT="85" WIDTH="179" VPOS="2942" HPOS="340" CONTENT="חטים"/><String HEIGHT="85" WIDTH="246" VPOS="2942" HPOS="451" CONTENT="ושעורים"/><String HEIGHT="85" WIDTH="156" VPOS="2942" HPOS="630" CONTENT="כפי"/><String HEIGHT="85" WIDTH="201" VPOS="2942" HPOS="719" CONTENT="הנצרך"/><String HEIGHT="85" WIDTH="223" VPOS="2942" HPOS="854" CONTENT="לכלכלת"/><String HEIGHT="85" WIDTH="156" VPOS="2942" HPOS="1010" CONTENT="בית"/><String HEIGHT="85" WIDTH="223" VPOS="2942" HPOS="1099" CONTENT="החנוך."/><String HEIGHT="85" WIDTH="179" VPOS="2942" HPOS="1233" CONTENT="המקנה,"/></TextLine><TextLine ID="region_1522077861920_531l44" BASELINE="3097" HEIGHT="89" WIDTH="1247" VPOS="3008" HPOS="158"><String HEIGHT="89" WIDTH="166" VPOS="3008" HPOS="137" CONTENT="בקר,"/><String HEIGHT="89" WIDTH="249" VPOS="3008" HPOS="241" CONTENT="וחמורים,"/><String HEIGHT="89" WIDTH="166" VPOS="3008" HPOS="428" CONTENT="וכו׳"/><String HEIGHT="89" WIDTH="145" VPOS="3008" HPOS="532" CONTENT="אשר"/><String HEIGHT="89" WIDTH="166" VPOS="3008" HPOS="615" CONTENT="לנו,"/><String HEIGHT="89" WIDTH="145" VPOS="3008" HPOS="719" CONTENT="היו"/><String HEIGHT="89" WIDTH="145" VPOS="3008" HPOS="802" CONTENT="לנו"/><String HEIGHT="89" WIDTH="166" VPOS="3008" HPOS="885" CONTENT="לעזר"/><String HEIGHT="89" WIDTH="125" VPOS="3008" HPOS="989" CONTENT="רב"/><String HEIGHT="89" WIDTH="187" VPOS="3008" HPOS="1052" CONTENT="להביא"/><String HEIGHT="89" WIDTH="187" VPOS="3008" HPOS="1176" CONTENT="עליהם"/><String HEIGHT="89" WIDTH="125" VPOS="3008" HPOS="1280" CONTENT="מים,"/></TextLine><TextLine ID="region_1522077861920_531l45" BASELINE="3159" HEIGHT="86" WIDTH="1243" VPOS="3073" HPOS="157"><String HEIGHT="86" WIDTH="211" VPOS="3073" HPOS="134" CONTENT="לחרוש"/><String HEIGHT="86" WIDTH="235" VPOS="3073" HPOS="274" CONTENT="ולזרוע"/><String HEIGHT="86" WIDTH="188" VPOS="3073" HPOS="438" CONTENT="בהם,"/><String HEIGHT="86" WIDTH="235" VPOS="3073" HPOS="556" CONTENT="ולעשות"/><String HEIGHT="86" WIDTH="164" VPOS="3073" HPOS="720" CONTENT="בהם"/><String HEIGHT="86" WIDTH="211" VPOS="3073" HPOS="814" CONTENT="עבודה"/><String HEIGHT="86" WIDTH="235" VPOS="3073" HPOS="954" CONTENT="הנצרכת"/><String HEIGHT="86" WIDTH="188" VPOS="3073" HPOS="1119" CONTENT="בשדה"/><String HEIGHT="86" WIDTH="188" VPOS="3073" HPOS="1212" CONTENT="ובבית."/></TextLine><TextLine ID="region_1522077861920_531l46" BASELINE="3216" HEIGHT="86" WIDTH="1271" VPOS="3130" HPOS="140"><String HEIGHT="86" WIDTH="153" VPOS="3130" HPOS="118" CONTENT="פרי"/><String HEIGHT="86" WIDTH="197" VPOS="3130" HPOS="206" CONTENT="הגנות"/><String HEIGHT="86" WIDTH="175" VPOS="3130" HPOS="337" CONTENT="שלנו"/><String HEIGHT="86" WIDTH="197" VPOS="3130" HPOS="447" CONTENT="יגדלו"/><String HEIGHT="86" WIDTH="219" VPOS="3130" HPOS="578" CONTENT="למכביר"/><String HEIGHT="86" WIDTH="219" VPOS="3130" HPOS="732" CONTENT="ולימים"/><String HEIGHT="86" WIDTH="197" VPOS="3130" HPOS="885" CONTENT="יוצרו"/><String HEIGHT="86" WIDTH="175" VPOS="3130" HPOS="1017" CONTENT="נקוה"/><String HEIGHT="86" WIDTH="131" VPOS="3130" HPOS="1126" CONTENT="כי"/><String HEIGHT="86" WIDTH="197" VPOS="3130" HPOS="1192" CONTENT="יביאו"/><String HEIGHT="86" WIDTH="110" VPOS="3130" HPOS="1301" CONTENT="לנו"/></TextLine><TextLine ID="region_1522077861920_531l47" BASELINE="3280" HEIGHT="83" WIDTH="1259" VPOS="3197" HPOS="158"><String HEIGHT="83" WIDTH="154" VPOS="3197" HPOS="132" CONTENT="די"/><String HEIGHT="83" WIDTH="180" VPOS="3197" HPOS="209" CONTENT="כסף"/><String HEIGHT="83" WIDTH="257" VPOS="3197" HPOS="312" CONTENT="לכלכלת"/><String HEIGHT="83" WIDTH="154" VPOS="3197" HPOS="492" CONTENT="כל"/><String HEIGHT="83" WIDTH="257" VPOS="3197" HPOS="569" CONTENT="הנחלה."/><String HEIGHT="83" WIDTH="231" VPOS="3197" HPOS="749" CONTENT="פירות"/><String HEIGHT="83" WIDTH="180" VPOS="3197" HPOS="903" CONTENT="גני"/><String HEIGHT="83" WIDTH="180" VPOS="3197" HPOS="1006" CONTENT="יפו"/><String HEIGHT="83" WIDTH="283" VPOS="3197" HPOS="1109" CONTENT="משובחים"/><String HEIGHT="83" WIDTH="128" VPOS="3197" HPOS="1289" CONTENT="מאד"/></TextLine><TextLine ID="region_1522077861920_531l48" BASELINE="3353" HEIGHT="88" WIDTH="1265" VPOS="3265" HPOS="143"><String HEIGHT="88" WIDTH="226" VPOS="3265" HPOS="120" CONTENT="ואניות"/><String HEIGHT="88" WIDTH="181" VPOS="3265" HPOS="279" CONTENT="סוחר"/><String HEIGHT="88" WIDTH="203" VPOS="3265" HPOS="391" CONTENT="הבאות"/><String HEIGHT="88" WIDTH="136" VPOS="3265" HPOS="527" CONTENT="אל"/><String HEIGHT="88" WIDTH="158" VPOS="3265" HPOS="595" CONTENT="חוף"/><String HEIGHT="88" WIDTH="136" VPOS="3265" HPOS="685" CONTENT="ים"/><String HEIGHT="88" WIDTH="158" VPOS="3265" HPOS="753" CONTENT="יפו"/><String HEIGHT="88" WIDTH="226" VPOS="3265" HPOS="843" CONTENT="טעונות"/><String HEIGHT="88" WIDTH="181" VPOS="3265" HPOS="1001" CONTENT="תמיד"/><String HEIGHT="88" WIDTH="226" VPOS="3265" HPOS="1114" CONTENT="מפירות"/><String HEIGHT="88" WIDTH="181" VPOS="3265" HPOS="1272" CONTENT="העיר"/><String HEIGHT="88" WIDTH="45" VPOS="3265" HPOS="1363" CONTENT=""/></TextLine><TextLine ID="region_1522077861920_531l49" BASELINE="3409" HEIGHT="87" WIDTH="1257" VPOS="3322" HPOS="143"><String HEIGHT="87" WIDTH="201" VPOS="3322" HPOS="118" CONTENT="הזאת"/><String HEIGHT="87" WIDTH="327" VPOS="3322" HPOS="244" CONTENT="וסביבותיה"/><String HEIGHT="87" WIDTH="277" VPOS="3322" HPOS="495" CONTENT="להובילם"/><String HEIGHT="87" WIDTH="151" VPOS="3322" HPOS="696" CONTENT="או"/><String HEIGHT="87" WIDTH="151" VPOS="3322" HPOS="771" CONTENT="אל"/><String HEIGHT="87" WIDTH="251" VPOS="3322" HPOS="847" CONTENT="אדעססא"/><String HEIGHT="87" WIDTH="176" VPOS="3322" HPOS="1023" CONTENT="אשר"/><String HEIGHT="87" WIDTH="277" VPOS="3322" HPOS="1123" CONTENT="ברוסיה,"/><String HEIGHT="87" WIDTH="101" VPOS="3322" HPOS="1299" CONTENT="או"/></TextLine><TextLine ID="region_1522077861920_531l50" BASELINE="3482" HEIGHT="91" WIDTH="1257" VPOS="3391" HPOS="155"><String HEIGHT="91" WIDTH="166" VPOS="3391" HPOS="131" CONTENT="דרך"/><String HEIGHT="91" WIDTH="308" VPOS="3391" HPOS="226" CONTENT="פורטו⸗סיד"/><String HEIGHT="91" WIDTH="213" VPOS="3391" HPOS="463" CONTENT="וזועץ"/><String HEIGHT="91" WIDTH="142" VPOS="3391" HPOS="606" CONTENT="אל"/><String HEIGHT="91" WIDTH="190" VPOS="3391" HPOS="677" CONTENT="העיר"/><String HEIGHT="91" WIDTH="237" VPOS="3391" HPOS="795" CONTENT="בומבי,"/><String HEIGHT="91" WIDTH="166" VPOS="3391" HPOS="961" CONTENT="אשר"/><String HEIGHT="91" WIDTH="213" VPOS="3391" HPOS="1056" CONTENT="בהודו"/><String HEIGHT="91" WIDTH="237" VPOS="3391" HPOS="1175" CONTENT="המזרחית,"/></TextLine><TextLine ID="region_1522077861920_531l51" BASELINE="3541" HEIGHT="89" WIDTH="1250" VPOS="3452" HPOS="158"><String HEIGHT="89" WIDTH="264" VPOS="3452" HPOS="134" CONTENT="והפירות"/><String HEIGHT="89" WIDTH="192" VPOS="3452" HPOS="326" CONTENT="האלה"/><String HEIGHT="89" WIDTH="168" VPOS="3452" HPOS="446" CONTENT="המה"/><String HEIGHT="89" WIDTH="192" VPOS="3452" HPOS="543" CONTENT="מקור"/><String HEIGHT="89" WIDTH="240" VPOS="3452" HPOS="663" CONTENT="פרנסה,"/><String HEIGHT="89" WIDTH="216" VPOS="3452" HPOS="831" CONTENT="ומעין"/><String HEIGHT="89" WIDTH="216" VPOS="3452" HPOS="975" CONTENT="כלכלה"/><String HEIGHT="89" WIDTH="144" VPOS="3452" HPOS="1120" CONTENT="לא"/><String HEIGHT="89" WIDTH="216" VPOS="3452" HPOS="1192" CONTENT="אכזב."/><String HEIGHT="89" WIDTH="96" VPOS="3452" HPOS="1312" CONTENT="כן"/></TextLine><TextLine ID="region_1522077861920_531l52" BASELINE="3597" HEIGHT="83" WIDTH="1272" VPOS="3514" HPOS="141"><String HEIGHT="83" WIDTH="204" VPOS="3514" HPOS="116" CONTENT="נקוה"/><String HEIGHT="83" WIDTH="229" VPOS="3514" HPOS="243" CONTENT="לעשות"/><String HEIGHT="83" WIDTH="204" VPOS="3514" HPOS="395" CONTENT="מסחר"/><String HEIGHT="83" WIDTH="178" VPOS="3514" HPOS="523" CONTENT="טוב"/><String HEIGHT="83" WIDTH="229" VPOS="3514" HPOS="624" CONTENT="לימים"/><String HEIGHT="83" WIDTH="204" VPOS="3514" HPOS="777" CONTENT="יבאו"/><String HEIGHT="83" WIDTH="204" VPOS="3514" HPOS="904" CONTENT="בפרי"/><String HEIGHT="83" WIDTH="254" VPOS="3514" HPOS="1031" CONTENT="האתרוג"/><String HEIGHT="83" WIDTH="254" VPOS="3514" HPOS="1209" CONTENT="המשובח"/><String HEIGHT="83" WIDTH="51" VPOS="3514" HPOS="1362" CONTENT=""/></TextLine><TextLine ID="region_1522077861920_531l54" BASELINE="3658" HEIGHT="84" WIDTH="731" VPOS="3574" HPOS="676"><String HEIGHT="84" WIDTH="252" VPOS="3574" HPOS="651" CONTENT="ומהודר"/><String HEIGHT="84" WIDTH="176" VPOS="3574" HPOS="827" CONTENT="מאד"/><String HEIGHT="84" WIDTH="151" VPOS="3574" HPOS="928" CONTENT="פה"/><String HEIGHT="84" WIDTH="202" VPOS="3574" HPOS="1004" CONTENT="סביב"/><String HEIGHT="84" WIDTH="202" VPOS="3574" HPOS="1130" CONTENT="העיר"/><String HEIGHT="84" WIDTH="202" VPOS="3574" HPOS="1256" CONTENT="יפו."/><String HEIGHT="84" WIDTH="50" VPOS="3574" HPOS="1357" CONTENT=""/></TextLine><TextLine ID="region_1522077861920_531l56" BASELINE="3761" HEIGHT="89" WIDTH="1209" VPOS="3672" HPOS="96"><String HEIGHT="89" WIDTH="206" VPOS="3672" HPOS="70" CONTENT="מלבד"/><String HEIGHT="89" WIDTH="232" VPOS="3672" HPOS="199" CONTENT="פירות"/><String HEIGHT="89" WIDTH="232" VPOS="3672" HPOS="353" CONTENT="האדמה"/><String HEIGHT="89" WIDTH="257" VPOS="3672" HPOS="508" CONTENT="ופירות"/><String HEIGHT="89" WIDTH="257" VPOS="3672" HPOS="688" CONTENT="האלנות"/><String HEIGHT="89" WIDTH="257" VPOS="3672" HPOS="868" CONTENT="יגדילו"/><String HEIGHT="89" WIDTH="154" VPOS="3672" HPOS="1048" CONTENT="פה"/><String HEIGHT="89" WIDTH="206" VPOS="3672" HPOS="1099" CONTENT="פרחים."/></TextLine></TextBlock></PrintSpace></Page></Layout></alto>