<?xml version="1.0" encoding="UTF-8"?><alto xmlns:xsi="http://www.w3.org/2001/XMLSchema-instance" xmlns="http://www.loc.gov/standards/alto/ns-v2#" xmlns:page="http://schema.primaresearch.org/PAGE/gts/pagecontent/2013-07-15" xsi:schemaLocation="http://schema.primaresearch.org/PAGE/gts/pagecontent/2013-07-15 http://schema.primaresearch.org/PAGE/gts/pagecontent/2013-07-15/pagecontent.xsd http://www.loc.gov/standards/alto/ns-v2# http://www.loc.gov/standards/alto/alto-v2.0.xsd"><Description><MeasurementUnit>pixel</MeasurementUnit></Description><Layout><Page ID="Page1" PHYSICAL_IMG_NR="1" HEIGHT="3962" WIDTH="3035"><TopMargin HEIGHT="0" WIDTH="3035" VPOS="0" HPOS="0"/><LeftMargin HEIGHT="3962" WIDTH="0" VPOS="0" HPOS="0"/><RightMargin HEIGHT="3962" WIDTH="0" VPOS="0" HPOS="3035"/><BottomMargin HEIGHT="0" WIDTH="3035" VPOS="3962" HPOS="0"/><PrintSpace HEIGHT="3962" WIDTH="3035" VPOS="0" HPOS="0"><TextBlock ID="region_1523381745865_100" HEIGHT="59" WIDTH="307" VPOS="106" HPOS="1245"><Shape><Polygon POINTS="1245,106 1245,165 1552,165 1552,106"/></Shape><TextLine ID="line_1523381745981_101" BASELINE="166" HEIGHT="84" WIDTH="330" VPOS="82" HPOS="1234"><String HEIGHT="84" WIDTH="440" VPOS="82" HPOS="1124" CONTENT="— 20 —"/></TextLine></TextBlock><TextBlock ID="TextRegion_1523540449428_113" HEIGHT="1946" WIDTH="1306" VPOS="203" HPOS="1424"><Shape><Polygon POINTS="2730,2149 1447,2149 1424,203 2691,203"/></Shape><TextLine ID="r3l2" BASELINE="269" HEIGHT="70" WIDTH="1235" VPOS="199" HPOS="1458"><String HEIGHT="70" WIDTH="1285" VPOS="199" HPOS="1408" CONTENT="הלא חרפה שברה לבנו לראות את אחינו שבעי ימים ושבעי"/></TextLine><TextLine ID="r3l3" BASELINE="342" HEIGHT="78" WIDTH="1234" VPOS="264" HPOS="1449"><String HEIGHT="78" WIDTH="1281" VPOS="264" HPOS="1402" CONTENT="עמל ותלאה, נעים ונדים בחוצות לבקש לחם צר באחרית ימיהם"/></TextLine><TextLine ID="r3l4" BASELINE="405" HEIGHT="67" WIDTH="1236" VPOS="338" HPOS="1453"><String HEIGHT="67" WIDTH="1282" VPOS="338" HPOS="1407" CONTENT="ואי׳ איפוא מצות תורתנו הקדושה: מפני שוב תקום והדרת פני"/></TextLine><TextLine ID="r3l5" BASELINE="468" HEIGHT="76" WIDTH="1221" VPOS="392" HPOS="1461"><String HEIGHT="76" WIDTH="1270" VPOS="392" HPOS="1412" CONTENT="זקן? הבה!  נבנה להם בית מעון לנהלם שמה בכל מחסורם."/></TextLine><TextLine ID="r3l6" BASELINE="533" HEIGHT="80" WIDTH="1199" VPOS="453" HPOS="1464"><String HEIGHT="80" WIDTH="115" VPOS="453" HPOS="1441" CONTENT="—"/><String HEIGHT="80" WIDTH="138" VPOS="453" HPOS="1487" CONTENT="אך"/><String HEIGHT="80" WIDTH="138" VPOS="453" HPOS="1556" CONTENT="מה"/><String HEIGHT="80" WIDTH="161" VPOS="453" HPOS="1625" CONTENT="כבד"/><String HEIGHT="80" WIDTH="231" VPOS="453" HPOS="1718" CONTENT="להוציא"/><String HEIGHT="80" WIDTH="184" VPOS="453" HPOS="1879" CONTENT="מפעל"/><String HEIGHT="80" WIDTH="161" VPOS="453" HPOS="1994" CONTENT="יקר"/><String HEIGHT="80" WIDTH="161" VPOS="453" HPOS="2087" CONTENT="מכח"/><String HEIGHT="80" WIDTH="138" VPOS="453" HPOS="2179" CONTENT="אל"/><String HEIGHT="80" WIDTH="208" VPOS="453" HPOS="2248" CONTENT="הפועל"/><String HEIGHT="80" WIDTH="184" VPOS="453" HPOS="2386" CONTENT="יורה"/><String HEIGHT="80" WIDTH="184" VPOS="453" HPOS="2479" CONTENT="הנסיון"/></TextLine><TextLine ID="r3l7" BASELINE="595" HEIGHT="79" WIDTH="1235" VPOS="516" HPOS="1456"><String HEIGHT="79" WIDTH="337" VPOS="516" HPOS="1434" CONTENT="יום יום.  —"/><String HEIGHT="79" WIDTH="180" VPOS="516" HPOS="1703" CONTENT="ביום"/><String HEIGHT="79" WIDTH="157" VPOS="516" HPOS="1815" CONTENT="ח״י"/><String HEIGHT="79" WIDTH="180" VPOS="516" HPOS="1905" CONTENT="תמוז"/><String HEIGHT="79" WIDTH="202" VPOS="516" HPOS="2017" CONTENT="תרכ״ח"/><String HEIGHT="79" WIDTH="135" VPOS="516" HPOS="2152" CONTENT="מת"/><String HEIGHT="79" WIDTH="135" VPOS="516" HPOS="2219" CONTENT="ר׳"/><String HEIGHT="79" WIDTH="180" VPOS="516" HPOS="2287" CONTENT="חיים"/><String HEIGHT="79" WIDTH="202" VPOS="516" HPOS="2399" CONTENT="שמעון"/><String HEIGHT="79" WIDTH="180" VPOS="516" HPOS="2511" CONTENT="העבאלד"/></TextLine><TextLine ID="r3l8" BASELINE="658" HEIGHT="78" WIDTH="1224" VPOS="580" HPOS="1459"><String HEIGHT="78" WIDTH="1269" VPOS="580" HPOS="1414" CONTENT="ויניח ברכה ב׳ אלף זהובים עו״מ לקרן קיימת אשר פריו יהי'"/></TextLine><TextLine ID="r3l9" BASELINE="722" HEIGHT="81" WIDTH="1229" VPOS="641" HPOS="1461"><String HEIGHT="81" WIDTH="944" VPOS="641" HPOS="1439" CONTENT="לחברת אסיפת זקנים, ואין קומץ כזה משביע."/><String HEIGHT="81" WIDTH="110" VPOS="641" HPOS="2317" CONTENT="—"/><String HEIGHT="81" WIDTH="88" VPOS="641" HPOS="2361" CONTENT=""/><String HEIGHT="81" WIDTH="176" VPOS="641" HPOS="2383" CONTENT="והנה"/><String HEIGHT="81" WIDTH="132" VPOS="641" HPOS="2492" CONTENT="זה"/><String HEIGHT="81" WIDTH="154" VPOS="641" HPOS="2536" CONTENT="כארבע"/></TextLine><TextLine ID="r3l10" BASELINE="785" HEIGHT="80" WIDTH="1231" VPOS="705" HPOS="1452"><String HEIGHT="80" WIDTH="1273" VPOS="705" HPOS="1410" CONTENT="שנים התעורר איש יקר רוח ר׳ יוסף היממעלבלויא, ויתעודד לכונן"/></TextLine><TextLine ID="r3l11" BASELINE="845" HEIGHT="84" WIDTH="1244" VPOS="761" HPOS="1455"><String HEIGHT="84" WIDTH="1292" VPOS="761" HPOS="1407" CONTENT="את החברה הזאת, ויעמול ויגע יומם גם ליל להגיע למטרתו."/></TextLine><TextLine ID="r3l12" BASELINE="911" HEIGHT="80" WIDTH="1241" VPOS="831" HPOS="1454"><String HEIGHT="80" WIDTH="1287" VPOS="831" HPOS="1408" CONTENT="הרצון והיגיעה תעוז לחרוץ מכל שפעת הון לחובק ידו בצלחת."/></TextLine><TextLine ID="r3l13" BASELINE="971" HEIGHT="76" WIDTH="1243" VPOS="895" HPOS="1449"><String HEIGHT="76" WIDTH="1288" VPOS="895" HPOS="1404" CONTENT="אף עמלו עמד לו למצוא אנשים כלבבו, אשר אזרו מתניהם לטובת"/></TextLine><TextLine ID="r3l14" BASELINE="1035" HEIGHT="77" WIDTH="1240" VPOS="958" HPOS="1465"><String HEIGHT="77" WIDTH="1285" VPOS="958" HPOS="1420" CONTENT="אחיהם, הלא המה: ר׳ זלמן וואססערבערג, ר׳ נחום טוסלאוויטץ"/></TextLine><TextLine ID="r3l15" BASELINE="1097" HEIGHT="76" WIDTH="1235" VPOS="1021" HPOS="1461"><String HEIGHT="76" WIDTH="1280" VPOS="1021" HPOS="1416" CONTENT="ר׳ מאטול פינקער וידידי ר׳ אלעזר באליצער והמה השתדלו בכל"/></TextLine><TextLine ID="r3l16" BASELINE="1168" HEIGHT="84" WIDTH="1236" VPOS="1084" HPOS="1462"><String HEIGHT="84" WIDTH="1281" VPOS="1084" HPOS="1417" CONTENT="מאמצי כחם לאסוף פעם בפעם אסיפת נגידי עירנו ונדיבי׳ ליעץ"/></TextLine><TextLine ID="r3l17" BASELINE="1227" HEIGHT="78" WIDTH="1241" VPOS="1149" HPOS="1458"><String HEIGHT="78" WIDTH="1290" VPOS="1149" HPOS="1409" CONTENT="עצות כדת מה לעשות לבצע את התיסדות החברה, לא נחו ולא"/></TextLine><TextLine ID="r3l18" BASELINE="1296" HEIGHT="85" WIDTH="1236" VPOS="1211" HPOS="1463"><String HEIGHT="85" WIDTH="1283" VPOS="1211" HPOS="1416" CONTENT="שקטו מלדבר על לב אנשי קריתנו להרים נדבות ולתת כסף חוק"/></TextLine><TextLine ID="r3l19" BASELINE="1357" HEIGHT="80" WIDTH="1230" VPOS="1277" HPOS="1471"><String HEIGHT="80" WIDTH="1280" VPOS="1277" HPOS="1421" CONTENT="מדי חודש בחדשו לדבר הטוב הזה. —וברוך אל עליון אשר"/></TextLine><TextLine ID="r3l20" BASELINE="1422" HEIGHT="67" WIDTH="1244" VPOS="1355" HPOS="1459"><String HEIGHT="67" WIDTH="1287" VPOS="1355" HPOS="1416" CONTENT="הי׳ בעוזרם, וביום ר״ח תמוז העבר היתה חנוכת בית אסיפת זקנים"/></TextLine><TextLine ID="r3l21" BASELINE="1485" HEIGHT="86" WIDTH="1232" VPOS="1399" HPOS="1471"><String HEIGHT="86" WIDTH="1279" VPOS="1399" HPOS="1424" CONTENT="לשמחת כל יושבי עירנו. — ביום ההוא הסתפחו שמונה זקנים"/></TextLine><TextLine ID="r3l22" BASELINE="1544" HEIGHT="77" WIDTH="1233" VPOS="1467" HPOS="1473"><String HEIGHT="77" WIDTH="1283" VPOS="1467" HPOS="1423" CONTENT="בבית אשר שכרה לה החברה בתוך גן נחמד ושמה נתנו למו"/></TextLine><TextLine ID="r3l23" BASELINE="1609" HEIGHT="81" WIDTH="1241" VPOS="1528" HPOS="1467"><String HEIGHT="81" WIDTH="1290" VPOS="1528" HPOS="1418" CONTENT="מלבושים נאים ומתוקנים מכף רגל ועד ראש, וגם כלי הבית"/></TextLine><TextLine ID="r3l24" BASELINE="1676" HEIGHT="83" WIDTH="1253" VPOS="1593" HPOS="1458"><String HEIGHT="83" WIDTH="1299" VPOS="1593" HPOS="1412" CONTENT="ערוכים בכל כפי החפץ, הנה הערשים ערשי ברזל, וארחת הזקנים"/></TextLine><TextLine ID="r3l25" BASELINE="1728" HEIGHT="70" WIDTH="1231" VPOS="1658" HPOS="1470"><String HEIGHT="70" WIDTH="1276" VPOS="1658" HPOS="1425" CONTENT="ארחת תמיד מדי יום ביומו לא יחסר דבר. ואנשים נכבדים ילכו"/></TextLine><TextLine ID="r3l26" BASELINE="1790" HEIGHT="70" WIDTH="1246" VPOS="1720" HPOS="1470"><String HEIGHT="70" WIDTH="1292" VPOS="1720" HPOS="1424" CONTENT="תמיד לראות כי יהי׳ כל דבר כמשפטו. כעת יסוד מוסד להחברה"/></TextLine><TextLine ID="r3l27" BASELINE="1863" HEIGHT="80" WIDTH="1245" VPOS="1783" HPOS="1457"><String HEIGHT="80" WIDTH="1293" VPOS="1783" HPOS="1409" CONTENT="עשרת אלפים זהובים ע&#34;וו, מלבד תרומת כסף חודש אשר יתנו"/></TextLine><TextLine ID="r3l28" BASELINE="1917" HEIGHT="70" WIDTH="1255" VPOS="1847" HPOS="1455"><String HEIGHT="70" WIDTH="1308" VPOS="1847" HPOS="1402" CONTENT="אנשים למאות מדי חודש בחדשו. ובעת תבנה החברה בית"/></TextLine><TextLine ID="r3l29" BASELINE="1993" HEIGHT="87" WIDTH="1228" VPOS="1906" HPOS="1482"><String HEIGHT="87" WIDTH="1275" VPOS="1906" HPOS="1435" CONTENT="לעצמה תקבל מאת אפטרופסי עזבון ר׳ שלמה נתן וועקסלר את"/></TextLine><TextLine ID="r3l30" BASELINE="2056" HEIGHT="80" WIDTH="1226" VPOS="1976" HPOS="1483"><String HEIGHT="80" WIDTH="1273" VPOS="1976" HPOS="1436" CONTENT="תרומת כסף אשר הניח להחברה. ויד החברה נטוי׳ לאסוף עוד"/></TextLine><TextLine ID="r3l32" BASELINE="2113" HEIGHT="72" WIDTH="827" VPOS="2041" HPOS="1896"><String HEIGHT="72" WIDTH="872" VPOS="2041" HPOS="1874" CONTENT="זקנים הביתה כאשר ירחיב ד׳ את גבולה."/><String HEIGHT="72" WIDTH="67" VPOS="2041" HPOS="2656" CONTENT="—"/></TextLine><TextLine ID="r3l31" BASELINE="2104" HEIGHT="49" WIDTH="159" VPOS="2055" HPOS="1576"><String HEIGHT="49" WIDTH="223" VPOS="2055" HPOS="1512" CONTENT="פג״ש."/></TextLine></TextBlock><TextBlock ID="TextRegion_1523540449428_112" HEIGHT="1589" WIDTH="1315" VPOS="2149" HPOS="1447"><Shape><Polygon POINTS="1466,3738 1447,2149 2730,2149 2762,3731"/></Shape><TextLine ID="r3l33" BASELINE="2265" HEIGHT="78" WIDTH="1122" VPOS="2187" HPOS="1472"><String HEIGHT="78" WIDTH="1170" VPOS="2187" HPOS="1424" CONTENT="קראקא בירח תמוז תרל״ד. לכבוד הרב המו״ל „הצפירה״"/></TextLine><TextLine ID="r3l34" BASELINE="2331" HEIGHT="84" WIDTH="1248" VPOS="2247" HPOS="1467"><String HEIGHT="84" WIDTH="1293" VPOS="2247" HPOS="1422" CONTENT="שלום! דרך חנוך נערים אשר אחזו והחזיקו בו תושבי עירנו, רע"/></TextLine><TextLine ID="r3l35" BASELINE="2394" HEIGHT="74" WIDTH="1251" VPOS="2320" HPOS="1474"><String HEIGHT="74" WIDTH="1296" VPOS="2320" HPOS="1429" CONTENT="הוא מאד, ומנהגם כמנהג יהוא בן נמשי כי בשגעון ינהגו האבות"/></TextLine><TextLine ID="r3l36" BASELINE="2459" HEIGHT="82" WIDTH="1253" VPOS="2377" HPOS="1465"><String HEIGHT="82" WIDTH="1299" VPOS="2377" HPOS="1419" CONTENT="את צעיריהם, ועל דרך לא סלולה ינהלום, כל דורך בה לא ידע"/></TextLine><TextLine ID="r3l37" BASELINE="2512" HEIGHT="74" WIDTH="1247" VPOS="2438" HPOS="1476"><String HEIGHT="74" WIDTH="1294" VPOS="2438" HPOS="1429" CONTENT="שלום. הנערים מפוזרים ומפורדים בחדרים שונים אשד מוריהם"/></TextLine><TextLine ID="r3l38" BASELINE="2585" HEIGHT="84" WIDTH="1233" VPOS="2501" HPOS="1488"><String HEIGHT="84" WIDTH="1279" VPOS="2501" HPOS="1442" CONTENT="מורים ללא דעת וללא סדרים, שמה קננו פרעות ושערורות חדלו"/></TextLine><TextLine ID="r3l39" BASELINE="2649" HEIGHT="80" WIDTH="1254" VPOS="2569" HPOS="1475"><String HEIGHT="80" WIDTH="1299" VPOS="2569" HPOS="1430" CONTENT="ספורות, אשר בקעו ודגרו בצלם ותלדנה זרע ללא אלהים ואנשים,"/></TextLine><TextLine ID="r3l40" BASELINE="2708" HEIGHT="78" WIDTH="1232" VPOS="2630" HPOS="1488"><String HEIGHT="78" WIDTH="1284" VPOS="2630" HPOS="1436" CONTENT="ילדים, לא תורה ולא דעת, לא אמונה ולא תבונה במו,"/></TextLine><TextLine ID="r3l41" BASELINE="2773" HEIGHT="74" WIDTH="1256" VPOS="2699" HPOS="1464"><String HEIGHT="74" WIDTH="1306" VPOS="2699" HPOS="1414" CONTENT="הבנים אינם זרע בירך ה׳ ואדם, והנערים נעורים, מתורה"/></TextLine><TextLine ID="r3l42" BASELINE="2844" HEIGHT="82" WIDTH="1243" VPOS="2762" HPOS="1483"><String HEIGHT="82" WIDTH="1301" VPOS="2762" HPOS="1425" CONTENT="ודרך ארץ, ורקים מכל מדות ישרות אשר תפארת הן"/></TextLine><TextLine ID="r3l43" BASELINE="2909" HEIGHT="88" WIDTH="1235" VPOS="2821" HPOS="1487"><String HEIGHT="88" WIDTH="1284" VPOS="2821" HPOS="1438" CONTENT="לעושיהן ותפארת למו מן האדם. לכן כל איש משכיל ונבון"/></TextLine><TextLine ID="r3l44" BASELINE="2963" HEIGHT="78" WIDTH="1246" VPOS="2885" HPOS="1476"><String HEIGHT="78" WIDTH="1291" VPOS="2885" HPOS="1431" CONTENT="דבר החפץ לחנך בניו על פי דרכי התורה והחכמה וגם מזו ומזו"/></TextLine><TextLine ID="r3l45" BASELINE="3029" HEIGHT="80" WIDTH="1246" VPOS="2949" HPOS="1482"><String HEIGHT="80" WIDTH="1297" VPOS="2949" HPOS="1431" CONTENT="בל יניחו ידם, — כי יבין אשר בעת הזאת, עת כל העמים"/></TextLine><TextLine ID="r3l46" BASELINE="3088" HEIGHT="76" WIDTH="1232" VPOS="3012" HPOS="1494"><String HEIGHT="76" WIDTH="1280" VPOS="3012" HPOS="1446" CONTENT="כלם אשר בתוכם אנחנו יושבים, ישכנו כבוד תחת צל החכמה"/></TextLine><TextLine ID="r3l47" BASELINE="3159" HEIGHT="82" WIDTH="1242" VPOS="3077" HPOS="1486"><String HEIGHT="82" WIDTH="1291" VPOS="3077" HPOS="1437" CONTENT="והתבונה, עתה לא על התורה לבדה יחיה ישראל בגוים, ועל"/></TextLine><TextLine ID="r3l48" BASELINE="3217" HEIGHT="77" WIDTH="1252" VPOS="3140" HPOS="1475"><String HEIGHT="77" WIDTH="1309" VPOS="3140" HPOS="1418" CONTENT="מוסדות דת בלעדי דעת בל תחש לבטח רגלם  לא ידע"/></TextLine><TextLine ID="r3l49" BASELINE="3289" HEIGHT="79" WIDTH="1243" VPOS="3210" HPOS="1489"><String HEIGHT="79" WIDTH="1294" VPOS="3210" HPOS="1438" CONTENT="בנפשו מה יעשה; יבקש מורה טוב אשר יאשר חניכיו בדרך"/></TextLine><TextLine ID="r3l50" BASELINE="3338" HEIGHT="69" WIDTH="1229" VPOS="3269" HPOS="1491"><String HEIGHT="69" WIDTH="1275" VPOS="3269" HPOS="1445" CONTENT="בינה ואיננו! וחפש בית ספר בו ילמדו הנערים תורת אמת מפי"/></TextLine><TextLine ID="r3l51" BASELINE="3402" HEIGHT="71" WIDTH="1234" VPOS="3331" HPOS="1486"><String HEIGHT="71" WIDTH="1287" VPOS="3331" HPOS="1433" CONTENT="מוריהם ולא ימצא! וגם אם יחפש בחפש מחפש ולא יוכל"/></TextLine><TextLine ID="line_1523381649897_98" BASELINE="3461" HEIGHT="70" WIDTH="145" VPOS="3391" HPOS="2578"><String HEIGHT="70" WIDTH="193" VPOS="3391" HPOS="2530" CONTENT="למצוא."/></TextLine><TextLine ID="r3l55" BASELINE="3546" HEIGHT="91" WIDTH="1206" VPOS="3455" HPOS="1482"><String HEIGHT="91" WIDTH="1248" VPOS="3455" HPOS="1440" CONTENT="אי לזאת נוענו יחד, אני הכותב, ומרעי ה׳ פייבל ראבינאוויטץ,"/></TextLine><TextLine ID="r3l56" BASELINE="3608" HEIGHT="90" WIDTH="1249" VPOS="3518" HPOS="1482"><String HEIGHT="90" WIDTH="1296" VPOS="3518" HPOS="1435" CONTENT="וה׳ מאיר וואהלני, ושמנו עצות בנפשנו למשוך אחרינו איזה"/></TextLine><TextLine ID="r3l57" BASELINE="3663" HEIGHT="81" WIDTH="1256" VPOS="3582" HPOS="1477"><String HEIGHT="81" WIDTH="1303" VPOS="3582" HPOS="1430" CONTENT="אנשים צעירים מעירנו, ליסד חברה אשר פינו בשם „שוחרי טוב"/></TextLine></TextBlock><TextBlock ID="TextRegion_1523540457555_115" HEIGHT="1820" WIDTH="1300" VPOS="205" HPOS="125"><Shape><Polygon POINTS="1425,2025 125,2025 125,205 1425,205"/></Shape><TextLine ID="r1l1" BASELINE="279" HEIGHT="75" WIDTH="1279" VPOS="204" HPOS="117"><String HEIGHT="75" WIDTH="1321" VPOS="204" HPOS="75" CONTENT="ותושיה״ יקבנה. תעודתנו היתה להראות לאנשי עירנו ע&amp;quot;י מגלות"/></TextLine><TextLine ID="r1l2" BASELINE="348" HEIGHT="83" WIDTH="1255" VPOS="265" HPOS="135"><String HEIGHT="83" WIDTH="1305" VPOS="265" HPOS="85" CONTENT="עפות את כל דבר רע ומשחת כי ימצא בענין חנוך הנערים,"/></TextLine><TextLine ID="r1l3" BASELINE="412" HEIGHT="84" WIDTH="1267" VPOS="328" HPOS="126"><String HEIGHT="84" WIDTH="1312" VPOS="328" HPOS="81" CONTENT="ובמה יוכלו סקל כרם החנוך, כרם ד׳ צבאות, מאבני נגף ומכשול"/></TextLine><TextLine ID="r1l4" BASELINE="469" HEIGHT="78" WIDTH="1260" VPOS="391" HPOS="134"><String HEIGHT="78" WIDTH="1304" VPOS="391" HPOS="90" CONTENT="יתנגפו במו רגלי בניהם. בפינו דברנו ובעטנו מלאנו; כי בספרי"/></TextLine><TextLine ID="r1l5" BASELINE="540" HEIGHT="95" WIDTH="1252" VPOS="445" HPOS="138"><String HEIGHT="95" WIDTH="1302" VPOS="445" HPOS="88" CONTENT="המגלות אשר שלחנו על פני חוץ הראינו לעין כל, אשר אך"/></TextLine><TextLine ID="r1l6" BASELINE="595" HEIGHT="73" WIDTH="1261" VPOS="522" HPOS="132"><String HEIGHT="73" WIDTH="1307" VPOS="522" HPOS="86" CONTENT="בזאת יושעו צעירנו בהוסד בעירנו „בית למוד תורה כללי&#34; תחת"/></TextLine><TextLine ID="r1l7" BASELINE="662" HEIGHT="75" WIDTH="1269" VPOS="587" HPOS="120"><String HEIGHT="75" WIDTH="1312" VPOS="587" HPOS="77" CONTENT="השגחת רב העיר וחכמיה, אשר בו יאמנו הנערים אצל מורים משכילים"/></TextLine><TextLine ID="r1l8" BASELINE="725" HEIGHT="78" WIDTH="1263" VPOS="647" HPOS="132"><String HEIGHT="78" WIDTH="1312" VPOS="647" HPOS="83" CONTENT="ומביני מדע על ברכי האמונה הטהורה ותבונה ישרה, ויאלפו"/></TextLine><TextLine ID="r1l9" BASELINE="788" HEIGHT="78" WIDTH="1265" VPOS="710" HPOS="140"><String HEIGHT="78" WIDTH="1311" VPOS="710" HPOS="94" CONTENT="תורת ד׳ ואדם מפורש ושום שכל. והיה כי יגדלו והיו לאנשים,"/></TextLine><TextLine ID="r1l10" BASELINE="856" HEIGHT="83" WIDTH="1270" VPOS="773" HPOS="120"><String HEIGHT="83" WIDTH="1322" VPOS="773" HPOS="68" CONTENT="כעת יאמר להם מה פעל במו קול הדעת המתהלך בגן החכמה"/></TextLine><TextLine ID="r1l11" BASELINE="915" HEIGHT="81" WIDTH="1250" VPOS="834" HPOS="144"><String HEIGHT="81" WIDTH="1298" VPOS="834" HPOS="96" CONTENT="לרוח התורה המשיבת נפש, לא יבשו עוד כי ידברו את אויבי"/></TextLine><TextLine ID="r1l12" BASELINE="985" HEIGHT="83" WIDTH="1260" VPOS="902" HPOS="139"><String HEIGHT="83" WIDTH="1305" VPOS="902" HPOS="94" CONTENT="האמונה והחכמה בשער. והנה לעליצות נפש כל איש חובב ישורון,"/></TextLine><TextLine ID="r1l13" BASELINE="1045" HEIGHT="81" WIDTH="1260" VPOS="964" HPOS="145"><String HEIGHT="81" WIDTH="1308" VPOS="964" HPOS="97" CONTENT="הכו דברינו אלה שרש בלב העם, וביום נטעם שנשנו ועשו פרי"/></TextLine><TextLine ID="r1l14" BASELINE="1108" HEIGHT="81" WIDTH="1269" VPOS="1027" HPOS="137"><String HEIGHT="81" WIDTH="1319" VPOS="1027" HPOS="87" CONTENT="הלולים, כי ביום ש״ק פרשת חקת התאספו יחד בבית „אסיפת"/></TextLine><TextLine ID="r1l15" BASELINE="1168" HEIGHT="76" WIDTH="1270" VPOS="1092" HPOS="138"><String HEIGHT="76" WIDTH="1317" VPOS="1092" HPOS="91" CONTENT="זקנים&#34; ראשי עדתנו, הלא המה: הגביר הנודע בשערים ר׳ שלמה"/></TextLine><TextLine ID="r1l16" BASELINE="1236" HEIGHT="78" WIDTH="1291" VPOS="1158" HPOS="123"><String HEIGHT="78" WIDTH="1336" VPOS="1158" HPOS="78" CONTENT="דייכעס פו״מ הראש דקהלתנו, ר׳ יהודה בירנבוים, ר׳ יהודה ליב"/></TextLine><TextLine ID="r1l17" BASELINE="1300" HEIGHT="80" WIDTH="1277" VPOS="1220" HPOS="130"><String HEIGHT="80" WIDTH="1323" VPOS="1220" HPOS="84" CONTENT="טהארן, ר׳ זאב וואלף פאם, ר׳ ליפמאן ברייטער ר׳ יהודה ליב"/></TextLine><TextLine ID="r1l18" BASELINE="1368" HEIGHT="88" WIDTH="1256" VPOS="1280" HPOS="144"><String HEIGHT="88" WIDTH="1302" VPOS="1280" HPOS="98" CONTENT="לעבענהיים כל אלה פו״מ דקהלתנו, גם ר׳ חיים ליבש הלוי איש"/></TextLine><TextLine ID="r1l19" BASELINE="1426" HEIGHT="77" WIDTH="1273" VPOS="1349" HPOS="132"><String HEIGHT="77" WIDTH="1318" VPOS="1349" HPOS="87" CONTENT="הורוווץ, ר׳ ישראל קראסוצקי, ר׳ יהושוע וואלפגאנג, ר׳ משה."/></TextLine><TextLine ID="r1l20" BASELINE="1491" HEIGHT="81" WIDTH="1252" VPOS="1410" HPOS="150"><String HEIGHT="81" WIDTH="1297" VPOS="1410" HPOS="105" CONTENT="שמואל טהארן, ר׳ אלעזר שלמה לאנדוי. (כאשר יחזו עיני אדוני"/></TextLine><TextLine ID="r1l21" BASELINE="1558" HEIGHT="82" WIDTH="1266" VPOS="1476" HPOS="144"><String HEIGHT="82" WIDTH="1319" VPOS="1476" HPOS="91" CONTENT="בכתב הרצוף פה) והם העמיסו על שכמם עבודה קדשה זאת"/></TextLine><TextLine ID="r1l22" BASELINE="1612" HEIGHT="78" WIDTH="1270" VPOS="1534" HPOS="138"><String HEIGHT="78" WIDTH="1319" VPOS="1534" HPOS="89" CONTENT="להוציא הדבר הגדול לפעולות אדם, ואחריהם רב אדם ימשכו."/></TextLine><TextLine ID="r1l23" BASELINE="1682" HEIGHT="83" WIDTH="1247" VPOS="1599" HPOS="153"><String HEIGHT="83" WIDTH="1294" VPOS="1599" HPOS="106" CONTENT="יתן ד׳ ויבצעו את אשר החלו לעשות וחפצם הטוב בידם יצלח,"/></TextLine><TextLine ID="r1l24" BASELINE="1746" HEIGHT="86" WIDTH="1246" VPOS="1660" HPOS="162"><String HEIGHT="86" WIDTH="1291" VPOS="1660" HPOS="117" CONTENT="כי יבנה ויכונן בית ספר כזה לצבי ולכבוד, לגאון ולתפארת עד"/></TextLine><TextLine ID="r1l25" BASELINE="1803" HEIGHT="77" WIDTH="1220" VPOS="1726" HPOS="192"><String HEIGHT="77" WIDTH="1273" VPOS="1726" HPOS="139" CONTENT="עולם כחפץ כל איש דורש שלום עמו וטובם כל הימים."/></TextLine><TextLine ID="r1l26" BASELINE="1868" HEIGHT="79" WIDTH="386" VPOS="1789" HPOS="362"><String HEIGHT="79" WIDTH="441" VPOS="1789" HPOS="307" CONTENT="מנחם מענדל פאם"/></TextLine><TextLine ID="r1l27" BASELINE="1935" HEIGHT="66" WIDTH="817" VPOS="1869" HPOS="150"><String HEIGHT="66" WIDTH="865" VPOS="1869" HPOS="102" CONTENT="הכותב בשם חברת „שוחרי טוב ותושיה״."/></TextLine></TextBlock><TextBlock ID="TextRegion_1523540457555_114" HEIGHT="1911" WIDTH="1300" VPOS="2045" HPOS="125"><Shape><Polygon POINTS="1425,3956 125,3956 125,2045 1425,2045"/></Shape><TextLine ID="r1l28" BASELINE="2244" HEIGHT="106" WIDTH="422" VPOS="2138" HPOS="574"><String HEIGHT="106" WIDTH="528" VPOS="2138" HPOS="469" CONTENT="רוסלאנד."/></TextLine><TextLine ID="r1l30" BASELINE="2341" HEIGHT="84" WIDTH="1147" VPOS="2257" HPOS="147"><String HEIGHT="84" WIDTH="1194" VPOS="2257" HPOS="100" CONTENT="ווארשא. כבוד הדר אדונינו הקיסר אלכסנדר השני יר״ה,"/></TextLine><TextLine ID="r1l31" BASELINE="2404" HEIGHT="81" WIDTH="1258" VPOS="2323" HPOS="156"><String HEIGHT="81" WIDTH="1302" VPOS="2323" HPOS="112" CONTENT="הופיע אלינו ביום ד׳ פ׳ מט״ומ בשעה 11 קודם חצות היום, מבית"/></TextLine><TextLine ID="r1l32" BASELINE="2468" HEIGHT="81" WIDTH="1282" VPOS="2387" HPOS="150"><String HEIGHT="81" WIDTH="1327" VPOS="2387" HPOS="105" CONTENT="מסילת הברזל ווינער עד רחוב הארוך (לאנגע גאסע). יושבי העיר"/></TextLine><TextLine ID="r1l33" BASELINE="2531" HEIGHT="81" WIDTH="1263" VPOS="2450" HPOS="157"><String HEIGHT="81" WIDTH="1308" VPOS="2450" HPOS="112" CONTENT="עמדו פה צפופים מימין ושמאל להנות מזיו תואר פני המלך, ועל"/></TextLine><TextLine ID="r1l34" BASELINE="2601" HEIGHT="89" WIDTH="1276" VPOS="2512" HPOS="153"><String HEIGHT="89" WIDTH="1321" VPOS="2512" HPOS="108" CONTENT="כל בתי העיר התנוססו דגלי אהבה וכבוד, ומן החלונות רפידי שש"/></TextLine><TextLine ID="r1l35" BASELINE="2657" HEIGHT="82" WIDTH="1248" VPOS="2575" HPOS="176"><String HEIGHT="82" WIDTH="1290" VPOS="2575" HPOS="134" CONTENT="וארגמן, ציורים ופרחים למיניהם, ובלילות האירו חשכת ליל מאורי"/></TextLine><TextLine ID="r1l36" BASELINE="2718" HEIGHT="79" WIDTH="1270" VPOS="2639" HPOS="150"><String HEIGHT="79" WIDTH="1314" VPOS="2639" HPOS="106" CONTENT="אור לאלפים ולרבבות, ועל טוב יזכרו אחינו מרחוב מארינאוו וגם"/></TextLine><TextLine ID="r1l37" BASELINE="2785" HEIGHT="82" WIDTH="1267" VPOS="2703" HPOS="160"><String HEIGHT="82" WIDTH="1317" VPOS="2703" HPOS="110" CONTENT="נאלעווקין, כי בעת אשר אנשי הצבא עוברים ושבים ממשטרי"/></TextLine><TextLine ID="r1l38" BASELINE="2858" HEIGHT="89" WIDTH="1258" VPOS="2769" HPOS="168"><String HEIGHT="89" WIDTH="1301" VPOS="2769" HPOS="125" CONTENT="הארץ לעיני הקיסר יר״ה, ורבים עיפים מחום היום, יצאו מרחובות"/></TextLine><TextLine ID="r1l39" BASELINE="2913" HEIGHT="82" WIDTH="1262" VPOS="2831" HPOS="164"><String HEIGHT="82" WIDTH="1308" VPOS="2831" HPOS="118" CONTENT="הנ״ל לקראתם בכדים וחביות מלאים מים קרים להרות נפש עיפה."/></TextLine><TextLine ID="r1l40" BASELINE="2975" HEIGHT="79" WIDTH="1198" VPOS="2896" HPOS="156"><String HEIGHT="79" WIDTH="1250" VPOS="2896" HPOS="104" CONTENT="כסא המלוכה של אדוני ארץ החוי, הובא לעיר המלוכה"/></TextLine><TextLine ID="r1l41" BASELINE="3042" HEIGHT="85" WIDTH="1266" VPOS="2957" HPOS="156"><String HEIGHT="85" WIDTH="1314" VPOS="2957" HPOS="108" CONTENT="פעטרסבורג, והוא כולו של עץ, ורק במקום לשבת הושם טס של"/></TextLine><TextLine ID="r1l42" BASELINE="3107" HEIGHT="87" WIDTH="1259" VPOS="3020" HPOS="170"><String HEIGHT="87" WIDTH="1306" VPOS="3020" HPOS="123" CONTENT="כסף. מכתבי העתים בפ״ב מודיעים כי על זמן המוגבל ביום 30"/></TextLine><TextLine ID="r1l43" BASELINE="3168" HEIGHT="80" WIDTH="1251" VPOS="3088" HPOS="173"><String HEIGHT="80" WIDTH="1295" VPOS="3088" HPOS="129" CONTENT="אוגוסט, יגמרו עגלות יפות במסילת הברזל בעד המלכה וויקטאריע"/></TextLine><TextLine ID="r1l44" BASELINE="3235" HEIGHT="85" WIDTH="1271" VPOS="3150" HPOS="161"><String HEIGHT="85" WIDTH="1313" VPOS="3150" HPOS="119" CONTENT="יר״ה, הנכונה לבוא לעיר המלוכה פ״ב. נסיעתה לעיר הנ&amp;quot;ל תכיל"/></TextLine><TextLine ID="r1l45" BASELINE="3292" HEIGHT="85" WIDTH="1104" VPOS="3207" HPOS="324"><String HEIGHT="85" WIDTH="1146" VPOS="3207" HPOS="282" CONTENT="ח׳ עגלות, ומהם ה׳ עגלות עבור המיניסטארים ורואי פניה."/></TextLine><TextLine ID="r1l46" BASELINE="3365" HEIGHT="84" WIDTH="1270" VPOS="3281" HPOS="157"><String HEIGHT="84" WIDTH="1328" VPOS="3281" HPOS="99" CONTENT="עיר קעה בפולין סטאשאו, כמעט כלה עלתה על מוקד"/></TextLine><TextLine ID="r1l47" BASELINE="3427" HEIGHT="93" WIDTH="1266" VPOS="3334" HPOS="164"><String HEIGHT="93" WIDTH="1315" VPOS="3334" HPOS="115" CONTENT="האש, עד 120 בתים נשרפו על תלם העיר הזאת היא של האדון"/></TextLine><TextLine ID="r1l48" BASELINE="3494" HEIGHT="95" WIDTH="1260" VPOS="3399" HPOS="166"><String HEIGHT="95" WIDTH="1310" VPOS="3399" HPOS="116" CONTENT="הגראף פאטאצקי, וירחם על האומללים ויתן נדבתו להם סך"/></TextLine><TextLine ID="r1l49" BASELINE="3558" HEIGHT="86" WIDTH="1265" VPOS="3472" HPOS="168"><String HEIGHT="86" WIDTH="1313" VPOS="3472" HPOS="120" CONTENT="2500 רו״כ לחלק תיכף ביניהם, וגם הבטיח לעניים לתת להם."/></TextLine><TextLine ID="line_1523381627217_97" BASELINE="3610" HEIGHT="79" WIDTH="500" VPOS="3531" HPOS="934"><String HEIGHT="79" WIDTH="550" VPOS="3531" HPOS="884" CONTENT="עצים לבנות להם בתים."/></TextLine><TextLine ID="line_1523381707628_99" BASELINE="3684" HEIGHT="89" WIDTH="344" VPOS="3595" HPOS="337"><String HEIGHT="89" WIDTH="390" VPOS="3595" HPOS="291" CONTENT="אהרן טעננענבוים"/></TextLine></TextBlock></PrintSpace></Page></Layout></alto>