<?xml version="1.0" encoding="UTF-8"?><alto xmlns:xsi="http://www.w3.org/2001/XMLSchema-instance" xmlns="http://www.loc.gov/standards/alto/ns-v2#" xmlns:page="http://schema.primaresearch.org/PAGE/gts/pagecontent/2013-07-15" xsi:schemaLocation="http://schema.primaresearch.org/PAGE/gts/pagecontent/2013-07-15 http://schema.primaresearch.org/PAGE/gts/pagecontent/2013-07-15/pagecontent.xsd http://www.loc.gov/standards/alto/ns-v2# http://www.loc.gov/standards/alto/alto-v2.0.xsd"><Description><MeasurementUnit>pixel</MeasurementUnit></Description><Layout><Page ID="Page1" PHYSICAL_IMG_NR="1" HEIGHT="3938" WIDTH="3026"><TopMargin HEIGHT="0" WIDTH="3026" VPOS="0" HPOS="0"/><LeftMargin HEIGHT="3938" WIDTH="0" VPOS="0" HPOS="0"/><RightMargin HEIGHT="3938" WIDTH="0" VPOS="0" HPOS="3026"/><BottomMargin HEIGHT="0" WIDTH="3026" VPOS="3938" HPOS="0"/><PrintSpace HEIGHT="3938" WIDTH="3026" VPOS="0" HPOS="0"><TextBlock ID="region_1523540757541_120" HEIGHT="50" WIDTH="300" VPOS="115" HPOS="1306"><Shape><Polygon POINTS="1306,115 1306,165 1606,165 1606,115"/></Shape><TextLine ID="line_1523540757640_121" BASELINE="178" HEIGHT="74" WIDTH="320" VPOS="104" HPOS="1296"><String HEIGHT="74" WIDTH="427" VPOS="104" HPOS="1189" CONTENT="— 22 —"/></TextLine></TextBlock><TextBlock ID="TextRegion_1523540687014_117" HEIGHT="3035" WIDTH="1281" VPOS="224" HPOS="1493"><Shape><Polygon POINTS="2774,3259 1493,3259 1493,224 2774,224"/></Shape><TextLine ID="r4l1" BASELINE="286" HEIGHT="76" WIDTH="1133" VPOS="210" HPOS="1495"><String HEIGHT="76" WIDTH="1182" VPOS="210" HPOS="1446" CONTENT="(חברת אגורת קודש אחות ציון). החברה הזאת נתיסדה"/></TextLine><TextLine ID="r4l2" BASELINE="344" HEIGHT="58" WIDTH="1251" VPOS="286" HPOS="1490"><String HEIGHT="58" WIDTH="1298" VPOS="286" HPOS="1443" CONTENT="זה כשנתים ימים במדינתנו, ואם כי כבר הודיעו כמה סופרים"/></TextLine><TextLine ID="r4l3" BASELINE="408" HEIGHT="75" WIDTH="1253" VPOS="333" HPOS="1491"><String HEIGHT="75" WIDTH="1299" VPOS="333" HPOS="1445" CONTENT="משכילים בכה&#34;ע העברים גודל מעלת האגודה, ואיך ראוי ונכון"/></TextLine><TextLine ID="r4l4" BASELINE="475" HEIGHT="79" WIDTH="1252" VPOS="396" HPOS="1485"><String HEIGHT="79" WIDTH="1301" VPOS="396" HPOS="1436" CONTENT="שכל איש אשר בשם ישראל יכונה יקבל עליו את שם „ציון״,"/></TextLine><TextLine ID="r4l5" BASELINE="539" HEIGHT="78" WIDTH="1251" VPOS="461" HPOS="1492"><String HEIGHT="78" WIDTH="1298" VPOS="461" HPOS="1445" CONTENT="בכל זאת, יען לא הייתי חבר עד כה, דמיתי פן צודקים דברי"/></TextLine><TextLine ID="r4l6" BASELINE="603" HEIGHT="82" WIDTH="1258" VPOS="521" HPOS="1485"><String HEIGHT="82" WIDTH="1305" VPOS="521" HPOS="1438" CONTENT="המסטינים והמקטריגים אשר יפילו לעלות ולבקע את חומות בת"/></TextLine><TextLine ID="r4l7" BASELINE="666" HEIGHT="79" WIDTH="1253" VPOS="587" HPOS="1491"><String HEIGHT="79" WIDTH="1299" VPOS="587" HPOS="1445" CONTENT="ציון, ולדאבון לבינו, ימצאו כמה אנשים אשר בעינים עצומות"/></TextLine><TextLine ID="r4l8" BASELINE="728" HEIGHT="79" WIDTH="1242" VPOS="649" HPOS="1491"><String HEIGHT="79" WIDTH="1293" VPOS="649" HPOS="1440" CONTENT="ישמעו אך לדברי אחרים, והמה הוציאו קלא דלא פסיק כי"/></TextLine><TextLine ID="r4l9" BASELINE="791" HEIGHT="82" WIDTH="1255" VPOS="709" HPOS="1491"><String HEIGHT="82" WIDTH="1302" VPOS="709" HPOS="1444" CONTENT="מטרת החברה לעבור על דתי תוה״ק, ועוד דברים כאלה וכאלה,"/></TextLine><TextLine ID="r4l10" BASELINE="848" HEIGHT="76" WIDTH="1247" VPOS="772" HPOS="1494"><String HEIGHT="76" WIDTH="1297" VPOS="772" HPOS="1444" CONTENT="ותמכו דבריהם להראות לכל, כי כל דבריהם על אדני האמת"/></TextLine><TextLine ID="r4l11" BASELINE="921" HEIGHT="72" WIDTH="1247" VPOS="849" HPOS="1486"><String HEIGHT="72" WIDTH="1299" VPOS="849" HPOS="1434" CONTENT="יען כי חוקי אגודתינו אך בשפת רומענית נכתבו, אמרו"/></TextLine><TextLine ID="r4l13" BASELINE="981" HEIGHT="79" WIDTH="1260" VPOS="902" HPOS="1486"><String HEIGHT="79" WIDTH="1309" VPOS="902" HPOS="1437" CONTENT="„איכה תעזבו שפתכם העבריה למען חבק נכריה, איכה תעזבו"/></TextLine><TextLine ID="r4l14" BASELINE="1048" HEIGHT="77" WIDTH="1261" VPOS="971" HPOS="1487"><String HEIGHT="77" WIDTH="1321" VPOS="971" HPOS="1427" CONTENT="אם הלשונות לאהוב שפחתה״. אבל כעת הנני יודע"/></TextLine><TextLine ID="r4l15" BASELINE="1110" HEIGHT="84" WIDTH="1260" VPOS="1026" HPOS="1492"><String HEIGHT="84" WIDTH="1309" VPOS="1026" HPOS="1443" CONTENT="ועד כי אין באגודתנו שום דבר נגד הדת, ומי לא יודה כי"/></TextLine><TextLine ID="r4l16" BASELINE="1174" HEIGHT="79" WIDTH="1263" VPOS="1095" HPOS="1493"><String HEIGHT="79" WIDTH="1311" VPOS="1095" HPOS="1445" CONTENT="שאלתם מדוע נכתבו חוקי האגודה בלשון רומאניה אינה כלום,"/></TextLine><TextLine ID="r4l17" BASELINE="1232" HEIGHT="74" WIDTH="1275" VPOS="1158" HPOS="1485"><String HEIGHT="74" WIDTH="1326" VPOS="1158" HPOS="1434" CONTENT="והבל יפצה פיהם, האם כל גדולי הדור אשר כל בית ישראל"/></TextLine><TextLine ID="r4l18" BASELINE="1301" HEIGHT="81" WIDTH="1258" VPOS="1220" HPOS="1493"><String HEIGHT="81" WIDTH="1305" VPOS="1220" HPOS="1446" CONTENT="נשען עליהם לא כתבו ספריהם בלשון העמים אשר דרו בם? הכי"/></TextLine><TextLine ID="r4l19" BASELINE="1356" HEIGHT="69" WIDTH="1252" VPOS="1287" HPOS="1498"><String HEIGHT="69" WIDTH="1296" VPOS="1287" HPOS="1454" CONTENT="בזה נשפילה שפתנו? ומה גם בזמנינו כמעט כולם יודעים ומבינים"/></TextLine><TextLine ID="r4l20" BASELINE="1428" HEIGHT="79" WIDTH="1270" VPOS="1349" HPOS="1485"><String HEIGHT="79" WIDTH="1316" VPOS="1349" HPOS="1439" CONTENT="לשון רומענית, ולשון עברית מעטים המה היודעים ונער יכתבם,"/></TextLine><TextLine ID="r4l21" BASELINE="1491" HEIGHT="79" WIDTH="1250" VPOS="1412" HPOS="1496"><String HEIGHT="79" WIDTH="1297" VPOS="1412" HPOS="1449" CONTENT="ע״כ לכם אישים אקרא, הטו נא לדברי אשר אנכי נותן לפניכם"/></TextLine><TextLine ID="r4l22" BASELINE="1554" HEIGHT="79" WIDTH="1262" VPOS="1475" HPOS="1496"><String HEIGHT="79" WIDTH="1306" VPOS="1475" HPOS="1452" CONTENT="היום, הקבצו ושמעו ותהי לאגודה אחת עם החברה הנכבדה „ציון&#34;,"/></TextLine><TextLine ID="r4l23" BASELINE="1606" HEIGHT="66" WIDTH="1273" VPOS="1540" HPOS="1485"><String HEIGHT="66" WIDTH="1327" VPOS="1540" HPOS="1431" CONTENT="אשר דגלה: „השואה ואחדות״. כי העת הזאת תובעת בפה"/></TextLine><TextLine ID="r4l24" BASELINE="1682" HEIGHT="93" WIDTH="1283" VPOS="1589" HPOS="1486"><String HEIGHT="93" WIDTH="1326" VPOS="1589" HPOS="1443" CONTENT="לאמור: הבו שלום, הבו אחדות, ואך ע&amp;quot;י השלום והאחדות נקוה"/></TextLine><TextLine ID="r4l25" BASELINE="1734" HEIGHT="68" WIDTH="1258" VPOS="1666" HPOS="1503"><String HEIGHT="68" WIDTH="923" VPOS="1666" HPOS="1475" CONTENT="כי בעגלא נושע, וגאולתנו תבא. "/><String HEIGHT="68" WIDTH="112" VPOS="1666" HPOS="2314" CONTENT=""/><String HEIGHT="68" WIDTH="196" VPOS="1666" HPOS="2342" CONTENT="בלי"/><String HEIGHT="68" WIDTH="252" VPOS="1666" HPOS="2453" CONTENT="תפונה"/><String HEIGHT="68" WIDTH="168" VPOS="1666" HPOS="2593" CONTENT="שמעו"/></TextLine><TextLine ID="r4l26" BASELINE="1809" HEIGHT="78" WIDTH="1252" VPOS="1731" HPOS="1509"><String HEIGHT="78" WIDTH="1294" VPOS="1731" HPOS="1467" CONTENT="גם קוראיך מנסיעת הח׳ סמאלענסקי לערי רומאניה ליסד בתי שמה ספר"/></TextLine><TextLine ID="r4l27" BASELINE="1872" HEIGHT="77" WIDTH="1253" VPOS="1795" HPOS="1500"><String HEIGHT="77" WIDTH="1297" VPOS="1795" HPOS="1456" CONTENT="למורים, ואם כי אין אתנו עוד יודע אם בהבתי ספר האלו יתרומם"/></TextLine><TextLine ID="r4l28" BASELINE="1936" HEIGHT="79" WIDTH="1249" VPOS="1857" HPOS="1513"><String HEIGHT="79" WIDTH="1296" VPOS="1857" HPOS="1466" CONTENT="מצבנו הרע, בכל זאת למען יסתמו פיות מסטינינו אשר יאמרו"/></TextLine><TextLine ID="r4l29" BASELINE="2000" HEIGHT="67" WIDTH="1248" VPOS="1933" HPOS="1508"><String HEIGHT="67" WIDTH="1290" VPOS="1933" HPOS="1466" CONTENT="כי אין הדעת (וויססענשאפט) בינינו, ובוערים אנחנו, טוב טוב כי"/></TextLine><TextLine ID="r4l30" BASELINE="2062" HEIGHT="76" WIDTH="1257" VPOS="1986" HPOS="1505"><String HEIGHT="76" WIDTH="1305" VPOS="1986" HPOS="1457" CONTENT="תיסדו בכל עיר בתי-ספר. — אך רבים קמו גם על הח׳ הנז',"/></TextLine><TextLine ID="r4l31" BASELINE="2127" HEIGHT="78" WIDTH="1254" VPOS="2049" HPOS="1498"><String HEIGHT="78" WIDTH="1298" VPOS="2049" HPOS="1454" CONTENT="וישיתו עלילה עליו באזני השופטים כי יש לו מכתב -מסע מזויף,"/></TextLine><TextLine ID="r4l32" BASELINE="2190" HEIGHT="79" WIDTH="1254" VPOS="2111" HPOS="1497"><String HEIGHT="79" WIDTH="1309" VPOS="2111" HPOS="1442" CONTENT="ובאותו שעה אשר רצה לנסוע מיאססע (ושם אסף חמשים"/></TextLine><TextLine ID="r4l33" BASELINE="2254" HEIGHT="82" WIDTH="1262" VPOS="2172" HPOS="1495"><String HEIGHT="82" WIDTH="1308" VPOS="2172" HPOS="1449" CONTENT="אלף פראנקס לטובת הבתי-ספר הנ״ל) אל עיר באטושאן, אשר שמה"/></TextLine><TextLine ID="r4l34" BASELINE="2321" HEIGHT="82" WIDTH="1262" VPOS="2239" HPOS="1503"><String HEIGHT="82" WIDTH="1308" VPOS="2239" HPOS="1457" CONTENT="נקרא ע&#34;י דלוג-רב, ובעת היותו בחצר מסילת הברזל, נגש אליו"/></TextLine><TextLine ID="r4l35" BASELINE="2381" HEIGHT="79" WIDTH="1276" VPOS="2302" HPOS="1491"><String HEIGHT="79" WIDTH="1328" VPOS="2302" HPOS="1439" CONTENT="ראש העיר מיאססע וישאלהו על שמו: „פעטער סמאלענסקי״"/></TextLine><TextLine ID="r4l36" BASELINE="2442" HEIGHT="74" WIDTH="1255" VPOS="2368" HPOS="1509"><String HEIGHT="74" WIDTH="1306" VPOS="2368" HPOS="1458" CONTENT="ענהו &amp;quot;והא לך המכתב המסע. — כראות ראש העיר כי"/></TextLine><TextLine ID="r4l37" BASELINE="2509" HEIGHT="82" WIDTH="1287" VPOS="2427" HPOS="1487"><String HEIGHT="82" WIDTH="1337" VPOS="2427" HPOS="1437" CONTENT="בהפאס נכתב „פרץ בן משה סמאלענסקי&#34; רצה להביאו אל בית"/></TextLine><TextLine ID="r4l38" BASELINE="2571" HEIGHT="77" WIDTH="1281" VPOS="2494" HPOS="1484"><String HEIGHT="77" WIDTH="1332" VPOS="2494" HPOS="1433" CONTENT="הסוהר, אך כרגע נודע הדבר אל הגביר ה׳ יעקב נייאשאטץ"/></TextLine><TextLine ID="r4l39" BASELINE="2635" HEIGHT="78" WIDTH="1254" VPOS="2557" HPOS="1509"><String HEIGHT="78" WIDTH="1304" VPOS="2557" HPOS="1459" CONTENT="ויבא שם, וירא לעין כל כי שם פרץ ופעטער אחד הוא, אך"/></TextLine><TextLine ID="r4l40" BASELINE="2699" HEIGHT="79" WIDTH="1277" VPOS="2620" HPOS="1486"><String HEIGHT="79" WIDTH="1327" VPOS="2620" HPOS="1436" CONTENT="המוסרים לא החשו עוד והדפיסו תיכף במ״ע: „קוריעריל דע"/></TextLine><TextLine ID="r4l41" BASELINE="2763" HEIGHT="78" WIDTH="1263" VPOS="2685" HPOS="1496"><String HEIGHT="78" WIDTH="1306" VPOS="2685" HPOS="1453" CONTENT="יאססע״ כי הח׳ הנ&amp;quot;ל יש לו שטר מזיוף, וכי הוא שודד וגוזל"/></TextLine><TextLine ID="r4l42" BASELINE="2823" HEIGHT="75" WIDTH="1263" VPOS="2748" HPOS="1499"><String HEIGHT="75" WIDTH="1310" VPOS="2748" HPOS="1452" CONTENT="את כל היהודים יושבי רומאניה, ובמאמר הלז דברו סרה גם על"/></TextLine><TextLine ID="r4l43" BASELINE="2891" HEIGHT="84" WIDTH="1254" VPOS="2807" HPOS="1508"><String HEIGHT="84" WIDTH="1300" VPOS="2807" HPOS="1462" CONTENT="חברת „ציון&#34;. הח׳ סמאלענסקי בראותו זאת, ובידעו כי קשה לו"/></TextLine><TextLine ID="r4l44" BASELINE="2954" HEIGHT="94" WIDTH="1268" VPOS="2860" HPOS="1497"><String HEIGHT="94" WIDTH="1318" VPOS="2860" HPOS="1447" CONTENT="כעת לקבל רשיון מהממשלה ליסד הבתי-ספר למורים ורבנים,"/></TextLine><TextLine ID="r4l45" BASELINE="3020" HEIGHT="81" WIDTH="1275" VPOS="2939" HPOS="1487"><String HEIGHT="81" WIDTH="1323" VPOS="2939" HPOS="1439" CONTENT="יען הממשלה תראה כי גם בין היהודים ימצאו הרבה אשר רוחם"/></TextLine><TextLine ID="r4l46" BASELINE="3084" HEIGHT="83" WIDTH="1268" VPOS="3001" HPOS="1503"><String HEIGHT="83" WIDTH="1319" VPOS="3001" HPOS="1452" CONTENT="אין נוחה מזה, הוכרח ליסע כעת אל מקומו לוויען.  ואם"/></TextLine><TextLine ID="r4l47" BASELINE="3147" HEIGHT="77" WIDTH="1107" VPOS="3070" HPOS="1663"><String HEIGHT="77" WIDTH="1151" VPOS="3070" HPOS="1619" CONTENT="תבאנה לידי עוד ידיעות בדבר הזה, אודיען תיכף אליך.-"/></TextLine><TextLine ID="r4l48" BASELINE="3201" HEIGHT="58" WIDTH="277" VPOS="3143" HPOS="1670"><String HEIGHT="58" WIDTH="327" VPOS="3143" HPOS="1620" CONTENT="מאיר יוסטער"/></TextLine></TextBlock><TextBlock ID="TextRegion_1523540687014_116" HEIGHT="409" WIDTH="1281" VPOS="3259" HPOS="1493"><Shape><Polygon POINTS="2774,3668 1493,3668 1493,3259 2774,3259"/></Shape><TextLine ID="r4l49" BASELINE="3498" HEIGHT="94" WIDTH="501" VPOS="3404" HPOS="1889"><String HEIGHT="94" WIDTH="644" VPOS="3404" HPOS="1746" CONTENT="תוגרמה."/></TextLine><TextLine ID="r4l50" BASELINE="3616" HEIGHT="88" WIDTH="1132" VPOS="3528" HPOS="1504"><String HEIGHT="88" WIDTH="1182" VPOS="3528" HPOS="1454" CONTENT="קאנסטאנטינאפאל. בשלשים לירח יוני העבר היה יום"/></TextLine><TextLine ID="r4l51" BASELINE="3679" HEIGHT="81" WIDTH="1270" VPOS="3598" HPOS="1503"><String HEIGHT="81" WIDTH="1318" VPOS="3598" HPOS="1455" CONTENT="אורה ושמחה ליושבי עיר קאנסטאנטינאפאל, כי ביום הזה חגג"/></TextLine></TextBlock><TextBlock ID="TextRegion_1523540693846_119" HEIGHT="2744" WIDTH="1293" VPOS="223" HPOS="146"><Shape><Polygon POINTS="1439,2967 146,2967 146,223 1439,223"/></Shape><TextLine ID="r2l1" BASELINE="283" HEIGHT="82" WIDTH="1273" VPOS="201" HPOS="166"><String HEIGHT="82" WIDTH="1323" VPOS="201" HPOS="116" CONTENT="השולטן קיסר התוגרמים את יום עלותו על כסא המלוכה ברב"/></TextLine><TextLine ID="r2l2" BASELINE="351" HEIGHT="85" WIDTH="1249" VPOS="266" HPOS="183"><String HEIGHT="85" WIDTH="1294" VPOS="266" HPOS="138" CONTENT="פאר ותפארה כמדי שנה בשנה. כל פחי וסגני המלוכה, וכל צירי"/></TextLine><TextLine ID="r2l3" BASELINE="415" HEIGHT="84" WIDTH="1260" VPOS="331" HPOS="171"><String HEIGHT="84" WIDTH="1310" VPOS="331" HPOS="121" CONTENT="הממשלות היושבים בארצנו, באו לברך את השולטן, ולהציק"/></TextLine><TextLine ID="r2l4" BASELINE="460" HEIGHT="68" WIDTH="1254" VPOS="392" HPOS="176"><String HEIGHT="68" WIDTH="1300" VPOS="392" HPOS="130" CONTENT="לפניו רחשי לבם ורגשי נפשם ליום הכסא הזה. כל רחובות העיר"/></TextLine><TextLine ID="r2l5" BASELINE="534" HEIGHT="75" WIDTH="1257" VPOS="459" HPOS="179"><String HEIGHT="75" WIDTH="1300" VPOS="459" HPOS="136" CONTENT="האירו באורים, וכל האניות בים הבספורוס בעיר, הפיצו אור בהיר"/></TextLine><TextLine ID="r2l6" BASELINE="603" HEIGHT="82" WIDTH="1259" VPOS="521" HPOS="171"><String HEIGHT="82" WIDTH="1309" VPOS="521" HPOS="121" CONTENT="באש מתלקחת להאיר הלילה. לכבוד היום הזה, עשה השולטן"/></TextLine><TextLine ID="r2l7" BASELINE="665" HEIGHT="80" WIDTH="1266" VPOS="585" HPOS="160"><String HEIGHT="80" WIDTH="1325" VPOS="585" HPOS="101" CONTENT="משתה גדול, ויפקד מקום פחה אחד על המשתה בשנה"/></TextLine><TextLine ID="r2l8" BASELINE="729" HEIGHT="82" WIDTH="1267" VPOS="647" HPOS="171"><String HEIGHT="82" WIDTH="1317" VPOS="647" HPOS="121" CONTENT="הזאת. הפחה הזה הוא מושל ארץ מצרים, ויצר מאד להשולטן"/></TextLine><TextLine ID="r2l9" BASELINE="793" HEIGHT="81" WIDTH="1255" VPOS="712" HPOS="177"><String HEIGHT="81" WIDTH="1310" VPOS="712" HPOS="122" CONTENT="על הדבר הזה, כאשר הצר לשאול מלך ישראל כאשר פקד"/></TextLine><TextLine ID="r2l10" BASELINE="859" HEIGHT="84" WIDTH="1269" VPOS="775" HPOS="164"><String HEIGHT="84" WIDTH="1319" VPOS="775" HPOS="114" CONTENT="מקום דוד במשתה חג החודש, כי מקרה פוליטיקי הוא, מקרה"/></TextLine><TextLine ID="r2l11" BASELINE="919" HEIGHT="80" WIDTH="1252" VPOS="839" HPOS="183"><String HEIGHT="80" WIDTH="1302" VPOS="839" HPOS="133" CONTENT="לא טהור. ומדוע לא בא משנה למלך מצרים לברך את הקיסר"/></TextLine><TextLine ID="r2l12" BASELINE="983" HEIGHT="79" WIDTH="1278" VPOS="904" HPOS="159"><String HEIGHT="79" WIDTH="1326" VPOS="904" HPOS="111" CONTENT="אדונו ביום שמחת לבו? רבים יחשבו סבת הדבר, יען כי בבית"/></TextLine><TextLine ID="r2l13" BASELINE="1049" HEIGHT="80" WIDTH="1262" VPOS="969" HPOS="171"><String HEIGHT="80" WIDTH="582" VPOS="969" HPOS="147" CONTENT="ועד הלאומי במצרים  —"/><String HEIGHT="80" WIDTH="146" VPOS="969" HPOS="656" CONTENT="אל"/><String HEIGHT="80" WIDTH="170" VPOS="969" HPOS="729" CONTENT="בעא"/><String HEIGHT="80" WIDTH="267" VPOS="969" HPOS="826" CONTENT="לאמענטא"/><String HEIGHT="80" WIDTH="97" VPOS="969" HPOS="1020" CONTENT=""/><String HEIGHT="80" WIDTH="121" VPOS="969" HPOS="1045" CONTENT="—"/><String HEIGHT="80" WIDTH="194" VPOS="969" HPOS="1093" CONTENT="אמרו"/><String HEIGHT="80" WIDTH="243" VPOS="969" HPOS="1190" CONTENT="הנבחרים,"/></TextLine><TextLine ID="r2l14" BASELINE="1112" HEIGHT="80" WIDTH="1267" VPOS="1032" HPOS="172"><String HEIGHT="80" WIDTH="1314" VPOS="1032" HPOS="125" CONTENT="כי נסיעת הפחה לקאנסטאנטינאפאל מידי שנה בשנה, תריק אוצר"/></TextLine><TextLine ID="r2l15" BASELINE="1176" HEIGHT="83" WIDTH="1271" VPOS="1093" HPOS="165"><String HEIGHT="83" WIDTH="1321" VPOS="1093" HPOS="115" CONTENT="המדינה, ולכן לא בא הפחה לעיר השולטן בשנה הזאת, למען"/></TextLine><TextLine ID="r2l16" BASELINE="1238" HEIGHT="78" WIDTH="1270" VPOS="1160" HPOS="162"><String HEIGHT="78" WIDTH="1322" VPOS="1160" HPOS="110" CONTENT="הסיר מאתו עקשות פה ולזות שפתי נבחרי בית הועד. אפס"/></TextLine><TextLine ID="r2l17" BASELINE="1302" HEIGHT="78" WIDTH="1249" VPOS="1224" HPOS="180"><String HEIGHT="78" WIDTH="1293" VPOS="1224" HPOS="136" CONTENT="יודעי בינה לעתים בהנהגת המדינות ומשטרי הפוליטיק יאמרו, כי"/></TextLine><TextLine ID="r2l18" BASELINE="1367" HEIGHT="80" WIDTH="1258" VPOS="1287" HPOS="178"><String HEIGHT="80" WIDTH="1306" VPOS="1287" HPOS="130" CONTENT="טעם הדבר הוא, יען הפחה יודע היטיב כי על ידי התקרבותו"/></TextLine><TextLine ID="r2l19" BASELINE="1427" HEIGHT="81" WIDTH="1265" VPOS="1346" HPOS="168"><String HEIGHT="81" WIDTH="1314" VPOS="1346" HPOS="119" CONTENT="למושל תוגרמה, ועל ידי דברי אהבה, חבה וחנופה, לא יצלח"/></TextLine><TextLine ID="r2l20" BASELINE="1492" HEIGHT="80" WIDTH="1260" VPOS="1412" HPOS="178"><String HEIGHT="80" WIDTH="1309" VPOS="1412" HPOS="129" CONTENT="בידו להכין בארץ מצרים ממשלה חפשית, בלתי תלויה ברשות"/></TextLine><TextLine ID="r2l21" BASELINE="1555" HEIGHT="80" WIDTH="1256" VPOS="1475" HPOS="182"><String HEIGHT="80" WIDTH="1304" VPOS="1475" HPOS="134" CONTENT="השולטן, וחפצו זה בל יוכל להוציא לפעולת ידים רק על יד"/></TextLine><TextLine ID="r2l22" BASELINE="1620" HEIGHT="81" WIDTH="1240" VPOS="1539" HPOS="204"><String HEIGHT="81" WIDTH="1288" VPOS="1539" HPOS="156" CONTENT="חרב ומלחמה, א״כ איפו מה לו ולהשולטן כי יתערב בשמחתו."/></TextLine><TextLine ID="r2l23" BASELINE="1684" HEIGHT="77" WIDTH="1171" VPOS="1607" HPOS="161"><String HEIGHT="77" WIDTH="1225" VPOS="1607" HPOS="107" CONTENT="בעוד, אשר השמחה בחצר המלך ושריו, נשמע מאזיה"/></TextLine><TextLine ID="r2l24" BASELINE="1746" HEIGHT="78" WIDTH="1269" VPOS="1668" HPOS="170"><String HEIGHT="78" WIDTH="1316" VPOS="1668" HPOS="123" CONTENT="הקטנה קול אנשים לאלפים בוכים ומיללים ללחם, עטופים ברעב"/></TextLine><TextLine ID="r2l25" BASELINE="1812" HEIGHT="80" WIDTH="1256" VPOS="1732" HPOS="177"><String HEIGHT="80" WIDTH="1303" VPOS="1732" HPOS="130" CONTENT="ומתים על פני חוצות. כי הרעב גדול מאד בארץ ההיא, ומלבד"/></TextLine><TextLine ID="r2l26" BASELINE="1869" HEIGHT="73" WIDTH="1269" VPOS="1796" HPOS="173"><String HEIGHT="73" WIDTH="1318" VPOS="1796" HPOS="124" CONTENT="הרעב, גדול כים שברם על ידי מגפת הבהמות אשר תשתרר שמה"/></TextLine><TextLine ID="r2l27" BASELINE="1940" HEIGHT="75" WIDTH="1269" VPOS="1865" HPOS="173"><String HEIGHT="75" WIDTH="1312" VPOS="1865" HPOS="130" CONTENT="בעוצם תקפה ועזה. מכ״ע תוגרמי הנקרא „בססיריט&#34; הוציא קול קורא"/></TextLine><TextLine ID="r2l28" BASELINE="2006" HEIGHT="81" WIDTH="1263" VPOS="1925" HPOS="182"><String HEIGHT="81" WIDTH="1302" VPOS="1925" HPOS="143" CONTENT="בנדבות בעד הגועים ברעב, והנדבות אשר קבץ שלח ע&amp;quot;י אחד מסופריו"/></TextLine><TextLine ID="r2l29" BASELINE="2069" HEIGHT="83" WIDTH="1251" VPOS="1986" HPOS="181"><String HEIGHT="83" WIDTH="1296" VPOS="1986" HPOS="136" CONTENT="למחוז טשנגרו. ארבעה ימים לפני חג היום אשר בו נהיה השולטן"/></TextLine><TextLine ID="r2l30" BASELINE="2127" HEIGHT="78" WIDTH="1252" VPOS="2049" HPOS="180"><String HEIGHT="78" WIDTH="1302" VPOS="2049" HPOS="130" CONTENT="למלך על התוגרמים באה הודעה מהציר הנשלח לעזור לרעבי"/></TextLine><TextLine ID="r2l31" BASELINE="2193" HEIGHT="65" WIDTH="1276" VPOS="2128" HPOS="163"><String HEIGHT="65" WIDTH="1327" VPOS="2128" HPOS="112" CONTENT="טשנגרו, ובה יתאר את מצב העני והחסר במדינה שמה, ואת"/></TextLine><TextLine ID="r2l32" BASELINE="2256" HEIGHT="78" WIDTH="1269" VPOS="2178" HPOS="167"><String HEIGHT="78" WIDTH="1318" VPOS="2178" HPOS="118" CONTENT="הרעב הנורא אשר יבלע וישחית אנשים למאות, ויורידם לשחת"/></TextLine><TextLine ID="r2l33" BASELINE="2332" HEIGHT="95" WIDTH="1282" VPOS="2237" HPOS="164"><String HEIGHT="95" WIDTH="1332" VPOS="2237" HPOS="114" CONTENT="בלי חמלה. בתוך ההודעה יכתוב כי הביא אתו 40,000 אקים"/></TextLine><TextLine ID="r2l34" BASELINE="2388" HEIGHT="84" WIDTH="1261" VPOS="2304" HPOS="167"><String HEIGHT="84" WIDTH="1312" VPOS="2304" HPOS="116" CONTENT="(לערך 1000 צינטניר) קמח לחלק בין 20,000 נפש רעבים"/></TextLine><TextLine ID="r2l35" BASELINE="2452" HEIGHT="87" WIDTH="1269" VPOS="2365" HPOS="176"><String HEIGHT="87" WIDTH="1323" VPOS="2365" HPOS="122" CONTENT="ללחם שמה, ותהי מכסת הקמח לנפש רק 2 אקים (לערך 5"/></TextLine><TextLine ID="r2l36" BASELINE="2515" HEIGHT="79" WIDTH="1266" VPOS="2436" HPOS="169"><String HEIGHT="79" WIDTH="1316" VPOS="2436" HPOS="119" CONTENT="פפונד) ועכ״ז שוטרי ממשלת העיר עשרים ושלשה במספר, אף"/></TextLine><TextLine ID="r2l37" BASELINE="2581" HEIGHT="86" WIDTH="1241" VPOS="2495" HPOS="190"><String HEIGHT="86" WIDTH="1292" VPOS="2495" HPOS="139" CONTENT="כי לא יחסרו כל דבר, שנו שמותם לפני המחלק את הקמח,"/></TextLine><TextLine ID="r2l38" BASELINE="2641" HEIGHT="77" WIDTH="1249" VPOS="2564" HPOS="186"><String HEIGHT="77" WIDTH="1295" VPOS="2564" HPOS="140" CONTENT="ויקחו מאתו ברמיה 46 אקים קמח, אולם אחרי זאת נודע הדבר,"/></TextLine><TextLine ID="r2l39" BASELINE="2708" HEIGHT="82" WIDTH="1259" VPOS="2626" HPOS="171"><String HEIGHT="82" WIDTH="1311" VPOS="2626" HPOS="119" CONTENT="ויביאם לפני המשפט, וישלמו בעד הקמח וגם כלאם בבית"/></TextLine><TextLine ID="r2l40" BASELINE="2773" HEIGHT="84" WIDTH="1238" VPOS="2689" HPOS="197"><String HEIGHT="84" WIDTH="1287" VPOS="2689" HPOS="148" CONTENT="האסורים. ככה שוררת תרמית ואון בין שוטרי הממשלה שמה,"/></TextLine><TextLine ID="r2l41" BASELINE="2857" HEIGHT="114" WIDTH="1243" VPOS="2743" HPOS="189"><String HEIGHT="114" WIDTH="1293" VPOS="2743" HPOS="139" CONTENT="ובמקום המשפט שם הרשע, וגורל האנשים האומללים רע ומר"/></TextLine><TextLine ID="r2l42" BASELINE="2899" HEIGHT="77" WIDTH="454" VPOS="2822" HPOS="990"><String HEIGHT="77" WIDTH="507" VPOS="2822" HPOS="937" CONTENT="עד מאד באפס תקוה."/></TextLine><TextLine ID="r2l43" BASELINE="2899" HEIGHT="60" WIDTH="115" VPOS="2839" HPOS="453"><String HEIGHT="60" WIDTH="173" VPOS="2839" HPOS="396" CONTENT="ט״ף."/></TextLine></TextBlock><TextBlock ID="TextRegion_1523540693845_118" HEIGHT="732" WIDTH="1306" VPOS="2967" HPOS="146"><Shape><Polygon POINTS="1452,3699 159,3699 146,2967 1439,2967"/></Shape><TextLine ID="r2l45" BASELINE="3152" HEIGHT="103" WIDTH="520" VPOS="3049" HPOS="567"><String HEIGHT="103" WIDTH="650" VPOS="3049" HPOS="437" CONTENT="סערביען."/></TextLine><TextLine ID="r2l46" BASELINE="3232" HEIGHT="81" WIDTH="1171" VPOS="3151" HPOS="172"><String HEIGHT="81" WIDTH="1223" VPOS="3151" HPOS="120" CONTENT="בהיות הפרינץ מושל סערביען בעיר קאנסטאנטינאפעל"/></TextLine><TextLine ID="r2l47" BASELINE="3295" HEIGHT="89" WIDTH="1251" VPOS="3206" HPOS="182"><String HEIGHT="89" WIDTH="1299" VPOS="3206" HPOS="134" CONTENT="להתראות לפני השולטן ויבואו לפניו ראשי חברות כי״ח שמה"/></TextLine><TextLine ID="r2l48" BASELINE="3362" HEIGHT="81" WIDTH="1246" VPOS="3281" HPOS="189"><String HEIGHT="81" WIDTH="1293" VPOS="3281" HPOS="142" CONTENT="במכתב בקשה כי ייטיב מצב היהודים בארץ מלכותו. המיניסטר"/></TextLine><TextLine ID="r2l49" BASELINE="3425" HEIGHT="87" WIDTH="1257" VPOS="3338" HPOS="185"><String HEIGHT="87" WIDTH="1306" VPOS="3338" HPOS="136" CONTENT="מסערביען כתב תשובה על מכתב הבקשה בשם הנסיך אל האדון"/></TextLine><TextLine ID="r2l50" BASELINE="3491" HEIGHT="88" WIDTH="1238" VPOS="3403" HPOS="193"><String HEIGHT="88" WIDTH="1282" VPOS="3403" HPOS="149" CONTENT="וויניציני משנה חברת כי״ח בקאנסטאנטינאפעל לאמר: הוד המושל"/></TextLine><TextLine ID="r2l51" BASELINE="3557" HEIGHT="90" WIDTH="1246" VPOS="3467" HPOS="195"><String HEIGHT="90" WIDTH="1293" VPOS="3467" HPOS="148" CONTENT="מסערביען צוה עליו להבטיח לאדוני, כי לבו אך טוב לישראל"/></TextLine><TextLine ID="r2l52" BASELINE="3614" HEIGHT="78" WIDTH="1245" VPOS="3536" HPOS="197"><String HEIGHT="78" WIDTH="1290" VPOS="3536" HPOS="152" CONTENT="יושבי סערביען, וכל אשר יהיה בכחו לעשות להרים מצבם יעשה,"/></TextLine><TextLine ID="r2l53" BASELINE="3679" HEIGHT="79" WIDTH="1246" VPOS="3600" HPOS="197"><String HEIGHT="79" WIDTH="1293" VPOS="3600" HPOS="150" CONTENT="למען לא יהיה עוד שום הבדל ופדות בין יהודי לאינו יהודי"/></TextLine></TextBlock></PrintSpace></Page></Layout></alto>