<?xml version="1.0" encoding="UTF-8"?><alto xmlns:xsi="http://www.w3.org/2001/XMLSchema-instance" xmlns="http://www.loc.gov/standards/alto/ns-v2#" xmlns:page="http://schema.primaresearch.org/PAGE/gts/pagecontent/2013-07-15" xsi:schemaLocation="http://schema.primaresearch.org/PAGE/gts/pagecontent/2013-07-15 http://schema.primaresearch.org/PAGE/gts/pagecontent/2013-07-15/pagecontent.xsd http://www.loc.gov/standards/alto/ns-v2# http://www.loc.gov/standards/alto/alto-v2.0.xsd"><Description><MeasurementUnit>pixel</MeasurementUnit></Description><Layout><Page ID="Page1" PHYSICAL_IMG_NR="1" HEIGHT="3929" WIDTH="2968"><TopMargin HEIGHT="0" WIDTH="2968" VPOS="0" HPOS="0"/><LeftMargin HEIGHT="3929" WIDTH="0" VPOS="0" HPOS="0"/><RightMargin HEIGHT="3929" WIDTH="0" VPOS="0" HPOS="2968"/><BottomMargin HEIGHT="0" WIDTH="2968" VPOS="3929" HPOS="0"/><PrintSpace HEIGHT="3929" WIDTH="2968" VPOS="0" HPOS="0"><TextBlock ID="region_1522077678763_519" HEIGHT="87" WIDTH="374" VPOS="152" HPOS="1373"><Shape><Polygon POINTS="1373,152 1747,152 1747,239 1373,239"/></Shape><TextLine ID="line_1522078967250_567" BASELINE="251" HEIGHT="71" WIDTH="312" VPOS="180" HPOS="1411"><String HEIGHT="71" WIDTH="437" VPOS="180" HPOS="1349" CONTENT="—11"/><String HEIGHT="71" WIDTH="187" VPOS="180" HPOS="1536" CONTENT="—"/></TextLine></TextBlock><TextBlock ID="region_1522077748662_524" HEIGHT="3126" WIDTH="1295" VPOS="249" HPOS="1595"><Shape><Polygon POINTS="2890,249 1595,249 1595,3375 2890,3375"/></Shape><TextLine ID="region_1522077748662_524l1" BASELINE="339" HEIGHT="75" WIDTH="1252" VPOS="264" HPOS="1594"><String HEIGHT="75" WIDTH="209" VPOS="264" HPOS="1568" CONTENT="הזאת"/><String HEIGHT="75" WIDTH="261" VPOS="264" HPOS="1698" CONTENT="ויצורו"/><String HEIGHT="75" WIDTH="209" VPOS="264" HPOS="1881" CONTENT="עליה"/><String HEIGHT="75" WIDTH="209" VPOS="264" HPOS="2011" CONTENT="מעבר"/><String HEIGHT="75" WIDTH="261" VPOS="264" HPOS="2142" CONTENT="היבשה,"/><String HEIGHT="75" WIDTH="183" VPOS="264" HPOS="2324" CONTENT="וגם"/><String HEIGHT="75" WIDTH="157" VPOS="264" HPOS="2429" CONTENT="אל"/><String HEIGHT="75" WIDTH="339" VPOS="264" HPOS="2507" CONTENT="סאנטאנדער"/><String HEIGHT="75" WIDTH="104" VPOS="264" HPOS="2742" CONTENT="בא"/></TextLine><TextLine ID="region_1522077748662_524l2" BASELINE="410" HEIGHT="82" WIDTH="1262" VPOS="328" HPOS="1591"><String HEIGHT="82" WIDTH="286" VPOS="328" HPOS="1567" CONTENT="הגענעראל"/><String HEIGHT="82" WIDTH="238" VPOS="328" HPOS="1781" CONTENT="המצביא"/><String HEIGHT="82" WIDTH="214" VPOS="328" HPOS="1948" CONTENT="צבאות"/><String HEIGHT="82" WIDTH="262" VPOS="328" HPOS="2091" CONTENT="המורדים"/><String HEIGHT="82" WIDTH="357" VPOS="328" HPOS="2282" CONTENT="ואללדעספינא"/><String HEIGHT="82" WIDTH="190" VPOS="328" HPOS="2567" CONTENT="ועמו"/><String HEIGHT="82" WIDTH="143" VPOS="328" HPOS="2686" CONTENT="ג׳"/><String HEIGHT="82" WIDTH="119" VPOS="328" HPOS="2734" CONTENT="אלף"/></TextLine><TextLine ID="region_1522077748662_524l3" BASELINE="473" HEIGHT="84" WIDTH="1256" VPOS="389" HPOS="1590"><String HEIGHT="84" WIDTH="176" VPOS="389" HPOS="1565" CONTENT="איש"/><String HEIGHT="84" WIDTH="201" VPOS="389" HPOS="1665" CONTENT="וכלי"/><String HEIGHT="84" WIDTH="201" VPOS="389" HPOS="1791" CONTENT="תותח"/><String HEIGHT="84" WIDTH="201" VPOS="389" HPOS="1917" CONTENT="אחד."/><String HEIGHT="84" WIDTH="201" VPOS="389" HPOS="2042" CONTENT="וחמש"/><String HEIGHT="84" WIDTH="226" VPOS="389" HPOS="2168" CONTENT="אלפים"/><String HEIGHT="84" WIDTH="301" VPOS="389" HPOS="2318" CONTENT="קרליסטים"/><String HEIGHT="84" WIDTH="201" VPOS="389" HPOS="2545" CONTENT="אמרו"/><String HEIGHT="84" WIDTH="201" VPOS="389" HPOS="2645" CONTENT="להבקיע"/></TextLine><TextLine ID="region_1522077748662_524l4" BASELINE="529" HEIGHT="81" WIDTH="1259" VPOS="448" HPOS="1599"><String HEIGHT="81" WIDTH="157" VPOS="448" HPOS="1573" CONTENT="אל"/><String HEIGHT="81" WIDTH="210" VPOS="448" HPOS="1651" CONTENT="העיר"/><String HEIGHT="81" WIDTH="289" VPOS="448" HPOS="1783" CONTENT="טערועל,"/><String HEIGHT="81" WIDTH="157" VPOS="448" HPOS="1992" CONTENT="אך"/><String HEIGHT="81" WIDTH="184" VPOS="448" HPOS="2071" CONTENT="חיל"/><String HEIGHT="81" WIDTH="262" VPOS="448" HPOS="2176" CONTENT="הממשלה"/><String HEIGHT="81" WIDTH="210" VPOS="448" HPOS="2360" CONTENT="עמדו"/><String HEIGHT="81" WIDTH="236" VPOS="448" HPOS="2491" CONTENT="לנגדם"/><String HEIGHT="81" WIDTH="236" VPOS="448" HPOS="2622" CONTENT="ויגרשום"/></TextLine><TextLine ID="region_1522077748662_524l5" BASELINE="584" HEIGHT="65" WIDTH="1255" VPOS="519" HPOS="1594"><String HEIGHT="65" WIDTH="218" VPOS="519" HPOS="1567" CONTENT="משם."/><String HEIGHT="65" WIDTH="273" VPOS="519" HPOS="1703" CONTENT="ארבעים"/><String HEIGHT="65" WIDTH="191" VPOS="519" HPOS="1894" CONTENT="איש"/><String HEIGHT="65" WIDTH="246" VPOS="519" HPOS="2003" CONTENT="ממחנה"/><String HEIGHT="65" WIDTH="300" VPOS="519" HPOS="2167" CONTENT="המורדים"/><String HEIGHT="65" WIDTH="218" VPOS="519" HPOS="2385" CONTENT="נפלו"/><String HEIGHT="65" WIDTH="273" VPOS="519" HPOS="2522" CONTENT="במלחמה"/><String HEIGHT="65" WIDTH="164" VPOS="519" HPOS="2685" CONTENT="ההיא"/></TextLine><TextLine ID="region_1522077748662_524l6" BASELINE="661" HEIGHT="79" WIDTH="1263" VPOS="582" HPOS="1591"><String HEIGHT="79" WIDTH="223" VPOS="582" HPOS="1566" CONTENT="ורבים"/><String HEIGHT="79" WIDTH="223" VPOS="582" HPOS="1715" CONTENT="נפצעו"/><String HEIGHT="79" WIDTH="223" VPOS="582" HPOS="1863" CONTENT="וכמאה"/><String HEIGHT="79" WIDTH="173" VPOS="582" HPOS="2012" CONTENT="איש"/><String HEIGHT="79" WIDTH="198" VPOS="582" HPOS="2111" CONTENT="נשבו"/><String HEIGHT="79" WIDTH="223" VPOS="582" HPOS="2235" CONTENT="חיים."/><String HEIGHT="79" WIDTH="173" VPOS="582" HPOS="2383" CONTENT="בלי"/><String HEIGHT="79" WIDTH="173" VPOS="582" HPOS="2483" CONTENT="ספק"/><String HEIGHT="79" WIDTH="223" VPOS="582" HPOS="2582" CONTENT="ייטיב"/><String HEIGHT="79" WIDTH="149" VPOS="582" HPOS="2705" CONTENT="גורל"/></TextLine><TextLine ID="region_1522077748662_524l7" BASELINE="710" HEIGHT="68" WIDTH="1257" VPOS="642" HPOS="1593"><String HEIGHT="68" WIDTH="294" VPOS="642" HPOS="1566" CONTENT="השבויים"/><String HEIGHT="68" WIDTH="214" VPOS="642" HPOS="1780" CONTENT="האלה"/><String HEIGHT="68" WIDTH="241" VPOS="642" HPOS="1914" CONTENT="מגורל"/><String HEIGHT="68" WIDTH="241" VPOS="642" HPOS="2074" CONTENT="שבויי"/><String HEIGHT="68" WIDTH="187" VPOS="642" HPOS="2235" CONTENT="חיל"/><String HEIGHT="68" WIDTH="267" VPOS="642" HPOS="2342" CONTENT="הממשלה"/><String HEIGHT="68" WIDTH="294" VPOS="642" HPOS="2529" CONTENT="הנופלים"/><String HEIGHT="68" WIDTH="134" VPOS="642" HPOS="2716" CONTENT="ביד"/></TextLine><TextLine ID="region_1522077748662_524l8" BASELINE="786" HEIGHT="80" WIDTH="1267" VPOS="706" HPOS="1591"><String HEIGHT="80" WIDTH="355" VPOS="706" HPOS="1566" CONTENT="הקרליסטים,"/><String HEIGHT="80" WIDTH="152" VPOS="706" HPOS="1844" CONTENT="כן"/><String HEIGHT="80" WIDTH="177" VPOS="706" HPOS="1920" CONTENT="צוה"/><String HEIGHT="80" WIDTH="329" VPOS="706" HPOS="2022" CONTENT="דאררעגארא"/><String HEIGHT="80" WIDTH="152" VPOS="706" HPOS="2275" CONTENT="שר"/><String HEIGHT="80" WIDTH="177" VPOS="706" HPOS="2351" CONTENT="צבא"/><String HEIGHT="80" WIDTH="329" VPOS="706" HPOS="2453" CONTENT="הקרליסטים"/><String HEIGHT="80" WIDTH="177" VPOS="706" HPOS="2681" CONTENT="להמית"/></TextLine><TextLine ID="region_1522077748662_524l9" BASELINE="851" HEIGHT="91" WIDTH="1261" VPOS="760" HPOS="1594"><String HEIGHT="91" WIDTH="151" VPOS="760" HPOS="1569" CONTENT="את"/><String HEIGHT="91" WIDTH="151" VPOS="760" HPOS="1644" CONTENT="כל"/><String HEIGHT="91" WIDTH="177" VPOS="760" HPOS="1720" CONTENT="שרי"/><String HEIGHT="91" WIDTH="227" VPOS="760" HPOS="1821" CONTENT="הגדוד"/><String HEIGHT="91" WIDTH="277" VPOS="760" HPOS="1972" CONTENT="הנמצאים"/><String HEIGHT="91" WIDTH="177" VPOS="760" HPOS="2174" CONTENT="אתו"/><String HEIGHT="91" WIDTH="202" VPOS="760" HPOS="2275" CONTENT="בשבי"/><String HEIGHT="91" WIDTH="177" VPOS="760" HPOS="2401" CONTENT="ומן"/><String HEIGHT="91" WIDTH="202" VPOS="760" HPOS="2502" CONTENT="אנשי"/><String HEIGHT="91" WIDTH="202" VPOS="760" HPOS="2628" CONTENT="החיל"/><String HEIGHT="91" WIDTH="126" VPOS="760" HPOS="2729" CONTENT="אחד"/></TextLine><TextLine ID="region_1522077748662_524l10" BASELINE="896" HEIGHT="48" WIDTH="177" VPOS="848" HPOS="2672"><String HEIGHT="48" WIDTH="236" VPOS="848" HPOS="2613" CONTENT="מעשרה."/></TextLine><TextLine ID="region_1522077748662_524l11" BASELINE="1037" HEIGHT="76" WIDTH="1134" VPOS="961" HPOS="1601"><String HEIGHT="76" WIDTH="278" VPOS="961" HPOS="1578" CONTENT="(טירקיי)"/><String HEIGHT="76" WIDTH="185" VPOS="961" HPOS="1786" CONTENT="ביום"/><String HEIGHT="76" WIDTH="162" VPOS="961" HPOS="1902" CONTENT="ששי"/><String HEIGHT="76" WIDTH="185" VPOS="961" HPOS="1994" CONTENT="לירח"/><String HEIGHT="76" WIDTH="185" VPOS="961" HPOS="2110" CONTENT="יולי"/><String HEIGHT="76" WIDTH="162" VPOS="961" HPOS="2226" CONTENT="באה"/><String HEIGHT="76" WIDTH="208" VPOS="961" HPOS="2318" CONTENT="הודעה"/><String HEIGHT="76" WIDTH="301" VPOS="961" HPOS="2434" CONTENT="תעלאגראממית"/></TextLine><TextLine ID="region_1522077748662_524l12" BASELINE="1105" HEIGHT="83" WIDTH="1278" VPOS="1022" HPOS="1587"><String HEIGHT="83" WIDTH="189" VPOS="1022" HPOS="1563" CONTENT="מעיר"/><String HEIGHT="83" WIDTH="426" VPOS="1022" HPOS="1682" CONTENT="קאנסטאנפינאפעל"/><String HEIGHT="83" WIDTH="213" VPOS="1022" HPOS="2037" CONTENT="לאמר:"/><String HEIGHT="83" WIDTH="142" VPOS="1022" HPOS="2179" CONTENT="כי"/><String HEIGHT="83" WIDTH="189" VPOS="1022" HPOS="2250" CONTENT="בעיר"/><String HEIGHT="83" WIDTH="237" VPOS="1022" HPOS="2368" CONTENT="פאנארי"/><String HEIGHT="83" WIDTH="189" VPOS="1022" HPOS="2534" CONTENT="בארץ"/><String HEIGHT="83" WIDTH="237" VPOS="1022" HPOS="2628" CONTENT="ליוואדיה"/></TextLine><TextLine ID="region_1522077748662_524l13" BASELINE="1164" HEIGHT="73" WIDTH="1261" VPOS="1091" HPOS="1588"><String HEIGHT="73" WIDTH="146" VPOS="1091" HPOS="1564" CONTENT="קם"/><String HEIGHT="73" WIDTH="243" VPOS="1091" HPOS="1637" CONTENT="אספסוף"/><String HEIGHT="73" WIDTH="194" VPOS="1091" HPOS="1806" CONTENT="המון"/><String HEIGHT="73" WIDTH="267" VPOS="1091" HPOS="1928" CONTENT="הגריכים"/><String HEIGHT="73" WIDTH="170" VPOS="1091" HPOS="2122" CONTENT="נגד"/><String HEIGHT="73" WIDTH="291" VPOS="1091" HPOS="2219" CONTENT="היהודים."/><String HEIGHT="73" WIDTH="170" VPOS="1091" HPOS="2437" CONTENT="סבת"/><String HEIGHT="73" WIDTH="194" VPOS="1091" HPOS="2534" CONTENT="הדבר"/><String HEIGHT="73" WIDTH="146" VPOS="1091" HPOS="2655" CONTENT="כי"/><String HEIGHT="73" WIDTH="146" VPOS="1091" HPOS="2704" CONTENT="מצאו"/></TextLine><TextLine ID="region_1522077748662_524l14" BASELINE="1226" HEIGHT="80" WIDTH="1264" VPOS="1146" HPOS="1608"><String HEIGHT="80" WIDTH="90" VPOS="1146" HPOS="1585" CONTENT=""/><String HEIGHT="80" WIDTH="158" VPOS="1146" HPOS="1608" CONTENT="ילד"/><String HEIGHT="80" WIDTH="181" VPOS="1146" HPOS="1698" CONTENT="מצרי"/><String HEIGHT="80" WIDTH="181" VPOS="1146" HPOS="1811" CONTENT="נטבע"/><String HEIGHT="80" WIDTH="158" VPOS="1146" HPOS="1924" CONTENT="בים"/><String HEIGHT="80" WIDTH="248" VPOS="1146" HPOS="2014" CONTENT="והיונים"/><String HEIGHT="80" WIDTH="226" VPOS="1146" HPOS="2195" CONTENT="העלילו"/><String HEIGHT="80" WIDTH="135" VPOS="1146" HPOS="2353" CONTENT="על"/><String HEIGHT="80" WIDTH="158" VPOS="1146" HPOS="2421" CONTENT="ב״י"/><String HEIGHT="80" WIDTH="135" VPOS="1146" HPOS="2511" CONTENT="כי"/><String HEIGHT="80" WIDTH="181" VPOS="1146" HPOS="2579" CONTENT="שחטו"/><String HEIGHT="80" WIDTH="135" VPOS="1146" HPOS="2691" CONTENT="את"/><String HEIGHT="80" WIDTH="135" VPOS="1146" HPOS="2737" CONTENT="הנער"/></TextLine><TextLine ID="region_1522077748662_524l15" BASELINE="1297" HEIGHT="86" WIDTH="1281" VPOS="1211" HPOS="1590"><String HEIGHT="86" WIDTH="107" VPOS="1211" HPOS="1563" CONTENT=""/><String HEIGHT="86" WIDTH="214" VPOS="1211" HPOS="1590" CONTENT="בגלל"/><String HEIGHT="86" WIDTH="187" VPOS="1211" HPOS="1723" CONTENT="דמו"/><String HEIGHT="86" WIDTH="240" VPOS="1211" HPOS="1830" CONTENT="הנדרש"/><String HEIGHT="86" WIDTH="214" VPOS="1211" HPOS="1990" CONTENT="להם."/><String HEIGHT="86" WIDTH="267" VPOS="1211" HPOS="2124" CONTENT="הממשלה"/><String HEIGHT="86" WIDTH="214" VPOS="1211" HPOS="2311" CONTENT="עמדה"/><String HEIGHT="86" WIDTH="214" VPOS="1211" HPOS="2444" CONTENT="בפרץ"/><String HEIGHT="86" WIDTH="240" VPOS="1211" HPOS="2577" CONTENT="ותקים"/><String HEIGHT="86" WIDTH="160" VPOS="1211" HPOS="2711" CONTENT="סערת"/></TextLine><TextLine ID="region_1522077748662_524l16" BASELINE="1360" HEIGHT="84" WIDTH="1256" VPOS="1276" HPOS="1593"><String HEIGHT="84" WIDTH="282" VPOS="1276" HPOS="1567" CONTENT="האספסוף"/><String HEIGHT="84" WIDTH="231" VPOS="1276" HPOS="1772" CONTENT="לדממה"/><String HEIGHT="84" WIDTH="231" VPOS="1276" HPOS="1926" CONTENT="ורבים"/><String HEIGHT="84" WIDTH="179" VPOS="1276" HPOS="2080" CONTENT="מהם"/><String HEIGHT="84" WIDTH="205" VPOS="1276" HPOS="2183" CONTENT="כלאה"/><String HEIGHT="84" WIDTH="205" VPOS="1276" HPOS="2311" CONTENT="בבית"/><String HEIGHT="84" WIDTH="231" VPOS="1276" HPOS="2439" CONTENT="הסוהר"/><String HEIGHT="84" WIDTH="231" VPOS="1276" HPOS="2593" CONTENT="לחרוץ"/><String HEIGHT="84" WIDTH="128" VPOS="1276" HPOS="2721" CONTENT="שמה"/></TextLine><TextLine ID="region_1522077748662_524l17" BASELINE="1399" HEIGHT="44" WIDTH="180" VPOS="1355" HPOS="2677"><String HEIGHT="44" WIDTH="240" VPOS="1355" HPOS="2617" CONTENT="משפטם."/></TextLine><TextLine ID="region_1522077748662_524l18" BASELINE="1536" HEIGHT="77" WIDTH="1139" VPOS="1459" HPOS="1599"><String HEIGHT="77" WIDTH="315" VPOS="1459" HPOS="1575" CONTENT="(אינדיען)"/><String HEIGHT="77" WIDTH="194" VPOS="1459" HPOS="1817" CONTENT="בפעם"/><String HEIGHT="77" WIDTH="267" VPOS="1459" HPOS="1938" CONTENT="הראשונה"/><String HEIGHT="77" WIDTH="170" VPOS="1459" HPOS="2132" CONTENT="תדע"/><String HEIGHT="77" WIDTH="218" VPOS="1459" HPOS="2229" CONTENT="ממשלת"/><String HEIGHT="77" WIDTH="242" VPOS="1459" HPOS="2374" CONTENT="אנגליה"/><String HEIGHT="77" WIDTH="145" VPOS="1459" HPOS="2544" CONTENT="את"/><String HEIGHT="77" WIDTH="145" VPOS="1459" HPOS="2593" CONTENT="גודל"/></TextLine><TextLine ID="region_1522077748662_524l19" BASELINE="1598" HEIGHT="79" WIDTH="1253" VPOS="1519" HPOS="1596"><String HEIGHT="79" WIDTH="205" VPOS="1519" HPOS="1570" CONTENT="גבול"/><String HEIGHT="79" WIDTH="256" VPOS="1519" HPOS="1698" CONTENT="ממשלתה"/><String HEIGHT="79" WIDTH="281" VPOS="1519" HPOS="1877" CONTENT="באנדיען"/><String HEIGHT="79" WIDTH="179" VPOS="1519" HPOS="2082" CONTENT="ואת"/><String HEIGHT="79" WIDTH="205" VPOS="1519" HPOS="2184" CONTENT="מספר"/><String HEIGHT="79" WIDTH="179" VPOS="1519" HPOS="2312" CONTENT="העם"/><String HEIGHT="79" WIDTH="179" VPOS="1519" HPOS="2414" CONTENT="אשר"/><String HEIGHT="79" WIDTH="256" VPOS="1519" HPOS="2517" CONTENT="בתוכה."/><String HEIGHT="79" WIDTH="153" VPOS="1519" HPOS="2696" CONTENT="כי"/><String HEIGHT="79" WIDTH="102" VPOS="1519" HPOS="2747" CONTENT="זה"/></TextLine><TextLine ID="region_1522077748662_524l20" BASELINE="1666" HEIGHT="83" WIDTH="1266" VPOS="1583" HPOS="1591"><String HEIGHT="83" WIDTH="195" VPOS="1583" HPOS="1567" CONTENT="מחדש"/><String HEIGHT="83" WIDTH="195" VPOS="1583" HPOS="1688" CONTENT="מדדו"/><String HEIGHT="83" WIDTH="146" VPOS="1583" HPOS="1810" CONTENT="את"/><String HEIGHT="83" WIDTH="195" VPOS="1583" HPOS="1883" CONTENT="הארץ"/><String HEIGHT="83" WIDTH="195" VPOS="1583" HPOS="2005" CONTENT="ומנו"/><String HEIGHT="83" WIDTH="195" VPOS="1583" HPOS="2127" CONTENT="מספר"/><String HEIGHT="83" WIDTH="243" VPOS="1583" HPOS="2248" CONTENT="יושביה"/><String HEIGHT="83" WIDTH="219" VPOS="1583" HPOS="2419" CONTENT="ומצאו"/><String HEIGHT="83" WIDTH="146" VPOS="1583" HPOS="2565" CONTENT="כי"/><String HEIGHT="83" WIDTH="195" VPOS="1583" HPOS="2638" CONTENT="גודל"/><String HEIGHT="83" WIDTH="122" VPOS="1583" HPOS="2735" CONTENT="ארץ"/></TextLine><TextLine ID="region_1522077748662_524l21" BASELINE="1732" HEIGHT="89" WIDTH="1261" VPOS="1643" HPOS="1597"><String HEIGHT="89" WIDTH="272" VPOS="1643" HPOS="1572" CONTENT="אינדיען"/><String HEIGHT="89" WIDTH="173" VPOS="1643" HPOS="1770" CONTENT="אשר"/><String HEIGHT="89" WIDTH="297" VPOS="1643" HPOS="1869" CONTENT="לענגלאנד"/><String HEIGHT="89" WIDTH="223" VPOS="1643" HPOS="2092" CONTENT="תחשב,"/><String HEIGHT="89" WIDTH="198" VPOS="1643" HPOS="2240" CONTENT="עולה"/><String HEIGHT="89" WIDTH="173" VPOS="1643" HPOS="2363" CONTENT="חמש"/><String HEIGHT="89" WIDTH="198" VPOS="1643" HPOS="2462" CONTENT="מאות"/><String HEIGHT="89" WIDTH="173" VPOS="1643" HPOS="2586" CONTENT="אלף"/><String HEIGHT="89" WIDTH="198" VPOS="1643" HPOS="2660" CONTENT="פרסאות"/></TextLine><TextLine ID="region_1522077748662_524l22" BASELINE="1794" HEIGHT="84" WIDTH="1261" VPOS="1710" HPOS="1590"><String HEIGHT="84" WIDTH="252" VPOS="1710" HPOS="1567" CONTENT="מרובעות"/><String HEIGHT="84" WIDTH="275" VPOS="1710" HPOS="1750" CONTENT="אנגליות,"/><String HEIGHT="84" WIDTH="206" VPOS="1710" HPOS="1957" CONTENT="ומספר"/><String HEIGHT="84" WIDTH="229" VPOS="1710" HPOS="2094" CONTENT="יושביה"/><String HEIGHT="84" WIDTH="206" VPOS="1710" HPOS="2255" CONTENT="מאתים"/><String HEIGHT="84" WIDTH="229" VPOS="1710" HPOS="2392" CONTENT="ושמונה"/><String HEIGHT="84" WIDTH="252" VPOS="1710" HPOS="2553" CONTENT="מליאנים"/><String HEIGHT="84" WIDTH="138" VPOS="1710" HPOS="2713" CONTENT="נפש."/></TextLine><TextLine ID="region_1522077748662_524l23" BASELINE="1855" HEIGHT="81" WIDTH="1238" VPOS="1774" HPOS="1614"><String HEIGHT="81" WIDTH="152" VPOS="1774" HPOS="1589" CONTENT="כן"/><String HEIGHT="81" WIDTH="202" VPOS="1774" HPOS="1665" CONTENT="המון"/><String HEIGHT="81" WIDTH="177" VPOS="1774" HPOS="1791" CONTENT="אדם"/><String HEIGHT="81" WIDTH="152" VPOS="1774" HPOS="1892" CONTENT="רב"/><String HEIGHT="81" WIDTH="202" VPOS="1774" HPOS="1968" CONTENT="הלזה"/><String HEIGHT="81" WIDTH="253" VPOS="1774" HPOS="2094" CONTENT="נמצאים"/><String HEIGHT="81" WIDTH="177" VPOS="1774" HPOS="2271" CONTENT="ג״כ"/><String HEIGHT="81" WIDTH="253" VPOS="1774" HPOS="2372" CONTENT="בשמונה"/><String HEIGHT="81" WIDTH="177" VPOS="1774" HPOS="2549" CONTENT="אלף"/><String HEIGHT="81" WIDTH="227" VPOS="1774" HPOS="2625" CONTENT="יהודים,"/></TextLine><TextLine ID="region_1522077748662_524l24" BASELINE="1919" HEIGHT="82" WIDTH="1259" VPOS="1837" HPOS="1598"><String HEIGHT="82" WIDTH="241" VPOS="1837" HPOS="1571" CONTENT="ובעוד"/><String HEIGHT="82" WIDTH="188" VPOS="1837" HPOS="1732" CONTENT="אשר"/><String HEIGHT="82" WIDTH="268" VPOS="1837" HPOS="1839" CONTENT="הפרזים"/><String HEIGHT="82" WIDTH="188" VPOS="1837" HPOS="2027" CONTENT="אשר"/><String HEIGHT="82" WIDTH="241" VPOS="1837" HPOS="2134" CONTENT="מספרם"/><String HEIGHT="82" WIDTH="214" VPOS="1837" HPOS="2294" CONTENT="עולה"/><String HEIGHT="82" WIDTH="161" VPOS="1837" HPOS="2428" CONTENT="עד"/><String HEIGHT="82" WIDTH="268" VPOS="1837" HPOS="2509" CONTENT="70,000"/><String HEIGHT="82" WIDTH="107" VPOS="1837" HPOS="2696" CONTENT=""/><String HEIGHT="82" WIDTH="161" VPOS="1837" HPOS="2696" CONTENT="נפש,"/></TextLine><TextLine ID="region_1522077748662_524l25" BASELINE="1985" HEIGHT="87" WIDTH="1260" VPOS="1898" HPOS="1596"><String HEIGHT="87" WIDTH="217" VPOS="1898" HPOS="1574" CONTENT="הולכים"/><String HEIGHT="87" WIDTH="282" VPOS="1898" HPOS="1726" CONTENT="ומתמעטים,"/><String HEIGHT="87" WIDTH="174" VPOS="1898" HPOS="1944" CONTENT="מספר"/><String HEIGHT="87" WIDTH="239" VPOS="1898" HPOS="2052" CONTENT="היהודים"/><String HEIGHT="87" WIDTH="130" VPOS="1898" HPOS="2226" CONTENT="בל"/><String HEIGHT="87" WIDTH="196" VPOS="1898" HPOS="2291" CONTENT="יתמעט"/><String HEIGHT="87" WIDTH="130" VPOS="1898" HPOS="2422" CONTENT="אך"/><String HEIGHT="87" WIDTH="174" VPOS="1898" HPOS="2487" CONTENT="ירבה"/><String HEIGHT="87" WIDTH="217" VPOS="1898" HPOS="2595" CONTENT="ויפרוץ"/><String HEIGHT="87" WIDTH="130" VPOS="1898" HPOS="2726" CONTENT="שמה."/></TextLine><TextLine ID="region_1522077748662_524l27" BASELINE="2106" HEIGHT="73" WIDTH="1136" VPOS="2033" HPOS="1596"><String HEIGHT="73" WIDTH="296" VPOS="2033" HPOS="1571" CONTENT="(יאפאן.)"/><String HEIGHT="73" WIDTH="296" VPOS="2033" HPOS="1794" CONTENT="יאקמאהמא"/><String HEIGHT="73" WIDTH="148" VPOS="2033" HPOS="2016" CONTENT="23"/><String HEIGHT="73" WIDTH="198" VPOS="2033" HPOS="2090" CONTENT="מאי."/><String HEIGHT="73" WIDTH="148" VPOS="2033" HPOS="2213" CONTENT="גם"/><String HEIGHT="73" WIDTH="148" VPOS="2033" HPOS="2287" CONTENT="פה"/><String HEIGHT="73" WIDTH="247" VPOS="2033" HPOS="2362" CONTENT="יתנוסס"/><String HEIGHT="73" WIDTH="222" VPOS="2033" HPOS="2510" CONTENT="לתלפיות"/></TextLine><TextLine ID="region_1522077748662_524l28" BASELINE="2172" HEIGHT="83" WIDTH="1266" VPOS="2089" HPOS="1596"><String HEIGHT="83" WIDTH="167" VPOS="2089" HPOS="1572" CONTENT="בית"/><String HEIGHT="83" WIDTH="263" VPOS="2089" HPOS="1668" CONTENT="פרלימנט"/><String HEIGHT="83" WIDTH="215" VPOS="2089" HPOS="1859" CONTENT="כביתר"/><String HEIGHT="83" WIDTH="215" VPOS="2089" HPOS="2002" CONTENT="ארצות"/><String HEIGHT="83" WIDTH="263" VPOS="2089" HPOS="2145" CONTENT="איירופא"/><String HEIGHT="83" WIDTH="287" VPOS="2089" HPOS="2336" CONTENT="הנאורות,"/><String HEIGHT="83" WIDTH="191" VPOS="2089" HPOS="2551" CONTENT="ובזה"/><String HEIGHT="83" WIDTH="191" VPOS="2089" HPOS="2671" CONTENT="יראה"/><String HEIGHT="83" WIDTH="96" VPOS="2089" HPOS="2766" CONTENT="עם"/></TextLine><TextLine ID="region_1522077748662_524l29" BASELINE="2236" HEIGHT="84" WIDTH="1262" VPOS="2152" HPOS="1601"><String HEIGHT="84" WIDTH="171" VPOS="2152" HPOS="1580" CONTENT="יפון"/><String HEIGHT="84" WIDTH="128" VPOS="2152" HPOS="1687" CONTENT="כי"/><String HEIGHT="84" WIDTH="128" VPOS="2152" HPOS="1751" CONTENT="לא"/><String HEIGHT="84" WIDTH="193" VPOS="2152" HPOS="1815" CONTENT="יעמוד"/><String HEIGHT="84" WIDTH="235" VPOS="2152" HPOS="1943" CONTENT="אחורנית"/><String HEIGHT="84" WIDTH="171" VPOS="2152" HPOS="2114" CONTENT="מלכת"/><String HEIGHT="84" WIDTH="193" VPOS="2152" HPOS="2221" CONTENT="קדימה"/><String HEIGHT="84" WIDTH="193" VPOS="2152" HPOS="2350" CONTENT="ולאור"/><String HEIGHT="84" WIDTH="171" VPOS="2152" HPOS="2478" CONTENT="באור"/><String HEIGHT="84" WIDTH="299" VPOS="2152" HPOS="2564" CONTENT="הציווילזציה."/></TextLine><TextLine ID="region_1522077748662_524l30" BASELINE="2298" HEIGHT="84" WIDTH="1253" VPOS="2214" HPOS="1602"><String HEIGHT="84" WIDTH="193" VPOS="2214" HPOS="1578" CONTENT="בבית"/><String HEIGHT="84" WIDTH="289" VPOS="2214" HPOS="1698" CONTENT="הפרלימנט"/><String HEIGHT="84" WIDTH="193" VPOS="2214" HPOS="1915" CONTENT="ישבו"/><String HEIGHT="84" WIDTH="145" VPOS="2214" HPOS="2036" CONTENT="63"/><String HEIGHT="84" WIDTH="241" VPOS="2214" HPOS="2108" CONTENT="נבחרים"/><String HEIGHT="84" WIDTH="169" VPOS="2214" HPOS="2277" CONTENT="אשר"/><String HEIGHT="84" WIDTH="169" VPOS="2214" HPOS="2373" CONTENT="המה"/><String HEIGHT="84" WIDTH="169" VPOS="2214" HPOS="2469" CONTENT="ג&#34;כ"/><String HEIGHT="84" WIDTH="169" VPOS="2214" HPOS="2566" CONTENT="שרי"/><String HEIGHT="84" WIDTH="217" VPOS="2214" HPOS="2638" CONTENT="המלכות,"/></TextLine><TextLine ID="region_1522077748662_524l31" BASELINE="2364" HEIGHT="90" WIDTH="1254" VPOS="2274" HPOS="1608"><String HEIGHT="90" WIDTH="287" VPOS="2274" HPOS="1582" CONTENT="ויתקבצו"/><String HEIGHT="90" WIDTH="157" VPOS="2274" HPOS="1791" CONTENT="אל"/><String HEIGHT="90" WIDTH="314" VPOS="2274" HPOS="1869" CONTENT="הפרלימנט"/><String HEIGHT="90" WIDTH="157" VPOS="2274" HPOS="2104" CONTENT="רק"/><String HEIGHT="90" WIDTH="183" VPOS="2274" HPOS="2183" CONTENT="פעם"/><String HEIGHT="90" WIDTH="183" VPOS="2274" HPOS="2287" CONTENT="אחת"/><String HEIGHT="90" WIDTH="209" VPOS="2274" HPOS="2392" CONTENT="בשנה"/><String HEIGHT="90" WIDTH="261" VPOS="2274" HPOS="2522" CONTENT="להתיעץ"/><String HEIGHT="90" WIDTH="157" VPOS="2274" HPOS="2705" CONTENT="על"/><String HEIGHT="90" WIDTH="105" VPOS="2274" HPOS="2758" CONTENT="כל"/></TextLine><TextLine ID="region_1522077748662_524l32" BASELINE="2430" HEIGHT="91" WIDTH="1253" VPOS="2339" HPOS="1603"><String HEIGHT="91" WIDTH="236" VPOS="2339" HPOS="1579" CONTENT="הליכות"/><String HEIGHT="91" WIDTH="260" VPOS="2339" HPOS="1745" CONTENT="הממשלה."/><String HEIGHT="91" WIDTH="189" VPOS="2339" HPOS="1934" CONTENT="אולם"/><String HEIGHT="91" WIDTH="142" VPOS="2339" HPOS="2052" CONTENT="על"/><String HEIGHT="91" WIDTH="189" VPOS="2339" HPOS="2123" CONTENT="פיהם"/><String HEIGHT="91" WIDTH="165" VPOS="2339" HPOS="2241" CONTENT="לבד"/><String HEIGHT="91" WIDTH="236" VPOS="2339" HPOS="2336" CONTENT="מבלעדי"/><String HEIGHT="91" WIDTH="213" VPOS="2339" HPOS="2501" CONTENT="הסכמת"/><String HEIGHT="91" WIDTH="236" VPOS="2339" HPOS="2620" CONTENT="המיקאדא,"/></TextLine><TextLine ID="region_1522077748662_524l33" BASELINE="2486" HEIGHT="83" WIDTH="637" VPOS="2403" HPOS="2215"><String HEIGHT="83" WIDTH="189" VPOS="2403" HPOS="2191" CONTENT="מושל"/><String HEIGHT="83" WIDTH="236" VPOS="2403" HPOS="2309" CONTENT="יאפון,"/><String HEIGHT="83" WIDTH="142" VPOS="2403" HPOS="2475" CONTENT="לא"/><String HEIGHT="83" WIDTH="189" VPOS="2403" HPOS="2545" CONTENT="יקום"/><String HEIGHT="83" WIDTH="142" VPOS="2403" HPOS="2663" CONTENT="כל"/><String HEIGHT="83" WIDTH="142" VPOS="2403" HPOS="2710" CONTENT="דבר."/></TextLine><TextLine ID="region_1522077748662_524l34" BASELINE="2621" HEIGHT="81" WIDTH="1139" VPOS="2540" HPOS="1608"><String HEIGHT="81" WIDTH="325" VPOS="2540" HPOS="1581" CONTENT="(אפריקא)"/><String HEIGHT="81" WIDTH="244" VPOS="2540" HPOS="1825" CONTENT="יושבי"/><String HEIGHT="81" WIDTH="244" VPOS="2540" HPOS="1988" CONTENT="ההרים"/><String HEIGHT="81" WIDTH="244" VPOS="2540" HPOS="2150" CONTENT="במחוז"/><String HEIGHT="81" WIDTH="271" VPOS="2540" HPOS="2313" CONTENT="טאנגער"/><String HEIGHT="81" WIDTH="271" VPOS="2540" HPOS="2476" CONTENT="במאראקא,"/></TextLine><TextLine ID="region_1522077748662_524l35" BASELINE="2674" HEIGHT="72" WIDTH="1272" VPOS="2602" HPOS="1596"><String HEIGHT="72" WIDTH="274" VPOS="2602" HPOS="1571" CONTENT="התקוממו"/><String HEIGHT="72" WIDTH="175" VPOS="2602" HPOS="1771" CONTENT="נגד"/><String HEIGHT="72" WIDTH="200" VPOS="2602" HPOS="1870" CONTENT="הפחה"/><String HEIGHT="72" WIDTH="224" VPOS="2602" HPOS="1995" CONTENT="החדש,"/><String HEIGHT="72" WIDTH="224" VPOS="2602" HPOS="2145" CONTENT="וירדו"/><String HEIGHT="72" WIDTH="150" VPOS="2602" HPOS="2294" CONTENT="אל"/><String HEIGHT="72" WIDTH="224" VPOS="2602" HPOS="2369" CONTENT="השפלה"/><String HEIGHT="72" WIDTH="150" VPOS="2602" HPOS="2519" CONTENT="אל"/><String HEIGHT="72" WIDTH="249" VPOS="2602" HPOS="2594" CONTENT="מושבות"/><String HEIGHT="72" WIDTH="125" VPOS="2602" HPOS="2743" CONTENT="בני"/></TextLine><TextLine ID="region_1522077748662_524l36" BASELINE="2753" HEIGHT="95" WIDTH="1246" VPOS="2658" HPOS="1614"><String HEIGHT="95" WIDTH="195" VPOS="2658" HPOS="1590" CONTENT="החול"/><String HEIGHT="95" WIDTH="171" VPOS="2658" HPOS="1712" CONTENT="אשר"/><String HEIGHT="95" WIDTH="195" VPOS="2658" HPOS="1809" CONTENT="לעיר"/><String HEIGHT="95" WIDTH="244" VPOS="2658" HPOS="1932" CONTENT="טאנגער"/><String HEIGHT="95" WIDTH="244" VPOS="2658" HPOS="2103" CONTENT="ויאמרו"/><String HEIGHT="95" WIDTH="244" VPOS="2658" HPOS="2274" CONTENT="להשחות"/><String HEIGHT="95" WIDTH="147" VPOS="2658" HPOS="2445" CONTENT="כל"/><String HEIGHT="95" WIDTH="195" VPOS="2658" HPOS="2518" CONTENT="יבול"/><String HEIGHT="95" WIDTH="195" VPOS="2658" HPOS="2640" CONTENT="הארץ"/><String HEIGHT="95" WIDTH="122" VPOS="2658" HPOS="2738" CONTENT="אשר"/></TextLine><TextLine ID="region_1522077748662_524l37" BASELINE="2808" HEIGHT="91" WIDTH="1267" VPOS="2717" HPOS="1599"><String HEIGHT="91" WIDTH="244" VPOS="2717" HPOS="1575" CONTENT="ליושבי"/><String HEIGHT="91" WIDTH="244" VPOS="2717" HPOS="1745" CONTENT="השפלה,"/><String HEIGHT="91" WIDTH="195" VPOS="2717" HPOS="1916" CONTENT="למען"/><String HEIGHT="91" WIDTH="195" VPOS="2717" HPOS="2038" CONTENT="יהיה"/><String HEIGHT="91" WIDTH="171" VPOS="2717" HPOS="2159" CONTENT="רעב"/><String HEIGHT="91" WIDTH="195" VPOS="2717" HPOS="2257" CONTENT="בעיר"/><String HEIGHT="91" WIDTH="146" VPOS="2717" HPOS="2379" CONTENT="אם"/><String HEIGHT="91" WIDTH="146" VPOS="2717" HPOS="2452" CONTENT="לא"/><String HEIGHT="91" WIDTH="219" VPOS="2717" HPOS="2525" CONTENT="יסורו"/><String HEIGHT="91" WIDTH="146" VPOS="2717" HPOS="2671" CONTENT="את"/><String HEIGHT="91" WIDTH="146" VPOS="2717" HPOS="2720" CONTENT="הפחה"/></TextLine><TextLine ID="region_1522077748662_524l38" BASELINE="2875" HEIGHT="82" WIDTH="1293" VPOS="2793" HPOS="1594"><String HEIGHT="82" WIDTH="99" VPOS="2793" HPOS="1569" CONTENT=""/><String HEIGHT="82" WIDTH="274" VPOS="2793" HPOS="1594" CONTENT="מפקודתו"/><String HEIGHT="82" WIDTH="149" VPOS="2793" HPOS="1793" CONTENT="או"/><String HEIGHT="82" WIDTH="274" VPOS="2793" HPOS="1868" CONTENT="ימסרוהו"/><String HEIGHT="82" WIDTH="274" VPOS="2793" HPOS="2066" CONTENT="בידיהם."/><String HEIGHT="82" WIDTH="199" VPOS="2793" HPOS="2265" CONTENT="ראשי"/><String HEIGHT="82" WIDTH="274" VPOS="2793" HPOS="2390" CONTENT="הקושרים"/><String HEIGHT="82" WIDTH="199" VPOS="2793" HPOS="2589" CONTENT="שלחו"/><String HEIGHT="82" WIDTH="199" VPOS="2793" HPOS="2688" CONTENT="ציריהם"/></TextLine><TextLine ID="region_1522077748662_524l39" BASELINE="2940" HEIGHT="91" WIDTH="1274" VPOS="2849" HPOS="1608"><String HEIGHT="91" WIDTH="225" VPOS="2849" HPOS="1583" CONTENT="לראשי"/><String HEIGHT="91" WIDTH="250" VPOS="2849" HPOS="1733" CONTENT="הכפרים"/><String HEIGHT="91" WIDTH="200" VPOS="2849" HPOS="1908" CONTENT="שמה,"/><String HEIGHT="91" WIDTH="275" VPOS="2849" HPOS="2033" CONTENT="להזהירם"/><String HEIGHT="91" WIDTH="175" VPOS="2849" HPOS="2233" CONTENT="לבל"/><String HEIGHT="91" WIDTH="200" VPOS="2849" HPOS="2332" CONTENT="יבאו"/><String HEIGHT="91" WIDTH="225" VPOS="2849" HPOS="2457" CONTENT="בברית"/><String HEIGHT="91" WIDTH="150" VPOS="2849" HPOS="2607" CONTENT="עם"/><String HEIGHT="91" WIDTH="200" VPOS="2849" HPOS="2682" CONTENT="הפחה"/><String HEIGHT="91" WIDTH="100" VPOS="2849" HPOS="2782" CONTENT="פן"/></TextLine><TextLine ID="region_1522077748662_524l40" BASELINE="3004" HEIGHT="91" WIDTH="1264" VPOS="2913" HPOS="1603"><String HEIGHT="91" WIDTH="207" VPOS="2913" HPOS="1580" CONTENT="יבולע"/><String HEIGHT="91" WIDTH="184" VPOS="2913" HPOS="1718" CONTENT="להם,"/><String HEIGHT="91" WIDTH="138" VPOS="2913" HPOS="1833" CONTENT="כי"/><String HEIGHT="91" WIDTH="207" VPOS="2913" HPOS="1902" CONTENT="ישרפו"/><String HEIGHT="91" WIDTH="253" VPOS="2913" HPOS="2040" CONTENT="שדותיהם"/><String HEIGHT="91" WIDTH="184" VPOS="2913" HPOS="2224" CONTENT="באש,"/><String HEIGHT="91" WIDTH="161" VPOS="2913" HPOS="2338" CONTENT="ואת"/><String HEIGHT="91" WIDTH="138" VPOS="2913" HPOS="2430" CONTENT="כל"/><String HEIGHT="91" WIDTH="207" VPOS="2913" HPOS="2499" CONTENT="בעירם"/><String HEIGHT="91" WIDTH="207" VPOS="2913" HPOS="2637" CONTENT="ינהגו"/><String HEIGHT="91" WIDTH="115" VPOS="2913" HPOS="2752" CONTENT="שבי"/></TextLine><TextLine ID="region_1522077748662_524l41" BASELINE="3064" HEIGHT="92" WIDTH="1261" VPOS="2972" HPOS="1605"><String HEIGHT="92" WIDTH="202" VPOS="2972" HPOS="1580" CONTENT="והנם"/><String HEIGHT="92" WIDTH="252" VPOS="2972" HPOS="1706" CONTENT="הולכים"/><String HEIGHT="92" WIDTH="303" VPOS="2972" HPOS="1882" CONTENT="ומתקרבים"/><String HEIGHT="92" WIDTH="151" VPOS="2972" HPOS="2109" CONTENT="אל"/><String HEIGHT="92" WIDTH="202" VPOS="2972" HPOS="2185" CONTENT="העיר"/><String HEIGHT="92" WIDTH="252" VPOS="2972" HPOS="2311" CONTENT="טאנגער"/><String HEIGHT="92" WIDTH="202" VPOS="2972" HPOS="2488" CONTENT="לצור"/><String HEIGHT="92" WIDTH="227" VPOS="2972" HPOS="2614" CONTENT="עליה."/><String HEIGHT="92" WIDTH="126" VPOS="2972" HPOS="2740" CONTENT="לפי"/></TextLine><TextLine ID="region_1522077748662_524l42" BASELINE="3120" HEIGHT="80" WIDTH="1277" VPOS="3040" HPOS="1607"><String HEIGHT="80" WIDTH="270" VPOS="3040" HPOS="1582" CONTENT="ההודעות"/><String HEIGHT="80" WIDTH="295" VPOS="3040" HPOS="1779" CONTENT="האחרונות"/><String HEIGHT="80" WIDTH="196" VPOS="3040" HPOS="2000" CONTENT="משם,"/><String HEIGHT="80" WIDTH="172" VPOS="3040" HPOS="2123" CONTENT="באו"/><String HEIGHT="80" WIDTH="196" VPOS="3040" HPOS="2221" CONTENT="ראשי"/><String HEIGHT="80" WIDTH="270" VPOS="3040" HPOS="2344" CONTENT="המורדים"/><String HEIGHT="80" WIDTH="172" VPOS="3040" HPOS="2540" CONTENT="תחת"/><String HEIGHT="80" WIDTH="196" VPOS="3040" HPOS="2638" CONTENT="מחסה"/><String HEIGHT="80" WIDTH="147" VPOS="3040" HPOS="2737" CONTENT="צירי"/></TextLine><TextLine ID="region_1522077748662_524l43" BASELINE="3204" HEIGHT="100" WIDTH="1272" VPOS="3104" HPOS="1604"><String HEIGHT="100" WIDTH="208" VPOS="3104" HPOS="1581" CONTENT="ממשלת"/><String HEIGHT="100" WIDTH="208" VPOS="3104" HPOS="1720" CONTENT="אחרות"/><String HEIGHT="100" WIDTH="139" VPOS="3104" HPOS="1858" CONTENT="אל"/><String HEIGHT="100" WIDTH="208" VPOS="3104" HPOS="1928" CONTENT="העיר,"/><String HEIGHT="100" WIDTH="208" VPOS="3104" HPOS="2067" CONTENT="ויקחו"/><String HEIGHT="100" WIDTH="208" VPOS="3104" HPOS="2205" CONTENT="דברים"/><String HEIGHT="100" WIDTH="139" VPOS="3104" HPOS="2344" CONTENT="עם"/><String HEIGHT="100" WIDTH="278" VPOS="3104" HPOS="2413" CONTENT="המיניסטר"/><String HEIGHT="100" WIDTH="139" VPOS="3104" HPOS="2622" CONTENT="של"/><String HEIGHT="100" WIDTH="208" VPOS="3104" HPOS="2668" CONTENT="המאורים"/></TextLine><TextLine ID="region_1522077748662_524l44" BASELINE="3259" HEIGHT="86" WIDTH="1264" VPOS="3173" HPOS="1609"><String HEIGHT="86" WIDTH="184" VPOS="3173" HPOS="1586" CONTENT="סודו"/><String HEIGHT="86" WIDTH="184" VPOS="3173" HPOS="1701" CONTENT="מחמד"/><String HEIGHT="86" WIDTH="207" VPOS="3173" HPOS="1816" CONTENT="קרגש,"/><String HEIGHT="86" WIDTH="184" VPOS="3173" HPOS="1954" CONTENT="והוא"/><String HEIGHT="86" WIDTH="230" VPOS="3173" HPOS="2069" CONTENT="הבטיחם"/><String HEIGHT="86" WIDTH="207" VPOS="3173" HPOS="2230" CONTENT="להביא"/><String HEIGHT="86" WIDTH="276" VPOS="3173" HPOS="2367" CONTENT="טענותיהם"/><String HEIGHT="86" WIDTH="184" VPOS="3173" HPOS="2574" CONTENT="לפני"/><String HEIGHT="86" WIDTH="207" VPOS="3173" HPOS="2666" CONTENT="השולטן,"/></TextLine><TextLine ID="region_1522077748662_524l45" BASELINE="3311" HEIGHT="78" WIDTH="608" VPOS="3233" HPOS="2252"><String HEIGHT="78" WIDTH="257" VPOS="3233" HPOS="2229" CONTENT="והמנוחה"/><String HEIGHT="78" WIDTH="164" VPOS="3233" HPOS="2416" CONTENT="שבה"/><String HEIGHT="78" WIDTH="187" VPOS="3233" HPOS="2509" CONTENT="בעיר"/><String HEIGHT="78" WIDTH="257" VPOS="3233" HPOS="2603" CONTENT="כבראשונה."/></TextLine></TextBlock><TextBlock ID="TextRegion_1523283336156_4" HEIGHT="213" WIDTH="1324" VPOS="3381" HPOS="1595"><Shape><Polygon POINTS="2919,3594 1595,3594 1595,3381 2919,3381"/></Shape><TextLine ID="line_1522078866095_563" BASELINE="3576" HEIGHT="119" WIDTH="506" VPOS="3457" HPOS="1990"><String HEIGHT="119" WIDTH="607" VPOS="3457" HPOS="1889" CONTENT="פראנקרייך."/></TextLine></TextBlock><TextBlock ID="TextRegion_1523283336155_3" HEIGHT="147" WIDTH="1324" VPOS="3594" HPOS="1595"><Shape><Polygon POINTS="2919,3741 1595,3741 1595,3594 2919,3594"/></Shape><TextLine ID="line_1522078904854_565" BASELINE="3676" HEIGHT="101" WIDTH="1127" VPOS="3575" HPOS="1611"><String HEIGHT="101" WIDTH="230" VPOS="3575" HPOS="1588" CONTENT="פאריז-"/><String HEIGHT="101" WIDTH="184" VPOS="3575" HPOS="1749" CONTENT="בירה"/><String HEIGHT="101" WIDTH="230" VPOS="3575" HPOS="1864" CONTENT="יוניוס"/><String HEIGHT="101" WIDTH="230" VPOS="3575" HPOS="2025" CONTENT="תרל״ד."/><String HEIGHT="101" WIDTH="207" VPOS="3575" HPOS="2186" CONTENT="בשלשי"/><String HEIGHT="101" WIDTH="184" VPOS="3575" HPOS="2324" CONTENT="לירח"/><String HEIGHT="101" WIDTH="138" VPOS="3575" HPOS="2439" CONTENT="זה"/><String HEIGHT="101" WIDTH="184" VPOS="3575" HPOS="2508" CONTENT="נפתח"/><String HEIGHT="101" WIDTH="138" VPOS="3575" HPOS="2600" CONTENT="„בית"/></TextLine><TextLine ID="line_1522078910378_566" BASELINE="3748" HEIGHT="100" WIDTH="1258" VPOS="3648" HPOS="1614"><String HEIGHT="100" WIDTH="277" VPOS="3648" HPOS="1589" CONTENT="היתומים"/><String HEIGHT="100" WIDTH="176" VPOS="3648" HPOS="1790" CONTENT="בעד"/><String HEIGHT="100" WIDTH="201" VPOS="3648" HPOS="1891" CONTENT="ילדי"/><String HEIGHT="100" WIDTH="201" VPOS="3648" HPOS="2017" CONTENT="ב״י&#34;"/><String HEIGHT="100" WIDTH="176" VPOS="3648" HPOS="2142" CONTENT="אשר"/><String HEIGHT="100" WIDTH="201" VPOS="3648" HPOS="2243" CONTENT="בנתה"/><String HEIGHT="100" WIDTH="176" VPOS="3648" HPOS="2369" CONTENT="אשת"/><String HEIGHT="100" WIDTH="252" VPOS="3648" HPOS="2469" CONTENT="הבאראן"/><String HEIGHT="100" WIDTH="201" VPOS="3648" HPOS="2646" CONTENT="זימס"/><String HEIGHT="100" WIDTH="126" VPOS="3648" HPOS="2746" CONTENT="פאן"/></TextLine></TextBlock><TextBlock ID="region_1522077761768_525" HEIGHT="1286" WIDTH="1429" VPOS="249" HPOS="145"><Shape><Polygon POINTS="1574,249 145,249 145,1535 1574,1535"/></Shape><TextLine ID="region_1522077761768_525l1" BASELINE="355" HEIGHT="75" WIDTH="1261" VPOS="280" HPOS="273"><String HEIGHT="75" WIDTH="303" VPOS="280" HPOS="248" CONTENT="ראטהשילד"/><String HEIGHT="75" WIDTH="252" VPOS="280" HPOS="475" CONTENT="ונתחנך"/><String HEIGHT="75" WIDTH="177" VPOS="280" HPOS="651" CONTENT="ברב"/><String HEIGHT="75" WIDTH="177" VPOS="280" HPOS="752" CONTENT="פאר"/><String HEIGHT="75" WIDTH="227" VPOS="280" HPOS="853" CONTENT="והדר."/><String HEIGHT="75" WIDTH="202" VPOS="280" HPOS="1004" CONTENT="יותר"/><String HEIGHT="75" WIDTH="202" VPOS="280" HPOS="1130" CONTENT="משני"/><String HEIGHT="75" WIDTH="202" VPOS="280" HPOS="1257" CONTENT="מאות"/><String HEIGHT="75" WIDTH="177" VPOS="280" HPOS="1357" CONTENT="אנשים"/></TextLine><TextLine ID="region_1522077761768_525l2" BASELINE="422" HEIGHT="83" WIDTH="1250" VPOS="339" HPOS="294"><String HEIGHT="83" WIDTH="208" VPOS="339" HPOS="271" CONTENT="ונשים"/><String HEIGHT="83" WIDTH="231" VPOS="339" HPOS="410" CONTENT="מנכבדי"/><String HEIGHT="83" WIDTH="162" VPOS="339" HPOS="572" CONTENT="עיר"/><String HEIGHT="83" WIDTH="208" VPOS="339" HPOS="664" CONTENT="פאריז"/><String HEIGHT="83" WIDTH="231" VPOS="339" HPOS="803" CONTENT="התאספו"/><String HEIGHT="83" WIDTH="208" VPOS="339" HPOS="965" CONTENT="יחדיו"/><String HEIGHT="83" WIDTH="185" VPOS="339" HPOS="1104" CONTENT="לחוג"/><String HEIGHT="83" WIDTH="139" VPOS="339" HPOS="1220" CONTENT="את"/><String HEIGHT="83" WIDTH="162" VPOS="339" HPOS="1289" CONTENT="יום"/><String HEIGHT="83" WIDTH="185" VPOS="339" HPOS="1359" CONTENT="החנוך,"/></TextLine><TextLine ID="region_1522077761768_525l3" BASELINE="480" HEIGHT="77" WIDTH="1250" VPOS="403" HPOS="287"><String HEIGHT="77" WIDTH="194" VPOS="403" HPOS="265" CONTENT="ורבני"/><String HEIGHT="77" WIDTH="216" VPOS="403" HPOS="395" CONTENT="פאריז,"/><String HEIGHT="77" WIDTH="151" VPOS="403" HPOS="546" CONTENT="הרב"/><String HEIGHT="77" WIDTH="172" VPOS="403" HPOS="632" CONTENT="צדוק"/><String HEIGHT="77" WIDTH="172" VPOS="403" HPOS="740" CONTENT="כהן,"/><String HEIGHT="77" WIDTH="172" VPOS="403" HPOS="847" CONTENT="והרב"/><String HEIGHT="77" WIDTH="216" VPOS="403" HPOS="955" CONTENT="אליעזר"/><String HEIGHT="77" WIDTH="259" VPOS="403" HPOS="1106" CONTENT="איזידאר,"/><String HEIGHT="77" WIDTH="172" VPOS="403" HPOS="1300" CONTENT="דרשו"/><String HEIGHT="77" WIDTH="151" VPOS="403" HPOS="1386" CONTENT="דברים"/></TextLine><TextLine ID="region_1522077761768_525l4" BASELINE="548" HEIGHT="91" WIDTH="1261" VPOS="457" HPOS="275"><String HEIGHT="91" WIDTH="218" VPOS="457" HPOS="251" CONTENT="יקרים"/><String HEIGHT="91" WIDTH="267" VPOS="457" HPOS="396" CONTENT="ונמרצים"/><String HEIGHT="91" WIDTH="218" VPOS="457" HPOS="590" CONTENT="לכבוד"/><String HEIGHT="91" WIDTH="194" VPOS="457" HPOS="736" CONTENT="היום"/><String HEIGHT="91" WIDTH="194" VPOS="457" HPOS="857" CONTENT="הזה."/><String HEIGHT="91" WIDTH="194" VPOS="457" HPOS="978" CONTENT="הבית"/><String HEIGHT="91" WIDTH="170" VPOS="457" HPOS="1100" CONTENT="הזה"/><String HEIGHT="91" WIDTH="194" VPOS="457" HPOS="1197" CONTENT="בנוי"/><String HEIGHT="91" WIDTH="194" VPOS="457" HPOS="1318" CONTENT="בחלק"/><String HEIGHT="91" WIDTH="121" VPOS="457" HPOS="1415" CONTENT="טוב"/></TextLine><TextLine ID="region_1522077761768_525l5" BASELINE="600" HEIGHT="68" WIDTH="1248" VPOS="532" HPOS="287"><String HEIGHT="68" WIDTH="162" VPOS="532" HPOS="264" CONTENT="וזך"/><String HEIGHT="68" WIDTH="208" VPOS="532" HPOS="356" CONTENT="האויר"/><String HEIGHT="68" WIDTH="231" VPOS="532" HPOS="495" CONTENT="מהעיר,"/><String HEIGHT="68" WIDTH="139" VPOS="532" HPOS="657" CONTENT="עם"/><String HEIGHT="68" WIDTH="208" VPOS="532" HPOS="726" CONTENT="חדרים"/><String HEIGHT="68" WIDTH="231" VPOS="532" HPOS="865" CONTENT="מרוחים"/><String HEIGHT="68" WIDTH="231" VPOS="532" HPOS="1027" CONTENT="ויפים,"/><String HEIGHT="68" WIDTH="185" VPOS="532" HPOS="1188" CONTENT="וחצר"/><String HEIGHT="68" WIDTH="162" VPOS="532" HPOS="1304" CONTENT="רחב"/><String HEIGHT="68" WIDTH="162" VPOS="532" HPOS="1373" CONTENT="ידים."/></TextLine><TextLine ID="region_1522077761768_525l6" BASELINE="674" HEIGHT="88" WIDTH="1254" VPOS="586" HPOS="277"><String HEIGHT="88" WIDTH="209" VPOS="586" HPOS="254" CONTENT="להבית"/><String HEIGHT="88" WIDTH="163" VPOS="586" HPOS="393" CONTENT="הזה"/><String HEIGHT="88" WIDTH="209" VPOS="586" HPOS="486" CONTENT="יספחו"/><String HEIGHT="88" WIDTH="232" VPOS="586" HPOS="625" CONTENT="יתומים"/><String HEIGHT="88" WIDTH="255" VPOS="586" HPOS="788" CONTENT="ויתומות"/><String HEIGHT="88" WIDTH="139" VPOS="586" HPOS="974" CONTENT="עד"/><String HEIGHT="88" WIDTH="163" VPOS="586" HPOS="1043" CONTENT="מאה"/><String HEIGHT="88" WIDTH="232" VPOS="586" HPOS="1136" CONTENT="במספר,"/><String HEIGHT="88" WIDTH="186" VPOS="586" HPOS="1299" CONTENT="ושמה"/><String HEIGHT="88" WIDTH="139" VPOS="586" HPOS="1392" CONTENT="ינתן"/></TextLine><TextLine ID="region_1522077761768_525l7" BASELINE="744" HEIGHT="101" WIDTH="1260" VPOS="643" HPOS="281"><String HEIGHT="101" WIDTH="180" VPOS="643" HPOS="255" CONTENT="להם"/><String HEIGHT="101" WIDTH="154" VPOS="643" HPOS="358" CONTENT="כל"/><String HEIGHT="101" WIDTH="257" VPOS="643" HPOS="435" CONTENT="מחסורם"/><String HEIGHT="101" WIDTH="180" VPOS="643" HPOS="615" CONTENT="מיד"/><String HEIGHT="101" WIDTH="231" VPOS="643" HPOS="718" CONTENT="נדיבת"/><String HEIGHT="101" WIDTH="180" VPOS="643" HPOS="872" CONTENT="הלב"/><String HEIGHT="101" WIDTH="180" VPOS="643" HPOS="975" CONTENT="אשת"/><String HEIGHT="101" WIDTH="283" VPOS="643" HPOS="1078" CONTENT="הבאראן."/><String HEIGHT="101" WIDTH="206" VPOS="643" HPOS="1284" CONTENT="הבית"/><String HEIGHT="101" WIDTH="154" VPOS="643" HPOS="1387" CONTENT="נחלק"/></TextLine><TextLine ID="region_1522077761768_525l8" BASELINE="795" HEIGHT="82" WIDTH="1264" VPOS="713" HPOS="280"><String HEIGHT="82" WIDTH="234" VPOS="713" HPOS="257" CONTENT="לשנים,"/><String HEIGHT="82" WIDTH="187" VPOS="713" HPOS="420" CONTENT="חציו"/><String HEIGHT="82" WIDTH="187" VPOS="713" HPOS="537" CONTENT="האחד"/><String HEIGHT="82" WIDTH="140" VPOS="713" HPOS="655" CONTENT="עם"/><String HEIGHT="82" WIDTH="164" VPOS="713" HPOS="725" CONTENT="פתח"/><String HEIGHT="82" WIDTH="211" VPOS="713" HPOS="818" CONTENT="מיוחד"/><String HEIGHT="82" WIDTH="211" VPOS="713" HPOS="959" CONTENT="לחדרי"/><String HEIGHT="82" WIDTH="257" VPOS="713" HPOS="1099" CONTENT="הילדים,"/><String HEIGHT="82" WIDTH="211" VPOS="713" HPOS="1287" CONTENT="וחציו"/><String HEIGHT="82" WIDTH="140" VPOS="713" HPOS="1404" CONTENT="השני"/></TextLine><TextLine ID="region_1522077761768_525l9" BASELINE="853" HEIGHT="75" WIDTH="1243" VPOS="778" HPOS="294"><String HEIGHT="75" WIDTH="152" VPOS="778" HPOS="269" CONTENT="עם"/><String HEIGHT="75" WIDTH="203" VPOS="778" HPOS="345" CONTENT="מבוא"/><String HEIGHT="75" WIDTH="178" VPOS="778" HPOS="472" CONTENT="אחר"/><String HEIGHT="75" WIDTH="228" VPOS="778" HPOS="573" CONTENT="לחדרי"/><String HEIGHT="75" WIDTH="279" VPOS="778" HPOS="725" CONTENT="הילדות."/><String HEIGHT="75" WIDTH="228" VPOS="778" HPOS="928" CONTENT="בהבית"/><String HEIGHT="75" WIDTH="178" VPOS="778" HPOS="1080" CONTENT="הזה"/><String HEIGHT="75" WIDTH="203" VPOS="778" HPOS="1182" CONTENT="נמצא"/><String HEIGHT="75" WIDTH="254" VPOS="778" HPOS="1283" CONTENT="בית-ספר,"/></TextLine><TextLine ID="region_1522077761768_525l10" BASELINE="922" HEIGHT="82" WIDTH="1248" VPOS="840" HPOS="289"><String HEIGHT="82" WIDTH="367" VPOS="840" HPOS="265" CONTENT="ובית-הכנסת,"/><String HEIGHT="82" WIDTH="147" VPOS="840" HPOS="558" CONTENT="כל"/><String HEIGHT="82" WIDTH="171" VPOS="840" HPOS="632" CONTENT="אלה"/><String HEIGHT="82" WIDTH="245" VPOS="840" HPOS="729" CONTENT="בנויים"/><String HEIGHT="82" WIDTH="196" VPOS="840" HPOS="901" CONTENT="בסדר"/><String HEIGHT="82" WIDTH="196" VPOS="840" HPOS="1023" CONTENT="נכון"/><String HEIGHT="82" WIDTH="220" VPOS="840" HPOS="1145" CONTENT="ובטוב"/><String HEIGHT="82" WIDTH="196" VPOS="840" HPOS="1292" CONTENT="טעם."/><String HEIGHT="82" WIDTH="147" VPOS="840" HPOS="1390" CONTENT="כאשר"/></TextLine><TextLine ID="region_1522077761768_525l11" BASELINE="982" HEIGHT="79" WIDTH="1256" VPOS="903" HPOS="285"><String HEIGHT="79" WIDTH="209" VPOS="903" HPOS="262" CONTENT="יגרלו"/><String HEIGHT="79" WIDTH="233" VPOS="903" HPOS="401" CONTENT="הנערים"/><String HEIGHT="79" WIDTH="209" VPOS="903" HPOS="564" CONTENT="ילמדו"/><String HEIGHT="79" WIDTH="209" VPOS="903" HPOS="704" CONTENT="מלאכה"/><String HEIGHT="79" WIDTH="140" VPOS="903" HPOS="843" CONTENT="או"/><String HEIGHT="79" WIDTH="186" VPOS="903" HPOS="913" CONTENT="חכמה"/><String HEIGHT="79" WIDTH="163" VPOS="903" HPOS="1029" CONTENT="הכל"/><String HEIGHT="79" WIDTH="163" VPOS="903" HPOS="1122" CONTENT="לפי"/><String HEIGHT="79" WIDTH="326" VPOS="903" HPOS="1215" CONTENT="כשרונותיהם"/><String HEIGHT="79" WIDTH="93" VPOS="903" HPOS="1448" CONTENT="על"/></TextLine><TextLine ID="region_1522077761768_525l12" BASELINE="1043" HEIGHT="73" WIDTH="1270" VPOS="970" HPOS="271"><String HEIGHT="73" WIDTH="223" VPOS="970" HPOS="249" CONTENT="הוצאות"/><String HEIGHT="73" WIDTH="201" VPOS="970" HPOS="405" CONTENT="מיסדת"/><String HEIGHT="73" WIDTH="178" VPOS="970" HPOS="538" CONTENT="הבית"/><String HEIGHT="73" WIDTH="134" VPOS="970" HPOS="650" CONTENT="עד"/><String HEIGHT="73" WIDTH="134" VPOS="970" HPOS="717" CONTENT="כי"/><String HEIGHT="73" WIDTH="178" VPOS="970" HPOS="783" CONTENT="יהיו"/><String HEIGHT="73" WIDTH="223" VPOS="970" HPOS="895" CONTENT="לאנשים"/><String HEIGHT="73" WIDTH="245" VPOS="970" HPOS="1051" CONTENT="מועילים"/><String HEIGHT="73" WIDTH="201" VPOS="970" HPOS="1229" CONTENT="לחברת"/><String HEIGHT="73" WIDTH="201" VPOS="970" HPOS="1340" CONTENT="האנושית"/></TextLine><TextLine ID="region_1522077761768_525l13" BASELINE="1114" HEIGHT="85" WIDTH="1259" VPOS="1029" HPOS="282"><String HEIGHT="85" WIDTH="238" VPOS="1029" HPOS="258" CONTENT="ויוכלו"/><String HEIGHT="85" WIDTH="238" VPOS="1029" HPOS="425" CONTENT="להרויח"/><String HEIGHT="85" WIDTH="190" VPOS="1029" HPOS="591" CONTENT="לחמם"/><String HEIGHT="85" WIDTH="238" VPOS="1029" HPOS="710" CONTENT="בעצמם,"/><String HEIGHT="85" WIDTH="261" VPOS="1029" HPOS="876" CONTENT="והנערות"/><String HEIGHT="85" WIDTH="238" VPOS="1029" HPOS="1066" CONTENT="תשארנה"/><String HEIGHT="85" WIDTH="214" VPOS="1029" HPOS="1232" CONTENT="בהבית"/><String HEIGHT="85" WIDTH="166" VPOS="1029" HPOS="1375" CONTENT="הזה"/><String HEIGHT="85" WIDTH="95" VPOS="1029" HPOS="1446" CONTENT="עד"/></TextLine><TextLine ID="region_1522077761768_525l14" BASELINE="1177" HEIGHT="84" WIDTH="1266" VPOS="1093" HPOS="273"><String HEIGHT="84" WIDTH="195" VPOS="1093" HPOS="249" CONTENT="מלאת"/><String HEIGHT="84" WIDTH="170" VPOS="1093" HPOS="370" CONTENT="להן"/><String HEIGHT="84" WIDTH="219" VPOS="1093" HPOS="468" CONTENT="עשרים"/><String HEIGHT="84" WIDTH="170" VPOS="1093" HPOS="614" CONTENT="שנה"/><String HEIGHT="84" WIDTH="195" VPOS="1093" HPOS="711" CONTENT="לימי"/><String HEIGHT="84" WIDTH="243" VPOS="1093" HPOS="833" CONTENT="חייהן,"/><String HEIGHT="84" WIDTH="219" VPOS="1093" HPOS="1003" CONTENT="ובתוך"/><String HEIGHT="84" WIDTH="195" VPOS="1093" HPOS="1149" CONTENT="הזמן"/><String HEIGHT="84" WIDTH="170" VPOS="1093" HPOS="1271" CONTENT="הזה"/><String HEIGHT="84" WIDTH="195" VPOS="1093" HPOS="1344" CONTENT="תלמדנה"/></TextLine><TextLine ID="region_1522077761768_525l15" BASELINE="1247" HEIGHT="91" WIDTH="1265" VPOS="1156" HPOS="277"><String HEIGHT="91" WIDTH="239" VPOS="1156" HPOS="253" CONTENT="לתפור,"/><String HEIGHT="91" WIDTH="215" VPOS="1156" HPOS="420" CONTENT="לכבס,"/><String HEIGHT="91" WIDTH="191" VPOS="1156" HPOS="563" CONTENT="לבשל"/><String HEIGHT="91" WIDTH="215" VPOS="1156" HPOS="683" CONTENT="ולרקח"/><String HEIGHT="91" WIDTH="239" VPOS="1156" HPOS="826" CONTENT="מרקחת,"/><String HEIGHT="91" WIDTH="191" VPOS="1156" HPOS="993" CONTENT="למען"/><String HEIGHT="91" WIDTH="239" VPOS="1156" HPOS="1112" CONTENT="תוכלנה"/><String HEIGHT="91" WIDTH="167" VPOS="1156" HPOS="1279" CONTENT="ג״כ"/><String HEIGHT="91" WIDTH="191" VPOS="1156" HPOS="1351" CONTENT="להרויח"/></TextLine><TextLine ID="region_1522077761768_525l16" BASELINE="1303" HEIGHT="83" WIDTH="1257" VPOS="1220" HPOS="277"><String HEIGHT="83" WIDTH="193" VPOS="1220" HPOS="253" CONTENT="לחמן"/><String HEIGHT="83" WIDTH="193" VPOS="1220" HPOS="374" CONTENT="מעמל"/><String HEIGHT="83" WIDTH="242" VPOS="1220" HPOS="495" CONTENT="כפיהן."/><String HEIGHT="83" WIDTH="169" VPOS="1220" HPOS="664" CONTENT="זאת"/><String HEIGHT="83" WIDTH="218" VPOS="1220" HPOS="760" CONTENT="פעולת"/><String HEIGHT="83" WIDTH="169" VPOS="1220" HPOS="906" CONTENT="אשת"/><String HEIGHT="83" WIDTH="218" VPOS="1220" HPOS="1002" CONTENT="נדיבת"/><String HEIGHT="83" WIDTH="145" VPOS="1220" HPOS="1147" CONTENT="לב"/><String HEIGHT="83" WIDTH="266" VPOS="1220" HPOS="1220" CONTENT="בישראל,"/><String HEIGHT="83" WIDTH="145" VPOS="1220" HPOS="1389" CONTENT="וזאת"/></TextLine><TextLine ID="region_1522077761768_525l17" BASELINE="1371" HEIGHT="84" WIDTH="1243" VPOS="1287" HPOS="294"><String HEIGHT="84" WIDTH="216" VPOS="1287" HPOS="267" CONTENT="צדקת"/><String HEIGHT="84" WIDTH="297" VPOS="1287" HPOS="402" CONTENT="פזרונה!"/><String HEIGHT="84" WIDTH="216" VPOS="1287" HPOS="618" CONTENT="ולכל"/><String HEIGHT="84" WIDTH="216" VPOS="1287" HPOS="753" CONTENT="הטוב"/><String HEIGHT="84" WIDTH="189" VPOS="1287" HPOS="888" CONTENT="אשר"/><String HEIGHT="84" WIDTH="216" VPOS="1287" HPOS="997" CONTENT="תעשה"/><String HEIGHT="84" WIDTH="243" VPOS="1287" HPOS="1132" CONTENT="משפחת"/><String HEIGHT="84" WIDTH="270" VPOS="1287" HPOS="1267" CONTENT="ראטהשילד"/></TextLine><TextLine ID="region_1522077761768_525l18" BASELINE="1433" HEIGHT="86" WIDTH="1264" VPOS="1347" HPOS="280"><String HEIGHT="86" WIDTH="248" VPOS="1347" HPOS="255" CONTENT="לישראל"/><String HEIGHT="86" WIDTH="198" VPOS="1347" HPOS="429" CONTENT="ואדם"/><String HEIGHT="86" WIDTH="173" VPOS="1347" HPOS="553" CONTENT="אין"/><String HEIGHT="86" WIDTH="273" VPOS="1347" HPOS="652" CONTENT="ספורות,"/><String HEIGHT="86" WIDTH="248" VPOS="1347" HPOS="850" CONTENT="ולצדקת"/><String HEIGHT="86" WIDTH="173" VPOS="1347" HPOS="1024" CONTENT="לבם"/><String HEIGHT="86" WIDTH="223" VPOS="1347" HPOS="1123" CONTENT="ונדבת"/><String HEIGHT="86" WIDTH="198" VPOS="1347" HPOS="1271" CONTENT="רוחם"/><String HEIGHT="86" WIDTH="173" VPOS="1347" HPOS="1371" CONTENT="דומיה"/></TextLine><TextLine ID="region_1522077761768_525l19" BASELINE="1473" HEIGHT="62" WIDTH="142" VPOS="1411" HPOS="1399"><String HEIGHT="62" WIDTH="199" VPOS="1411" HPOS="1342" CONTENT="תהלה."/></TextLine></TextBlock><TextBlock ID="TextRegion_1523283350794_6" HEIGHT="168" WIDTH="1306" VPOS="1535" HPOS="258"><Shape><Polygon POINTS="1564,1703 258,1703 258,1535 1564,1535"/></Shape><TextLine ID="region_1522077766654_526l1" BASELINE="1691" HEIGHT="114" WIDTH="423" VPOS="1577" HPOS="700"><String HEIGHT="114" WIDTH="529" VPOS="1577" HPOS="594" CONTENT="רוסלאנד."/></TextLine></TextBlock><TextBlock ID="TextRegion_1523283350794_5" HEIGHT="2063" WIDTH="1306" VPOS="1703" HPOS="258"><Shape><Polygon POINTS="1564,3766 258,3766 258,1703 1564,1703"/></Shape><TextLine ID="region_1522077766654_526l2" BASELINE="1782" HEIGHT="89" WIDTH="1175" VPOS="1693" HPOS="270"><String HEIGHT="89" WIDTH="157" VPOS="1693" HPOS="244" CONTENT="זה"/><String HEIGHT="89" WIDTH="157" VPOS="1693" HPOS="322" CONTENT="לא"/><String HEIGHT="89" WIDTH="209" VPOS="1693" HPOS="401" CONTENT="כביר"/><String HEIGHT="89" WIDTH="235" VPOS="1693" HPOS="531" CONTENT="קבלנו"/><String HEIGHT="89" WIDTH="183" VPOS="1693" HPOS="688" CONTENT="מס׳"/><String HEIGHT="89" WIDTH="366" VPOS="1693" HPOS="792" CONTENT="פעטערסבורג"/><String HEIGHT="89" WIDTH="235" VPOS="1693" HPOS="1079" CONTENT="חשבון"/><String HEIGHT="89" WIDTH="235" VPOS="1693" HPOS="1210" CONTENT="ההוצאות"/></TextLine><TextLine ID="region_1522077766654_526l3" BASELINE="1850" HEIGHT="85" WIDTH="1254" VPOS="1765" HPOS="283"><String HEIGHT="85" WIDTH="320" VPOS="1765" HPOS="258" CONTENT="וההכנסות,"/><String HEIGHT="85" WIDTH="246" VPOS="1765" HPOS="504" CONTENT="המעשים"/><String HEIGHT="85" WIDTH="320" VPOS="1765" HPOS="676" CONTENT="והפעולות,"/><String HEIGHT="85" WIDTH="148" VPOS="1765" HPOS="922" CONTENT="של"/><String HEIGHT="85" WIDTH="197" VPOS="1765" HPOS="996" CONTENT="חברת"/><String HEIGHT="85" WIDTH="221" VPOS="1765" HPOS="1119" CONTENT="מפיצי"/><String HEIGHT="85" WIDTH="246" VPOS="1765" HPOS="1267" CONTENT="ההשכלה"/><String HEIGHT="85" WIDTH="123" VPOS="1765" HPOS="1414" CONTENT="בין"/></TextLine><TextLine ID="region_1522077766654_526l4" BASELINE="1909" HEIGHT="80" WIDTH="1273" VPOS="1829" HPOS="273"><String HEIGHT="80" WIDTH="255" VPOS="1829" HPOS="248" CONTENT="העברים"/><String HEIGHT="80" WIDTH="204" VPOS="1829" HPOS="426" CONTENT="בארץ"/><String HEIGHT="80" WIDTH="229" VPOS="1829" HPOS="553" CONTENT="רוסיה"/><String HEIGHT="80" WIDTH="204" VPOS="1829" HPOS="706" CONTENT="לשנת"/><String HEIGHT="80" WIDTH="229" VPOS="1829" HPOS="833" CONTENT="1873."/><String HEIGHT="80" WIDTH="153" VPOS="1829" HPOS="986" CONTENT="אל"/><String HEIGHT="80" WIDTH="255" VPOS="1829" HPOS="1062" CONTENT="החשבון"/><String HEIGHT="80" WIDTH="255" VPOS="1829" HPOS="1240" CONTENT="נצרפה,"/><String HEIGHT="80" WIDTH="153" VPOS="1829" HPOS="1393" CONTENT="בתור"/></TextLine><TextLine ID="region_1522077766654_526l5" BASELINE="1969" HEIGHT="78" WIDTH="1258" VPOS="1891" HPOS="280"><String HEIGHT="78" WIDTH="257" VPOS="1891" HPOS="254" CONTENT="הקדמה,"/><String HEIGHT="78" WIDTH="231" VPOS="1891" HPOS="434" CONTENT="השקפה"/><String HEIGHT="78" WIDTH="154" VPOS="1891" HPOS="588" CONTENT="על"/><String HEIGHT="78" WIDTH="180" VPOS="1891" HPOS="665" CONTENT="מצב"/><String HEIGHT="78" WIDTH="231" VPOS="1891" HPOS="768" CONTENT="אחינו"/><String HEIGHT="78" WIDTH="282" VPOS="1891" HPOS="922" CONTENT="ברוסיה,"/><String HEIGHT="78" WIDTH="257" VPOS="1891" HPOS="1127" CONTENT="ביחוסו"/><String HEIGHT="78" WIDTH="154" VPOS="1891" HPOS="1307" CONTENT="אל"/><String HEIGHT="78" WIDTH="180" VPOS="1891" HPOS="1358" CONTENT="פעולת"/></TextLine><TextLine ID="region_1522077766654_526l6" BASELINE="2034" HEIGHT="78" WIDTH="1263" VPOS="1956" HPOS="280"><String HEIGHT="78" WIDTH="237" VPOS="1956" HPOS="254" CONTENT="ומטרת"/><String HEIGHT="78" WIDTH="263" VPOS="1956" HPOS="412" CONTENT="החברה,"/><String HEIGHT="78" WIDTH="184" VPOS="1956" HPOS="596" CONTENT="אשר"/><String HEIGHT="78" WIDTH="211" VPOS="1956" HPOS="701" CONTENT="בשנה"/><String HEIGHT="78" WIDTH="211" VPOS="1956" HPOS="833" CONTENT="ההיא"/><String HEIGHT="78" WIDTH="211" VPOS="1956" HPOS="964" CONTENT="מלאו"/><String HEIGHT="78" WIDTH="158" VPOS="1956" HPOS="1096" CONTENT="לה"/><String HEIGHT="78" WIDTH="184" VPOS="1956" HPOS="1175" CONTENT="עשר"/><String HEIGHT="78" WIDTH="211" VPOS="1956" HPOS="1280" CONTENT="שנים"/><String HEIGHT="78" WIDTH="158" VPOS="1956" HPOS="1385" CONTENT="מיום"/></TextLine><TextLine ID="region_1522077766654_526l7" BASELINE="2099" HEIGHT="82" WIDTH="1280" VPOS="2017" HPOS="271"><String HEIGHT="82" WIDTH="256" VPOS="2017" HPOS="245" CONTENT="הוסדה."/><String HEIGHT="82" WIDTH="179" VPOS="2017" HPOS="425" CONTENT="לפי"/><String HEIGHT="82" WIDTH="179" VPOS="2017" HPOS="527" CONTENT="דעת"/><String HEIGHT="82" WIDTH="205" VPOS="2017" HPOS="629" CONTENT="סופר"/><String HEIGHT="82" WIDTH="256" VPOS="2017" HPOS="757" CONTENT="החברה,"/><String HEIGHT="82" WIDTH="179" VPOS="2017" HPOS="937" CONTENT="הנה"/><String HEIGHT="82" WIDTH="205" VPOS="2017" HPOS="1039" CONTENT="ענין"/><String HEIGHT="82" WIDTH="230" VPOS="2017" HPOS="1167" CONTENT="החברה"/><String HEIGHT="82" WIDTH="230" VPOS="2017" HPOS="1321" CONTENT="בכללו"/><String HEIGHT="82" WIDTH="102" VPOS="2017" HPOS="1449" CONTENT="לא"/></TextLine><TextLine ID="region_1522077766654_526l8" BASELINE="2160" HEIGHT="77" WIDTH="1270" VPOS="2083" HPOS="277"><String HEIGHT="77" WIDTH="181" VPOS="2083" HPOS="251" CONTENT="חדש"/><String HEIGHT="77" WIDTH="181" VPOS="2083" HPOS="355" CONTENT="הוא"/><String HEIGHT="77" WIDTH="259" VPOS="2083" HPOS="458" CONTENT="בעמנו,"/><String HEIGHT="77" WIDTH="207" VPOS="2083" HPOS="640" CONTENT="ועוד"/><String HEIGHT="77" WIDTH="207" VPOS="2083" HPOS="769" CONTENT="לפני"/><String HEIGHT="77" WIDTH="207" VPOS="2083" HPOS="899" CONTENT="ששים"/><String HEIGHT="77" WIDTH="181" VPOS="2083" HPOS="1029" CONTENT="שנה"/><String HEIGHT="77" WIDTH="233" VPOS="2083" HPOS="1132" CONTENT="נוסדה"/><String HEIGHT="77" WIDTH="207" VPOS="2083" HPOS="1288" CONTENT="חברה"/><String HEIGHT="77" WIDTH="156" VPOS="2083" HPOS="1391" CONTENT="כמוה"/></TextLine><TextLine ID="region_1522077766654_526l9" BASELINE="2233" HEIGHT="81" WIDTH="1253" VPOS="2152" HPOS="285"><String HEIGHT="81" WIDTH="276" VPOS="2152" HPOS="260" CONTENT="גערמנית"/><String HEIGHT="81" WIDTH="175" VPOS="2152" HPOS="460" CONTENT="תחת"/><String HEIGHT="81" WIDTH="175" VPOS="2152" HPOS="561" CONTENT="השם"/><String HEIGHT="81" WIDTH="451" VPOS="2152" HPOS="661" CONTENT="Israelitischer"/><String HEIGHT="81" WIDTH="401" VPOS="2152" HPOS="1037" CONTENT="Culurverein,"/><String HEIGHT="81" WIDTH="175" VPOS="2152" HPOS="1363" CONTENT="אשר"/><String HEIGHT="81" WIDTH="100" VPOS="2152" HPOS="1438" CONTENT="אם"/></TextLine><TextLine ID="region_1522077766654_526l10" BASELINE="2280" HEIGHT="70" WIDTH="1254" VPOS="2210" HPOS="283"><String HEIGHT="70" WIDTH="189" VPOS="2210" HPOS="259" CONTENT="אמנם"/><String HEIGHT="70" WIDTH="213" VPOS="2210" HPOS="378" CONTENT="מטרתה"/><String HEIGHT="70" WIDTH="237" VPOS="2210" HPOS="520" CONTENT="הסתעפה"/><String HEIGHT="70" WIDTH="237" VPOS="2210" HPOS="685" CONTENT="לענפים"/><String HEIGHT="70" WIDTH="189" VPOS="2210" HPOS="851" CONTENT="רבים"/><String HEIGHT="70" WIDTH="260" VPOS="2210" HPOS="969" CONTENT="וגדולים"/><String HEIGHT="70" WIDTH="189" VPOS="2210" HPOS="1158" CONTENT="יותר"/><String HEIGHT="70" WIDTH="213" VPOS="2210" HPOS="1277" CONTENT="ממטרת"/><String HEIGHT="70" WIDTH="142" VPOS="2210" HPOS="1395" CONTENT="חברת"/></TextLine><TextLine ID="region_1522077766654_526l11" BASELINE="2357" HEIGHT="84" WIDTH="1261" VPOS="2273" HPOS="288"><String HEIGHT="84" WIDTH="247" VPOS="2273" HPOS="263" CONTENT="ההשכלה"/><String HEIGHT="84" WIDTH="272" VPOS="2273" HPOS="436" CONTENT="ברוסיה;"/><String HEIGHT="84" WIDTH="173" VPOS="2273" HPOS="634" CONTENT="אבל"/><String HEIGHT="84" WIDTH="198" VPOS="2273" HPOS="733" CONTENT="כמוה"/><String HEIGHT="84" WIDTH="198" VPOS="2273" HPOS="857" CONTENT="פגשה"/><String HEIGHT="84" WIDTH="148" VPOS="2273" HPOS="980" CONTENT="על"/><String HEIGHT="84" WIDTH="198" VPOS="2273" HPOS="1054" CONTENT="דרכה"/><String HEIGHT="84" WIDTH="247" VPOS="2273" HPOS="1178" CONTENT="מעקשים"/><String HEIGHT="84" WIDTH="223" VPOS="2273" HPOS="1326" CONTENT="וחתחתים"/></TextLine><TextLine ID="region_1522077766654_526l12" BASELINE="2421" HEIGHT="84" WIDTH="1260" VPOS="2337" HPOS="289"><String HEIGHT="84" WIDTH="148" VPOS="2337" HPOS="264" CONTENT="עד"/><String HEIGHT="84" WIDTH="173" VPOS="2337" HPOS="338" CONTENT="אשר"/><String HEIGHT="84" WIDTH="222" VPOS="2337" HPOS="437" CONTENT="כעבור"/><String HEIGHT="84" WIDTH="148" VPOS="2337" HPOS="585" CONTENT="לה"/><String HEIGHT="84" WIDTH="198" VPOS="2337" HPOS="660" CONTENT="ארבע"/><String HEIGHT="84" WIDTH="198" VPOS="2337" HPOS="783" CONTENT="שנים"/><String HEIGHT="84" WIDTH="247" VPOS="2337" HPOS="907" CONTENT="נתפרדה"/><String HEIGHT="84" WIDTH="272" VPOS="2337" HPOS="1080" CONTENT="החבילה,"/><String HEIGHT="84" WIDTH="198" VPOS="2337" HPOS="1277" CONTENT="בסבת"/><String HEIGHT="84" WIDTH="173" VPOS="2337" HPOS="1376" CONTENT="חסרון"/></TextLine><TextLine ID="region_1522077766654_526l13" BASELINE="2480" HEIGHT="81" WIDTH="1260" VPOS="2399" HPOS="280"><String HEIGHT="81" WIDTH="173" VPOS="2399" HPOS="255" CONTENT="כסף"/><String HEIGHT="81" WIDTH="222" VPOS="2399" HPOS="354" CONTENT="הנחוץ"/><String HEIGHT="81" WIDTH="247" VPOS="2399" HPOS="502" CONTENT="להוציא"/><String HEIGHT="81" WIDTH="148" VPOS="2399" HPOS="675" CONTENT="את"/><String HEIGHT="81" WIDTH="296" VPOS="2399" HPOS="749" CONTENT="מחשבותיה"/><String HEIGHT="81" WIDTH="247" VPOS="2399" HPOS="972" CONTENT="וחפציה"/><String HEIGHT="81" WIDTH="247" VPOS="2399" HPOS="1145" CONTENT="לפעולת"/><String HEIGHT="81" WIDTH="198" VPOS="2399" HPOS="1318" CONTENT="אדם."/><String HEIGHT="81" WIDTH="124" VPOS="2399" HPOS="1416" CONTENT="ואם"/></TextLine><TextLine ID="region_1522077766654_526l14" BASELINE="2542" HEIGHT="79" WIDTH="1243" VPOS="2463" HPOS="306"><String HEIGHT="79" WIDTH="178" VPOS="2463" HPOS="276" CONTENT="כי"/><String HEIGHT="79" WIDTH="266" VPOS="2463" HPOS="365" CONTENT="המחסר"/><String HEIGHT="79" WIDTH="207" VPOS="2463" HPOS="543" CONTENT="הזה"/><String HEIGHT="79" WIDTH="178" VPOS="2463" HPOS="661" CONTENT="לא"/><String HEIGHT="79" WIDTH="207" VPOS="2463" HPOS="750" CONTENT="תדע"/><String HEIGHT="79" WIDTH="237" VPOS="2463" HPOS="868" CONTENT="חברת"/><String HEIGHT="79" WIDTH="266" VPOS="2463" HPOS="1016" CONTENT="מפיצי"/><String HEIGHT="79" WIDTH="326" VPOS="2463" HPOS="1194" CONTENT="ההשכלה,"/><String HEIGHT="79" WIDTH="148" VPOS="2463" HPOS="1401" CONTENT="אשר"/></TextLine><TextLine ID="region_1522077766654_526l15" BASELINE="2609" HEIGHT="79" WIDTH="1257" VPOS="2530" HPOS="295"><String HEIGHT="79" WIDTH="266" VPOS="2530" HPOS="271" CONTENT="האדירים"/><String HEIGHT="79" WIDTH="266" VPOS="2530" HPOS="464" CONTENT="העומדים"/><String HEIGHT="79" WIDTH="218" VPOS="2530" HPOS="658" CONTENT="בראשה"/><String HEIGHT="79" WIDTH="242" VPOS="2530" HPOS="803" CONTENT="מפזרים"/><String HEIGHT="79" WIDTH="193" VPOS="2530" HPOS="972" CONTENT="תמיד"/><String HEIGHT="79" WIDTH="169" VPOS="2530" HPOS="1093" CONTENT="הון"/><String HEIGHT="79" WIDTH="145" VPOS="2530" HPOS="1189" CONTENT="רב"/><String HEIGHT="79" WIDTH="218" VPOS="2530" HPOS="1262" CONTENT="לצרכי"/><String HEIGHT="79" WIDTH="169" VPOS="2530" HPOS="1383" CONTENT="צבור;"/></TextLine><TextLine ID="region_1522077766654_526l16" BASELINE="2673" HEIGHT="85" WIDTH="1265" VPOS="2588" HPOS="289"><String HEIGHT="85" WIDTH="191" VPOS="2588" HPOS="265" CONTENT="אבל,"/><String HEIGHT="85" WIDTH="239" VPOS="2588" HPOS="384" CONTENT="לדאבון"/><String HEIGHT="85" WIDTH="239" VPOS="2588" HPOS="552" CONTENT="נפשנו,"/><String HEIGHT="85" WIDTH="167" VPOS="2588" HPOS="719" CONTENT="היה"/><String HEIGHT="85" WIDTH="143" VPOS="2588" HPOS="814" CONTENT="אי"/><String HEIGHT="85" WIDTH="286" VPOS="2588" HPOS="886" CONTENT="ההתאחדות"/><String HEIGHT="85" WIDTH="239" VPOS="2588" HPOS="1101" CONTENT="וקרירת"/><String HEIGHT="85" WIDTH="191" VPOS="2588" HPOS="1268" CONTENT="הרוח"/><String HEIGHT="85" WIDTH="191" VPOS="2588" HPOS="1363" CONTENT="לעניני"/></TextLine><TextLine ID="region_1522077766654_526l17" BASELINE="2740" HEIGHT="104" WIDTH="1249" VPOS="2636" HPOS="296"><String HEIGHT="104" WIDTH="204" VPOS="2636" HPOS="273" CONTENT="הכלל,"/><String HEIGHT="104" WIDTH="250" VPOS="2636" HPOS="410" CONTENT="השולטות"/><String HEIGHT="104" WIDTH="159" VPOS="2636" HPOS="591" CONTENT="בין"/><String HEIGHT="104" WIDTH="182" VPOS="2636" HPOS="682" CONTENT="רבים"/><String HEIGHT="104" WIDTH="227" VPOS="2636" HPOS="796" CONTENT="מאחינו"/><String HEIGHT="104" WIDTH="182" VPOS="2636" HPOS="955" CONTENT="בארץ"/><String HEIGHT="104" WIDTH="227" VPOS="2636" HPOS="1068" CONTENT="רוסיה,"/><String HEIGHT="104" WIDTH="136" VPOS="2636" HPOS="1227" CONTENT="הן"/><String HEIGHT="104" WIDTH="159" VPOS="2636" HPOS="1295" CONTENT="היו"/><String HEIGHT="104" WIDTH="182" VPOS="2636" HPOS="1363" CONTENT="בעוכרי"/></TextLine><TextLine ID="region_1522077766654_526l18" BASELINE="2790" HEIGHT="75" WIDTH="1273" VPOS="2715" HPOS="282"><String HEIGHT="75" WIDTH="225" VPOS="2715" HPOS="257" CONTENT="החברה"/><String HEIGHT="75" WIDTH="175" VPOS="2715" HPOS="407" CONTENT="ולא"/><String HEIGHT="75" WIDTH="225" VPOS="2715" HPOS="507" CONTENT="נתנוה"/><String HEIGHT="75" WIDTH="200" VPOS="2715" HPOS="656" CONTENT="לבצע"/><String HEIGHT="75" WIDTH="150" VPOS="2715" HPOS="781" CONTENT="את"/><String HEIGHT="75" WIDTH="175" VPOS="2715" HPOS="856" CONTENT="אשר"/><String HEIGHT="75" WIDTH="200" VPOS="2715" HPOS="956" CONTENT="יזמה"/><String HEIGHT="75" WIDTH="225" VPOS="2715" HPOS="1081" CONTENT="לעשות"/><String HEIGHT="75" WIDTH="250" VPOS="2715" HPOS="1231" CONTENT="לתועלת"/><String HEIGHT="75" WIDTH="175" VPOS="2715" HPOS="1380" CONTENT="השכלת"/></TextLine><TextLine ID="region_1522077766654_526l19" BASELINE="2852" HEIGHT="66" WIDTH="111" VPOS="2786" HPOS="1435"><String HEIGHT="66" WIDTH="167" VPOS="2786" HPOS="1380" CONTENT="העם."/></TextLine><TextLine ID="region_1522077766654_526l20" BASELINE="2983" HEIGHT="89" WIDTH="1226" VPOS="2894" HPOS="297"><String HEIGHT="89" WIDTH="107" VPOS="2894" HPOS="270" CONTENT=""/><String HEIGHT="89" WIDTH="213" VPOS="2894" HPOS="297" CONTENT="אבל,"/><String HEIGHT="89" WIDTH="240" VPOS="2894" HPOS="430" CONTENT="יוסיף"/><String HEIGHT="89" WIDTH="267" VPOS="2894" HPOS="590" CONTENT="הסופר,"/><String HEIGHT="89" WIDTH="160" VPOS="2894" HPOS="777" CONTENT="אם"/><String HEIGHT="89" WIDTH="213" VPOS="2894" HPOS="857" CONTENT="רבים"/><String HEIGHT="89" WIDTH="267" VPOS="2894" HPOS="990" CONTENT="מעשירי"/><String HEIGHT="89" WIDTH="213" VPOS="2894" HPOS="1177" CONTENT="העם,"/><String HEIGHT="89" WIDTH="187" VPOS="2894" HPOS="1310" CONTENT="אשר"/><String HEIGHT="89" WIDTH="133" VPOS="2894" HPOS="1390" CONTENT="לפי"/></TextLine><TextLine ID="region_1522077766654_526l21" BASELINE="3042" HEIGHT="85" WIDTH="1260" VPOS="2957" HPOS="296"><String HEIGHT="85" WIDTH="194" VPOS="2957" HPOS="272" CONTENT="מצבם"/><String HEIGHT="85" WIDTH="145" VPOS="2957" HPOS="393" CONTENT="לא"/><String HEIGHT="85" WIDTH="218" VPOS="2957" HPOS="466" CONTENT="השכלו"/><String HEIGHT="85" WIDTH="242" VPOS="2957" HPOS="611" CONTENT="להרגיש"/><String HEIGHT="85" WIDTH="145" VPOS="2957" HPOS="781" CONTENT="את"/><String HEIGHT="85" WIDTH="218" VPOS="2957" HPOS="853" CONTENT="נחיצת"/><String HEIGHT="85" WIDTH="218" VPOS="2957" HPOS="999" CONTENT="החברה"/><String HEIGHT="85" WIDTH="315" VPOS="2957" HPOS="1144" CONTENT="ותעליותה,"/><String HEIGHT="85" WIDTH="194" VPOS="2957" HPOS="1362" CONTENT="עומדים"/></TextLine><TextLine ID="region_1522077766654_526l22" BASELINE="3111" HEIGHT="86" WIDTH="1269" VPOS="3025" HPOS="290"><String HEIGHT="86" WIDTH="238" VPOS="3025" HPOS="264" CONTENT="מרחוק"/><String HEIGHT="86" WIDTH="185" VPOS="3025" HPOS="422" CONTENT="ולא"/><String HEIGHT="86" WIDTH="212" VPOS="3025" HPOS="528" CONTENT="יצאו"/><String HEIGHT="86" WIDTH="264" VPOS="3025" HPOS="660" CONTENT="לתשועת"/><String HEIGHT="86" WIDTH="264" VPOS="3025" HPOS="845" CONTENT="אחיהם,"/><String HEIGHT="86" WIDTH="185" VPOS="3025" HPOS="1030" CONTENT="תחת"/><String HEIGHT="86" WIDTH="159" VPOS="3025" HPOS="1136" CONTENT="זה"/><String HEIGHT="86" WIDTH="291" VPOS="3025" HPOS="1215" CONTENT="התעוררו"/><String HEIGHT="86" WIDTH="159" VPOS="3025" HPOS="1400" CONTENT="לקול"/></TextLine><TextLine ID="region_1522077766654_526l23" BASELINE="3171" HEIGHT="84" WIDTH="1275" VPOS="3087" HPOS="281"><String HEIGHT="84" WIDTH="255" VPOS="3087" HPOS="253" CONTENT="החברה"/><String HEIGHT="84" WIDTH="255" VPOS="3087" HPOS="423" CONTENT="אנשים"/><String HEIGHT="84" WIDTH="198" VPOS="3087" HPOS="593" CONTENT="אשר"/><String HEIGHT="84" WIDTH="170" VPOS="3087" HPOS="706" CONTENT="יש"/><String HEIGHT="84" WIDTH="198" VPOS="3087" HPOS="791" CONTENT="להם"/><String HEIGHT="84" WIDTH="198" VPOS="3087" HPOS="904" CONTENT="יחס"/><String HEIGHT="84" WIDTH="227" VPOS="3087" HPOS="1018" CONTENT="וקשר"/><String HEIGHT="84" WIDTH="170" VPOS="3087" HPOS="1159" CONTENT="עם"/><String HEIGHT="84" WIDTH="227" VPOS="3087" HPOS="1244" CONTENT="מעשי"/><String HEIGHT="84" WIDTH="198" VPOS="3087" HPOS="1358" CONTENT="החברה"/></TextLine><TextLine ID="region_1522077766654_526l24" BASELINE="3226" HEIGHT="76" WIDTH="1276" VPOS="3150" HPOS="282"><String HEIGHT="76" WIDTH="294" VPOS="3150" HPOS="257" CONTENT="ותעודתה,"/><String HEIGHT="76" WIDTH="196" VPOS="3150" HPOS="478" CONTENT="ואשר"/><String HEIGHT="76" WIDTH="221" VPOS="3150" HPOS="601" CONTENT="עליהם"/><String HEIGHT="76" WIDTH="221" VPOS="3150" HPOS="748" CONTENT="כוננה"/><String HEIGHT="76" WIDTH="221" VPOS="3150" HPOS="895" CONTENT="החברה"/><String HEIGHT="76" WIDTH="147" VPOS="3150" HPOS="1043" CONTENT="את"/><String HEIGHT="76" WIDTH="172" VPOS="3150" HPOS="1116" CONTENT="חצי"/><String HEIGHT="76" WIDTH="270" VPOS="3150" HPOS="1214" CONTENT="פעולתה."/><String HEIGHT="76" WIDTH="172" VPOS="3150" HPOS="1386" CONTENT="רבנים"/></TextLine><TextLine ID="region_1522077766654_526l25" BASELINE="3295" HEIGHT="78" WIDTH="1272" VPOS="3217" HPOS="277"><String HEIGHT="78" WIDTH="212" VPOS="3217" HPOS="253" CONTENT="רבים,"/><String HEIGHT="78" WIDTH="236" VPOS="3217" HPOS="395" CONTENT="יושבים"/><String HEIGHT="78" WIDTH="141" VPOS="3217" HPOS="560" CONTENT="על"/><String HEIGHT="78" WIDTH="165" VPOS="3217" HPOS="630" CONTENT="כסא"/><String HEIGHT="78" WIDTH="236" VPOS="3217" HPOS="725" CONTENT="ההוראה"/><String HEIGHT="78" WIDTH="188" VPOS="3217" HPOS="889" CONTENT="בערי"/><String HEIGHT="78" WIDTH="236" VPOS="3217" HPOS="1007" CONTENT="רוסיה,"/><String HEIGHT="78" WIDTH="188" VPOS="3217" HPOS="1172" CONTENT="אמרו"/><String HEIGHT="78" WIDTH="165" VPOS="3217" HPOS="1290" CONTENT="לתת"/><String HEIGHT="78" WIDTH="165" VPOS="3217" HPOS="1384" CONTENT="ידם"/><String HEIGHT="78" WIDTH="94" VPOS="3217" HPOS="1455" CONTENT="עם"/></TextLine><TextLine ID="region_1522077766654_526l26" BASELINE="3361" HEIGHT="84" WIDTH="1265" VPOS="3277" HPOS="281"><String HEIGHT="84" WIDTH="243" VPOS="3277" HPOS="257" CONTENT="החברה,"/><String HEIGHT="84" WIDTH="146" VPOS="3277" HPOS="427" CONTENT="אם"/><String HEIGHT="84" WIDTH="219" VPOS="3277" HPOS="500" CONTENT="תסכים"/><String HEIGHT="84" WIDTH="146" VPOS="3277" HPOS="646" CONTENT="עם"/><String HEIGHT="84" WIDTH="243" VPOS="3277" HPOS="719" CONTENT="התנאים"/><String HEIGHT="84" WIDTH="170" VPOS="3277" HPOS="889" CONTENT="אשר"/><String HEIGHT="84" WIDTH="195" VPOS="3277" HPOS="986" CONTENT="נתנו"/><String HEIGHT="84" WIDTH="243" VPOS="3277" HPOS="1108" CONTENT="לפניה,"/><String HEIGHT="84" WIDTH="268" VPOS="3277" HPOS="1278" CONTENT="וביניהם"/><String HEIGHT="84" WIDTH="97" VPOS="3277" HPOS="1449" CONTENT="גם"/></TextLine><TextLine ID="region_1522077766654_526l27" BASELINE="3432" HEIGHT="87" WIDTH="1268" VPOS="3345" HPOS="294"><String HEIGHT="87" WIDTH="259" VPOS="3345" HPOS="268" CONTENT="התנאי,"/><String HEIGHT="87" WIDTH="155" VPOS="3345" HPOS="449" CONTENT="כי"/><String HEIGHT="87" WIDTH="207" VPOS="3345" HPOS="527" CONTENT="תבקש"/><String HEIGHT="87" WIDTH="233" VPOS="3345" HPOS="656" CONTENT="החברה"/><String HEIGHT="87" WIDTH="181" VPOS="3345" HPOS="812" CONTENT="מאת"/><String HEIGHT="87" WIDTH="233" VPOS="3345" HPOS="915" CONTENT="ממשלת"/><String HEIGHT="87" WIDTH="233" VPOS="3345" HPOS="1070" CONTENT="רוסיה"/><String HEIGHT="87" WIDTH="259" VPOS="3345" HPOS="1226" CONTENT="הרשיון"/><String HEIGHT="87" WIDTH="181" VPOS="3345" HPOS="1381" CONTENT="לאספת"/></TextLine><TextLine ID="region_1522077766654_526l28" BASELINE="3492" HEIGHT="78" WIDTH="1260" VPOS="3414" HPOS="305"><String HEIGHT="78" WIDTH="242" VPOS="3414" HPOS="281" CONTENT="הרבנים"/><String HEIGHT="78" WIDTH="170" VPOS="3414" HPOS="450" CONTENT="בס׳"/><String HEIGHT="78" WIDTH="363" VPOS="3414" HPOS="547" CONTENT="פעטערסבורג."/><String HEIGHT="78" WIDTH="218" VPOS="3414" HPOS="838" CONTENT="החברה"/><String HEIGHT="78" WIDTH="194" VPOS="3414" HPOS="983" CONTENT="ענתה"/><String HEIGHT="78" WIDTH="242" VPOS="3414" HPOS="1105" CONTENT="משרים,"/><String HEIGHT="78" WIDTH="145" VPOS="3414" HPOS="1274" CONTENT="כי"/><String HEIGHT="78" WIDTH="194" VPOS="3414" HPOS="1347" CONTENT="אחרי"/><String HEIGHT="78" WIDTH="121" VPOS="3414" HPOS="1444" CONTENT="אשר"/></TextLine><TextLine ID="region_1522077766654_526l29" BASELINE="3558" HEIGHT="92" WIDTH="1264" VPOS="3466" HPOS="295"><String HEIGHT="92" WIDTH="196" VPOS="3466" HPOS="273" CONTENT="אספות"/><String HEIGHT="92" WIDTH="218" VPOS="3466" HPOS="404" CONTENT="הרבנים"/><String HEIGHT="92" WIDTH="262" VPOS="3466" HPOS="557" CONTENT="הראשונות"/><String HEIGHT="92" WIDTH="153" VPOS="3466" HPOS="753" CONTENT="היו"/><String HEIGHT="92" WIDTH="131" VPOS="3466" HPOS="840" CONTENT="לא"/><String HEIGHT="92" WIDTH="174" VPOS="3466" HPOS="905" CONTENT="לעזר"/><String HEIGHT="92" WIDTH="153" VPOS="3466" HPOS="1014" CONTENT="ולא"/><String HEIGHT="92" WIDTH="240" VPOS="3466" HPOS="1101" CONTENT="להועיל,"/><String HEIGHT="92" WIDTH="131" VPOS="3466" HPOS="1276" CONTENT="כי"/><String HEIGHT="92" WIDTH="131" VPOS="3466" HPOS="1341" CONTENT="אם"/><String HEIGHT="92" WIDTH="174" VPOS="3466" HPOS="1385" CONTENT="למחלקת"/></TextLine><TextLine ID="region_1522077766654_526l30" BASELINE="3621" HEIGHT="94" WIDTH="1303" VPOS="3527" HPOS="263"><String HEIGHT="94" WIDTH="250" VPOS="3527" HPOS="235" CONTENT="ופרוד"/><String HEIGHT="94" WIDTH="305" VPOS="3527" HPOS="402" CONTENT="הלבבות,"/><String HEIGHT="94" WIDTH="194" VPOS="3527" HPOS="623" CONTENT="הנה"/><String HEIGHT="94" WIDTH="194" VPOS="3527" HPOS="734" CONTENT="אין"/><String HEIGHT="94" WIDTH="166" VPOS="3527" HPOS="845" CONTENT="לה"/><String HEIGHT="94" WIDTH="166" VPOS="3527" HPOS="928" CONTENT="פה"/><String HEIGHT="94" WIDTH="222" VPOS="3527" HPOS="1012" CONTENT="לכקש"/><String HEIGHT="94" WIDTH="194" VPOS="3527" HPOS="1150" CONTENT="כעת"/><String HEIGHT="94" WIDTH="194" VPOS="3527" HPOS="1261" CONTENT="דבר"/><String HEIGHT="94" WIDTH="194" VPOS="3527" HPOS="1372" CONTENT="כזה"/><String HEIGHT="94" WIDTH="111" VPOS="3527" HPOS="1455" CONTENT="מן"/></TextLine><TextLine ID="region_1522077766654_526l31" BASELINE="3680" HEIGHT="84" WIDTH="1263" VPOS="3596" HPOS="295"><String HEIGHT="84" WIDTH="289" VPOS="3596" HPOS="269" CONTENT="הממשלה;"/><String HEIGHT="84" WIDTH="184" VPOS="3596" HPOS="479" CONTENT="ואף"/><String HEIGHT="84" WIDTH="158" VPOS="3596" HPOS="584" CONTENT="כי"/><String HEIGHT="84" WIDTH="184" VPOS="3596" HPOS="663" CONTENT="בכל"/><String HEIGHT="84" WIDTH="184" VPOS="3596" HPOS="769" CONTENT="זאת"/><String HEIGHT="84" WIDTH="184" VPOS="3596" HPOS="874" CONTENT="קמו"/><String HEIGHT="84" WIDTH="237" VPOS="3596" HPOS="979" CONTENT="רבנים"/><String HEIGHT="84" WIDTH="263" VPOS="3596" HPOS="1137" CONTENT="אחדים,"/><String HEIGHT="84" WIDTH="184" VPOS="3596" HPOS="1321" CONTENT="אשר"/><String HEIGHT="84" WIDTH="158" VPOS="3596" HPOS="1400" CONTENT="נגעה"/></TextLine><TextLine ID="region_1522077766654_526l32" BASELINE="3755" HEIGHT="102" WIDTH="1251" VPOS="3653" HPOS="299"><String HEIGHT="102" WIDTH="192" VPOS="3653" HPOS="275" CONTENT="אהבת"/><String HEIGHT="102" WIDTH="168" VPOS="3653" HPOS="395" CONTENT="עמם"/><String HEIGHT="102" WIDTH="192" VPOS="3653" HPOS="491" CONTENT="בלבם"/><String HEIGHT="102" WIDTH="217" VPOS="3653" HPOS="612" CONTENT="ויסעו"/><String HEIGHT="102" WIDTH="192" VPOS="3653" HPOS="756" CONTENT="לעיר"/><String HEIGHT="102" WIDTH="265" VPOS="3653" HPOS="876" CONTENT="המלוכה,"/><String HEIGHT="102" WIDTH="192" VPOS="3653" HPOS="1069" CONTENT="למען"/><String HEIGHT="102" WIDTH="217" VPOS="3653" HPOS="1189" CONTENT="יוכלו"/><String HEIGHT="102" WIDTH="168" VPOS="3653" HPOS="1333" CONTENT="לבא"/><String HEIGHT="102" WIDTH="144" VPOS="3653" HPOS="1406" CONTENT="לכלל"/></TextLine><TextLine ID="region_1522077766654_526l33" BASELINE="3774" HEIGHT="49" WIDTH="39" VPOS="3725" HPOS="339"><String HEIGHT="49" WIDTH="117" VPOS="3725" HPOS="261" CONTENT="."/></TextLine></TextBlock></PrintSpace></Page></Layout></alto>