<?xml version="1.0" encoding="UTF-8"?><alto xmlns:xsi="http://www.w3.org/2001/XMLSchema-instance" xmlns="http://www.loc.gov/standards/alto/ns-v2#" xmlns:page="http://schema.primaresearch.org/PAGE/gts/pagecontent/2013-07-15" xsi:schemaLocation="http://schema.primaresearch.org/PAGE/gts/pagecontent/2013-07-15 http://schema.primaresearch.org/PAGE/gts/pagecontent/2013-07-15/pagecontent.xsd http://www.loc.gov/standards/alto/ns-v2# http://www.loc.gov/standards/alto/alto-v2.0.xsd"><Description><MeasurementUnit>pixel</MeasurementUnit></Description><Layout><Page ID="Page1" PHYSICAL_IMG_NR="1" HEIGHT="3948" WIDTH="3131"><TopMargin HEIGHT="0" WIDTH="3131" VPOS="0" HPOS="0"/><LeftMargin HEIGHT="3948" WIDTH="0" VPOS="0" HPOS="0"/><RightMargin HEIGHT="3948" WIDTH="0" VPOS="0" HPOS="3131"/><BottomMargin HEIGHT="0" WIDTH="3131" VPOS="3948" HPOS="0"/><PrintSpace HEIGHT="3948" WIDTH="3131" VPOS="0" HPOS="0"><TextBlock ID="TextRegion_1523376857802_2" HEIGHT="1418" WIDTH="2592" VPOS="0" HPOS="365"><Shape><Polygon POINTS="2957,1418 365,1418 365,0 2957,0"/></Shape><TextLine ID="line_1523540235915_111" BASELINE="277" HEIGHT="60" WIDTH="603" VPOS="217" HPOS="1364"><String HEIGHT="60" WIDTH="737" VPOS="217" HPOS="1230" CONTENT="HAZEFIRAH"/></TextLine><TextLine ID="line_1523540227230_110" BASELINE="569" HEIGHT="121" WIDTH="1140" VPOS="448" HPOS="1088"><String HEIGHT="121" WIDTH="1520" VPOS="448" HPOS="708" CONTENT="הצפירה"/></TextLine><TextLine ID="TextRegion_1523376857802_2l8" BASELINE="882" HEIGHT="147" WIDTH="1583" VPOS="735" HPOS="860"><String HEIGHT="147" WIDTH="1741" VPOS="735" HPOS="702" CONTENT="מכתב עתי משמיע חדשות"/></TextLine><TextLine ID="TextRegion_1523376857802_2l9" BASELINE="1024" HEIGHT="126" WIDTH="2127" VPOS="898" HPOS="580"><String HEIGHT="126" WIDTH="2216" VPOS="898" HPOS="491" CONTENT="בקרב עם ישרון מכל הדברים הנוגעים בעניני המדינות,"/></TextLine><TextLine ID="TextRegion_1523376857802_2l10" BASELINE="1140" HEIGHT="120" WIDTH="1410" VPOS="1020" HPOS="950"><String HEIGHT="120" WIDTH="1491" VPOS="1020" HPOS="869" CONTENT="דברי חכמה ומדע, ידיעות העולם והטבע."/></TextLine><TextLine ID="TextRegion_1523376857802_2l11" BASELINE="1259" HEIGHT="80" WIDTH="665" VPOS="1179" HPOS="1313"><String HEIGHT="80" WIDTH="720" VPOS="1179" HPOS="1258" CONTENT="יוצא לאור אחת בשבוע, מאת"/></TextLine><TextLine ID="TextRegion_1523376857802_2l12" BASELINE="1364" HEIGHT="83" WIDTH="824" VPOS="1281" HPOS="1244"><String HEIGHT="83" WIDTH="902" VPOS="1281" HPOS="1166" CONTENT="חיים זעליג סלאנימסקי."/></TextLine></TextBlock><TextBlock ID="region_1523376878794_4" HEIGHT="502" WIDTH="511" VPOS="237" HPOS="2416"><Shape><Polygon POINTS="2416,237 2927,237 2927,739 2416,739"/></Shape><TextLine ID="line_1523377415739_39" BASELINE="326" HEIGHT="52" WIDTH="337" VPOS="274" HPOS="2513"><String HEIGHT="52" WIDTH="389" VPOS="274" HPOS="2461" CONTENT="מחירו באשכנז:"/></TextLine><TextLine ID="line_1523377419565_40" BASELINE="407" HEIGHT="68" WIDTH="458" VPOS="339" HPOS="2447"><String HEIGHT="68" WIDTH="500" VPOS="339" HPOS="2405" CONTENT="4 ר״ט לשנה. 1 לרבע שנה"/></TextLine><TextLine ID="line_1523377423291_41" BASELINE="497" HEIGHT="83" WIDTH="450" VPOS="414" HPOS="2455"><String HEIGHT="83" WIDTH="495" VPOS="414" HPOS="2410" CONTENT="בעסטרייך 8 פל׳ לשנה."/></TextLine><TextLine ID="line_1523377427045_42" BASELINE="551" HEIGHT="64" WIDTH="345" VPOS="487" HPOS="2504"><String HEIGHT="64" WIDTH="391" VPOS="487" HPOS="2458" CONTENT="2 פל׳ לרבע שנה."/></TextLine><TextLine ID="line_1523377430562_43" BASELINE="622" HEIGHT="67" WIDTH="292" VPOS="555" HPOS="2531"><String HEIGHT="67" WIDTH="345" VPOS="555" HPOS="2478" CONTENT="שכר מודעות:"/></TextLine><TextLine ID="line_1523377433864_44" BASELINE="691" HEIGHT="58" WIDTH="361" VPOS="633" HPOS="2495"><String HEIGHT="58" WIDTH="409" VPOS="633" HPOS="2447" CONTENT="מכל שורה 4 ז״ג."/></TextLine></TextBlock><TextBlock ID="region_1523884412259_118" HEIGHT="487" WIDTH="487" VPOS="244" HPOS="388"><Shape><Polygon POINTS="388,244 875,244 875,731 388,731"/></Shape><TextLine ID="line_1523884633765_128" BASELINE="392" HEIGHT="100" WIDTH="465" VPOS="292" HPOS="400"><String HEIGHT="100" WIDTH="531" VPOS="292" HPOS="334" CONTENT="ברוסיא ופולין."/></TextLine><TextLine ID="line_1523884633765_127" BASELINE="442" HEIGHT="66" WIDTH="465" VPOS="376" HPOS="400"><String HEIGHT="66" WIDTH="537" VPOS="376" HPOS="328" CONTENT="לשנה   5 רו״כ"/></TextLine><TextLine ID="line_1523884632059_125" BASELINE="550" HEIGHT="129" WIDTH="465" VPOS="421" HPOS="400"><String HEIGHT="129" WIDTH="514" VPOS="421" HPOS="351" CONTENT="לרבע שנה 1.25 רו״כ."/></TextLine><TextLine ID="line_1523884630205_123" BASELINE="597" HEIGHT="103" WIDTH="465" VPOS="494" HPOS="400"><String HEIGHT="103" WIDTH="509" VPOS="494" HPOS="356" CONTENT="ביתר הארצות 20 פראנק."/></TextLine><TextLine ID="line_1523884628100_121" BASELINE="671" HEIGHT="85" WIDTH="465" VPOS="586" HPOS="400"><String HEIGHT="85" WIDTH="517" VPOS="586" HPOS="348" CONTENT="לרבע שנה  5 פראנק."/></TextLine></TextBlock><TextBlock ID="TextRegion_1523892794185_131" HEIGHT="163" WIDTH="380" VPOS="1418" HPOS="2577"><Shape><Polygon POINTS="2957,1581 2577,1581 2577,1418 2957,1418"/></Shape><TextLine ID="TextRegion_1523376924074_6l4" BASELINE="1535" HEIGHT="72" WIDTH="381" VPOS="1463" HPOS="2584"><String HEIGHT="72" WIDTH="450" VPOS="1463" HPOS="2515" CONTENT="שנה ראשונה."/></TextLine></TextBlock><TextBlock ID="TextRegion_1523892796113_133" HEIGHT="163" WIDTH="926" VPOS="1418" HPOS="1651"><Shape><Polygon POINTS="2577,1581 1651,1581 1651,1418 2577,1418"/></Shape><TextLine ID="TextRegion_1523376924074_6l5" BASELINE="1551" HEIGHT="84" WIDTH="812" VPOS="1467" HPOS="1717"><String HEIGHT="84" WIDTH="874" VPOS="1467" HPOS="1655" CONTENT="Berlin, den 22. Juli 1874."/></TextLine></TextBlock><TextBlock ID="TextRegion_1523892796113_134" HEIGHT="163" WIDTH="925" VPOS="1418" HPOS="726"><Shape><Polygon POINTS="1651,1581 726,1581 726,1418 1651,1418"/></Shape><TextLine ID="TextRegion_1523376924074_6l2" BASELINE="1550" HEIGHT="87" WIDTH="534" VPOS="1463" HPOS="921"><String HEIGHT="87" WIDTH="593" VPOS="1463" HPOS="862" CONTENT="בערלין ח אב תרל״ד."/></TextLine></TextBlock><TextBlock ID="TextRegion_1523892782522_130" HEIGHT="163" WIDTH="361" VPOS="1418" HPOS="365"><Shape><Polygon POINTS="726,1581 365,1581 365,1418 726,1418"/></Shape><TextLine ID="TextRegion_1523376924074_6l3" BASELINE="1538" HEIGHT="63" WIDTH="246" VPOS="1475" HPOS="341"><String HEIGHT="63" WIDTH="344" VPOS="1475" HPOS="243" CONTENT="No 3."/></TextLine></TextBlock><TextBlock ID="TextRegion_1523376951638_10" HEIGHT="647" WIDTH="1318" VPOS="1581" HPOS="1639"><Shape><Polygon POINTS="2957,2228 1639,2228 1639,1581 2957,1581"/></Shape><TextLine ID="TextRegion_1523376951638_10l2" BASELINE="1749" HEIGHT="99" WIDTH="377" VPOS="1650" HPOS="2128"><String HEIGHT="99" WIDTH="440" VPOS="1650" HPOS="2065" CONTENT="תוכן הענינים"/></TextLine><TextLine ID="TextRegion_1523376951638_10l3" BASELINE="1862" HEIGHT="85" WIDTH="1194" VPOS="1777" HPOS="1668"><String HEIGHT="85" WIDTH="1243" VPOS="1777" HPOS="1619" CONTENT="דברי הימים, אשכנז, פראנקרייך, שפאניען, דייטשלאנד,"/></TextLine><TextLine ID="TextRegion_1523376951638_10l4" BASELINE="1925" HEIGHT="76" WIDTH="1300" VPOS="1849" HPOS="1654"><String HEIGHT="76" WIDTH="1347" VPOS="1849" HPOS="1607" CONTENT="עסטרייך, קראקא, מאת ג״ש, חברת שוחרי טוב ותושיה מאת מנחם"/></TextLine><TextLine ID="TextRegion_1523376951638_10l5" BASELINE="1986" HEIGHT="80" WIDTH="1275" VPOS="1906" HPOS="1676"><String HEIGHT="80" WIDTH="1321" VPOS="1906" HPOS="1630" CONTENT="מענדל פאם, ווארשא, אהרון טעננבוים, ווילנא ר׳ איש וילנא,"/></TextLine><TextLine ID="TextRegion_1523376951638_10l6" BASELINE="2058" HEIGHT="93" WIDTH="1297" VPOS="1965" HPOS="1671"><String HEIGHT="93" WIDTH="1342" VPOS="1965" HPOS="1626" CONTENT="איטליה, רומניה, פלטישני, מאיר יוסטער, תוגרמה ט״פ, סערביען,"/></TextLine><TextLine ID="TextRegion_1523376951638_10l7" BASELINE="2110" HEIGHT="79" WIDTH="1294" VPOS="2031" HPOS="1668"><String HEIGHT="79" WIDTH="1345" VPOS="2031" HPOS="1617" CONTENT="חדשות שונות, על דבר שמירת יום השבת לאנשי המזרח. מאת"/></TextLine><TextLine ID="TextRegion_1523376951638_10l8" BASELINE="2174" HEIGHT="79" WIDTH="702" VPOS="2095" HPOS="2262"><String HEIGHT="79" WIDTH="750" VPOS="2095" HPOS="2214" CONTENT="המו״ל, הודעות, שאלות ותשובות."/></TextLine></TextBlock><TextBlock ID="TextRegion_1523376935900_8" HEIGHT="2300" WIDTH="1274" VPOS="1581" HPOS="365"><Shape><Polygon POINTS="1639,3881 365,3881 365,1581 1639,1581"/></Shape><TextLine ID="TextRegion_1523376935900_8l1" BASELINE="1704" HEIGHT="79" WIDTH="1281" VPOS="1625" HPOS="355"><String HEIGHT="79" WIDTH="1329" VPOS="1625" HPOS="307" CONTENT="כמתיאשים נסו האולטרמנטנים הפעם הזאת לרצוח נפש את האיש"/></TextLine><TextLine ID="TextRegion_1523376935900_8l2" BASELINE="1775" HEIGHT="87" WIDTH="1273" VPOS="1688" HPOS="359"><String HEIGHT="87" WIDTH="1315" VPOS="1688" HPOS="317" CONTENT="אשר ילחם נגדם בזרוע נטויה, אולי במותו תאבדנה דעותיו ומחשבותיו"/></TextLine><TextLine ID="TextRegion_1523376935900_8l3" BASELINE="1839" HEIGHT="87" WIDTH="1289" VPOS="1752" HPOS="346"><String HEIGHT="87" WIDTH="1338" VPOS="1752" HPOS="297" CONTENT="בעניני הפוליטיק והאמונה, וידם תעשה חיל; אפס איך נואלו"/></TextLine><TextLine ID="TextRegion_1523376935900_8l4" BASELINE="1903" HEIGHT="86" WIDTH="1286" VPOS="1817" HPOS="349"><String HEIGHT="86" WIDTH="1335" VPOS="1817" HPOS="300" CONTENT="להאמין, כי במות גבר עמו תמותנה דעותיו אשר כבר מצאו קן"/></TextLine><TextLine ID="TextRegion_1523376935900_8l5" BASELINE="1963" HEIGHT="84" WIDTH="1268" VPOS="1879" HPOS="358"><String HEIGHT="84" WIDTH="1312" VPOS="1879" HPOS="314" CONTENT="להן בלב עם גדול וחכם. דברי קורות הימים יראנו לדעת למדי, כי"/></TextLine><TextLine ID="TextRegion_1523376935900_8l6" BASELINE="2029" HEIGHT="84" WIDTH="1254" VPOS="1945" HPOS="365"><String HEIGHT="84" WIDTH="1304" VPOS="1945" HPOS="315" CONTENT="מעשה רצח כאלה, אף אם ישימו קץ לחיי האנשים אשר יאבו"/></TextLine><TextLine ID="TextRegion_1523376935900_8l7" BASELINE="2092" HEIGHT="83" WIDTH="1268" VPOS="2009" HPOS="358"><String HEIGHT="83" WIDTH="1319" VPOS="2009" HPOS="307" CONTENT="את נפשם לקחת, אבל רעיון המומתים אשר בעדו נפלו חלל,"/></TextLine><TextLine ID="TextRegion_1523376935900_8l8" BASELINE="2151" HEIGHT="80" WIDTH="1268" VPOS="2071" HPOS="359"><String HEIGHT="80" WIDTH="1320" VPOS="2071" HPOS="307" CONTENT="כחומה נשגבה ישאר, וכל כלי משחית עליו לא יצלח לשרש"/></TextLine><TextLine ID="TextRegion_1523376935900_8l9" BASELINE="2221" HEIGHT="83" WIDTH="1281" VPOS="2138" HPOS="353"><String HEIGHT="83" WIDTH="1329" VPOS="2138" HPOS="305" CONTENT="זכרו מארץ החיים; ונהפוך הוא הרעיון הזה יהיה לרוח חיים"/></TextLine><TextLine ID="TextRegion_1523376935900_8l10" BASELINE="2282" HEIGHT="85" WIDTH="1275" VPOS="2197" HPOS="357"><String HEIGHT="85" WIDTH="1325" VPOS="2197" HPOS="307" CONTENT="ויחיה לעד, ולפעמים ירדוף וישיג את הרוצחים להשיב להם"/></TextLine><TextLine ID="TextRegion_1523376935900_8l11" BASELINE="2348" HEIGHT="87" WIDTH="1305" VPOS="2261" HPOS="346"><String HEIGHT="87" WIDTH="1358" VPOS="2261" HPOS="293" CONTENT="גמולם בראשם, ועל קדקדם חמסם יוריד. הפרינץ ווילהלם"/></TextLine><TextLine ID="TextRegion_1523376935900_8l12" BASELINE="2410" HEIGHT="84" WIDTH="1265" VPOS="2326" HPOS="370"><String HEIGHT="84" WIDTH="1312" VPOS="2326" HPOS="323" CONTENT="מאראניען נפל בחרב חרשי משחית בלחמו בעד חפש ארץ מולדתו,"/></TextLine><TextLine ID="TextRegion_1523376935900_8l13" BASELINE="2476" HEIGHT="88" WIDTH="1258" VPOS="2388" HPOS="377"><String HEIGHT="88" WIDTH="1310" VPOS="2388" HPOS="325" CONTENT="אמנם ארץ השפלה לא נפלה לחבל לא להאב הקדוש ברומא,"/></TextLine><TextLine ID="TextRegion_1523376935900_8l14" BASELINE="2541" HEIGHT="94" WIDTH="1273" VPOS="2447" HPOS="355"><String HEIGHT="94" WIDTH="1324" VPOS="2447" HPOS="304" CONTENT="ולא למלכי שפניה; גם אברהם לינקולן נשיא ארצות הברית"/></TextLine><TextLine ID="TextRegion_1523376935900_8l15" BASELINE="2600" HEIGHT="86" WIDTH="1294" VPOS="2514" HPOS="349"><String HEIGHT="86" WIDTH="1348" VPOS="2514" HPOS="295" CONTENT="באמעריקא נפל חלל בחרב רוצח חרש בטרם הוציא מחשבתו"/></TextLine><TextLine ID="TextRegion_1523376935900_8l16" BASELINE="2664" HEIGHT="85" WIDTH="1284" VPOS="2579" HPOS="352"><String HEIGHT="85" WIDTH="1332" VPOS="2579" HPOS="304" CONTENT="הקדושה, היא חופשת העבדים השחורים בכנסיות הדרום לפעולת"/></TextLine><TextLine ID="TextRegion_1523376935900_8l17" BASELINE="2730" HEIGHT="89" WIDTH="1279" VPOS="2641" HPOS="353"><String HEIGHT="89" WIDTH="1330" VPOS="2641" HPOS="302" CONTENT="אדם, אולם מחשבתו לא ירדה עמו קבר, רק בא גראנט בחרב"/></TextLine><TextLine ID="TextRegion_1523376935900_8l18" BASELINE="2791" HEIGHT="84" WIDTH="1270" VPOS="2707" HPOS="366"><String HEIGHT="84" WIDTH="1316" VPOS="2707" HPOS="320" CONTENT="מלחמה ויוציאה לפעולת כפים. אך ה׳ סכל דעת מורדי אור אלה,"/></TextLine><TextLine ID="TextRegion_1523376935900_8l19" BASELINE="2856" HEIGHT="87" WIDTH="1271" VPOS="2769" HPOS="365"><String HEIGHT="87" WIDTH="1319" VPOS="2769" HPOS="317" CONTENT="למען הביא עליהם שואה, ויכם בסנורים, לבל יראו את הנולד"/></TextLine><TextLine ID="TextRegion_1523376935900_8l20" BASELINE="2923" HEIGHT="90" WIDTH="1273" VPOS="2833" HPOS="369"><String HEIGHT="90" WIDTH="1322" VPOS="2833" HPOS="320" CONTENT="למען הביא עליהם הוה. ממשלת אשכנז צעדה צעדי ענק בסדרי"/></TextLine><TextLine ID="TextRegion_1523376935900_8l21" BASELINE="2985" HEIGHT="89" WIDTH="1287" VPOS="2896" HPOS="353"><String HEIGHT="89" WIDTH="1335" VPOS="2896" HPOS="305" CONTENT="הליכות ממשלתה, וחוקיה החדשים בדרך שלטון הכנסיות הדתיות"/></TextLine><TextLine ID="TextRegion_1523376935900_8l22" BASELINE="3042" HEIGHT="86" WIDTH="1273" VPOS="2956" HPOS="371"><String HEIGHT="86" WIDTH="1321" VPOS="2956" HPOS="323" CONTENT="כבר יצאו לאור עולם; וכאשר בל יצלח עוד לילוד אשה לעצור"/></TextLine><TextLine ID="TextRegion_1523376935900_8l23" BASELINE="3114" HEIGHT="89" WIDTH="1278" VPOS="3025" HPOS="359"><String HEIGHT="89" WIDTH="1330" VPOS="3025" HPOS="307" CONTENT="הארץ במהלכה התמידי, או להחשיך אור השמש בצהרים, כן"/></TextLine><TextLine ID="TextRegion_1523376935900_8l24" BASELINE="3174" HEIGHT="103" WIDTH="1281" VPOS="3071" HPOS="367"><String HEIGHT="103" WIDTH="1336" VPOS="3071" HPOS="312" CONTENT="בל יצלח בידי האולטרמנטים להפוך סדרי הנהגת ממשלת"/></TextLine><TextLine ID="TextRegion_1523376935900_8l25" BASELINE="3237" HEIGHT="80" WIDTH="960" VPOS="3157" HPOS="674"><String HEIGHT="80" WIDTH="1008" VPOS="3157" HPOS="626" CONTENT="אשכנז, ולהחשיך אור החירות וההשכלה בקרבה."/></TextLine><TextLine ID="TextRegion_1523376935900_8l26" BASELINE="3366" HEIGHT="74" WIDTH="1149" VPOS="3292" HPOS="383"><String HEIGHT="74" WIDTH="1202" VPOS="3292" HPOS="330" CONTENT="הכהן מארטין אשר הודענו אודותיו בשבוע העברה,"/></TextLine><TextLine ID="TextRegion_1523376935900_8l27" BASELINE="3431" HEIGHT="82" WIDTH="1256" VPOS="3349" HPOS="374"><String HEIGHT="82" WIDTH="1312" VPOS="3349" HPOS="318" CONTENT="נענש עוד הפעם מאת הממשלה בשמנה עשר אלפים ר״ט."/></TextLine><TextLine ID="TextRegion_1523376935900_8l28" BASELINE="3494" HEIGHT="68" WIDTH="1249" VPOS="3426" HPOS="385"><String HEIGHT="68" WIDTH="1298" VPOS="3426" HPOS="336" CONTENT="עתה נראה אם ימצא עוד הפעם איש מאמין בקדושת הכהן אשר"/></TextLine><TextLine ID="TextRegion_1523376935900_8l29" BASELINE="3551" HEIGHT="76" WIDTH="624" VPOS="3475" HPOS="1013"><String HEIGHT="76" WIDTH="674" VPOS="3475" HPOS="963" CONTENT="ישלם בעדו את כסף הענושים."/></TextLine><TextLine ID="TextRegion_1523376935900_8l30" BASELINE="3685" HEIGHT="87" WIDTH="1146" VPOS="3598" HPOS="379"><String HEIGHT="87" WIDTH="1197" VPOS="3598" HPOS="328" CONTENT="(פראנקרייך) הריב לא חדל בצרפת ומלחמת הדעות לא"/></TextLine></TextBlock><TextBlock ID="TextRegion_1523376951638_9" HEIGHT="1653" WIDTH="1318" VPOS="2228" HPOS="1639"><Shape><Polygon POINTS="2957,3881 1639,3881 1639,2228 2957,2228"/></Shape><TextLine ID="TextRegion_1523376951638_9l1" BASELINE="2397" HEIGHT="91" WIDTH="631" VPOS="2306" HPOS="2009"><String HEIGHT="91" WIDTH="746" VPOS="2306" HPOS="1894" CONTENT="דברי הימים."/></TextLine><TextLine ID="TextRegion_1523376951638_9l2" BASELINE="2531" HEIGHT="89" WIDTH="1192" VPOS="2442" HPOS="1660"><String HEIGHT="89" WIDTH="1245" VPOS="2442" HPOS="1607" CONTENT="(אשכנז) האיש קולמאן מעיר מאגדעבורג אשר ירה על"/></TextLine><TextLine ID="TextRegion_1523376951638_9l3" BASELINE="2601" HEIGHT="93" WIDTH="1295" VPOS="2508" HPOS="1673"><String HEIGHT="93" WIDTH="1345" VPOS="2508" HPOS="1623" CONTENT="השר ביסמארק, דמה בנפשו להפוך סדר מהלך גלגלי הפוליטיק"/></TextLine><TextLine ID="TextRegion_1523376951638_9l4" BASELINE="2655" HEIGHT="88" WIDTH="1292" VPOS="2567" HPOS="1672"><String HEIGHT="88" WIDTH="1343" VPOS="2567" HPOS="1621" CONTENT="בעוד אשר גדולים וחזקים ממנו לא יוכלו לתת מעצור למו."/></TextLine><TextLine ID="TextRegion_1523376951638_9l5" BASELINE="2725" HEIGHT="92" WIDTH="1284" VPOS="2633" HPOS="1674"><String HEIGHT="92" WIDTH="1334" VPOS="2633" HPOS="1624" CONTENT="הודאת קולמאן לפני השר ביסמארק, כי בגלל החוקים הקשים"/></TextLine><TextLine ID="TextRegion_1523376951638_9l6" BASELINE="2791" HEIGHT="95" WIDTH="1302" VPOS="2696" HPOS="1663"><String HEIGHT="95" WIDTH="1353" VPOS="2696" HPOS="1612" CONTENT="נגד הכנסיה הקתולית ירה עליו כדור מות, גם תפישת הכהן"/></TextLine><TextLine ID="TextRegion_1523376951638_9l7" BASELINE="2849" HEIGHT="90" WIDTH="1302" VPOS="2759" HPOS="1667"><String HEIGHT="90" WIDTH="1349" VPOS="2759" HPOS="1620" CONTENT="הקתולי האנטהלער מטיראל, הנתפש והובא למאסר יען הכירו אותו"/></TextLine><TextLine ID="TextRegion_1523376951638_9l8" BASELINE="2917" HEIGHT="85" WIDTH="1289" VPOS="2832" HPOS="1673"><String HEIGHT="85" WIDTH="1350" VPOS="2832" HPOS="1612" CONTENT="ששה אנשים כי הוא האיש אשר עמד על דרך הנסיך"/></TextLine><TextLine ID="TextRegion_1523376951638_9l9" BASELINE="2981" HEIGHT="95" WIDTH="1278" VPOS="2886" HPOS="1678"><String HEIGHT="95" WIDTH="1324" VPOS="2886" HPOS="1632" CONTENT="למען לא יוכלו הסוסים לרוץ בחפזה; כל אלה יצדיקו דעת הקהל,"/></TextLine><TextLine ID="TextRegion_1523376951638_9l10" BASELINE="3041" HEIGHT="90" WIDTH="1302" VPOS="2951" HPOS="1660"><String HEIGHT="90" WIDTH="1349" VPOS="2951" HPOS="1613" CONTENT="כי ידי הכהנים הקתוליקים הקנאים היו את האיש קולמן להסיתו"/></TextLine><TextLine ID="TextRegion_1523376951638_9l11" BASELINE="3103" HEIGHT="89" WIDTH="1291" VPOS="3014" HPOS="1674"><String HEIGHT="89" WIDTH="1344" VPOS="3014" HPOS="1621" CONTENT="לשלוח ידו בהשר ביסמארק ולהכריתו מארץ החיים. כל עם"/></TextLine><TextLine ID="TextRegion_1523376951638_9l12" BASELINE="3163" HEIGHT="84" WIDTH="1297" VPOS="3079" HPOS="1663"><String HEIGHT="84" WIDTH="1345" VPOS="3079" HPOS="1615" CONTENT="אשכנז שמחו ויהיו עצבים לבשורה „כי אחד העם ירה כדור מות"/></TextLine><TextLine ID="TextRegion_1523376951638_9l13" BASELINE="3225" HEIGHT="79" WIDTH="1254" VPOS="3146" HPOS="1690"><String HEIGHT="79" WIDTH="1302" VPOS="3146" HPOS="1642" CONTENT="על ראש ביסמארק, אפס לא נגע בו לרעה״; שמחו כי הציל ה׳"/></TextLine><TextLine ID="TextRegion_1523376951638_9l14" BASELINE="3285" HEIGHT="71" WIDTH="1260" VPOS="3214" HPOS="1699"><String HEIGHT="71" WIDTH="1310" VPOS="3214" HPOS="1649" CONTENT="את האיש הדגול מרבבה אשר הרים את אשכנז על פסגת-אושר"/></TextLine><TextLine ID="TextRegion_1523376951638_9l15" BASELINE="3357" HEIGHT="85" WIDTH="1265" VPOS="3272" HPOS="1687"><String HEIGHT="85" WIDTH="1316" VPOS="3272" HPOS="1636" CONTENT="הלאומי, ויהיו עצבים כי יצא איש אחד מקרבם לשלוח ידו"/></TextLine><TextLine ID="TextRegion_1523376951638_9l16" BASELINE="3425" HEIGHT="82" WIDTH="1262" VPOS="3343" HPOS="1687"><String HEIGHT="82" WIDTH="1318" VPOS="3343" HPOS="1631" CONTENT="בהשר הזה. המקרה הזה מראה בחוש, כי השר ביסמארק"/></TextLine><TextLine ID="TextRegion_1523376951638_9l17" BASELINE="3484" HEIGHT="82" WIDTH="1253" VPOS="3402" HPOS="1696"><String HEIGHT="82" WIDTH="1299" VPOS="3402" HPOS="1650" CONTENT="נבחר מהשגחה העליונה ללחום בגבורה נמרצה נגד שונאי אשכנז"/></TextLine><TextLine ID="TextRegion_1523376951638_9l18" BASELINE="3540" HEIGHT="74" WIDTH="1258" VPOS="3466" HPOS="1690"><String HEIGHT="74" WIDTH="1305" VPOS="3466" HPOS="1643" CONTENT="מחוץ ומפנים, ולצאת גבור מנצח מהמלחמה הכבדה הזאת לאושר"/></TextLine><TextLine ID="TextRegion_1523376951638_9l19" BASELINE="3608" HEIGHT="79" WIDTH="1265" VPOS="3529" HPOS="1687"><String HEIGHT="79" WIDTH="1315" VPOS="3529" HPOS="1637" CONTENT="ארצות אשכנז ולטובת האנושית כולה, אשר התעללו בה כהני"/></TextLine><TextLine ID="TextRegion_1523376951638_9l20" BASELINE="3676" HEIGHT="81" WIDTH="1272" VPOS="3595" HPOS="1687"><String HEIGHT="81" WIDTH="1325" VPOS="3595" HPOS="1634" CONTENT="הווטיקן ויתעמרו בה כמו בשפחה כנענית עד היום הזה."/></TextLine></TextBlock></PrintSpace></Page></Layout></alto>