<?xml version="1.0" encoding="UTF-8"?><alto xmlns:xsi="http://www.w3.org/2001/XMLSchema-instance" xmlns="http://www.loc.gov/standards/alto/ns-v2#" xmlns:page="http://schema.primaresearch.org/PAGE/gts/pagecontent/2013-07-15" xsi:schemaLocation="http://schema.primaresearch.org/PAGE/gts/pagecontent/2013-07-15 http://schema.primaresearch.org/PAGE/gts/pagecontent/2013-07-15/pagecontent.xsd http://www.loc.gov/standards/alto/ns-v2# http://www.loc.gov/standards/alto/alto-v2.0.xsd"><Description><MeasurementUnit>pixel</MeasurementUnit></Description><Layout><Page ID="Page1" PHYSICAL_IMG_NR="1" HEIGHT="3928" WIDTH="3035"><TopMargin HEIGHT="0" WIDTH="3035" VPOS="0" HPOS="0"/><LeftMargin HEIGHT="3928" WIDTH="0" VPOS="0" HPOS="0"/><RightMargin HEIGHT="3928" WIDTH="0" VPOS="0" HPOS="3035"/><BottomMargin HEIGHT="0" WIDTH="3035" VPOS="3928" HPOS="0"/><PrintSpace HEIGHT="3928" WIDTH="3035" VPOS="0" HPOS="0"><TextBlock ID="region_1523378371421_93" HEIGHT="53" WIDTH="299" VPOS="109" HPOS="1307"><Shape><Polygon POINTS="1307,109 1307,162 1606,162 1606,109"/></Shape><TextLine ID="line_1523378371566_94" BASELINE="168" HEIGHT="78" WIDTH="321" VPOS="90" HPOS="1296"><String HEIGHT="78" WIDTH="428" VPOS="90" HPOS="1189" CONTENT="- 18 -"/></TextLine></TextBlock><TextBlock ID="r3" HEIGHT="3432" WIDTH="1294" VPOS="222" HPOS="1502"><Shape><Polygon POINTS="1502,222 1502,3654 2796,3654 2796,222"/></Shape><TextLine ID="r3l1" BASELINE="285" HEIGHT="80" WIDTH="1255" VPOS="205" HPOS="1494"><String HEIGHT="80" WIDTH="1301" VPOS="205" HPOS="1448" CONTENT="שבתה. אגרת המארשאל מאק מאהאן אל האספה הלאומית יצקה שמן"/></TextLine><TextLine ID="r3l2" BASELINE="354" HEIGHT="86" WIDTH="1239" VPOS="268" HPOS="1506"><String HEIGHT="86" WIDTH="1291" VPOS="268" HPOS="1454" CONTENT="על אש המחלקת, אשר אחזה בכל קצות האספה. המימינים,"/></TextLine><TextLine ID="r3l3" BASELINE="411" HEIGHT="79" WIDTH="1241" VPOS="332" HPOS="1504"><String HEIGHT="79" WIDTH="1292" VPOS="332" HPOS="1453" CONTENT="והם החפצים במלוכה, ראו כי אבדה תקותם לשים את עטרת"/></TextLine><TextLine ID="r3l4" BASELINE="472" HEIGHT="76" WIDTH="1256" VPOS="396" HPOS="1494"><String HEIGHT="76" WIDTH="1304" VPOS="396" HPOS="1446" CONTENT="המלכות על ראש אחד מזרע המלוכה ויחר אפם. הרעפובליקנים"/></TextLine><TextLine ID="r3l5" BASELINE="543" HEIGHT="89" WIDTH="1251" VPOS="454" HPOS="1506"><String HEIGHT="89" WIDTH="1304" VPOS="454" HPOS="1453" CONTENT="חרקו שן על מאק מאהאן המתנשא לראש על דעתו ולא על"/></TextLine><TextLine ID="r3l6" BASELINE="602" HEIGHT="80" WIDTH="1243" VPOS="522" HPOS="1506"><String HEIGHT="80" WIDTH="1291" VPOS="522" HPOS="1458" CONTENT="דעת האספה הלאומית, והנם יראים (ואולי לא לשוא) פן תהי"/></TextLine><TextLine ID="r3l7" BASELINE="663" HEIGHT="79" WIDTH="1247" VPOS="584" HPOS="1505"><String HEIGHT="79" WIDTH="1301" VPOS="584" HPOS="1451" CONTENT="אחרית ממשלת שבע השנים אשר נתנה להפרעזידענט מאק"/></TextLine><TextLine ID="r3l8" BASELINE="728" HEIGHT="80" WIDTH="1247" VPOS="648" HPOS="1507"><String HEIGHT="80" WIDTH="1299" VPOS="648" HPOS="1455" CONTENT="מאהאן, כאחרית השלטן אשר הפקד לפני חמש ועשרים שנה"/></TextLine><TextLine ID="r3l9" BASELINE="791" HEIGHT="75" WIDTH="1251" VPOS="716" HPOS="1501"><String HEIGHT="75" WIDTH="1296" VPOS="716" HPOS="1456" CONTENT="בידי הפרעזידענט נאפאלעאן באנאפארט. המיניסטרים כבר נבאשו"/></TextLine><TextLine ID="r3l10" BASELINE="853" HEIGHT="79" WIDTH="1247" VPOS="774" HPOS="1512"><String HEIGHT="79" WIDTH="1294" VPOS="774" HPOS="1465" CONTENT="ברוב בחירי העם, ויבקשו פעמים אחדות להתפטר מכהונתם; אך"/></TextLine><TextLine ID="r3l11" BASELINE="918" HEIGHT="81" WIDTH="1239" VPOS="837" HPOS="1511"><String HEIGHT="81" WIDTH="1292" VPOS="837" HPOS="1458" CONTENT="המארשאל לא נתן להם את שאלתם, ובכן הנם עומדים על"/></TextLine><TextLine ID="r3l12" BASELINE="976" HEIGHT="76" WIDTH="1233" VPOS="900" HPOS="1516"><String HEIGHT="76" WIDTH="1285" VPOS="900" HPOS="1464" CONTENT="משמרתם בעל כרחה של האספה הכללית. ורק שר האוצרות"/></TextLine><TextLine ID="r3l14" BASELINE="1045" HEIGHT="81" WIDTH="1232" VPOS="964" HPOS="1518"><String HEIGHT="81" WIDTH="907" VPOS="964" HPOS="1495" CONTENT="מיין הוא לבדו יוצא מאת המיניסטריום."/><String HEIGHT="81" WIDTH="163" VPOS="964" HPOS="2332" CONTENT="וגם"/><String HEIGHT="81" WIDTH="186" VPOS="964" HPOS="2425" CONTENT="בדבר"/><String HEIGHT="81" WIDTH="163" VPOS="964" HPOS="2541" CONTENT="הזה"/><String HEIGHT="81" WIDTH="139" VPOS="964" HPOS="2611" CONTENT="העלה"/></TextLine><TextLine ID="r3l15" BASELINE="1108" HEIGHT="81" WIDTH="1247" VPOS="1027" HPOS="1508"><String HEIGHT="81" WIDTH="1297" VPOS="1027" HPOS="1458" CONTENT="מאק מאהאן עליו את חמת הבחירים; אבל מי יוכל לדין עם"/></TextLine><TextLine ID="r3l16" BASELINE="1172" HEIGHT="89" WIDTH="1245" VPOS="1083" HPOS="1515"><String HEIGHT="89" WIDTH="1298" VPOS="1083" HPOS="1462" CONTENT="שתקיף ממנו? המארשאל מאק מאהאן נשען על חיל הצבא;"/></TextLine><TextLine ID="r3l17" BASELINE="1221" HEIGHT="65" WIDTH="1247" VPOS="1156" HPOS="1509"><String HEIGHT="65" WIDTH="1295" VPOS="1156" HPOS="1461" CONTENT="ובחירי האספה הלאומית יודעים כי לא ינצחוהו בדבר שפתים"/></TextLine><TextLine ID="r3l18" BASELINE="1295" HEIGHT="77" WIDTH="1225" VPOS="1218" HPOS="1527"><String HEIGHT="77" WIDTH="1273" VPOS="1218" HPOS="1479" CONTENT="לבד, על כן נוטים הם את שכמם לסבול את אשר נטל עליהם."/></TextLine><TextLine ID="r3l19" BASELINE="1361" HEIGHT="78" WIDTH="1235" VPOS="1283" HPOS="1517"><String HEIGHT="78" WIDTH="1289" VPOS="1283" HPOS="1463" CONTENT="בימים האלה כלה ועד השלשים את עבודתו בנוגע לחקי"/></TextLine><TextLine ID="r3l20" BASELINE="1424" HEIGHT="78" WIDTH="1253" VPOS="1346" HPOS="1524"><String HEIGHT="78" WIDTH="1302" VPOS="1346" HPOS="1475" CONTENT="הקנסטיטוציא אשר אומרת האספה הלאומית ליסד בארץ. ראשי"/></TextLine><TextLine ID="r3l21" BASELINE="1488" HEIGHT="79" WIDTH="1234" VPOS="1409" HPOS="1530"><String HEIGHT="79" WIDTH="1282" VPOS="1409" HPOS="1482" CONTENT="פרקים של החקים המה: שני בתים ימשלו בצרפת, בית בחירי"/></TextLine><TextLine ID="r3l22" BASELINE="1549" HEIGHT="77" WIDTH="1254" VPOS="1472" HPOS="1518"><String HEIGHT="77" WIDTH="1305" VPOS="1472" HPOS="1467" CONTENT="העם ובית בחירי הממשלה, ובראש הממשלה יעמוד המארשאל"/></TextLine><TextLine ID="r3l23" BASELINE="1615" HEIGHT="79" WIDTH="1268" VPOS="1536" HPOS="1506"><String HEIGHT="79" WIDTH="1320" VPOS="1536" HPOS="1454" CONTENT="מאק מאהאן שבע שנים תמימות. ככלות הזמן ההוא, או אם"/></TextLine><TextLine ID="r3l24" BASELINE="1673" HEIGHT="71" WIDTH="1247" VPOS="1602" HPOS="1524"><String HEIGHT="71" WIDTH="1299" VPOS="1602" HPOS="1472" CONTENT="ימות המארשאל באמצע שבע השנים, אז ישוב הזכות לשני"/></TextLine><TextLine ID="r3l25" BASELINE="1740" HEIGHT="76" WIDTH="1255" VPOS="1664" HPOS="1522"><String HEIGHT="76" WIDTH="1307" VPOS="1664" HPOS="1470" CONTENT="הבתים ביחד להעמיד מושל אחר בראש העם. והנה עוד לא"/></TextLine><TextLine ID="r3l26" BASELINE="1805" HEIGHT="78" WIDTH="1262" VPOS="1727" HPOS="1519"><String HEIGHT="78" WIDTH="1312" VPOS="1727" HPOS="1469" CONTENT="נודע, אם יסכימו בחירי האספה הלאומית עם החקים האלה;"/></TextLine><TextLine ID="r3l27" BASELINE="1869" HEIGHT="79" WIDTH="1240" VPOS="1790" HPOS="1539"><String HEIGHT="79" WIDTH="1288" VPOS="1790" HPOS="1491" CONTENT="ועכ״פ הדברים נוטים לצד הצעת הנבחר קאזימיר פעריע ליסד"/></TextLine><TextLine ID="r3l28" BASELINE="1932" HEIGHT="80" WIDTH="497" VPOS="1852" HPOS="2271"><String HEIGHT="80" WIDTH="544" VPOS="1852" HPOS="2224" CONTENT="רעפובליק מוחלטת בארץ."/></TextLine><TextLine ID="r3l29" BASELINE="2105" HEIGHT="81" WIDTH="1130" VPOS="2024" HPOS="1530"><String HEIGHT="81" WIDTH="1179" VPOS="2024" HPOS="1481" CONTENT="(שפאניען.) וגם בספרד לא נעשו ישועות. הקרליסטים"/></TextLine><TextLine ID="r3l30" BASELINE="2169" HEIGHT="81" WIDTH="1257" VPOS="2088" HPOS="1531"><String HEIGHT="81" WIDTH="1305" VPOS="2088" HPOS="1483" CONTENT="צרים על בילבאא וגדודיהם פושטים בכל צפון הארץ ושוללים"/></TextLine><TextLine ID="r3l31" BASELINE="2232" HEIGHT="80" WIDTH="1244" VPOS="2152" HPOS="1542"><String HEIGHT="80" WIDTH="1291" VPOS="2152" HPOS="1495" CONTENT="וחומסים באין מכלים דבר. כפי הנשמע חפצה הממשלה במאדריד"/></TextLine><TextLine ID="r3l32" BASELINE="2295" HEIGHT="84" WIDTH="1230" VPOS="2211" HPOS="1536"><String HEIGHT="84" WIDTH="1277" VPOS="2211" HPOS="1489" CONTENT="להגדיל חילה במאה ועשרים וחמשת אלפים איש; אבל מי יודע"/></TextLine><TextLine ID="r3l33" BASELINE="2361" HEIGHT="82" WIDTH="1244" VPOS="2279" HPOS="1544"><String HEIGHT="82" WIDTH="1294" VPOS="2279" HPOS="1494" CONTENT="אם בכל אלה יצלח חפצה בידה להכניע את הקרליסטים. אחד"/></TextLine><TextLine ID="r3l34" BASELINE="2425" HEIGHT="71" WIDTH="1255" VPOS="2354" HPOS="1537"><String HEIGHT="71" WIDTH="1304" VPOS="2354" HPOS="1488" CONTENT="מסופרי מ״הע בקר את פני הפרינץ אמעדעי (אשר היה לפנים"/></TextLine><TextLine ID="r3l35" BASELINE="2489" HEIGHT="90" WIDTH="1239" VPOS="2399" HPOS="1544"><String HEIGHT="90" WIDTH="1287" VPOS="2399" HPOS="1496" CONTENT="מלך בספרד) בביתו ושאל את דעתו בדבר עתידות הארץ הזאת,"/></TextLine><TextLine ID="r3l36" BASELINE="2550" HEIGHT="80" WIDTH="1241" VPOS="2470" HPOS="1538"><String HEIGHT="80" WIDTH="1292" VPOS="2470" HPOS="1487" CONTENT="אם יצלח לה לצאת מן המבוכה הגדולה ולהתענג על מנוחה"/></TextLine><TextLine ID="r3l37" BASELINE="2615" HEIGHT="82" WIDTH="1246" VPOS="2533" HPOS="1545"><String HEIGHT="82" WIDTH="1295" VPOS="2533" HPOS="1496" CONTENT=",ושלוה כיתר העמים? הפרינץ אמר, כי מסתפק הוא בזה מאד"/></TextLine><TextLine ID="r3l38" BASELINE="2677" HEIGHT="80" WIDTH="1279" VPOS="2597" HPOS="1521"><String HEIGHT="80" WIDTH="1329" VPOS="2597" HPOS="1471" CONTENT="ולפי דעתו לא תעבורנה שתי שנים וכל ארץ ספרד תהי בידי"/></TextLine><TextLine ID="r3l39" BASELINE="2745" HEIGHT="89" WIDTH="1264" VPOS="2656" HPOS="1530"><String HEIGHT="89" WIDTH="1317" VPOS="2656" HPOS="1477" CONTENT="הקרליסטים, כי בכל שרי הממשלה אין איש אשר יעצר כח"/></TextLine><TextLine ID="r3l40" BASELINE="2805" HEIGHT="82" WIDTH="1247" VPOS="2723" HPOS="1543"><String HEIGHT="82" WIDTH="1296" VPOS="2723" HPOS="1494" CONTENT="לעמוד בפרץ מול כל הכתות השונות השולטות במדינה, ולתת"/></TextLine><TextLine ID="r3l41" BASELINE="2866" HEIGHT="79" WIDTH="1237" VPOS="2787" HPOS="1545"><String HEIGHT="79" WIDTH="1286" VPOS="2787" HPOS="1496" CONTENT="להארץ את המנוחה אשר היא חסרה זה שנים רבות. אם יאמנו"/></TextLine><TextLine ID="r3l42" BASELINE="2928" HEIGHT="74" WIDTH="778" VPOS="2854" HPOS="2017"><String HEIGHT="74" WIDTH="827" VPOS="2854" HPOS="1968" CONTENT="דברי הפרינץ ואם לא - ימים ידברו."/></TextLine><TextLine ID="r3l44" BASELINE="3091" HEIGHT="78" WIDTH="1220" VPOS="3013" HPOS="1545"><String HEIGHT="78" WIDTH="1272" VPOS="3013" HPOS="1493" CONTENT="בעיר בריססעל בירת ממלכת בעלניען יושבים כעת בסוד"/></TextLine><TextLine ID="r3l45" BASELINE="3158" HEIGHT="81" WIDTH="1257" VPOS="3077" HPOS="1547"><String HEIGHT="81" WIDTH="1307" VPOS="3077" HPOS="1497" CONTENT="המועצה צירים ובעלי כח מרוב ממשלות אייראפא לכונן על"/></TextLine><TextLine ID="r3l46" BASELINE="3218" HEIGHT="75" WIDTH="1262" VPOS="3143" HPOS="1542"><String HEIGHT="75" WIDTH="1312" VPOS="3143" HPOS="1492" CONTENT="יסודות חדשים את חקי המלחמה בין עם ועם, בכדי להמעיט"/></TextLine><TextLine ID="r3l47" BASELINE="3268" HEIGHT="67" WIDTH="1255" VPOS="3201" HPOS="1537"><String HEIGHT="67" WIDTH="1302" VPOS="3201" HPOS="1490" CONTENT="הצרות והרעות הבאות לרגלי כל מלחמה ולהטיב גורל השבויים"/></TextLine><TextLine ID="line_1523378669253_96" BASELINE="3341" HEIGHT="78" WIDTH="1251" VPOS="3263" HPOS="1549"><String HEIGHT="78" WIDTH="1303" VPOS="3263" HPOS="1497" CONTENT="והנפצעים. ממשלת רוסיה הציעה את הדבר ראשונה, ויתר"/></TextLine><TextLine ID="r3l48" BASELINE="3408" HEIGHT="79" WIDTH="1238" VPOS="3329" HPOS="1554"><String HEIGHT="79" WIDTH="1289" VPOS="3329" HPOS="1503" CONTENT="הממשלות תמכו בידה; אך צרפת וענגלאנד התנו מראש לבל"/></TextLine><TextLine ID="r3l49" BASELINE="3472" HEIGHT="78" WIDTH="1244" VPOS="3394" HPOS="1552"><String HEIGHT="78" WIDTH="1296" VPOS="3394" HPOS="1500" CONTENT="תגע המועצה בשאלת מלחמת הים; וכאשר לא אבו הממשלות"/></TextLine><TextLine ID="r3l50" BASELINE="3536" HEIGHT="80" WIDTH="1251" VPOS="3456" HPOS="1554"><String HEIGHT="80" WIDTH="1302" VPOS="3456" HPOS="1503" CONTENT="לעמוד בתנאי הזה, משכו שתי המדינות את ידן מן הדבר,"/></TextLine><TextLine ID="r3l51" BASELINE="3602" HEIGHT="82" WIDTH="1251" VPOS="3520" HPOS="1551"><String HEIGHT="82" WIDTH="1296" VPOS="3520" HPOS="1506" CONTENT="וציריהן לא יקחו חלק בסוד המועצה, רק ישבו שמה למען הודיע"/></TextLine><TextLine ID="r3l52" BASELINE="3653" HEIGHT="70" WIDTH="829" VPOS="3583" HPOS="1966"><String HEIGHT="70" WIDTH="886" VPOS="3583" HPOS="1909" CONTENT="איש איש לממשלתו מכל הנעשה שם."/></TextLine></TextBlock><TextBlock ID="r1" HEIGHT="3436" WIDTH="1303" VPOS="214" HPOS="182"><Shape><Polygon POINTS="182,214 182,3650 1485,3650 1485,214"/></Shape><TextLine ID="r1l1" BASELINE="281" HEIGHT="79" WIDTH="589" VPOS="202" HPOS="730"><String HEIGHT="79" WIDTH="634" VPOS="202" HPOS="685" CONTENT="ברלין כ״ג לירח יולי תרל״ד."/></TextLine><TextLine ID="r1l2" BASELINE="347" HEIGHT="78" WIDTH="1150" VPOS="269" HPOS="178"><String HEIGHT="78" WIDTH="1198" VPOS="269" HPOS="130" CONTENT="כאשר היתה אספת כי״ח בעיר ברלין אחר חג הפסח העבר,"/></TextLine><TextLine ID="r1l3" BASELINE="412" HEIGHT="82" WIDTH="1271" VPOS="330" HPOS="174"><String HEIGHT="82" WIDTH="1325" VPOS="330" HPOS="120" CONTENT="שלחה החברה מענגלאנד Anglo-Jewish-Association את"/></TextLine><TextLine ID="r1l4" BASELINE="473" HEIGHT="80" WIDTH="1294" VPOS="393" HPOS="174"><String HEIGHT="80" WIDTH="1352" VPOS="393" HPOS="116" CONTENT="הרב Löwy לקחת חלק באספת חברת כי״ח, ואחר האספה"/></TextLine><TextLine ID="r1l5" BASELINE="537" HEIGHT="85" WIDTH="1268" VPOS="452" HPOS="174"><String HEIGHT="85" WIDTH="1320" VPOS="452" HPOS="122" CONTENT="ללכת לערי רוסיה, להתחקות על מעמד ומצב היהודים שמה"/></TextLine><TextLine ID="r1l6" BASELINE="601" HEIGHT="82" WIDTH="1258" VPOS="519" HPOS="181"><String HEIGHT="82" WIDTH="1302" VPOS="519" HPOS="137" CONTENT="ובמה יוכלו להושע תשועה תמידית וכללית. האדון לוי שב לונדנה"/></TextLine><TextLine ID="r1l7" BASELINE="655" HEIGHT="72" WIDTH="1276" VPOS="583" HPOS="175"><String HEIGHT="72" WIDTH="1322" VPOS="583" HPOS="129" CONTENT="ממסעיו ברוסיה, ויציע לפני החברה אשר שלחה אותו בפה ובכתב"/></TextLine><TextLine ID="r1l8" BASELINE="725" HEIGHT="79" WIDTH="1268" VPOS="646" HPOS="180"><String HEIGHT="79" WIDTH="1314" VPOS="646" HPOS="134" CONTENT="את כל אשר ראה, חקר, ודרש ומצא ע&#34;ד מצב אחינו ב״י ברוסיה."/></TextLine><TextLine ID="r1l9" BASELINE="795" HEIGHT="79" WIDTH="1267" VPOS="716" HPOS="186"><String HEIGHT="79" WIDTH="1316" VPOS="716" HPOS="137" CONTENT="והנה מדבריו שנדפסו במה״ע Jewish World נראה, כי השתדל"/></TextLine><TextLine ID="r1l10" BASELINE="854" HEIGHT="86" WIDTH="1261" VPOS="768" HPOS="198"><String HEIGHT="86" WIDTH="1309" VPOS="768" HPOS="150" CONTENT="אחינו זה מאד לעמד על כל פרטי מעמד היהודים בארץ רוסיה,"/></TextLine><TextLine ID="r1l11" BASELINE="919" HEIGHT="80" WIDTH="1270" VPOS="839" HPOS="189"><String HEIGHT="80" WIDTH="1318" VPOS="839" HPOS="141" CONTENT="ובעין פקוחה בא עד תכלית הענינים וסבותיהם; אף כי באיזה"/></TextLine><TextLine ID="r1l12" BASELINE="968" HEIGHT="66" WIDTH="1268" VPOS="902" HPOS="195"><String HEIGHT="66" WIDTH="1312" VPOS="902" HPOS="151" CONTENT="ענינים הפריז על המדה מעט. והננו נותנים דברים אחדים ממאמרו"/></TextLine><TextLine ID="r1l13" BASELINE="1045" HEIGHT="79" WIDTH="1267" VPOS="966" HPOS="189"><String HEIGHT="79" WIDTH="1311" VPOS="966" HPOS="145" CONTENT="לפני קוראינו, למען יראו הקוראים איך מחוץ לארץ יביטו עליהם"/></TextLine><TextLine ID="r1l14" BASELINE="1101" HEIGHT="72" WIDTH="972" VPOS="1029" HPOS="481"><String HEIGHT="72" WIDTH="1016" VPOS="1029" HPOS="437" CONTENT="בעינים חודרות וישפטו על תהלוכותיהם ומדותיהם."/></TextLine><TextLine ID="r1l16" BASELINE="1237" HEIGHT="79" WIDTH="1163" VPOS="1158" HPOS="198"><String HEIGHT="79" WIDTH="1211" VPOS="1158" HPOS="150" CONTENT="בתחלת דבריו ישבח ויפאר האדון לוי את חברת כי״ח על"/></TextLine><TextLine ID="r1l17" BASELINE="1289" HEIGHT="67" WIDTH="1265" VPOS="1222" HPOS="197"><String HEIGHT="67" WIDTH="1313" VPOS="1222" HPOS="149" CONTENT="אשר הגדילה לעשות לטובת אחב״י ע״י החברות המסתעפות ממנה"/></TextLine><TextLine ID="r1l18" BASELINE="1367" HEIGHT="85" WIDTH="1272" VPOS="1282" HPOS="195"><String HEIGHT="85" WIDTH="1314" VPOS="1282" HPOS="153" CONTENT="בערי קאניגסבערג, מעמעל ברלין, וקולוניה וכו׳, ועזרה בימין צדקה"/></TextLine><TextLine ID="r1l19" BASELINE="1429" HEIGHT="96" WIDTH="1262" VPOS="1333" HPOS="203"><String HEIGHT="96" WIDTH="1308" VPOS="1333" HPOS="157" CONTENT="לקטנים יתומים ויתומות, ולגדולים אשר באו לערי אשכנז לבקש"/></TextLine><TextLine ID="r1l20" BASELINE="1487" HEIGHT="76" WIDTH="1260" VPOS="1411" HPOS="197"><String HEIGHT="76" WIDTH="1308" VPOS="1411" HPOS="149" CONTENT="עזרתה, וגם פעלה לא היה מאפע, כי היתומים והיתומות אשר"/></TextLine><TextLine ID="r1l21" BASELINE="1543" HEIGHT="69" WIDTH="1280" VPOS="1474" HPOS="191"><String HEIGHT="69" WIDTH="1331" VPOS="1474" HPOS="140" CONTENT="החברה דאגה בעדם למדו מלאכת יד ויהיו לאנשים מועילים"/></TextLine><TextLine ID="r1l22" BASELINE="1624" HEIGHT="84" WIDTH="1261" VPOS="1540" HPOS="204"><String HEIGHT="84" WIDTH="1308" VPOS="1540" HPOS="157" CONTENT="לחברה האנושית. אחרי זה ידבר על מצב היהודים ברוסיה, כפי"/></TextLine><TextLine ID="r1l23" BASELINE="1670" HEIGHT="67" WIDTH="855" VPOS="1603" HPOS="619"><String HEIGHT="67" WIDTH="903" VPOS="1603" HPOS="572" CONTENT="אשר ראה בעיניו עתה לפני איזה שבועות."/></TextLine><TextLine ID="r1l25" BASELINE="1797" HEIGHT="82" WIDTH="1152" VPOS="1715" HPOS="199"><String HEIGHT="82" WIDTH="1198" VPOS="1715" HPOS="153" CONTENT="לפי דעתו, השתנה מצב אחינו בארץ ההיא, לרגלי התמורות"/></TextLine><TextLine ID="r1l26" BASELINE="1861" HEIGHT="80" WIDTH="1273" VPOS="1781" HPOS="199"><String HEIGHT="80" WIDTH="1326" VPOS="1781" HPOS="146" CONTENT="אשר נעשו בארץ מטעם הממשלה במשך עשר שנים האחרונות"/></TextLine><TextLine ID="r1l27" BASELINE="1921" HEIGHT="75" WIDTH="1270" VPOS="1846" HPOS="198"><String HEIGHT="75" WIDTH="1319" VPOS="1846" HPOS="149" CONTENT="שנוי רב. ממשלת רוסיה בחפצה להרחיב לשונה בארצה, הרבתה"/></TextLine><TextLine ID="r1l28" BASELINE="1986" HEIGHT="76" WIDTH="1275" VPOS="1910" HPOS="206"><String HEIGHT="76" WIDTH="1323" VPOS="1910" HPOS="158" CONTENT="להשתדל ע&#34;י אמצעים שונים, כי כל יושבי המדינה באין הבדל"/></TextLine><TextLine ID="r1l29" BASELINE="2050" HEIGHT="78" WIDTH="1267" VPOS="1972" HPOS="213"><String HEIGHT="78" WIDTH="1316" VPOS="1972" HPOS="164" CONTENT="דת ולאום, ילמדו לשון הארץ על בוריה, ותשים לחוב על כל"/></TextLine><TextLine ID="r1l30" BASELINE="2114" HEIGHT="78" WIDTH="1272" VPOS="2036" HPOS="208"><String HEIGHT="78" WIDTH="1323" VPOS="2036" HPOS="157" CONTENT="התושבים לדבר בשפת רוסיה בערכאות, בבתי פקודות, ובכל"/></TextLine><TextLine ID="r1l31" BASELINE="2176" HEIGHT="77" WIDTH="1272" VPOS="2099" HPOS="204"><String HEIGHT="77" WIDTH="1324" VPOS="2099" HPOS="152" CONTENT="הבתים המיועדים לצבור; בכל בתי הספר תהיה שפת רוסיה"/></TextLine><TextLine ID="r1l32" BASELINE="2238" HEIGHT="76" WIDTH="1265" VPOS="2162" HPOS="216"><String HEIGHT="76" WIDTH="1311" VPOS="2162" HPOS="170" CONTENT="השפה המדוברת והשלטת, וכל הלמודים ילמדו המורים לתלמידיהם"/></TextLine><TextLine ID="r1l33" BASELINE="2307" HEIGHT="79" WIDTH="1267" VPOS="2228" HPOS="211"><String HEIGHT="79" WIDTH="1321" VPOS="2228" HPOS="157" CONTENT="בשפה הזאת. אכן בראות הממשלה כי היהודים אשר שפתם"/></TextLine><TextLine ID="r1l34" BASELINE="2368" HEIGHT="79" WIDTH="1263" VPOS="2289" HPOS="225"><String HEIGHT="79" WIDTH="1316" VPOS="2289" HPOS="172" CONTENT="המדברת ביניהם מאז היא שפת שזרנן, קשה עליהם להפרד"/></TextLine><TextLine ID="r1l35" BASELINE="2430" HEIGHT="76" WIDTH="1266" VPOS="2354" HPOS="223"><String HEIGHT="76" WIDTH="1313" VPOS="2354" HPOS="176" CONTENT="משפת אבותיהם, ועודם מדברים בה כמקדם; גזרה אמר לסגור כל"/></TextLine><TextLine ID="r1l36" BASELINE="2495" HEIGHT="78" WIDTH="1265" VPOS="2417" HPOS="225"><String HEIGHT="78" WIDTH="1310" VPOS="2417" HPOS="180" CONTENT="החדרים, אשר בהם יתחנכו הילדים בשפת השזרגן, ולהכין תחתיהם"/></TextLine><TextLine ID="r1l37" BASELINE="2556" HEIGHT="80" WIDTH="1268" VPOS="2476" HPOS="211"><String HEIGHT="80" WIDTH="1322" VPOS="2476" HPOS="157" CONTENT="בתי ספר אחרים, להשכיחם שמה השפה המבולבלת וללמדם"/></TextLine><TextLine ID="r1l38" BASELINE="2627" HEIGHT="87" WIDTH="1254" VPOS="2540" HPOS="224"><String HEIGHT="87" WIDTH="1304" VPOS="2540" HPOS="174" CONTENT="לדבר כן בשפת הארץ; ולאלה המלמדים אשר לא יכלו לעמוד"/></TextLine><TextLine ID="r1l39" BASELINE="2698" HEIGHT="100" WIDTH="1270" VPOS="2598" HPOS="213"><String HEIGHT="100" WIDTH="1317" VPOS="2598" HPOS="166" CONTENT="על המבחן ולתרגם כל הלמודים העברים בלשון רוסיה, לא תנתן"/></TextLine><TextLine ID="r1l40" BASELINE="2752" HEIGHT="89" WIDTH="1270" VPOS="2663" HPOS="221"><String HEIGHT="89" WIDTH="1320" VPOS="2663" HPOS="171" CONTENT="עוד הרשות להורות וללמד לילדים. נקל להבין כי נתן החק"/></TextLine><TextLine ID="r1l41" BASELINE="2812" HEIGHT="81" WIDTH="1267" VPOS="2731" HPOS="222"><String HEIGHT="81" WIDTH="1314" VPOS="2731" HPOS="175" CONTENT="החדש הזה פחד גדול בלב אחינו ברוסיה, בחשבם כי תפוג תורת"/></TextLine><TextLine ID="r1l42" BASELINE="2894" HEIGHT="97" WIDTH="1268" VPOS="2797" HPOS="222"><String HEIGHT="97" WIDTH="1318" VPOS="2797" HPOS="172" CONTENT="ד׳ בלי מלמדים, ועם החדרים יחד יפלו גם למודי האמונה."/></TextLine><TextLine ID="r1l49" BASELINE="3032" HEIGHT="90" WIDTH="1225" VPOS="2942" HPOS="228"><String HEIGHT="90" WIDTH="1278" VPOS="2942" HPOS="175" CONTENT="גם בהנהגת הקהלות נראו פרעות ולא סדרים. כל קהלה"/></TextLine><TextLine ID="r1l50" BASELINE="3095" HEIGHT="81" WIDTH="1265" VPOS="3014" HPOS="222"><String HEIGHT="81" WIDTH="1313" VPOS="3014" HPOS="174" CONTENT="בודדת לעצמה, ולבדד תתנהג באין משטר ואין סדרים, כי קשה"/></TextLine><TextLine ID="r1l51" BASELINE="3157" HEIGHT="86" WIDTH="1254" VPOS="3071" HPOS="236"><String HEIGHT="86" WIDTH="1304" VPOS="3071" HPOS="186" CONTENT="מאד למצא אדם הגון וחשוב אשר יחפוץ לעמוד בראשה, ועל"/></TextLine><TextLine ID="r1l52" BASELINE="3218" HEIGHT="82" WIDTH="1271" VPOS="3136" HPOS="216"><String HEIGHT="82" WIDTH="1321" VPOS="3136" HPOS="166" CONTENT="פיו יצאו ויבאו כל דברי הקהלה. הוצאות והכנסות הקהלות"/></TextLine><TextLine ID="r1l53" BASELINE="3283" HEIGHT="88" WIDTH="1258" VPOS="3195" HPOS="225"><String HEIGHT="88" WIDTH="1308" VPOS="3195" HPOS="175" CONTENT="מתנהגות באין חשבון ובאין משטר, ולכן אחד יהרהר אחרי"/></TextLine><TextLine ID="r1l54" BASELINE="3346" HEIGHT="77" WIDTH="1257" VPOS="3269" HPOS="225"><String HEIGHT="77" WIDTH="1304" VPOS="3269" HPOS="178" CONTENT="מדותיו של חברו בהנהגת הקהלה, ואיש יחשוד את רעהו, ואין"/></TextLine><TextLine ID="r1l55" BASELINE="3412" HEIGHT="80" WIDTH="1243" VPOS="3332" HPOS="247"><String HEIGHT="80" WIDTH="1287" VPOS="3332" HPOS="203" CONTENT="שלום ואין אחדות בין העומדים בראש, ויתר העם ירננו אחריהם,"/></TextLine><TextLine ID="r1l56" BASELINE="3473" HEIGHT="78" WIDTH="1268" VPOS="3395" HPOS="225"><String HEIGHT="78" WIDTH="1314" VPOS="3395" HPOS="179" CONTENT="ולפעמים יחשדו במה שיש בהם, ואין עוד כח בידי אלופי הקהלה"/></TextLine><TextLine ID="r1l57" BASELINE="3540" HEIGHT="81" WIDTH="1271" VPOS="3459" HPOS="219"><String HEIGHT="81" WIDTH="1319" VPOS="3459" HPOS="171" CONTENT="לתקן תקנות טובות בעדתם, ולעשות טוב וחסד בקהלתם. הכנסת"/></TextLine><TextLine ID="r1l58" BASELINE="3601" HEIGHT="83" WIDTH="1273" VPOS="3518" HPOS="214"><String HEIGHT="83" WIDTH="1322" VPOS="3518" HPOS="165" CONTENT="מכם הבשר אשר להקהלות, אף כי גדולה היא, עכ״ו לא תספיק"/></TextLine><TextLine ID="r1l59" BASELINE="3673" HEIGHT="87" WIDTH="1276" VPOS="3586" HPOS="215"><String HEIGHT="87" WIDTH="1323" VPOS="3586" HPOS="168" CONTENT="לכל צרכי הצבור, באשר חלק גדול ממנה יבלעו רבים הלוקחים."/></TextLine></TextBlock></PrintSpace></Page></Layout></alto>