<?xml version="1.0" encoding="UTF-8"?><alto xmlns:xsi="http://www.w3.org/2001/XMLSchema-instance" xmlns="http://www.loc.gov/standards/alto/ns-v2#" xmlns:page="http://schema.primaresearch.org/PAGE/gts/pagecontent/2013-07-15" xsi:schemaLocation="http://schema.primaresearch.org/PAGE/gts/pagecontent/2013-07-15 http://schema.primaresearch.org/PAGE/gts/pagecontent/2013-07-15/pagecontent.xsd http://www.loc.gov/standards/alto/ns-v2# http://www.loc.gov/standards/alto/alto-v2.0.xsd"><Description><MeasurementUnit>pixel</MeasurementUnit></Description><Layout><Page ID="Page1" PHYSICAL_IMG_NR="1" HEIGHT="4299" WIDTH="3036"><TopMargin HEIGHT="0" WIDTH="3036" VPOS="0" HPOS="0"/><LeftMargin HEIGHT="4299" WIDTH="0" VPOS="0" HPOS="0"/><RightMargin HEIGHT="4299" WIDTH="0" VPOS="0" HPOS="3036"/><BottomMargin HEIGHT="0" WIDTH="3036" VPOS="4299" HPOS="0"/><PrintSpace HEIGHT="4299" WIDTH="3036" VPOS="0" HPOS="0"><TextBlock ID="region_1522077590663_508" HEIGHT="553" WIDTH="514" VPOS="332" HPOS="2352"><Shape><Polygon POINTS="2352,332 2866,332 2866,885 2352,885"/></Shape><TextLine ID="line_1522080118218_581" BASELINE="444" HEIGHT="48" WIDTH="320" VPOS="396" HPOS="2450"><String HEIGHT="48" WIDTH="222" VPOS="396" HPOS="2425" CONTENT="מחירו"/><String HEIGHT="48" WIDTH="222" VPOS="396" HPOS="2548" CONTENT="באשכנז:"/></TextLine><TextLine ID="line_1522080121726_582" BASELINE="530" HEIGHT="58" WIDTH="438" VPOS="472" HPOS="2376"><String HEIGHT="58" WIDTH="91" VPOS="472" HPOS="2358" CONTENT="4"/><String HEIGHT="58" WIDTH="128" VPOS="472" HPOS="2394" CONTENT="ר״ט"/><String HEIGHT="58" WIDTH="164" VPOS="472" HPOS="2467" CONTENT="לשנה."/><String HEIGHT="58" WIDTH="91" VPOS="472" HPOS="2577" CONTENT="1"/><String HEIGHT="58" WIDTH="146" VPOS="472" HPOS="2613" CONTENT="לרבע"/><String HEIGHT="58" WIDTH="146" VPOS="472" HPOS="2705" CONTENT="שנה."/><String HEIGHT="58" WIDTH="37" VPOS="472" HPOS="2778" CONTENT=""/></TextLine><TextLine ID="line_1522080125209_583" BASELINE="620" HEIGHT="68" WIDTH="428" VPOS="552" HPOS="2388"><String HEIGHT="68" WIDTH="257" VPOS="552" HPOS="2367" CONTENT="בעסטרייך"/><String HEIGHT="68" WIDTH="107" VPOS="552" HPOS="2559" CONTENT="8"/><String HEIGHT="68" WIDTH="150" VPOS="552" HPOS="2602" CONTENT="פל׳"/><String HEIGHT="68" WIDTH="150" VPOS="552" HPOS="2666" CONTENT="לשנה."/></TextLine><TextLine ID="line_1522080128188_584" BASELINE="684" HEIGHT="60" WIDTH="327" VPOS="624" HPOS="2443"><String HEIGHT="60" WIDTH="109" VPOS="624" HPOS="2421" CONTENT="2"/><String HEIGHT="60" WIDTH="153" VPOS="624" HPOS="2465" CONTENT="פל׳"/><String HEIGHT="60" WIDTH="174" VPOS="624" HPOS="2552" CONTENT="לרבע"/><String HEIGHT="60" WIDTH="131" VPOS="624" HPOS="2639" CONTENT="שנה."/></TextLine><TextLine ID="line_1522080131460_585" BASELINE="764" HEIGHT="56" WIDTH="269" VPOS="708" HPOS="2471"><String HEIGHT="56" WIDTH="171" VPOS="708" HPOS="2447" CONTENT="שכר"/><String HEIGHT="56" WIDTH="220" VPOS="708" HPOS="2520" CONTENT="מודעות:"/></TextLine><TextLine ID="line_1522080134922_586" BASELINE="840" HEIGHT="59" WIDTH="349" VPOS="781" HPOS="2434"><String HEIGHT="59" WIDTH="163" VPOS="781" HPOS="2411" CONTENT="מכל"/><String HEIGHT="59" WIDTH="186" VPOS="781" HPOS="2504" CONTENT="שורה"/><String HEIGHT="59" WIDTH="116" VPOS="781" HPOS="2620" CONTENT="4"/><String HEIGHT="59" WIDTH="140" VPOS="781" HPOS="2643" CONTENT="ז״ג."/></TextLine></TextBlock><TextBlock ID="TextRegion_1522077560010_499" HEIGHT="1392" WIDTH="2774" VPOS="223" HPOS="161"><Shape><Polygon POINTS="2935,1615 161,1615 161,223 2935,223"/></Shape><TextLine ID="TextRegion_1522077560010_499l1" BASELINE="399" HEIGHT="55" WIDTH="625" VPOS="344" HPOS="1269"><String HEIGHT="55" WIDTH="764" VPOS="344" HPOS="1130" CONTENT="HAZEFIRAH"/></TextLine><TextLine ID="line_1522078529543_557" BASELINE="728" HEIGHT="139" WIDTH="1127" VPOS="589" HPOS="1025"><String HEIGHT="139" WIDTH="1503" VPOS="589" HPOS="649" CONTENT="הצפירה"/></TextLine><TextLine ID="line_1522078620995_560" BASELINE="1053" HEIGHT="145" WIDTH="1541" VPOS="908" HPOS="814"><String HEIGHT="145" WIDTH="616" VPOS="908" HPOS="737" CONTENT="מכתב"/><String HEIGHT="145" WIDTH="539" VPOS="908" HPOS="1122" CONTENT="עתי"/><String HEIGHT="145" WIDTH="693" VPOS="908" HPOS="1430" CONTENT="משמיע"/><String HEIGHT="145" WIDTH="539" VPOS="908" HPOS="1816" CONTENT="חדשות"/></TextLine><TextLine ID="TextRegion_1522077560010_499l7" BASELINE="1203" HEIGHT="132" WIDTH="2102" VPOS="1071" HPOS="536"><String HEIGHT="132" WIDTH="350" VPOS="1071" HPOS="492" CONTENT="בקרב"/><String HEIGHT="132" WIDTH="263" VPOS="1071" HPOS="711" CONTENT="עם"/><String HEIGHT="132" WIDTH="394" VPOS="1071" HPOS="843" CONTENT="ישרון"/><String HEIGHT="132" WIDTH="307" VPOS="1071" HPOS="1105" CONTENT="מכל"/><String HEIGHT="132" WIDTH="438" VPOS="1071" HPOS="1280" CONTENT="הדברים"/><String HEIGHT="132" WIDTH="482" VPOS="1071" HPOS="1587" CONTENT="הנוגעים"/><String HEIGHT="132" WIDTH="438" VPOS="1071" HPOS="1937" CONTENT="בעניני"/><String HEIGHT="132" WIDTH="438" VPOS="1071" HPOS="2200" CONTENT="המדינות,"/></TextLine><TextLine ID="TextRegion_1522077560010_499l8" BASELINE="1332" HEIGHT="123" WIDTH="1401" VPOS="1209" HPOS="901"><String HEIGHT="123" WIDTH="520" VPOS="1209" HPOS="861" CONTENT="דברי חכמה"/><String HEIGHT="123" WIDTH="360" VPOS="1209" HPOS="1261" CONTENT="ומדע,"/><String HEIGHT="123" WIDTH="400" VPOS="1209" HPOS="1501" CONTENT="ידיעות"/><String HEIGHT="123" WIDTH="360" VPOS="1209" HPOS="1782" CONTENT="העולם"/><String HEIGHT="123" WIDTH="320" VPOS="1209" HPOS="1982" CONTENT="והטבע."/></TextLine><TextLine ID="TextRegion_1522077560010_499l9" BASELINE="1459" HEIGHT="97" WIDTH="629" VPOS="1362" HPOS="1281"><String HEIGHT="97" WIDTH="210" VPOS="1362" HPOS="1255" CONTENT="יוצא"/><String HEIGHT="97" WIDTH="210" VPOS="1362" HPOS="1386" CONTENT="לאור"/><String HEIGHT="97" WIDTH="183" VPOS="1362" HPOS="1517" CONTENT="אחת"/><String HEIGHT="97" WIDTH="262" VPOS="1362" HPOS="1622" CONTENT="בשבוע,"/><String HEIGHT="97" WIDTH="131" VPOS="1362" HPOS="1779" CONTENT="מאת"/></TextLine><TextLine ID="TextRegion_1522077560010_499l10" BASELINE="1573" HEIGHT="87" WIDTH="800" VPOS="1486" HPOS="1200"><String HEIGHT="87" WIDTH="305" VPOS="1486" HPOS="1162" CONTENT="חיים"/><String HEIGHT="87" WIDTH="343" VPOS="1486" HPOS="1352" CONTENT="זעליג"/><String HEIGHT="87" WIDTH="457" VPOS="1486" HPOS="1543" CONTENT="סלאנימסקי."/></TextLine></TextBlock><TextBlock ID="region_1522077594679_509" HEIGHT="562" WIDTH="494" VPOS="352" HPOS="318"><Shape><Polygon POINTS="318,352 812,352 812,914 318,914"/></Shape><TextLine ID="line_1522080084125_576" BASELINE="512" HEIGHT="86" WIDTH="296" VPOS="426" HPOS="410"><String HEIGHT="86" WIDTH="211" VPOS="426" HPOS="389" CONTENT="ברוסיא"/><String HEIGHT="86" WIDTH="190" VPOS="426" HPOS="516" CONTENT="ופולין."/></TextLine><TextLine ID="line_1522080088734_577" BASELINE="576" HEIGHT="60" WIDTH="404" VPOS="516" HPOS="378"><String HEIGHT="60" WIDTH="249" VPOS="516" HPOS="347" CONTENT="לשנה"/><String HEIGHT="60" WIDTH="124" VPOS="516" HPOS="502" CONTENT=""/><String HEIGHT="60" WIDTH="155" VPOS="516" HPOS="533" CONTENT="5"/><String HEIGHT="60" WIDTH="218" VPOS="516" HPOS="564" CONTENT="רו״כ."/></TextLine><TextLine ID="line_1522080093098_578" BASELINE="656" HEIGHT="61" WIDTH="393" VPOS="595" HPOS="381"><String HEIGHT="61" WIDTH="165" VPOS="595" HPOS="360" CONTENT="לרבע"/><String HEIGHT="61" WIDTH="145" VPOS="595" HPOS="464" CONTENT="שנה"/><String HEIGHT="61" WIDTH="165" VPOS="595" HPOS="546" CONTENT="1.25"/><String HEIGHT="61" WIDTH="145" VPOS="595" HPOS="629" CONTENT="רו״כ."/></TextLine><TextLine ID="line_1522080096858_579" BASELINE="748" HEIGHT="69" WIDTH="433" VPOS="679" HPOS="339"><String HEIGHT="69" WIDTH="165" VPOS="679" HPOS="318" CONTENT="ביתר"/><String HEIGHT="69" WIDTH="206" VPOS="679" HPOS="421" CONTENT="הארצות"/><String HEIGHT="69" WIDTH="124" VPOS="679" HPOS="566" CONTENT="20"/><String HEIGHT="69" WIDTH="165" VPOS="679" HPOS="607" CONTENT="פראנק."/></TextLine><TextLine ID="line_1522080100434_580" BASELINE="829" HEIGHT="74" WIDTH="441" VPOS="755" HPOS="340"><String HEIGHT="74" WIDTH="208" VPOS="755" HPOS="314" CONTENT="לרבע"/><String HEIGHT="74" WIDTH="182" VPOS="755" HPOS="444" CONTENT="שנה"/><String HEIGHT="74" WIDTH="130" VPOS="755" HPOS="548" CONTENT="5"/><String HEIGHT="74" WIDTH="208" VPOS="755" HPOS="573" CONTENT="פראנק."/></TextLine></TextBlock><TextBlock ID="TextRegion_1522077575855_502" HEIGHT="158" WIDTH="425" VPOS="1615" HPOS="2510"><Shape><Polygon POINTS="2935,1773 2510,1773 2510,1615 2935,1615"/></Shape><TextLine ID="TextRegion_1522077575855_502l3" BASELINE="1718" HEIGHT="60" WIDTH="369" VPOS="1658" HPOS="2533"><String HEIGHT="60" WIDTH="235" VPOS="1658" HPOS="2499" CONTENT="שנה"/><String HEIGHT="60" WIDTH="302" VPOS="1658" HPOS="2600" CONTENT="ראשונה."/></TextLine></TextBlock><TextBlock ID="TextRegion_1522077577584_504" HEIGHT="158" WIDTH="918" VPOS="1615" HPOS="1592"><Shape><Polygon POINTS="2510,1773 1592,1773 1592,1615 2510,1615"/></Shape><TextLine ID="TextRegion_1522077577584_504l3" BASELINE="1734" HEIGHT="75" WIDTH="799" VPOS="1659" HPOS="1665"><String HEIGHT="75" WIDTH="352" VPOS="1659" HPOS="1633" CONTENT="Berlin,"/><String HEIGHT="75" WIDTH="224" VPOS="1659" HPOS="1889" CONTENT="den"/><String HEIGHT="75" WIDTH="224" VPOS="1659" HPOS="2017" CONTENT="15."/><String HEIGHT="75" WIDTH="256" VPOS="1659" HPOS="2144" CONTENT="Juli"/><String HEIGHT="75" WIDTH="192" VPOS="1659" HPOS="2272" CONTENT="1874"/></TextLine></TextBlock><TextBlock ID="TextRegion_1522077579402_506" HEIGHT="158" WIDTH="928" VPOS="1615" HPOS="664"><Shape><Polygon POINTS="1592,1773 664,1773 664,1615 1592,1615"/></Shape><TextLine ID="TextRegion_1522077579402_506l4" BASELINE="1744" HEIGHT="95" WIDTH="524" VPOS="1649" HPOS="859"><String HEIGHT="95" WIDTH="291" VPOS="1649" HPOS="830" CONTENT="בערלין"/><String HEIGHT="95" WIDTH="146" VPOS="1649" HPOS="1034" CONTENT="א"/><String HEIGHT="95" WIDTH="175" VPOS="1649" HPOS="1092" CONTENT="אב"/><String HEIGHT="95" WIDTH="233" VPOS="1649" HPOS="1150" CONTENT="תרל&#34;ד."/></TextLine></TextBlock><TextBlock ID="TextRegion_1522077579402_507" HEIGHT="158" WIDTH="503" VPOS="1615" HPOS="161"><Shape><Polygon POINTS="664,1773 161,1773 161,1615 664,1615"/></Shape><TextLine ID="TextRegion_1522077579402_507l2" BASELINE="1734" HEIGHT="66" WIDTH="210" VPOS="1668" HPOS="289"><String HEIGHT="66" WIDTH="252" VPOS="1668" HPOS="247" CONTENT="No"/><String HEIGHT="66" WIDTH="168" VPOS="1668" HPOS="331" CONTENT="2."/></TextLine></TextBlock><TextBlock ID="TextRegion_1522077612844_513" HEIGHT="642" WIDTH="1333" VPOS="1773" HPOS="1602"><Shape><Polygon POINTS="2935,2415 1602,2415 1602,1773 2935,1773"/></Shape><TextLine ID="TextRegion_1522077612844_513l1" BASELINE="1988" HEIGHT="85" WIDTH="359" VPOS="1903" HPOS="2075"><String HEIGHT="85" WIDTH="221" VPOS="1903" HPOS="2047" CONTENT="תוכן"/><String HEIGHT="85" WIDTH="276" VPOS="1903" HPOS="2158" CONTENT="הענינים."/></TextLine><TextLine ID="line_1523283620963_7" BASELINE="2120" HEIGHT="89" WIDTH="1173" VPOS="2031" HPOS="1610"><String HEIGHT="89" WIDTH="180" VPOS="2031" HPOS="1587" CONTENT="דברי"/><String HEIGHT="89" WIDTH="226" VPOS="2031" HPOS="1700" CONTENT="הימים,"/><String HEIGHT="89" WIDTH="316" VPOS="2031" HPOS="1858" CONTENT="פראנקרייך,"/><String HEIGHT="89" WIDTH="271" VPOS="2031" HPOS="2106" CONTENT="רוסלאנד,"/><String HEIGHT="89" WIDTH="158" VPOS="2031" HPOS="2309" CONTENT="בית"/><String HEIGHT="89" WIDTH="180" VPOS="2031" HPOS="2400" CONTENT="למוד"/><String HEIGHT="89" WIDTH="203" VPOS="2031" HPOS="2512" CONTENT="עבודת"/><String HEIGHT="89" WIDTH="158" VPOS="2031" HPOS="2625" CONTENT="האדמה"/></TextLine><TextLine ID="TextRegion_1522077612844_513l3" BASELINE="2186" HEIGHT="83" WIDTH="1274" VPOS="2103" HPOS="1624"><String HEIGHT="83" WIDTH="189" VPOS="2103" HPOS="1600" CONTENT="בעיר"/><String HEIGHT="83" WIDTH="165" VPOS="2103" HPOS="1718" CONTENT="יפו"/><String HEIGHT="83" WIDTH="236" VPOS="2103" HPOS="1813" CONTENT="שבא&#34;י,"/><String HEIGHT="83" WIDTH="212" VPOS="2103" HPOS="1978" CONTENT="חדשות"/><String HEIGHT="83" WIDTH="236" VPOS="2103" HPOS="2119" CONTENT="שונות,"/><String HEIGHT="83" WIDTH="236" VPOS="2103" HPOS="2285" CONTENT="ידיעות"/><String HEIGHT="83" WIDTH="212" VPOS="2103" HPOS="2450" CONTENT="העולם"/><String HEIGHT="83" WIDTH="236" VPOS="2103" HPOS="2591" CONTENT="והטבע,"/><String HEIGHT="83" WIDTH="165" VPOS="2103" HPOS="2733" CONTENT="השמש,"/></TextLine><TextLine ID="TextRegion_1522077612844_513l4" BASELINE="2257" HEIGHT="95" WIDTH="1280" VPOS="2162" HPOS="1619"><String HEIGHT="95" WIDTH="176" VPOS="2162" HPOS="1594" CONTENT="מאת"/><String HEIGHT="95" WIDTH="251" VPOS="2162" HPOS="1694" CONTENT="המו&#34;ל,"/><String HEIGHT="95" WIDTH="151" VPOS="2162" HPOS="1870" CONTENT="על"/><String HEIGHT="95" WIDTH="176" VPOS="2162" HPOS="1945" CONTENT="דבר"/><String HEIGHT="95" WIDTH="226" VPOS="2162" HPOS="2046" CONTENT="שמירת"/><String HEIGHT="95" WIDTH="176" VPOS="2162" HPOS="2196" CONTENT="יום"/><String HEIGHT="95" WIDTH="201" VPOS="2162" HPOS="2297" CONTENT="השבת"/><String HEIGHT="95" WIDTH="176" VPOS="2162" HPOS="2422" CONTENT="מאת"/><String HEIGHT="95" WIDTH="251" VPOS="2162" HPOS="2523" CONTENT="המו&#34;ל,"/><String HEIGHT="95" WIDTH="226" VPOS="2162" HPOS="2673" CONTENT="הודעות,"/></TextLine><TextLine ID="TextRegion_1522077612844_513l5" BASELINE="2301" HEIGHT="77" WIDTH="367" VPOS="2224" HPOS="2530"><String HEIGHT="77" WIDTH="236" VPOS="2224" HPOS="2504" CONTENT="שאלות"/><String HEIGHT="77" WIDTH="262" VPOS="2224" HPOS="2635" CONTENT="ותשובות."/></TextLine></TextBlock><TextBlock ID="TextRegion_1522077612844_512" HEIGHT="1738" WIDTH="1333" VPOS="2415" HPOS="1602"><Shape><Polygon POINTS="2935,4153 1602,4153 1602,2415 2935,2415"/></Shape><TextLine ID="TextRegion_1522077612844_512l2" BASELINE="2642" HEIGHT="102" WIDTH="594" VPOS="2540" HPOS="1963"><String HEIGHT="102" WIDTH="432" VPOS="2540" HPOS="1909" CONTENT="דברי"/><String HEIGHT="102" WIDTH="432" VPOS="2540" HPOS="2125" CONTENT="הימים."/></TextLine><TextLine ID="TextRegion_1522077612844_512l3" BASELINE="2772" HEIGHT="106" WIDTH="1166" VPOS="2666" HPOS="1617"><String HEIGHT="106" WIDTH="298" VPOS="2666" HPOS="1590" CONTENT="(אשכנז)"/><String HEIGHT="106" WIDTH="190" VPOS="2666" HPOS="1807" CONTENT="עוד"/><String HEIGHT="106" WIDTH="163" VPOS="2666" HPOS="1915" CONTENT="לא"/><String HEIGHT="106" WIDTH="244" VPOS="2666" HPOS="1997" CONTENT="נכנעו"/><String HEIGHT="106" WIDTH="271" VPOS="2666" HPOS="2159" CONTENT="הכהנים"/><String HEIGHT="106" WIDTH="217" VPOS="2666" HPOS="2349" CONTENT="לקבל"/><String HEIGHT="106" WIDTH="244" VPOS="2666" HPOS="2485" CONTENT="עליהם"/><String HEIGHT="106" WIDTH="163" VPOS="2666" HPOS="2620" CONTENT="מרות"/></TextLine><TextLine ID="TextRegion_1522077612844_512l4" BASELINE="2839" HEIGHT="97" WIDTH="1288" VPOS="2742" HPOS="1623"><String HEIGHT="97" WIDTH="295" VPOS="2742" HPOS="1596" CONTENT="הממשלה,"/><String HEIGHT="97" WIDTH="242" VPOS="2742" HPOS="1811" CONTENT="והכהן"/><String HEIGHT="97" WIDTH="268" VPOS="2742" HPOS="1972" CONTENT="קאנראד"/><String HEIGHT="97" WIDTH="268" VPOS="2742" HPOS="2160" CONTENT="מארטין"/><String HEIGHT="97" WIDTH="188" VPOS="2742" HPOS="2348" CONTENT="הוא"/><String HEIGHT="97" WIDTH="295" VPOS="2742" HPOS="2455" CONTENT="הרביעי,"/><String HEIGHT="97" WIDTH="188" VPOS="2742" HPOS="2670" CONTENT="אשר"/><String HEIGHT="97" WIDTH="161" VPOS="2742" HPOS="2750" CONTENT="חרצו"/></TextLine><TextLine ID="TextRegion_1522077612844_512l5" BASELINE="2912" HEIGHT="97" WIDTH="1272" VPOS="2815" HPOS="1625"><String HEIGHT="97" WIDTH="254" VPOS="2815" HPOS="1602" CONTENT="השופטים"/><String HEIGHT="97" WIDTH="139" VPOS="2815" HPOS="1787" CONTENT="את"/><String HEIGHT="97" WIDTH="185" VPOS="2815" HPOS="1856" CONTENT="דינו"/><String HEIGHT="97" WIDTH="208" VPOS="2815" HPOS="1972" CONTENT="להאסר"/><String HEIGHT="97" WIDTH="185" VPOS="2815" HPOS="2111" CONTENT="בבית"/><String HEIGHT="97" WIDTH="278" VPOS="2815" HPOS="2226" CONTENT="האסורים,"/><String HEIGHT="97" WIDTH="231" VPOS="2815" HPOS="2434" CONTENT="כמתנגד"/><String HEIGHT="97" WIDTH="185" VPOS="2815" HPOS="2596" CONTENT="לחקי"/><String HEIGHT="97" WIDTH="208" VPOS="2815" HPOS="2689" CONTENT="המלכות,"/></TextLine><TextLine ID="TextRegion_1522077612844_512l6" BASELINE="2971" HEIGHT="94" WIDTH="1290" VPOS="2877" HPOS="1625"><String HEIGHT="94" WIDTH="158" VPOS="2877" HPOS="1599" CONTENT="או"/><String HEIGHT="94" WIDTH="237" VPOS="2877" HPOS="1678" CONTENT="להענש"/><String HEIGHT="94" WIDTH="211" VPOS="2877" HPOS="1836" CONTENT="עונש"/><String HEIGHT="94" WIDTH="184" VPOS="2877" HPOS="1967" CONTENT="כסף"/><String HEIGHT="94" WIDTH="237" VPOS="2877" HPOS="2073" CONTENT="גדול."/><String HEIGHT="94" WIDTH="211" VPOS="2877" HPOS="2231" CONTENT="והנה"/><String HEIGHT="94" WIDTH="158" VPOS="2877" HPOS="2362" CONTENT="בא"/><String HEIGHT="94" WIDTH="184" VPOS="2877" HPOS="2441" CONTENT="אחד"/><String HEIGHT="94" WIDTH="184" VPOS="2877" HPOS="2546" CONTENT="העם"/><String HEIGHT="94" WIDTH="237" VPOS="2877" HPOS="2652" CONTENT="וישלם"/><String HEIGHT="94" WIDTH="132" VPOS="2877" HPOS="2783" CONTENT="בעד"/></TextLine><TextLine ID="TextRegion_1522077612844_512l7" BASELINE="3047" HEIGHT="93" WIDTH="1291" VPOS="2954" HPOS="1623"><String HEIGHT="93" WIDTH="195" VPOS="2954" HPOS="1599" CONTENT="הכהן"/><String HEIGHT="93" WIDTH="146" VPOS="2954" HPOS="1720" CONTENT="את"/><String HEIGHT="93" WIDTH="171" VPOS="2954" HPOS="1794" CONTENT="כסף"/><String HEIGHT="93" WIDTH="268" VPOS="2954" HPOS="1891" CONTENT="הענושים"/><String HEIGHT="93" WIDTH="171" VPOS="2954" HPOS="2086" CONTENT="בלי"/><String HEIGHT="93" WIDTH="219" VPOS="2954" HPOS="2183" CONTENT="ידיעת"/><String HEIGHT="93" WIDTH="244" VPOS="2954" HPOS="2329" CONTENT="הנענש."/><String HEIGHT="93" WIDTH="195" VPOS="2954" HPOS="2500" CONTENT="הכהן"/><String HEIGHT="93" WIDTH="146" VPOS="2954" HPOS="2622" CONTENT="לא"/><String HEIGHT="93" WIDTH="171" VPOS="2954" HPOS="2695" CONTENT="רצה"/><String HEIGHT="93" WIDTH="146" VPOS="2954" HPOS="2768" CONTENT="בזה,"/></TextLine><TextLine ID="TextRegion_1522077612844_512l8" BASELINE="3111" HEIGHT="98" WIDTH="1280" VPOS="3013" HPOS="1621"><String HEIGHT="98" WIDTH="261" VPOS="3013" HPOS="1595" CONTENT="ויודיע"/><String HEIGHT="98" WIDTH="340" VPOS="3013" HPOS="1778" CONTENT="להשופטים,"/><String HEIGHT="98" WIDTH="157" VPOS="3013" HPOS="2039" CONTENT="כי"/><String HEIGHT="98" WIDTH="209" VPOS="3013" HPOS="2117" CONTENT="אחרי"/><String HEIGHT="98" WIDTH="183" VPOS="3013" HPOS="2248" CONTENT="אשר"/><String HEIGHT="98" WIDTH="183" VPOS="3013" HPOS="2352" CONTENT="אין"/><String HEIGHT="98" WIDTH="183" VPOS="3013" HPOS="2457" CONTENT="ידו"/><String HEIGHT="98" WIDTH="209" VPOS="3013" HPOS="2561" CONTENT="משגת"/><String HEIGHT="98" WIDTH="209" VPOS="3013" HPOS="2692" CONTENT="לשלם"/><String HEIGHT="98" WIDTH="104" VPOS="3013" HPOS="2797" CONTENT="את"/></TextLine><TextLine ID="TextRegion_1522077612844_512l9" BASELINE="3182" HEIGHT="94" WIDTH="1267" VPOS="3088" HPOS="1627"><String HEIGHT="94" WIDTH="191" VPOS="3088" HPOS="1603" CONTENT="הכסף"/><String HEIGHT="94" WIDTH="239" VPOS="3088" HPOS="1723" CONTENT="מכיסו,"/><String HEIGHT="94" WIDTH="191" VPOS="3088" HPOS="1890" CONTENT="נכון"/><String HEIGHT="94" WIDTH="167" VPOS="3088" HPOS="2009" CONTENT="הוא"/><String HEIGHT="94" WIDTH="191" VPOS="3088" HPOS="2105" CONTENT="לשבת"/><String HEIGHT="94" WIDTH="191" VPOS="3088" HPOS="2225" CONTENT="בבית"/><String HEIGHT="94" WIDTH="263" VPOS="3088" HPOS="2344" CONTENT="האסורים"/><String HEIGHT="94" WIDTH="191" VPOS="3088" HPOS="2535" CONTENT="כאשר"/><String HEIGHT="94" WIDTH="167" VPOS="3088" HPOS="2655" CONTENT="נטל"/><String HEIGHT="94" WIDTH="167" VPOS="3088" HPOS="2727" CONTENT="עליו,"/></TextLine><TextLine ID="TextRegion_1522077612844_512l10" BASELINE="3248" HEIGHT="97" WIDTH="1275" VPOS="3151" HPOS="1627"><String HEIGHT="97" WIDTH="230" VPOS="3151" HPOS="1602" CONTENT="ויבקש"/><String HEIGHT="97" WIDTH="230" VPOS="3151" HPOS="1755" CONTENT="להשיב"/><String HEIGHT="97" WIDTH="204" VPOS="3151" HPOS="1908" CONTENT="הכסף"/><String HEIGHT="97" WIDTH="179" VPOS="3151" HPOS="2035" CONTENT="ליד"/><String HEIGHT="97" WIDTH="281" VPOS="3151" HPOS="2137" CONTENT="אדוניו;"/><String HEIGHT="97" WIDTH="179" VPOS="3151" HPOS="2341" CONTENT="אבל"/><String HEIGHT="97" WIDTH="281" VPOS="3151" HPOS="2443" CONTENT="השופטים"/><String HEIGHT="97" WIDTH="230" VPOS="3151" HPOS="2647" CONTENT="השיבו"/><String HEIGHT="97" WIDTH="128" VPOS="3151" HPOS="2775" CONTENT="פני"/></TextLine><TextLine ID="TextRegion_1522077612844_512l11" BASELINE="3323" HEIGHT="90" WIDTH="1306" VPOS="3233" HPOS="1610"><String HEIGHT="90" WIDTH="214" VPOS="3233" HPOS="1586" CONTENT="בקשתו"/><String HEIGHT="90" WIDTH="214" VPOS="3233" HPOS="1729" CONTENT="ריקם,"/><String HEIGHT="90" WIDTH="214" VPOS="3233" HPOS="1871" CONTENT="באמרם"/><String HEIGHT="90" WIDTH="142" VPOS="3233" HPOS="2014" CONTENT="כי"/><String HEIGHT="90" WIDTH="166" VPOS="3233" HPOS="2085" CONTENT="אחד"/><String HEIGHT="90" WIDTH="142" VPOS="3233" HPOS="2180" CONTENT="בא"/><String HEIGHT="90" WIDTH="166" VPOS="3233" HPOS="2251" CONTENT="כסף"/><String HEIGHT="90" WIDTH="261" VPOS="3233" HPOS="2346" CONTENT="הפטורים"/><String HEIGHT="90" WIDTH="190" VPOS="3233" HPOS="2536" CONTENT="לידם"/><String HEIGHT="90" WIDTH="166" VPOS="3233" HPOS="2655" CONTENT="אין"/><String HEIGHT="90" WIDTH="190" VPOS="3233" HPOS="2726" CONTENT="להשיב."/></TextLine><TextLine ID="TextRegion_1522077612844_512l12" BASELINE="3430" HEIGHT="97" WIDTH="1171" VPOS="3333" HPOS="1629"><String HEIGHT="97" WIDTH="211" VPOS="3333" HPOS="1606" CONTENT="ממקום"/><String HEIGHT="97" WIDTH="211" VPOS="3333" HPOS="1746" CONTENT="מעיני"/><String HEIGHT="97" WIDTH="234" VPOS="3333" HPOS="1887" CONTENT="הרפואה"/><String HEIGHT="97" WIDTH="304" VPOS="3333" HPOS="2051" CONTENT="קיססינגען"/><String HEIGHT="97" WIDTH="281" VPOS="3333" HPOS="2285" CONTENT="מודיעים,"/><String HEIGHT="97" WIDTH="141" VPOS="3333" HPOS="2496" CONTENT="כי"/><String HEIGHT="97" WIDTH="187" VPOS="3333" HPOS="2566" CONTENT="ביום"/><String HEIGHT="97" WIDTH="141" VPOS="3333" HPOS="2659" CONTENT="שלשה"/></TextLine><TextLine ID="TextRegion_1522077612844_512l13" BASELINE="3491" HEIGHT="90" WIDTH="1284" VPOS="3401" HPOS="1624"><String HEIGHT="90" WIDTH="200" VPOS="3401" HPOS="1595" CONTENT="עשר"/><String HEIGHT="90" WIDTH="228" VPOS="3401" HPOS="1710" CONTENT="לירח"/><String HEIGHT="90" WIDTH="200" VPOS="3401" HPOS="1852" CONTENT="הזה"/><String HEIGHT="90" WIDTH="228" VPOS="3401" HPOS="1966" CONTENT="בשעה"/><String HEIGHT="90" WIDTH="314" VPOS="3401" HPOS="2109" CONTENT="הראשונה"/><String HEIGHT="90" WIDTH="285" VPOS="3401" HPOS="2337" CONTENT="בצהרים"/><String HEIGHT="90" WIDTH="228" VPOS="3401" HPOS="2537" CONTENT="כאשר"/><String HEIGHT="90" WIDTH="200" VPOS="3401" HPOS="2680" CONTENT="נסע"/><String HEIGHT="90" WIDTH="143" VPOS="3401" HPOS="2765" CONTENT="השר"/></TextLine><TextLine ID="TextRegion_1522077612844_512l14" BASELINE="3567" HEIGHT="94" WIDTH="1280" VPOS="3473" HPOS="1618"><String HEIGHT="94" WIDTH="266" VPOS="3473" HPOS="1594" CONTENT="ביסמארק"/><String HEIGHT="94" WIDTH="193" VPOS="3473" HPOS="1787" CONTENT="מחוץ"/><String HEIGHT="94" WIDTH="217" VPOS="3473" HPOS="1908" CONTENT="לעיר,"/><String HEIGHT="94" WIDTH="169" VPOS="3473" HPOS="2053" CONTENT="ירה"/><String HEIGHT="94" WIDTH="193" VPOS="3473" HPOS="2149" CONTENT="עליו"/><String HEIGHT="94" WIDTH="169" VPOS="3473" HPOS="2270" CONTENT="איש"/><String HEIGHT="94" WIDTH="193" VPOS="3473" HPOS="2367" CONTENT="צעיר"/><String HEIGHT="94" WIDTH="217" VPOS="3473" HPOS="2487" CONTENT="לימים"/><String HEIGHT="94" WIDTH="193" VPOS="3473" HPOS="2632" CONTENT="כדור"/><String HEIGHT="94" WIDTH="169" VPOS="3473" HPOS="2729" CONTENT="עפרת,"/></TextLine><TextLine ID="TextRegion_1522077612844_512l15" BASELINE="3635" HEIGHT="84" WIDTH="1285" VPOS="3551" HPOS="1621"><String HEIGHT="84" WIDTH="184" VPOS="3551" HPOS="1595" CONTENT="אפס"/><String HEIGHT="84" WIDTH="236" VPOS="3551" HPOS="1700" CONTENT="החטיא"/><String HEIGHT="84" WIDTH="236" VPOS="3551" HPOS="1857" CONTENT="המטרה"/><String HEIGHT="84" WIDTH="236" VPOS="3551" HPOS="2014" CONTENT="וימחץ"/><String HEIGHT="84" WIDTH="157" VPOS="3551" HPOS="2172" CONTENT="רק"/><String HEIGHT="84" WIDTH="184" VPOS="3551" HPOS="2250" CONTENT="מעט"/><String HEIGHT="84" WIDTH="157" VPOS="3551" HPOS="2355" CONTENT="את"/><String HEIGHT="84" WIDTH="184" VPOS="3551" HPOS="2434" CONTENT="ידו"/><String HEIGHT="84" WIDTH="288" VPOS="3551" HPOS="2539" CONTENT="הימנית."/><String HEIGHT="84" WIDTH="184" VPOS="3551" HPOS="2722" CONTENT="הרוצח"/></TextLine><TextLine ID="TextRegion_1522077612844_512l16" BASELINE="3708" HEIGHT="97" WIDTH="1288" VPOS="3611" HPOS="1617"><String HEIGHT="97" WIDTH="198" VPOS="3611" HPOS="1592" CONTENT="נתפש"/><String HEIGHT="97" WIDTH="198" VPOS="3611" HPOS="1716" CONTENT="כרגע"/><String HEIGHT="97" WIDTH="198" VPOS="3611" HPOS="1840" CONTENT="אולם"/><String HEIGHT="97" WIDTH="173" VPOS="3611" HPOS="1964" CONTENT="עוד"/><String HEIGHT="97" WIDTH="149" VPOS="3611" HPOS="2063" CONTENT="לא"/><String HEIGHT="97" WIDTH="198" VPOS="3611" HPOS="2137" CONTENT="נודע"/><String HEIGHT="97" WIDTH="223" VPOS="3611" HPOS="2261" CONTENT="תכונת"/><String HEIGHT="97" WIDTH="248" VPOS="3611" HPOS="2410" CONTENT="הבליעל"/><String HEIGHT="97" WIDTH="198" VPOS="3611" HPOS="2583" CONTENT="הזה,"/><String HEIGHT="97" WIDTH="149" VPOS="3611" HPOS="2707" CONTENT="מי"/><String HEIGHT="97" WIDTH="149" VPOS="3611" HPOS="2756" CONTENT="הוא,"/></TextLine><TextLine ID="TextRegion_1522077612844_512l17" BASELINE="3761" HEIGHT="84" WIDTH="1282" VPOS="3677" HPOS="1624"><String HEIGHT="84" WIDTH="169" VPOS="3677" HPOS="1600" CONTENT="ומי"/><String HEIGHT="84" WIDTH="218" VPOS="3677" HPOS="1697" CONTENT="הסיתו"/><String HEIGHT="84" WIDTH="218" VPOS="3677" HPOS="1842" CONTENT="לשלוח"/><String HEIGHT="84" WIDTH="145" VPOS="3677" HPOS="1987" CONTENT="יד"/><String HEIGHT="84" WIDTH="169" VPOS="3677" HPOS="2059" CONTENT="בשר"/><String HEIGHT="84" WIDTH="218" VPOS="3677" HPOS="2156" CONTENT="הגדול"/><String HEIGHT="84" WIDTH="194" VPOS="3677" HPOS="2301" CONTENT="הזה."/><String HEIGHT="84" WIDTH="169" VPOS="3677" HPOS="2422" CONTENT="האם"/><String HEIGHT="84" WIDTH="145" VPOS="3677" HPOS="2519" CONTENT="יד"/><String HEIGHT="84" WIDTH="339" VPOS="3677" HPOS="2567" CONTENT="האולטרמנטנים"/></TextLine><TextLine ID="TextRegion_1522077612844_512l18" BASELINE="3831" HEIGHT="82" WIDTH="1283" VPOS="3749" HPOS="1627"><String HEIGHT="82" WIDTH="239" VPOS="3749" HPOS="1597" CONTENT="היתה"/><String HEIGHT="82" WIDTH="239" VPOS="3749" HPOS="1746" CONTENT="עמו,"/><String HEIGHT="82" WIDTH="239" VPOS="3749" HPOS="1896" CONTENT="במעל"/><String HEIGHT="82" WIDTH="239" VPOS="3749" HPOS="2045" CONTENT="הזה?"/><String HEIGHT="82" WIDTH="179" VPOS="3749" HPOS="2194" CONTENT="—–"/><String HEIGHT="82" WIDTH="239" VPOS="3749" HPOS="2283" CONTENT="ימים"/><String HEIGHT="82" WIDTH="298" VPOS="3749" HPOS="2433" CONTENT="ידברו."/><String HEIGHT="82" WIDTH="239" VPOS="3749" HPOS="2641" CONTENT="כחצי"/><String HEIGHT="82" WIDTH="149" VPOS="3749" HPOS="2761" CONTENT="שעה"/></TextLine><TextLine ID="TextRegion_1522077612844_512l19" BASELINE="3910" HEIGHT="97" WIDTH="1280" VPOS="3813" HPOS="1624"><String HEIGHT="97" WIDTH="213" VPOS="3813" HPOS="1597" CONTENT="אחרי"/><String HEIGHT="97" WIDTH="240" VPOS="3813" HPOS="1731" CONTENT="המקרה"/><String HEIGHT="97" WIDTH="187" VPOS="3813" HPOS="1891" CONTENT="נסע"/><String HEIGHT="97" WIDTH="187" VPOS="3813" HPOS="1997" CONTENT="השר"/><String HEIGHT="97" WIDTH="293" VPOS="3813" HPOS="2104" CONTENT="ביסמארק"/><String HEIGHT="97" WIDTH="240" VPOS="3813" HPOS="2317" CONTENT="בלוית"/><String HEIGHT="97" WIDTH="240" VPOS="3813" HPOS="2477" CONTENT="הגראף"/><String HEIGHT="97" WIDTH="293" VPOS="3813" HPOS="2611" CONTENT="פאפענהיים"/></TextLine><TextLine ID="TextRegion_1522077612844_512l21" BASELINE="3968" HEIGHT="87" WIDTH="1275" VPOS="3881" HPOS="1633"><String HEIGHT="87" WIDTH="281" VPOS="3881" HPOS="1608" CONTENT="ברחובות"/><String HEIGHT="87" WIDTH="204" VPOS="3881" HPOS="1812" CONTENT="העיר"/><String HEIGHT="87" WIDTH="204" VPOS="3881" HPOS="1939" CONTENT="למען"/><String HEIGHT="87" WIDTH="230" VPOS="3881" HPOS="2067" CONTENT="הראות"/><String HEIGHT="87" WIDTH="179" VPOS="3881" HPOS="2220" CONTENT="לכל"/><String HEIGHT="87" WIDTH="179" VPOS="3881" HPOS="2322" CONTENT="העם"/><String HEIGHT="87" WIDTH="153" VPOS="3881" HPOS="2424" CONTENT="כי"/><String HEIGHT="87" WIDTH="153" VPOS="3881" HPOS="2500" CONTENT="לא"/><String HEIGHT="87" WIDTH="179" VPOS="3881" HPOS="2577" CONTENT="נגע"/><String HEIGHT="87" WIDTH="153" VPOS="3881" HPOS="2679" CONTENT="בו"/><String HEIGHT="87" WIDTH="179" VPOS="3881" HPOS="2730" CONTENT="הכדור"/></TextLine><TextLine ID="TextRegion_1522077612844_512l22" BASELINE="4017" HEIGHT="77" WIDTH="154" VPOS="3940" HPOS="2763"><String HEIGHT="77" WIDTH="216" VPOS="3940" HPOS="2701" CONTENT="לרעה."/></TextLine></TextBlock><TextBlock ID="TextRegion_1522077602794_511" HEIGHT="2380" WIDTH="1441" VPOS="1773" HPOS="161"><Shape><Polygon POINTS="1602,4153 161,4153 161,1773 1602,1773"/></Shape><TextLine ID="TextRegion_1522077602794_511l1" BASELINE="1928" HEIGHT="94" WIDTH="1165" VPOS="1834" HPOS="294"><String HEIGHT="94" WIDTH="347" VPOS="1834" HPOS="269" CONTENT="(אונגארען)"/><String HEIGHT="94" WIDTH="198" VPOS="1834" HPOS="542" CONTENT="ביום"/><String HEIGHT="94" WIDTH="174" VPOS="1834" HPOS="666" CONTENT="א׳,"/><String HEIGHT="94" WIDTH="174" VPOS="1834" HPOS="765" CONTENT="יום"/><String HEIGHT="94" WIDTH="198" VPOS="1834" HPOS="864" CONTENT="הששי"/><String HEIGHT="94" WIDTH="198" VPOS="1834" HPOS="988" CONTENT="לירח"/><String HEIGHT="94" WIDTH="248" VPOS="1834" HPOS="1112" CONTENT="יוליוס"/><String HEIGHT="94" WIDTH="198" VPOS="1834" HPOS="1261" CONTENT="התוכחו"/></TextLine><TextLine ID="TextRegion_1522077602794_511l2" BASELINE="2002" HEIGHT="81" WIDTH="1295" VPOS="1921" HPOS="288"><String HEIGHT="81" WIDTH="285" VPOS="1921" HPOS="262" CONTENT="הנבחרים"/><String HEIGHT="81" WIDTH="207" VPOS="1921" HPOS="469" CONTENT="בבית"/><String HEIGHT="81" WIDTH="181" VPOS="1921" HPOS="599" CONTENT="ועד"/><String HEIGHT="81" WIDTH="181" VPOS="1921" HPOS="702" CONTENT="העם"/><String HEIGHT="81" WIDTH="207" VPOS="1921" HPOS="806" CONTENT="בעיר"/><String HEIGHT="81" WIDTH="207" VPOS="1921" HPOS="936" CONTENT="פעסט"/><String HEIGHT="81" WIDTH="207" VPOS="1921" HPOS="1065" CONTENT="בדבר"/><String HEIGHT="81" WIDTH="233" VPOS="1921" HPOS="1195" CONTENT="הכסף,"/><String HEIGHT="81" WIDTH="181" VPOS="1921" HPOS="1350" CONTENT="קרן"/><String HEIGHT="81" WIDTH="155" VPOS="1921" HPOS="1428" CONTENT="קיים"/></TextLine><TextLine ID="TextRegion_1522077602794_511l3" BASELINE="2067" HEIGHT="88" WIDTH="1287" VPOS="1979" HPOS="288"><String HEIGHT="88" WIDTH="236" VPOS="1979" HPOS="262" CONTENT="החסון"/><String HEIGHT="88" WIDTH="263" VPOS="1979" HPOS="419" CONTENT="והאצור"/><String HEIGHT="88" WIDTH="236" VPOS="1979" HPOS="603" CONTENT="באוצר"/><String HEIGHT="88" WIDTH="263" VPOS="1979" HPOS="761" CONTENT="הממשלה"/><String HEIGHT="88" WIDTH="184" VPOS="1979" HPOS="945" CONTENT="בעד"/><String HEIGHT="88" WIDTH="210" VPOS="1979" HPOS="1050" CONTENT="הקמת"/><String HEIGHT="88" WIDTH="184" VPOS="1979" HPOS="1181" CONTENT="בתי"/><String HEIGHT="88" WIDTH="184" VPOS="1979" HPOS="1286" CONTENT="ספר"/><String HEIGHT="88" WIDTH="210" VPOS="1979" HPOS="1365" CONTENT="לעברים"/></TextLine><TextLine ID="TextRegion_1522077602794_511l4" BASELINE="2138" HEIGHT="92" WIDTH="1275" VPOS="2046" HPOS="305"><String HEIGHT="92" WIDTH="173" VPOS="2046" HPOS="283" CONTENT="בארץ"/><String HEIGHT="92" WIDTH="281" VPOS="2046" HPOS="391" CONTENT="אונגארען."/><String HEIGHT="92" WIDTH="173" VPOS="2046" HPOS="608" CONTENT="בקול"/><String HEIGHT="92" WIDTH="173" VPOS="2046" HPOS="716" CONTENT="ענות"/><String HEIGHT="92" WIDTH="194" VPOS="2046" HPOS="824" CONTENT="גבורה"/><String HEIGHT="92" WIDTH="194" VPOS="2046" HPOS="953" CONTENT="והמון"/><String HEIGHT="92" WIDTH="173" VPOS="2046" HPOS="1083" CONTENT="דברו"/><String HEIGHT="92" WIDTH="238" VPOS="2046" HPOS="1191" CONTENT="הנבחרים"/><String HEIGHT="92" WIDTH="151" VPOS="2046" HPOS="1364" CONTENT="רתת"/><String HEIGHT="92" WIDTH="130" VPOS="2046" HPOS="1450" CONTENT="את"/><String HEIGHT="92" WIDTH="86" VPOS="2046" HPOS="1494" CONTENT="שר"/></TextLine><TextLine ID="TextRegion_1522077602794_511l5" BASELINE="2204" HEIGHT="92" WIDTH="1293" VPOS="2112" HPOS="285"><String HEIGHT="92" WIDTH="242" VPOS="2112" HPOS="258" CONTENT="השכלת"/><String HEIGHT="92" WIDTH="189" VPOS="2112" HPOS="420" CONTENT="העם"/><String HEIGHT="92" WIDTH="323" VPOS="2112" HPOS="527" CONTENT="מיניסטער"/><String HEIGHT="92" WIDTH="323" VPOS="2112" HPOS="770" CONTENT="טריפורט,"/><String HEIGHT="92" WIDTH="189" VPOS="2112" HPOS="1012" CONTENT="ואל"/><String HEIGHT="92" WIDTH="189" VPOS="2112" HPOS="1120" CONTENT="עמק"/><String HEIGHT="92" WIDTH="216" VPOS="2112" HPOS="1228" CONTENT="השוה"/><String HEIGHT="92" WIDTH="216" VPOS="2112" HPOS="1363" CONTENT="עדנה"/><String HEIGHT="92" WIDTH="108" VPOS="2112" HPOS="1470" CONTENT="לא"/></TextLine><TextLine ID="TextRegion_1522077602794_511l6" BASELINE="2271" HEIGHT="90" WIDTH="1275" VPOS="2181" HPOS="291"><String HEIGHT="90" WIDTH="204" VPOS="2181" HPOS="266" CONTENT="באו."/><String HEIGHT="90" WIDTH="281" VPOS="2181" HPOS="393" CONTENT="המחלוקת"/><String HEIGHT="90" WIDTH="153" VPOS="2181" HPOS="597" CONTENT="על"/><String HEIGHT="90" WIDTH="179" VPOS="2181" HPOS="673" CONTENT="דבר"/><String HEIGHT="90" WIDTH="204" VPOS="2181" HPOS="776" CONTENT="הכסף"/><String HEIGHT="90" WIDTH="179" VPOS="2181" HPOS="903" CONTENT="בין"/><String HEIGHT="90" WIDTH="281" VPOS="2181" HPOS="1005" CONTENT="היהודים"/><String HEIGHT="90" WIDTH="230" VPOS="2181" HPOS="1209" CONTENT="ידוע."/><String HEIGHT="90" WIDTH="230" VPOS="2181" HPOS="1337" CONTENT="היהודים"/></TextLine><TextLine ID="TextRegion_1522077602794_511l7" BASELINE="2343" HEIGHT="89" WIDTH="1259" VPOS="2254" HPOS="306"><String HEIGHT="89" WIDTH="303" VPOS="2254" HPOS="283" CONTENT="הריפורמים"/><String HEIGHT="89" WIDTH="210" VPOS="2254" HPOS="516" CONTENT="יבקשו"/><String HEIGHT="89" WIDTH="140" VPOS="2254" HPOS="656" CONTENT="כי"/><String HEIGHT="89" WIDTH="187" VPOS="2254" HPOS="726" CONTENT="מכסף"/><String HEIGHT="89" WIDTH="163" VPOS="2254" HPOS="842" CONTENT="הזה"/><String HEIGHT="89" WIDTH="187" VPOS="2254" HPOS="936" CONTENT="יוסד"/><String HEIGHT="89" WIDTH="280" VPOS="2254" HPOS="1052" CONTENT="בית⸗מדרש"/><String HEIGHT="89" WIDTH="256" VPOS="2254" HPOS="1262" CONTENT="לרבנים,"/><String HEIGHT="89" WIDTH="140" VPOS="2254" HPOS="1425" CONTENT="לחנך"/></TextLine><TextLine ID="TextRegion_1522077602794_511l8" BASELINE="2409" HEIGHT="90" WIDTH="1287" VPOS="2319" HPOS="293"><String HEIGHT="90" WIDTH="167" VPOS="2319" HPOS="269" CONTENT="שמה"/><String HEIGHT="90" WIDTH="215" VPOS="2319" HPOS="365" CONTENT="רבנים"/><String HEIGHT="90" WIDTH="262" VPOS="2319" HPOS="508" CONTENT="ומטיפים"/><String HEIGHT="90" WIDTH="238" VPOS="2319" HPOS="698" CONTENT="ליהודי"/><String HEIGHT="90" WIDTH="310" VPOS="2319" HPOS="865" CONTENT="אונגארען,"/><String HEIGHT="90" WIDTH="286" VPOS="2319" HPOS="1103" CONTENT="והיהודים"/><String HEIGHT="90" WIDTH="286" VPOS="2319" HPOS="1294" CONTENT="האורתדכסים"/></TextLine><TextLine ID="TextRegion_1522077602794_511l9" BASELINE="2479" HEIGHT="90" WIDTH="1279" VPOS="2389" HPOS="300"><String HEIGHT="90" WIDTH="198" VPOS="2389" HPOS="278" CONTENT="ימאנו"/><String HEIGHT="90" WIDTH="154" VPOS="2389" HPOS="410" CONTENT="בזה"/><String HEIGHT="90" WIDTH="221" VPOS="2389" HPOS="498" CONTENT="ויבקשו"/><String HEIGHT="90" WIDTH="176" VPOS="2389" HPOS="653" CONTENT="לחלק"/><String HEIGHT="90" WIDTH="176" VPOS="2389" HPOS="763" CONTENT="הכסף"/><String HEIGHT="90" WIDTH="221" VPOS="2389" HPOS="873" CONTENT="ביניהם"/><String HEIGHT="90" WIDTH="176" VPOS="2389" HPOS="1028" CONTENT="ובין"/><String HEIGHT="90" WIDTH="309" VPOS="2389" HPOS="1138" CONTENT="הריפורמים,"/><String HEIGHT="90" WIDTH="154" VPOS="2389" HPOS="1381" CONTENT="והם"/><String HEIGHT="90" WIDTH="132" VPOS="2389" HPOS="1447" CONTENT="יעשו"/></TextLine><TextLine ID="TextRegion_1522077602794_511l10" BASELINE="2550" HEIGHT="94" WIDTH="1261" VPOS="2456" HPOS="312"><String HEIGHT="94" WIDTH="177" VPOS="2456" HPOS="287" CONTENT="בתי"/><String HEIGHT="94" WIDTH="177" VPOS="2456" HPOS="388" CONTENT="ספר"/><String HEIGHT="94" WIDTH="177" VPOS="2456" HPOS="489" CONTENT="להם"/><String HEIGHT="94" WIDTH="252" VPOS="2456" HPOS="589" CONTENT="לעצמם."/><String HEIGHT="94" WIDTH="202" VPOS="2456" HPOS="766" CONTENT="בבית"/><String HEIGHT="94" WIDTH="177" VPOS="2456" HPOS="892" CONTENT="ועד"/><String HEIGHT="94" WIDTH="227" VPOS="2456" HPOS="993" CONTENT="נבחרי"/><String HEIGHT="94" WIDTH="151" VPOS="2456" HPOS="1144" CONTENT="עם"/><String HEIGHT="94" WIDTH="328" VPOS="2456" HPOS="1220" CONTENT="אונגארען,"/><String HEIGHT="94" WIDTH="126" VPOS="2456" HPOS="1447" CONTENT="אשר"/></TextLine><TextLine ID="TextRegion_1522077602794_511l11" BASELINE="2616" HEIGHT="89" WIDTH="1280" VPOS="2527" HPOS="299"><String HEIGHT="89" WIDTH="199" VPOS="2527" HPOS="271" CONTENT="שמה"/><String HEIGHT="89" WIDTH="228" VPOS="2527" HPOS="384" CONTENT="יחרץ"/><String HEIGHT="89" WIDTH="256" VPOS="2527" HPOS="527" CONTENT="המשפט"/><String HEIGHT="89" WIDTH="199" VPOS="2527" HPOS="697" CONTENT="כדת"/><String HEIGHT="89" WIDTH="171" VPOS="2527" HPOS="811" CONTENT="מה"/><String HEIGHT="89" WIDTH="256" VPOS="2527" HPOS="896" CONTENT="לעשות"/><String HEIGHT="89" WIDTH="228" VPOS="2527" HPOS="1067" CONTENT="בכסף"/><String HEIGHT="89" WIDTH="199" VPOS="2527" HPOS="1209" CONTENT="הזה"/><String HEIGHT="89" WIDTH="228" VPOS="2527" HPOS="1323" CONTENT="מצאו"/><String HEIGHT="89" WIDTH="142" VPOS="2527" HPOS="1437" CONTENT="שתי"/></TextLine><TextLine ID="TextRegion_1522077602794_511l12" BASELINE="2685" HEIGHT="93" WIDTH="1285" VPOS="2592" HPOS="302"><String HEIGHT="93" WIDTH="227" VPOS="2592" HPOS="277" CONTENT="הכתות"/><String HEIGHT="93" WIDTH="302" VPOS="2592" HPOS="428" CONTENT="מהיהודים"/><String HEIGHT="93" WIDTH="252" VPOS="2592" HPOS="655" CONTENT="מליצים"/><String HEIGHT="93" WIDTH="176" VPOS="2592" HPOS="831" CONTENT="להם"/><String HEIGHT="93" WIDTH="252" VPOS="2592" HPOS="932" CONTENT="להטותם"/><String HEIGHT="93" WIDTH="176" VPOS="2592" HPOS="1108" CONTENT="לכל"/><String HEIGHT="93" WIDTH="151" VPOS="2592" HPOS="1209" CONTENT="צד"/><String HEIGHT="93" WIDTH="176" VPOS="2592" HPOS="1285" CONTENT="אשר"/><String HEIGHT="93" WIDTH="227" VPOS="2592" HPOS="1360" CONTENT="תחפצנה;"/></TextLine><TextLine ID="TextRegion_1522077602794_511l13" BASELINE="2754" HEIGHT="99" WIDTH="1274" VPOS="2655" HPOS="298"><String HEIGHT="99" WIDTH="144" VPOS="2655" HPOS="274" CONTENT="שר"/><String HEIGHT="99" WIDTH="216" VPOS="2655" HPOS="346" CONTENT="השכלת"/><String HEIGHT="99" WIDTH="168" VPOS="2655" HPOS="490" CONTENT="העם"/><String HEIGHT="99" WIDTH="288" VPOS="2655" HPOS="586" CONTENT="טריפורט,"/><String HEIGHT="99" WIDTH="168" VPOS="2655" HPOS="803" CONTENT="אשר"/><String HEIGHT="99" WIDTH="192" VPOS="2655" HPOS="899" CONTENT="הציע"/><String HEIGHT="99" WIDTH="168" VPOS="2655" HPOS="1019" CONTENT="עוד"/><String HEIGHT="99" WIDTH="216" VPOS="2655" HPOS="1115" CONTENT="מקודם"/><String HEIGHT="99" WIDTH="192" VPOS="2655" HPOS="1260" CONTENT="לפני"/><String HEIGHT="99" WIDTH="216" VPOS="2655" HPOS="1356" CONTENT="הנבחרים"/></TextLine><TextLine ID="TextRegion_1522077602794_511l14" BASELINE="2825" HEIGHT="103" WIDTH="1282" VPOS="2722" HPOS="304"><String HEIGHT="103" WIDTH="194" VPOS="2722" HPOS="280" CONTENT="ליסד"/><String HEIGHT="103" WIDTH="194" VPOS="2722" HPOS="401" CONTENT="בכסף"/><String HEIGHT="103" WIDTH="169" VPOS="2722" HPOS="522" CONTENT="הזה"/><String HEIGHT="103" WIDTH="290" VPOS="2722" HPOS="618" CONTENT="בית=מדרש"/><String HEIGHT="103" WIDTH="242" VPOS="2722" HPOS="836" CONTENT="לרבנים"/><String HEIGHT="103" WIDTH="194" VPOS="2722" HPOS="1005" CONTENT="כללי"/><String HEIGHT="103" WIDTH="194" VPOS="2722" HPOS="1126" CONTENT="בארץ"/><String HEIGHT="103" WIDTH="314" VPOS="2722" HPOS="1247" CONTENT="אונגארען,"/><String HEIGHT="103" WIDTH="121" VPOS="2722" HPOS="1465" CONTENT="מלא"/></TextLine><TextLine ID="TextRegion_1522077602794_511l15" BASELINE="2890" HEIGHT="91" WIDTH="1264" VPOS="2799" HPOS="313"><String HEIGHT="91" WIDTH="200" VPOS="2799" HPOS="291" CONTENT="דבריו"/><String HEIGHT="91" WIDTH="133" VPOS="2799" HPOS="424" CONTENT="גם"/><String HEIGHT="91" WIDTH="177" VPOS="2799" HPOS="490" CONTENT="בפעם"/><String HEIGHT="91" WIDTH="200" VPOS="2799" HPOS="601" CONTENT="הזאת,"/><String HEIGHT="91" WIDTH="200" VPOS="2799" HPOS="734" CONTENT="והשיב"/><String HEIGHT="91" WIDTH="266" VPOS="2799" HPOS="867" CONTENT="להיהודים"/><String HEIGHT="91" WIDTH="333" VPOS="2799" HPOS="1067" CONTENT="האורתדכסים,"/><String HEIGHT="91" WIDTH="244" VPOS="2799" HPOS="1333" CONTENT="האומרים"/><String HEIGHT="91" WIDTH="89" VPOS="2799" HPOS="1488" CONTENT="כי"/></TextLine><TextLine ID="TextRegion_1522077602794_511l16" BASELINE="2957" HEIGHT="92" WIDTH="1267" VPOS="2865" HPOS="310"><String HEIGHT="92" WIDTH="222" VPOS="2865" HPOS="288" CONTENT="נפרדים"/><String HEIGHT="92" WIDTH="245" VPOS="2865" HPOS="443" CONTENT="ונבדלים"/><String HEIGHT="92" WIDTH="156" VPOS="2865" HPOS="621" CONTENT="המה"/><String HEIGHT="92" WIDTH="222" VPOS="2865" HPOS="710" CONTENT="מאחיהם"/><String HEIGHT="92" WIDTH="289" VPOS="2865" HPOS="866" CONTENT="הריפורמים"/><String HEIGHT="92" WIDTH="267" VPOS="2865" HPOS="1088" CONTENT="באמונתם,"/><String HEIGHT="92" WIDTH="200" VPOS="2865" HPOS="1288" CONTENT="וכבני"/><String HEIGHT="92" WIDTH="178" VPOS="2865" HPOS="1399" CONTENT="אמונות"/></TextLine><TextLine ID="TextRegion_1522077602794_511l17" BASELINE="3018" HEIGHT="85" WIDTH="1269" VPOS="2933" HPOS="305"><String HEIGHT="85" WIDTH="208" VPOS="2933" HPOS="282" CONTENT="שונות"/><String HEIGHT="85" WIDTH="231" VPOS="2933" HPOS="420" CONTENT="נחשבו,"/><String HEIGHT="85" WIDTH="185" VPOS="2933" HPOS="582" CONTENT="ולכן"/><String HEIGHT="85" WIDTH="138" VPOS="2933" HPOS="697" CONTENT="בל"/><String HEIGHT="85" WIDTH="208" VPOS="2933" HPOS="766" CONTENT="יוכלו"/><String HEIGHT="85" WIDTH="231" VPOS="2933" HPOS="905" CONTENT="להסכים"/><String HEIGHT="85" WIDTH="208" VPOS="2933" HPOS="1066" CONTENT="לשלוח"/><String HEIGHT="85" WIDTH="208" VPOS="2933" HPOS="1205" CONTENT="בניהם"/><String HEIGHT="85" WIDTH="254" VPOS="2933" HPOS="1320" CONTENT="לבית=מדרש"/></TextLine><TextLine ID="TextRegion_1522077602794_511l18" BASELINE="3089" HEIGHT="80" WIDTH="1274" VPOS="3009" HPOS="307"><String HEIGHT="80" WIDTH="172" VPOS="3009" HPOS="283" CONTENT="אחד"/><String HEIGHT="80" WIDTH="147" VPOS="3009" HPOS="381" CONTENT="עם"/><String HEIGHT="80" WIDTH="172" VPOS="3009" HPOS="454" CONTENT="בני"/><String HEIGHT="80" WIDTH="343" VPOS="3009" HPOS="552" CONTENT="הריפורמים,"/><String HEIGHT="80" WIDTH="221" VPOS="3009" HPOS="822" CONTENT="תשובה"/><String HEIGHT="80" WIDTH="221" VPOS="3009" HPOS="969" CONTENT="נכונה"/><String HEIGHT="80" WIDTH="245" VPOS="3009" HPOS="1116" CONTENT="ונצחת,"/><String HEIGHT="80" WIDTH="147" VPOS="3009" HPOS="1287" CONTENT="כי"/><String HEIGHT="80" WIDTH="221" VPOS="3009" HPOS="1361" CONTENT="ישראל"/><String HEIGHT="80" WIDTH="98" VPOS="3009" HPOS="1483" CONTENT="עם"/></TextLine><TextLine ID="TextRegion_1522077602794_511l19" BASELINE="3159" HEIGHT="85" WIDTH="1290" VPOS="3074" HPOS="298"><String HEIGHT="85" WIDTH="175" VPOS="3074" HPOS="276" CONTENT="אחד,"/><String HEIGHT="85" WIDTH="175" VPOS="3074" HPOS="385" CONTENT="וגוי"/><String HEIGHT="85" WIDTH="175" VPOS="3074" HPOS="495" CONTENT="אחד,"/><String HEIGHT="85" WIDTH="241" VPOS="3074" HPOS="604" CONTENT="ודבריהם"/><String HEIGHT="85" WIDTH="175" VPOS="3074" HPOS="779" CONTENT="אינם"/><String HEIGHT="85" WIDTH="219" VPOS="3074" HPOS="888" CONTENT="נכוחים"/><String HEIGHT="85" WIDTH="153" VPOS="3074" HPOS="1041" CONTENT="לפי"/><String HEIGHT="85" WIDTH="197" VPOS="3074" HPOS="1129" CONTENT="יסודי"/><String HEIGHT="85" WIDTH="219" VPOS="3074" HPOS="1260" CONTENT="אמונתם"/><String HEIGHT="85" WIDTH="197" VPOS="3074" HPOS="1391" CONTENT="ותורתם."/></TextLine><TextLine ID="TextRegion_1522077602794_511l20" BASELINE="3231" HEIGHT="96" WIDTH="1267" VPOS="3135" HPOS="310"><String HEIGHT="96" WIDTH="149" VPOS="3135" HPOS="285" CONTENT="גם"/><String HEIGHT="96" WIDTH="224" VPOS="3135" HPOS="360" CONTENT="הוסיף"/><String HEIGHT="96" WIDTH="199" VPOS="3135" HPOS="509" CONTENT="לאמר"/><String HEIGHT="96" WIDTH="149" VPOS="3135" HPOS="633" CONTENT="כי"/><String HEIGHT="96" WIDTH="224" VPOS="3135" HPOS="707" CONTENT="הקיסר"/><String HEIGHT="96" WIDTH="224" VPOS="3135" HPOS="857" CONTENT="בעצמו"/><String HEIGHT="96" WIDTH="224" VPOS="3135" HPOS="1006" CONTENT="יחפוץ"/><String HEIGHT="96" WIDTH="149" VPOS="3135" HPOS="1155" CONTENT="כי"/><String HEIGHT="96" WIDTH="199" VPOS="3135" HPOS="1229" CONTENT="הכסף"/><String HEIGHT="96" WIDTH="174" VPOS="3135" HPOS="1353" CONTENT="הזה"/><String HEIGHT="96" WIDTH="149" VPOS="3135" HPOS="1428" CONTENT="יהיה"/></TextLine><TextLine ID="TextRegion_1522077602794_511l21" BASELINE="3299" HEIGHT="96" WIDTH="1264" VPOS="3203" HPOS="316"><String HEIGHT="96" WIDTH="258" VPOS="3203" HPOS="290" CONTENT="להרחיב"/><String HEIGHT="96" WIDTH="232" VPOS="3203" HPOS="471" CONTENT="השכלת"/><String HEIGHT="96" WIDTH="181" VPOS="3203" HPOS="626" CONTENT="כלל"/><String HEIGHT="96" WIDTH="232" VPOS="3203" HPOS="729" CONTENT="ישראל"/><String HEIGHT="96" WIDTH="361" VPOS="3203" HPOS="884" CONTENT="באונגארען,"/><String HEIGHT="96" WIDTH="206" VPOS="3203" HPOS="1167" CONTENT="ובפה"/><String HEIGHT="96" WIDTH="181" VPOS="3203" HPOS="1296" CONTENT="מלא"/><String HEIGHT="96" WIDTH="181" VPOS="3203" HPOS="1399" CONTENT="אמר"/><String HEIGHT="96" WIDTH="103" VPOS="3203" HPOS="1477" CONTENT="כי"/></TextLine><TextLine ID="TextRegion_1522077602794_511l22" BASELINE="3370" HEIGHT="94" WIDTH="1256" VPOS="3276" HPOS="316"><String HEIGHT="94" WIDTH="193" VPOS="3276" HPOS="292" CONTENT="ממנו"/><String HEIGHT="94" WIDTH="193" VPOS="3276" HPOS="413" CONTENT="יוסד"/><String HEIGHT="94" WIDTH="169" VPOS="3276" HPOS="533" CONTENT="בית"/><String HEIGHT="94" WIDTH="193" VPOS="3276" HPOS="630" CONTENT="מדרש"/><String HEIGHT="94" WIDTH="266" VPOS="3276" HPOS="751" CONTENT="לרבנים."/><String HEIGHT="94" WIDTH="193" VPOS="3276" HPOS="944" CONTENT="כאשר"/><String HEIGHT="94" WIDTH="169" VPOS="3276" HPOS="1065" CONTENT="כלה"/><String HEIGHT="94" WIDTH="314" VPOS="3276" HPOS="1161" CONTENT="המיניסטער"/><String HEIGHT="94" WIDTH="193" VPOS="3276" HPOS="1379" CONTENT="דבריו,"/></TextLine><TextLine ID="TextRegion_1522077602794_511l23" BASELINE="3426" HEIGHT="72" WIDTH="1266" VPOS="3354" HPOS="312"><String HEIGHT="72" WIDTH="136" VPOS="3354" HPOS="289" CONTENT="קם"/><String HEIGHT="72" WIDTH="181" VPOS="3354" HPOS="357" CONTENT="נגדו"/><String HEIGHT="72" WIDTH="203" VPOS="3354" HPOS="470" CONTENT="הנבחר"/><String HEIGHT="72" WIDTH="249" VPOS="3354" HPOS="606" CONTENT="אידוארד"/><String HEIGHT="72" WIDTH="249" VPOS="3354" HPOS="787" CONTENT="צזידיני"/><String HEIGHT="72" WIDTH="203" VPOS="3354" HPOS="968" CONTENT="ויאמר"/><String HEIGHT="72" WIDTH="136" VPOS="3354" HPOS="1103" CONTENT="כי"/><String HEIGHT="72" WIDTH="249" VPOS="3354" HPOS="1171" CONTENT="היהודים"/><String HEIGHT="72" WIDTH="249" VPOS="3354" HPOS="1329" CONTENT="הריפורמים"/></TextLine><TextLine ID="TextRegion_1522077602794_511l24" BASELINE="3496" HEIGHT="77" WIDTH="1277" VPOS="3419" HPOS="305"><String HEIGHT="77" WIDTH="236" VPOS="3419" HPOS="281" CONTENT="נפרדים"/><String HEIGHT="77" WIDTH="166" VPOS="3419" HPOS="447" CONTENT="המה"/><String HEIGHT="77" WIDTH="236" VPOS="3419" HPOS="541" CONTENT="מאחיהם"/><String HEIGHT="77" WIDTH="331" VPOS="3419" HPOS="707" CONTENT="האורתדכסים"/><String HEIGHT="77" WIDTH="284" VPOS="3419" HPOS="967" CONTENT="באמונתם,"/><String HEIGHT="77" WIDTH="189" VPOS="3419" HPOS="1180" CONTENT="ושתי"/><String HEIGHT="77" WIDTH="189" VPOS="3419" HPOS="1298" CONTENT="כתות"/><String HEIGHT="77" WIDTH="189" VPOS="3419" HPOS="1393" CONTENT="נבדלות"/></TextLine><TextLine ID="TextRegion_1522077602794_511l25" BASELINE="3570" HEIGHT="91" WIDTH="1256" VPOS="3479" HPOS="323"><String HEIGHT="91" WIDTH="223" VPOS="3479" HPOS="295" CONTENT="הנה,"/><String HEIGHT="91" WIDTH="223" VPOS="3479" HPOS="435" CONTENT="וחוב"/><String HEIGHT="91" WIDTH="195" VPOS="3479" HPOS="574" CONTENT="הוא"/><String HEIGHT="91" WIDTH="167" VPOS="3479" HPOS="686" CONTENT="על"/><String HEIGHT="91" WIDTH="279" VPOS="3479" HPOS="770" CONTENT="הממשלה"/><String HEIGHT="91" WIDTH="223" VPOS="3479" HPOS="965" CONTENT="לחלק"/><String HEIGHT="91" WIDTH="223" VPOS="3479" HPOS="1105" CONTENT="הכסף"/><String HEIGHT="91" WIDTH="279" VPOS="3479" HPOS="1244" CONTENT="ביניהם"/><String HEIGHT="91" WIDTH="167" VPOS="3479" HPOS="1412" CONTENT="באשר"/></TextLine><TextLine ID="TextRegion_1522077602794_511l26" BASELINE="3638" HEIGHT="91" WIDTH="1280" VPOS="3547" HPOS="301"><String HEIGHT="91" WIDTH="351" VPOS="3547" HPOS="276" CONTENT="האורתדכסים"/><String HEIGHT="91" WIDTH="151" VPOS="3547" HPOS="552" CONTENT="בל"/><String HEIGHT="91" WIDTH="226" VPOS="3547" HPOS="627" CONTENT="יחפצו"/><String HEIGHT="91" WIDTH="201" VPOS="3547" HPOS="778" CONTENT="בבית"/><String HEIGHT="91" WIDTH="201" VPOS="3547" HPOS="903" CONTENT="מדרש"/><String HEIGHT="91" WIDTH="276" VPOS="3547" HPOS="1029" CONTENT="לרבנים,"/><String HEIGHT="91" WIDTH="201" VPOS="3547" HPOS="1230" CONTENT="ולפי"/><String HEIGHT="91" WIDTH="201" VPOS="3547" HPOS="1355" CONTENT="עצתו"/><String HEIGHT="91" WIDTH="125" VPOS="3547" HPOS="1456" CONTENT="בית"/></TextLine><TextLine ID="TextRegion_1522077602794_511l27" BASELINE="3706" HEIGHT="90" WIDTH="618" VPOS="3616" HPOS="961"><String HEIGHT="90" WIDTH="222" VPOS="3616" HPOS="936" CONTENT="המשפט"/><String HEIGHT="90" WIDTH="222" VPOS="3616" HPOS="1085" CONTENT="יחתוך"/><String HEIGHT="90" WIDTH="173" VPOS="3616" HPOS="1233" CONTENT="דין"/><String HEIGHT="90" WIDTH="198" VPOS="3616" HPOS="1332" CONTENT="הכסף"/><String HEIGHT="90" WIDTH="148" VPOS="3616" HPOS="1431" CONTENT="הזה."/></TextLine><TextLine ID="TextRegion_1522077602794_511l28" BASELINE="3859" HEIGHT="96" WIDTH="1155" VPOS="3763" HPOS="315"><String HEIGHT="96" WIDTH="201" VPOS="3763" HPOS="290" CONTENT="ביום"/><String HEIGHT="96" WIDTH="201" VPOS="3763" HPOS="415" CONTENT="השני"/><String HEIGHT="96" WIDTH="226" VPOS="3763" HPOS="541" CONTENT="התחיל"/><String HEIGHT="96" WIDTH="226" VPOS="3763" HPOS="692" CONTENT="הוכוח"/><String HEIGHT="96" WIDTH="226" VPOS="3763" HPOS="842" CONTENT="מחדש,"/><String HEIGHT="96" WIDTH="251" VPOS="3763" HPOS="993" CONTENT="והנבחר"/><String HEIGHT="96" WIDTH="226" VPOS="3763" HPOS="1169" CONTENT="קולמן"/><String HEIGHT="96" WIDTH="176" VPOS="3763" HPOS="1294" CONTENT="טישצה"/></TextLine><TextLine ID="TextRegion_1522077602794_511l29" BASELINE="3925" HEIGHT="96" WIDTH="1264" VPOS="3829" HPOS="320"><String HEIGHT="96" WIDTH="170" VPOS="3829" HPOS="296" CONTENT="ענה"/><String HEIGHT="96" WIDTH="146" VPOS="3829" HPOS="393" CONTENT="על"/><String HEIGHT="96" WIDTH="194" VPOS="3829" HPOS="466" CONTENT="דברי"/><String HEIGHT="96" WIDTH="267" VPOS="3829" HPOS="587" CONTENT="צזידיני"/><String HEIGHT="96" WIDTH="219" VPOS="3829" HPOS="782" CONTENT="ואמר,"/><String HEIGHT="96" WIDTH="194" VPOS="3829" HPOS="928" CONTENT="הכסף"/><String HEIGHT="96" WIDTH="170" VPOS="3829" HPOS="1049" CONTENT="הוא"/><String HEIGHT="96" WIDTH="170" VPOS="3829" HPOS="1146" CONTENT="תחת"/><String HEIGHT="96" WIDTH="219" VPOS="3829" HPOS="1244" CONTENT="השגחת"/><String HEIGHT="96" WIDTH="219" VPOS="3829" HPOS="1365" CONTENT="הממשלה,"/></TextLine><TextLine ID="TextRegion_1522077602794_511l30" BASELINE="4000" HEIGHT="104" WIDTH="1266" VPOS="3896" HPOS="331"><String HEIGHT="104" WIDTH="195" VPOS="3896" HPOS="307" CONTENT="ולכן"/><String HEIGHT="104" WIDTH="146" VPOS="3896" HPOS="428" CONTENT="על"/><String HEIGHT="104" WIDTH="170" VPOS="3896" HPOS="501" CONTENT="בית"/><String HEIGHT="104" WIDTH="268" VPOS="3896" HPOS="599" CONTENT="הנבחרים"/><String HEIGHT="104" WIDTH="170" VPOS="3896" HPOS="794" CONTENT="ולא"/><String HEIGHT="104" WIDTH="146" VPOS="3896" HPOS="891" CONTENT="על"/><String HEIGHT="104" WIDTH="170" VPOS="3896" HPOS="964" CONTENT="בית"/><String HEIGHT="104" WIDTH="219" VPOS="3896" HPOS="1061" CONTENT="המשפט"/><String HEIGHT="104" WIDTH="219" VPOS="3896" HPOS="1207" CONTENT="לחרוץ"/><String HEIGHT="104" WIDTH="195" VPOS="3896" HPOS="1354" CONTENT="הדבר"/><String HEIGHT="104" WIDTH="146" VPOS="3896" HPOS="1451" CONTENT="הזה,"/></TextLine><TextLine ID="TextRegion_1522077602794_511l31" BASELINE="4078" HEIGHT="114" WIDTH="1272" VPOS="3964" HPOS="319"><String HEIGHT="114" WIDTH="186" VPOS="3964" HPOS="293" CONTENT="אפס"/><String HEIGHT="114" WIDTH="159" VPOS="3964" HPOS="399" CONTENT="גם"/><String HEIGHT="114" WIDTH="186" VPOS="3964" HPOS="478" CONTENT="הוא"/><String HEIGHT="114" WIDTH="159" VPOS="3964" HPOS="584" CONTENT="לא"/><String HEIGHT="114" WIDTH="239" VPOS="3964" HPOS="664" CONTENT="יסכים"/><String HEIGHT="114" WIDTH="159" VPOS="3964" HPOS="823" CONTENT="עם"/><String HEIGHT="114" WIDTH="212" VPOS="3964" HPOS="902" CONTENT="דברי"/><String HEIGHT="114" WIDTH="159" VPOS="3964" HPOS="1035" CONTENT="שר"/><String HEIGHT="114" WIDTH="239" VPOS="3964" HPOS="1114" CONTENT="השכלת"/><String HEIGHT="114" WIDTH="186" VPOS="3964" HPOS="1273" CONTENT="העם"/><String HEIGHT="114" WIDTH="212" VPOS="3964" HPOS="1379" CONTENT="בכל,"/><String HEIGHT="114" WIDTH="106" VPOS="3964" HPOS="1485" CONTENT="כי"/></TextLine></TextBlock></PrintSpace></Page></Layout></alto>