<?xml version="1.0" encoding="UTF-8"?><alto xmlns:xsi="http://www.w3.org/2001/XMLSchema-instance" xmlns="http://www.loc.gov/standards/alto/ns-v2#" xmlns:page="http://schema.primaresearch.org/PAGE/gts/pagecontent/2013-07-15" xsi:schemaLocation="http://schema.primaresearch.org/PAGE/gts/pagecontent/2013-07-15 http://schema.primaresearch.org/PAGE/gts/pagecontent/2013-07-15/pagecontent.xsd http://www.loc.gov/standards/alto/ns-v2# http://www.loc.gov/standards/alto/alto-v2.0.xsd"><Description><MeasurementUnit>pixel</MeasurementUnit></Description><Layout><Page ID="Page1" PHYSICAL_IMG_NR="1" HEIGHT="3905" WIDTH="3069"><TopMargin HEIGHT="0" WIDTH="3069" VPOS="0" HPOS="0"/><LeftMargin HEIGHT="3905" WIDTH="0" VPOS="0" HPOS="0"/><RightMargin HEIGHT="3905" WIDTH="0" VPOS="0" HPOS="3069"/><BottomMargin HEIGHT="0" WIDTH="3069" VPOS="3905" HPOS="0"/><PrintSpace HEIGHT="3905" WIDTH="3069" VPOS="0" HPOS="0"><TextBlock ID="region_1522077887102_532" HEIGHT="140" WIDTH="465" VPOS="121" HPOS="1416"><Shape><Polygon POINTS="1881,121 1416,121 1416,261 1881,261"/></Shape><TextLine ID="line_1522079098749_569" BASELINE="218" HEIGHT="83" WIDTH="346" VPOS="135" HPOS="1420"><String HEIGHT="83" WIDTH="461" VPOS="135" HPOS="1305" CONTENT="- 13 —"/></TextLine></TextBlock><TextBlock ID="region_1522077892651_533" HEIGHT="921" WIDTH="1311" VPOS="214" HPOS="1621"><Shape><Polygon POINTS="2932,214 1621,214 1621,1135 2932,1135"/></Shape><TextLine ID="region_1522077892651_533l1" BASELINE="336" HEIGHT="90" WIDTH="1261" VPOS="246" HPOS="1627"><String HEIGHT="90" WIDTH="274" VPOS="246" HPOS="1600" CONTENT="למכביר"/><String HEIGHT="90" WIDTH="247" VPOS="246" HPOS="1791" CONTENT="ובפרט"/><String HEIGHT="90" WIDTH="274" VPOS="246" HPOS="1956" CONTENT="החבצלת"/><String HEIGHT="90" WIDTH="164" VPOS="246" HPOS="2148" CONTENT="או"/><String HEIGHT="90" WIDTH="274" VPOS="246" HPOS="2230" CONTENT="השושנה"/><String HEIGHT="90" WIDTH="247" VPOS="246" HPOS="2422" CONTENT="(ראזע"/><String HEIGHT="90" WIDTH="274" VPOS="246" HPOS="2586" CONTENT="בלע״ז)"/><String HEIGHT="90" WIDTH="137" VPOS="246" HPOS="2751" CONTENT="אשר"/></TextLine><TextLine ID="region_1522077892651_533l2" BASELINE="390" HEIGHT="82" WIDTH="1248" VPOS="308" HPOS="1638"><String HEIGHT="82" WIDTH="1036" VPOS="308" HPOS="1611" CONTENT="מסחר הפרחים האלה גדול למאד עתה בעיר"/><String HEIGHT="82" WIDTH="345" VPOS="308" HPOS="2541" CONTENT="אדריאנאפול."/></TextLine><TextLine ID="region_1522077892651_533l3" BASELINE="459" HEIGHT="79" WIDTH="1261" VPOS="380" HPOS="1633"><String HEIGHT="79" WIDTH="198" VPOS="380" HPOS="1608" CONTENT="במשך"/><String HEIGHT="79" WIDTH="173" VPOS="380" HPOS="1732" CONTENT="שלש"/><String HEIGHT="79" WIDTH="198" VPOS="380" HPOS="1831" CONTENT="שנים"/><String HEIGHT="79" WIDTH="297" VPOS="380" HPOS="1954" CONTENT="האחרונות"/><String HEIGHT="79" WIDTH="247" VPOS="380" HPOS="2177" CONTENT="הרחבנו"/><String HEIGHT="79" WIDTH="173" VPOS="380" HPOS="2350" CONTENT="גני"/><String HEIGHT="79" WIDTH="247" VPOS="380" HPOS="2449" CONTENT="הנחלה,"/><String HEIGHT="79" WIDTH="173" VPOS="380" HPOS="2622" CONTENT="ולא"/><String HEIGHT="79" WIDTH="173" VPOS="380" HPOS="2721" CONTENT="לבד"/><String HEIGHT="79" WIDTH="99" VPOS="380" HPOS="2795" CONTENT="כי"/></TextLine><TextLine ID="region_1522077892651_533l4" BASELINE="519" HEIGHT="69" WIDTH="1279" VPOS="450" HPOS="1626"><String HEIGHT="69" WIDTH="213" VPOS="450" HPOS="1602" CONTENT="מצאנו"/><String HEIGHT="69" WIDTH="213" VPOS="450" HPOS="1744" CONTENT="במזרע"/><String HEIGHT="69" WIDTH="213" VPOS="450" HPOS="1887" CONTENT="הגנות"/><String HEIGHT="69" WIDTH="213" VPOS="450" HPOS="2029" CONTENT="ירקות"/><String HEIGHT="69" WIDTH="284" VPOS="450" HPOS="2171" CONTENT="וזרעונים"/><String HEIGHT="69" WIDTH="142" VPOS="450" HPOS="2384" CONTENT="די"/><String HEIGHT="69" WIDTH="213" VPOS="450" HPOS="2455" CONTENT="והותר"/><String HEIGHT="69" WIDTH="166" VPOS="450" HPOS="2597" CONTENT="בעד"/><String HEIGHT="69" WIDTH="189" VPOS="450" HPOS="2692" CONTENT="צרכי"/><String HEIGHT="69" WIDTH="118" VPOS="450" HPOS="2787" CONTENT="בית"/></TextLine><TextLine ID="region_1522077892651_533l5" BASELINE="584" HEIGHT="79" WIDTH="1250" VPOS="505" HPOS="1645"><String HEIGHT="79" WIDTH="240" VPOS="505" HPOS="1621" CONTENT="החנוך,"/><String HEIGHT="79" WIDTH="192" VPOS="505" HPOS="1789" CONTENT="אולם"/><String HEIGHT="79" WIDTH="144" VPOS="505" HPOS="1909" CONTENT="גם"/><String HEIGHT="79" WIDTH="216" VPOS="505" HPOS="1982" CONTENT="מכרנו"/><String HEIGHT="79" WIDTH="192" VPOS="505" HPOS="2126" CONTENT="הרבה"/><String HEIGHT="79" WIDTH="192" VPOS="505" HPOS="2246" CONTENT="לחוף"/><String HEIGHT="79" WIDTH="337" VPOS="505" HPOS="2366" CONTENT="פורטו⸗סיד,"/><String HEIGHT="79" WIDTH="240" VPOS="505" HPOS="2631" CONTENT="הגפנים"/><String HEIGHT="79" WIDTH="120" VPOS="505" HPOS="2775" CONTENT="אשר"/></TextLine><TextLine ID="region_1522077892651_533l6" BASELINE="649" HEIGHT="80" WIDTH="1261" VPOS="569" HPOS="1633"><String HEIGHT="80" WIDTH="218" VPOS="569" HPOS="1609" CONTENT="שתלנו"/><String HEIGHT="80" WIDTH="194" VPOS="569" HPOS="1754" CONTENT="יתנו"/><String HEIGHT="80" WIDTH="194" VPOS="569" HPOS="1876" CONTENT="פרים"/><String HEIGHT="80" WIDTH="218" VPOS="569" HPOS="1997" CONTENT="בעתם,"/><String HEIGHT="80" WIDTH="243" VPOS="569" HPOS="2142" CONTENT="וכרמנו"/><String HEIGHT="80" WIDTH="218" VPOS="569" HPOS="2312" CONTENT="יפריח"/><String HEIGHT="80" WIDTH="218" VPOS="569" HPOS="2458" CONTENT="לברכה"/><String HEIGHT="80" WIDTH="194" VPOS="569" HPOS="2603" CONTENT="בקרב"/><String HEIGHT="80" WIDTH="194" VPOS="569" HPOS="2700" CONTENT="הימים."/></TextLine><TextLine ID="region_1522077892651_533l7" BASELINE="706" HEIGHT="83" WIDTH="1261" VPOS="623" HPOS="1629"><String HEIGHT="83" WIDTH="177" VPOS="623" HPOS="1604" CONTENT="אבל"/><String HEIGHT="83" WIDTH="277" VPOS="623" HPOS="1705" CONTENT="הקולניה"/><String HEIGHT="83" WIDTH="227" VPOS="623" HPOS="1906" CONTENT="איננה"/><String HEIGHT="83" WIDTH="177" VPOS="623" HPOS="2058" CONTENT="עוד"/><String HEIGHT="83" WIDTH="252" VPOS="623" HPOS="2159" CONTENT="בתכלית"/><String HEIGHT="83" WIDTH="303" VPOS="623" HPOS="2335" CONTENT="השלימות."/><String HEIGHT="83" WIDTH="177" VPOS="623" HPOS="2562" CONTENT="עוד"/><String HEIGHT="83" WIDTH="202" VPOS="623" HPOS="2663" CONTENT="יחסר"/><String HEIGHT="83" WIDTH="126" VPOS="623" HPOS="2764" CONTENT="לנו"/></TextLine><TextLine ID="region_1522077892651_533l8" BASELINE="772" HEIGHT="79" WIDTH="1261" VPOS="693" HPOS="1631"><String HEIGHT="79" WIDTH="177" VPOS="693" HPOS="1606" CONTENT="בתי"/><String HEIGHT="79" WIDTH="202" VPOS="693" HPOS="1707" CONTENT="מדור"/><String HEIGHT="79" WIDTH="202" VPOS="693" HPOS="1833" CONTENT="למען"/><String HEIGHT="79" WIDTH="202" VPOS="693" HPOS="1959" CONTENT="נוכל"/><String HEIGHT="79" WIDTH="202" VPOS="693" HPOS="2085" CONTENT="לגדל"/><String HEIGHT="79" WIDTH="227" VPOS="693" HPOS="2211" CONTENT="ולחנך"/><String HEIGHT="79" WIDTH="177" VPOS="693" HPOS="2362" CONTENT="שמה"/><String HEIGHT="79" WIDTH="151" VPOS="693" HPOS="2463" CONTENT="עד"/><String HEIGHT="79" WIDTH="177" VPOS="693" HPOS="2539" CONTENT="מאה"/><String HEIGHT="79" WIDTH="227" VPOS="693" HPOS="2640" CONTENT="נערים"/><String HEIGHT="79" WIDTH="126" VPOS="693" HPOS="2766" CONTENT="תחת"/></TextLine><TextLine ID="region_1522077892651_533l9" BASELINE="836" HEIGHT="77" WIDTH="1266" VPOS="759" HPOS="1632"><String HEIGHT="77" WIDTH="174" VPOS="759" HPOS="1607" CONTENT="אשר"/><String HEIGHT="77" WIDTH="199" VPOS="759" HPOS="1706" CONTENT="כיום"/><String HEIGHT="77" WIDTH="248" VPOS="759" HPOS="1831" CONTENT="נמצאים"/><String HEIGHT="77" WIDTH="149" VPOS="759" HPOS="2004" CONTENT="רק"/><String HEIGHT="77" WIDTH="223" VPOS="759" HPOS="2079" CONTENT="שלשים"/><String HEIGHT="77" WIDTH="298" VPOS="759" HPOS="2228" CONTENT="תלמידים,"/><String HEIGHT="77" WIDTH="273" VPOS="759" HPOS="2451" CONTENT="ועינינו"/><String HEIGHT="77" WIDTH="248" VPOS="759" HPOS="2650" CONTENT="נשואות"/><String HEIGHT="77" WIDTH="99" VPOS="759" HPOS="2799" CONTENT="אל"/></TextLine><TextLine ID="region_1522077892651_533l10" BASELINE="903" HEIGHT="81" WIDTH="1270" VPOS="822" HPOS="1638"><String HEIGHT="81" WIDTH="288" VPOS="822" HPOS="1614" CONTENT="המתנדבים"/><String HEIGHT="81" WIDTH="168" VPOS="822" HPOS="1830" CONTENT="בעם"/><String HEIGHT="81" WIDTH="144" VPOS="822" HPOS="1926" CONTENT="כי"/><String HEIGHT="81" WIDTH="192" VPOS="822" HPOS="1997" CONTENT="יבאו"/><String HEIGHT="81" WIDTH="264" VPOS="822" HPOS="2117" CONTENT="לעזרתנו"/><String HEIGHT="81" WIDTH="192" VPOS="822" HPOS="2309" CONTENT="במסת"/><String HEIGHT="81" WIDTH="192" VPOS="822" HPOS="2429" CONTENT="כספם"/><String HEIGHT="81" WIDTH="192" VPOS="822" HPOS="2549" CONTENT="למען"/><String HEIGHT="81" WIDTH="192" VPOS="822" HPOS="2668" CONTENT="גדול"/><String HEIGHT="81" WIDTH="144" VPOS="822" HPOS="2764" CONTENT="יהיה"/></TextLine><TextLine ID="region_1522077892651_533l11" BASELINE="961" HEIGHT="74" WIDTH="1258" VPOS="887" HPOS="1645"><String HEIGHT="74" WIDTH="1301" VPOS="887" HPOS="1602" CONTENT="כבוד הבית הזה, וע״י יושעו אחב״י האומללים היושבים בעני וחסר"/></TextLine><TextLine ID="region_1522077892651_533l12" BASELINE="1025" HEIGHT="80" WIDTH="1197" VPOS="945" HPOS="1701"><String HEIGHT="80" WIDTH="1246" VPOS="945" HPOS="1652" CONTENT="כל בארץ הקדושה תשועה תמידית, תשועה גשמית ורוחנית."/></TextLine><TextLine ID="region_1522077892651_533l13" BASELINE="1090" HEIGHT="78" WIDTH="686" VPOS="1012" HPOS="1734"><String HEIGHT="78" WIDTH="106" VPOS="1012" HPOS="1708" CONTENT=""/><String HEIGHT="78" WIDTH="211" VPOS="1012" HPOS="1734" CONTENT="ליון"/><String HEIGHT="78" WIDTH="290" VPOS="1012" HPOS="1866" CONTENT="הזרוויץ"/><String HEIGHT="78" WIDTH="237" VPOS="1012" HPOS="2077" CONTENT="מכונה"/><String HEIGHT="78" WIDTH="211" VPOS="1012" HPOS="2209" CONTENT="איל״ה."/></TextLine></TextBlock><TextBlock ID="region_1522077896254_534" HEIGHT="2604" WIDTH="1330" VPOS="1135" HPOS="1621"><Shape><Polygon POINTS="1621,1135 2951,1135 2951,3739 1621,3739"/></Shape><TextLine ID="region_1522077896254_534l1" BASELINE="1289" HEIGHT="80" WIDTH="519" VPOS="1209" HPOS="2022"><String HEIGHT="80" WIDTH="606" VPOS="1209" HPOS="1936" CONTENT="חדשות שונות."/></TextLine><TextLine ID="region_1522077896254_534l2" BASELINE="1398" HEIGHT="80" WIDTH="1152" VPOS="1318" HPOS="1632"><String HEIGHT="80" WIDTH="1200" VPOS="1318" HPOS="1584" CONTENT="על פי הצעת שר האוצרות בארץ רוסיא נאסר על היהודים"/></TextLine><TextLine ID="region_1522077896254_534l3" BASELINE="1464" HEIGHT="79" WIDTH="1264" VPOS="1385" HPOS="1638"><String HEIGHT="79" WIDTH="263" VPOS="1385" HPOS="1612" CONTENT="מראשית"/><String HEIGHT="79" WIDTH="184" VPOS="1385" HPOS="1796" CONTENT="שנת"/><String HEIGHT="79" WIDTH="211" VPOS="1385" HPOS="1901" CONTENT="1875"/><String HEIGHT="79" WIDTH="237" VPOS="1385" HPOS="2033" CONTENT="למכור"/><String HEIGHT="79" WIDTH="211" VPOS="1385" HPOS="2191" CONTENT="יי&#34;ש"/><String HEIGHT="79" WIDTH="290" VPOS="1385" HPOS="2323" CONTENT="במחוזות"/><String HEIGHT="79" WIDTH="237" VPOS="1385" HPOS="2533" CONTENT="רוסיא"/><String HEIGHT="79" WIDTH="237" VPOS="1385" HPOS="2665" CONTENT="במקומות"/></TextLine><TextLine ID="region_1522077896254_534l4" BASELINE="1527" HEIGHT="80" WIDTH="1268" VPOS="1447" HPOS="1632"><String HEIGHT="80" WIDTH="1318" VPOS="1447" HPOS="1582" CONTENT="אשר אין להם רשות להתגורר שמה, וגם במקומות מושבותיהם"/></TextLine><TextLine ID="region_1522077896254_534l5" BASELINE="1593" HEIGHT="80" WIDTH="1272" VPOS="1513" HPOS="1635"><String HEIGHT="80" WIDTH="1326" VPOS="1513" HPOS="1581" CONTENT="אשר הם נושבים מכבר אין היהודים רשאים להחזיק בתי"/></TextLine><TextLine ID="region_1522077896254_534l6" BASELINE="1652" HEIGHT="81" WIDTH="1261" VPOS="1571" HPOS="1650"><String HEIGHT="81" WIDTH="1307" VPOS="1571" HPOS="1604" CONTENT="מכירת ייquo;ש עוד, זולתי האיש שיש לו קנין בית וחצר שלו."/></TextLine><TextLine ID="region_1522077896254_534l7" BASELINE="1712" HEIGHT="78" WIDTH="1264" VPOS="1634" HPOS="1638"><String HEIGHT="78" WIDTH="173" VPOS="1634" HPOS="1613" CONTENT="ואז"/><String HEIGHT="78" WIDTH="198" VPOS="1634" HPOS="1712" CONTENT="מותר"/><String HEIGHT="78" WIDTH="198" VPOS="1634" HPOS="1836" CONTENT="לבעל"/><String HEIGHT="78" WIDTH="198" VPOS="1634" HPOS="1960" CONTENT="החצר"/><String HEIGHT="78" WIDTH="223" VPOS="1634" HPOS="2084" CONTENT="למכור"/><String HEIGHT="78" WIDTH="198" VPOS="1634" HPOS="2233" CONTENT="יי״ש"/><String HEIGHT="78" WIDTH="248" VPOS="1634" HPOS="2357" CONTENT="בחצרו,"/><String HEIGHT="78" WIDTH="173" VPOS="1634" HPOS="2530" CONTENT="וגם"/><String HEIGHT="78" WIDTH="149" VPOS="1634" HPOS="2629" CONTENT="על"/><String HEIGHT="78" WIDTH="223" VPOS="1634" HPOS="2679" CONTENT="הנוצרים"/></TextLine><TextLine ID="region_1522077896254_534l8" BASELINE="1780" HEIGHT="82" WIDTH="1259" VPOS="1698" HPOS="1645"><String HEIGHT="82" WIDTH="214" VPOS="1698" HPOS="1618" CONTENT="נאסר"/><String HEIGHT="82" WIDTH="268" VPOS="1698" HPOS="1752" CONTENT="להושיב"/><String HEIGHT="82" WIDTH="268" VPOS="1698" HPOS="1940" CONTENT="יהודים"/><String HEIGHT="82" WIDTH="214" VPOS="1698" HPOS="2127" CONTENT="בבית"/><String HEIGHT="82" WIDTH="241" VPOS="1698" HPOS="2261" CONTENT="מכירת"/><String HEIGHT="82" WIDTH="241" VPOS="1698" HPOS="2422" CONTENT="היי״ש"/><String HEIGHT="82" WIDTH="214" VPOS="1698" HPOS="2583" CONTENT="שלהם"/><String HEIGHT="82" WIDTH="161" VPOS="1698" HPOS="2716" CONTENT="אף"/><String HEIGHT="82" WIDTH="134" VPOS="1698" HPOS="2770" CONTENT="שהם"/></TextLine><TextLine ID="region_1522077896254_534l9" BASELINE="1843" HEIGHT="78" WIDTH="1260" VPOS="1765" HPOS="1640"><String HEIGHT="78" WIDTH="263" VPOS="1765" HPOS="1614" CONTENT="עוסקים"/><String HEIGHT="78" WIDTH="236" VPOS="1765" HPOS="1798" CONTENT="במסחר"/><String HEIGHT="78" WIDTH="184" VPOS="1765" HPOS="1955" CONTENT="הזה"/><String HEIGHT="78" WIDTH="158" VPOS="1765" HPOS="2060" CONTENT="רק"/><String HEIGHT="78" WIDTH="236" VPOS="1765" HPOS="2139" CONTENT="לטובת"/><String HEIGHT="78" WIDTH="263" VPOS="1765" HPOS="2296" CONTENT="בעליהם"/><String HEIGHT="78" WIDTH="289" VPOS="1765" HPOS="2480" CONTENT="ומקבלים"/><String HEIGHT="78" WIDTH="184" VPOS="1765" HPOS="2690" CONTENT="שכר"/><String HEIGHT="78" WIDTH="131" VPOS="1765" HPOS="2769" CONTENT="בעד"/></TextLine><TextLine ID="region_1522077896254_534l10" BASELINE="1891" HEIGHT="65" WIDTH="343" VPOS="1826" HPOS="2560"><String HEIGHT="65" WIDTH="237" VPOS="1826" HPOS="2534" CONTENT="פעולת"/><String HEIGHT="65" WIDTH="237" VPOS="1826" HPOS="2666" CONTENT="עבודתם."/></TextLine><TextLine ID="region_1522077896254_534l12" BASELINE="2025" HEIGHT="79" WIDTH="1154" VPOS="1946" HPOS="1635"><String HEIGHT="79" WIDTH="196" VPOS="1946" HPOS="1610" CONTENT="בארץ"/><String HEIGHT="79" WIDTH="221" VPOS="1946" HPOS="1733" CONTENT="רוסיא"/><String HEIGHT="79" WIDTH="221" VPOS="1946" HPOS="1881" CONTENT="נתרבו"/><String HEIGHT="79" WIDTH="270" VPOS="1946" HPOS="2028" CONTENT="השריפות"/><String HEIGHT="79" WIDTH="221" VPOS="1946" HPOS="2224" CONTENT="בימים"/><String HEIGHT="79" WIDTH="172" VPOS="1946" HPOS="2372" CONTENT="אלו"/><String HEIGHT="79" WIDTH="147" VPOS="1946" HPOS="2470" CONTENT="על"/><String HEIGHT="79" WIDTH="196" VPOS="1946" HPOS="2543" CONTENT="אופן"/><String HEIGHT="79" WIDTH="147" VPOS="1946" HPOS="2642" CONTENT="נורא"/></TextLine><TextLine ID="region_1522077896254_534l13" BASELINE="2087" HEIGHT="86" WIDTH="1272" VPOS="2001" HPOS="1638"><String HEIGHT="86" WIDTH="204" VPOS="2001" HPOS="1615" CONTENT="מאוד,"/><String HEIGHT="86" WIDTH="159" VPOS="2001" HPOS="1752" CONTENT="לפי"/><String HEIGHT="86" WIDTH="182" VPOS="2001" HPOS="1842" CONTENT="דברי"/><String HEIGHT="86" WIDTH="182" VPOS="2001" HPOS="1956" CONTENT="המ״ע"/><String HEIGHT="86" WIDTH="454" VPOS="2001" HPOS="2070" CONTENT="פראוויטעלסטוועני"/><String HEIGHT="86" WIDTH="295" VPOS="2001" HPOS="2456" CONTENT="וויעסטניק"/><String HEIGHT="86" WIDTH="159" VPOS="2001" HPOS="2683" CONTENT="היו"/><String HEIGHT="86" WIDTH="159" VPOS="2001" HPOS="2751" CONTENT="בחודש"/></TextLine><TextLine ID="region_1522077896254_534l14" BASELINE="2155" HEIGHT="87" WIDTH="1268" VPOS="2068" HPOS="1641"><String HEIGHT="87" WIDTH="1320" VPOS="2068" HPOS="1589" CONTENT="מאי עד 1718 שריפות אשר 698 מהן נעשו בידי אדם, מהן"/></TextLine><TextLine ID="region_1522077896254_534l15" BASELINE="2218" HEIGHT="81" WIDTH="1248" VPOS="2137" HPOS="1645"><String HEIGHT="81" WIDTH="1293" VPOS="2137" HPOS="1600" CONTENT="בזדון, ומהן באונם, ועוד 42 שריפות נהיו על ידי רעם וברק,"/></TextLine><TextLine ID="region_1522077896254_534l16" BASELINE="2283" HEIGHT="86" WIDTH="1258" VPOS="2197" HPOS="1638"><String HEIGHT="86" WIDTH="222" VPOS="2197" HPOS="1613" CONTENT="והשאר"/><String HEIGHT="86" WIDTH="247" VPOS="2197" HPOS="1761" CONTENT="מסיבות"/><String HEIGHT="86" WIDTH="197" VPOS="2197" HPOS="1934" CONTENT="בלתי"/><String HEIGHT="86" WIDTH="271" VPOS="2197" HPOS="2057" CONTENT="ידועות,"/><String HEIGHT="86" WIDTH="197" VPOS="2197" HPOS="2255" CONTENT="היזק"/><String HEIGHT="86" WIDTH="222" VPOS="2197" HPOS="2378" CONTENT="הכללי"/><String HEIGHT="86" WIDTH="197" VPOS="2197" HPOS="2526" CONTENT="עולה"/><String HEIGHT="86" WIDTH="197" VPOS="2197" HPOS="2649" CONTENT="קרוב"/><String HEIGHT="86" WIDTH="148" VPOS="2197" HPOS="2748" CONTENT="לכדי"/></TextLine><TextLine ID="region_1522077896254_534l17" BASELINE="2335" HEIGHT="79" WIDTH="438" VPOS="2256" HPOS="2461"><String HEIGHT="79" WIDTH="131" VPOS="2256" HPOS="2439" CONTENT="ג׳"/><String HEIGHT="79" WIDTH="219" VPOS="2256" HPOS="2505" CONTENT="מיליאן"/><String HEIGHT="79" WIDTH="175" VPOS="2256" HPOS="2658" CONTENT="וחצי"/><String HEIGHT="79" WIDTH="153" VPOS="2256" HPOS="2746" CONTENT="רו״כ."/></TextLine><TextLine ID="region_1522077896254_534l18" BASELINE="2455" HEIGHT="87" WIDTH="1157" VPOS="2368" HPOS="1647"><String HEIGHT="87" WIDTH="226" VPOS="2368" HPOS="1622" CONTENT="לרגלי"/><String HEIGHT="87" WIDTH="226" VPOS="2368" HPOS="1773" CONTENT="השרפה"/><String HEIGHT="87" WIDTH="252" VPOS="2368" HPOS="1924" CONTENT="הגדולה"/><String HEIGHT="87" WIDTH="226" VPOS="2368" HPOS="2100" CONTENT="שהיתה"/><String HEIGHT="87" WIDTH="201" VPOS="2368" HPOS="2251" CONTENT="בעיר"/><String HEIGHT="87" WIDTH="352" VPOS="2368" HPOS="2376" CONTENT="בערדיטשוב,"/><String HEIGHT="87" WIDTH="176" VPOS="2368" HPOS="2628" CONTENT="נשארו"/></TextLine><TextLine ID="region_1522077896254_534l19" BASELINE="2523" HEIGHT="87" WIDTH="1252" VPOS="2436" HPOS="1651"><String HEIGHT="87" WIDTH="218" VPOS="2436" HPOS="1624" CONTENT="יותר"/><String HEIGHT="87" WIDTH="272" VPOS="2436" HPOS="1760" CONTENT="מאלפים"/><String HEIGHT="87" WIDTH="299" VPOS="2436" HPOS="1950" CONTENT="משפחות,"/><String HEIGHT="87" WIDTH="218" VPOS="2436" HPOS="2168" CONTENT="רובם"/><String HEIGHT="87" WIDTH="245" VPOS="2436" HPOS="2304" CONTENT="מאחנו"/><String HEIGHT="87" WIDTH="191" VPOS="2436" HPOS="2468" CONTENT="ב״י"/><String HEIGHT="87" WIDTH="191" VPOS="2436" HPOS="2576" CONTENT="בלי"/><String HEIGHT="87" WIDTH="163" VPOS="2436" HPOS="2685" CONTENT="כל"/><String HEIGHT="87" WIDTH="163" VPOS="2436" HPOS="2740" CONTENT="משען"/></TextLine><TextLine ID="region_1522077896254_534l20" BASELINE="2588" HEIGHT="83" WIDTH="1255" VPOS="2505" HPOS="1650"><String HEIGHT="83" WIDTH="251" VPOS="2505" HPOS="1625" CONTENT="ומשענה"/><String HEIGHT="83" WIDTH="226" VPOS="2505" HPOS="1801" CONTENT="ובאין"/><String HEIGHT="83" WIDTH="201" VPOS="2505" HPOS="1951" CONTENT="מקום"/><String HEIGHT="83" WIDTH="226" VPOS="2505" HPOS="2077" CONTENT="ללון."/><String HEIGHT="83" WIDTH="176" VPOS="2505" HPOS="2227" CONTENT="ועל"/><String HEIGHT="83" WIDTH="151" VPOS="2505" HPOS="2328" CONTENT="כן"/><String HEIGHT="83" WIDTH="301" VPOS="2505" HPOS="2403" CONTENT="הקאמיטעט"/><String HEIGHT="83" WIDTH="251" VPOS="2505" HPOS="2629" CONTENT="הממציא"/><String HEIGHT="83" WIDTH="126" VPOS="2505" HPOS="2780" CONTENT="עזר"/></TextLine><TextLine ID="region_1522077896254_534l21" BASELINE="2649" HEIGHT="86" WIDTH="1258" VPOS="2563" HPOS="1645"><String HEIGHT="86" WIDTH="1304" VPOS="2563" HPOS="1599" CONTENT="לחולים ונפצעים בארץ רוסיא, שם את עין חמלתו עליהם, ויבנה"/></TextLine><TextLine ID="region_1522077896254_534l22" BASELINE="2709" HEIGHT="82" WIDTH="1257" VPOS="2627" HPOS="1643"><String HEIGHT="82" WIDTH="226" VPOS="2627" HPOS="1618" CONTENT="למענם"/><String HEIGHT="82" WIDTH="251" VPOS="2627" HPOS="1769" CONTENT="במגרשי"/><String HEIGHT="82" WIDTH="201" VPOS="2627" HPOS="1945" CONTENT="העיר"/><String HEIGHT="82" WIDTH="226" VPOS="2627" HPOS="2070" CONTENT="אהלים"/><String HEIGHT="82" WIDTH="226" VPOS="2627" HPOS="2221" CONTENT="וסכות"/><String HEIGHT="82" WIDTH="201" VPOS="2627" HPOS="2372" CONTENT="לשבת"/><String HEIGHT="82" WIDTH="176" VPOS="2627" HPOS="2498" CONTENT="שם,"/><String HEIGHT="82" WIDTH="151" VPOS="2627" HPOS="2598" CONTENT="עד"/><String HEIGHT="82" WIDTH="176" VPOS="2627" HPOS="2674" CONTENT="אשר"/><String HEIGHT="82" WIDTH="151" VPOS="2627" HPOS="2749" CONTENT="תבנה"/></TextLine><TextLine ID="region_1522077896254_534l23" BASELINE="2770" HEIGHT="79" WIDTH="342" VPOS="2691" HPOS="2561"><String HEIGHT="79" WIDTH="399" VPOS="2691" HPOS="2504" CONTENT="העיר על תלה."/></TextLine><TextLine ID="region_1522077896254_534l24" BASELINE="2883" HEIGHT="86" WIDTH="1242" VPOS="2797" HPOS="1634"><String HEIGHT="86" WIDTH="207" VPOS="2797" HPOS="1608" CONTENT="מכתב"/><String HEIGHT="86" WIDTH="181" VPOS="2797" HPOS="1738" CONTENT="עתי"/><String HEIGHT="86" WIDTH="285" VPOS="2797" HPOS="1841" CONTENT="גיארכסט"/><String HEIGHT="86" WIDTH="233" VPOS="2797" HPOS="2048" CONTENT="דעללע"/><String HEIGHT="86" WIDTH="285" VPOS="2797" HPOS="2203" CONTENT="קאלאניא"/><String HEIGHT="86" WIDTH="233" VPOS="2797" HPOS="2410" CONTENT="כותב:"/><String HEIGHT="86" WIDTH="181" VPOS="2797" HPOS="2566" CONTENT="כפי"/><String HEIGHT="86" WIDTH="233" VPOS="2797" HPOS="2643" CONTENT="המכתבים"/></TextLine><TextLine ID="region_1522077896254_534l25" BASELINE="2946" HEIGHT="85" WIDTH="1263" VPOS="2861" HPOS="1645"><String HEIGHT="85" WIDTH="1316" VPOS="2861" HPOS="1592" CONTENT="החדשים אשר קבלנו שולטת המגפה בעיר היללאה, מלפנים"/></TextLine><TextLine ID="region_1522077896254_534l26" BASELINE="3018" HEIGHT="101" WIDTH="1271" VPOS="2917" HPOS="1651"><String HEIGHT="101" WIDTH="192" VPOS="2917" HPOS="1627" CONTENT="לארץ"/><String HEIGHT="101" WIDTH="192" VPOS="2917" HPOS="1747" CONTENT="בבל,"/><String HEIGHT="101" WIDTH="168" VPOS="2917" HPOS="1867" CONTENT="וגם"/><String HEIGHT="101" WIDTH="192" VPOS="2917" HPOS="1963" CONTENT="בעיר"/><String HEIGHT="101" WIDTH="264" VPOS="2917" HPOS="2083" CONTENT="דרוזניע"/><String HEIGHT="101" WIDTH="192" VPOS="2917" HPOS="2275" CONTENT="סמוך"/><String HEIGHT="101" WIDTH="264" VPOS="2917" HPOS="2394" CONTENT="לבאגדאד"/><String HEIGHT="101" WIDTH="216" VPOS="2917" HPOS="2586" CONTENT="אסיפת"/><String HEIGHT="101" WIDTH="216" VPOS="2917" HPOS="2706" CONTENT="הרופאים"/></TextLine><TextLine ID="region_1522077896254_534l27" BASELINE="3075" HEIGHT="93" WIDTH="1264" VPOS="2982" HPOS="1644"><String HEIGHT="93" WIDTH="692" VPOS="2982" HPOS="1620" CONTENT="מן התושבים ואנשי החיל אשר"/><String HEIGHT="93" WIDTH="215" VPOS="2982" HPOS="2240" CONTENT="נשלחו"/><String HEIGHT="93" WIDTH="262" VPOS="2982" HPOS="2383" CONTENT="למקומות"/><String HEIGHT="93" WIDTH="167" VPOS="2982" HPOS="2574" CONTENT="ההם"/><String HEIGHT="93" WIDTH="143" VPOS="2982" HPOS="2670" CONTENT="מן"/><String HEIGHT="93" WIDTH="191" VPOS="2982" HPOS="2717" CONTENT="הממשלה"/></TextLine><TextLine ID="region_1522077896254_534l28" BASELINE="3136" HEIGHT="81" WIDTH="1261" VPOS="3055" HPOS="1659"><String HEIGHT="81" WIDTH="428" VPOS="3055" HPOS="1636" CONTENT="בקאנסטאנפינאפעל"/><String HEIGHT="81" WIDTH="225" VPOS="3055" HPOS="1997" CONTENT="להודיע"/><String HEIGHT="81" WIDTH="135" VPOS="3055" HPOS="2154" CONTENT="לה"/><String HEIGHT="81" WIDTH="180" VPOS="3055" HPOS="2222" CONTENT="מהות"/><String HEIGHT="81" WIDTH="203" VPOS="3055" HPOS="2335" CONTENT="החולי"/><String HEIGHT="81" WIDTH="158" VPOS="3055" HPOS="2470" CONTENT="הזה"/><String HEIGHT="81" WIDTH="225" VPOS="3055" HPOS="2560" CONTENT="ואופני"/><String HEIGHT="81" WIDTH="225" VPOS="3055" HPOS="2695" CONTENT="התגלותו,"/></TextLine><TextLine ID="region_1522077896254_534l29" BASELINE="3198" HEIGHT="86" WIDTH="1260" VPOS="3112" HPOS="1654"><String HEIGHT="86" WIDTH="202" VPOS="3112" HPOS="1629" CONTENT="החזק"/><String HEIGHT="86" WIDTH="176" VPOS="3112" HPOS="1755" CONTENT="הוא"/><String HEIGHT="86" WIDTH="151" VPOS="3112" HPOS="1856" CONTENT="אם"/><String HEIGHT="86" WIDTH="202" VPOS="3112" HPOS="1931" CONTENT="רפה,"/><String HEIGHT="86" WIDTH="176" VPOS="3112" HPOS="2057" CONTENT="שבו"/><String HEIGHT="86" WIDTH="277" VPOS="3112" HPOS="2158" CONTENT="לבאגדאד"/><String HEIGHT="86" WIDTH="277" VPOS="3112" HPOS="2360" CONTENT="והודיעו"/><String HEIGHT="86" WIDTH="176" VPOS="3112" HPOS="2561" CONTENT="בטח"/><String HEIGHT="86" WIDTH="202" VPOS="3112" HPOS="2662" CONTENT="שהוא"/><String HEIGHT="86" WIDTH="151" VPOS="3112" HPOS="2763" CONTENT="חולי"/></TextLine><TextLine ID="region_1522077896254_534l30" BASELINE="3266" HEIGHT="81" WIDTH="1251" VPOS="3185" HPOS="1663"><String HEIGHT="81" WIDTH="189" VPOS="3185" HPOS="1639" CONTENT="מגפת"/><String HEIGHT="81" WIDTH="260" VPOS="3185" HPOS="1757" CONTENT="החבורות"/><String HEIGHT="81" WIDTH="212" VPOS="3185" HPOS="1946" CONTENT="(פעסט"/><String HEIGHT="81" WIDTH="165" VPOS="3185" HPOS="2088" CONTENT="מיט"/><String HEIGHT="81" WIDTH="260" VPOS="3185" HPOS="2182" CONTENT="ביילען)"/><String HEIGHT="81" WIDTH="212" VPOS="3185" HPOS="2371" CONTENT="באיזה"/><String HEIGHT="81" WIDTH="236" VPOS="3185" HPOS="2513" CONTENT="מקומות"/><String HEIGHT="81" WIDTH="142" VPOS="3185" HPOS="2678" CONTENT="לא"/><String HEIGHT="81" WIDTH="165" VPOS="3185" HPOS="2749" CONTENT="מתו"/><String HEIGHT="81" WIDTH="94" VPOS="3185" HPOS="2820" CONTENT="דק"/></TextLine><TextLine ID="region_1522077896254_534l31" BASELINE="3331" HEIGHT="81" WIDTH="1277" VPOS="3250" HPOS="1644"><String HEIGHT="81" WIDTH="208" VPOS="3250" HPOS="1618" CONTENT="איזה"/><String HEIGHT="81" WIDTH="235" VPOS="3250" HPOS="1748" CONTENT="אנשים"/><String HEIGHT="81" WIDTH="261" VPOS="3250" HPOS="1905" CONTENT="ובאיזה"/><String HEIGHT="81" WIDTH="182" VPOS="3250" HPOS="2087" CONTENT="מהם"/><String HEIGHT="81" WIDTH="208" VPOS="3250" HPOS="2191" CONTENT="היתה"/><String HEIGHT="81" WIDTH="235" VPOS="3250" HPOS="2322" CONTENT="חורבה"/><String HEIGHT="81" WIDTH="261" VPOS="3250" HPOS="2478" CONTENT="גדולה."/><String HEIGHT="81" WIDTH="156" VPOS="3250" HPOS="2660" CONTENT="מן"/><String HEIGHT="81" WIDTH="208" VPOS="3250" HPOS="2713" CONTENT="הממשלה"/></TextLine><TextLine ID="region_1522077896254_534l32" BASELINE="3391" HEIGHT="82" WIDTH="1266" VPOS="3309" HPOS="1652"><String HEIGHT="82" WIDTH="501" VPOS="3309" HPOS="1626" CONTENT="בקאנסטאנטינאפעל"/><String HEIGHT="82" WIDTH="211" VPOS="3309" HPOS="2048" CONTENT="נתנה"/><String HEIGHT="82" WIDTH="237" VPOS="3309" HPOS="2180" CONTENT="פקודה"/><String HEIGHT="82" WIDTH="237" VPOS="3309" HPOS="2338" CONTENT="שעשרת"/><String HEIGHT="82" WIDTH="237" VPOS="3309" HPOS="2496" CONTENT="אלפים"/><String HEIGHT="82" WIDTH="237" VPOS="3309" HPOS="2654" CONTENT="מאנשי"/><String HEIGHT="82" WIDTH="132" VPOS="3309" HPOS="2786" CONTENT="חיל"/></TextLine><TextLine ID="region_1522077896254_534l33" BASELINE="3465" HEIGHT="96" WIDTH="1249" VPOS="3369" HPOS="1656"><String HEIGHT="96" WIDTH="201" VPOS="3369" HPOS="1634" CONTENT="יסבבו"/><String HEIGHT="96" WIDTH="134" VPOS="3369" HPOS="1768" CONTENT="את"/><String HEIGHT="96" WIDTH="245" VPOS="3369" HPOS="1834" CONTENT="המקומות"/><String HEIGHT="96" WIDTH="156" VPOS="3369" HPOS="2013" CONTENT="ההם"/><String HEIGHT="96" WIDTH="245" VPOS="3369" HPOS="2102" CONTENT="ויסגרום"/><String HEIGHT="96" WIDTH="178" VPOS="3369" HPOS="2281" CONTENT="מאין"/><String HEIGHT="96" WIDTH="178" VPOS="3369" HPOS="2392" CONTENT="יוצא"/><String HEIGHT="96" WIDTH="178" VPOS="3369" HPOS="2504" CONTENT="ואין"/><String HEIGHT="96" WIDTH="156" VPOS="3369" HPOS="2615" CONTENT="בא."/><String HEIGHT="96" WIDTH="156" VPOS="3369" HPOS="2704" CONTENT="כעת"/><String HEIGHT="96" WIDTH="134" VPOS="3369" HPOS="2771" CONTENT="קרבה"/></TextLine><TextLine ID="region_1522077896254_534l34" BASELINE="3531" HEIGHT="103" WIDTH="1275" VPOS="3428" HPOS="1645"><String HEIGHT="103" WIDTH="225" VPOS="3428" HPOS="1620" CONTENT="המגפה"/><String HEIGHT="103" WIDTH="150" VPOS="3428" HPOS="1770" CONTENT="גם"/><String HEIGHT="103" WIDTH="225" VPOS="3428" HPOS="1845" CONTENT="למחוז"/><String HEIGHT="103" WIDTH="325" VPOS="3428" HPOS="1995" CONTENT="קורדיסטאן"/><String HEIGHT="103" WIDTH="175" VPOS="3428" HPOS="2245" CONTENT="אשר"/><String HEIGHT="103" WIDTH="200" VPOS="3428" HPOS="2345" CONTENT="בארץ"/><String HEIGHT="103" WIDTH="200" VPOS="3428" HPOS="2470" CONTENT="פרס."/><String HEIGHT="103" WIDTH="225" VPOS="3428" HPOS="2595" CONTENT="באיזה"/><String HEIGHT="103" WIDTH="200" VPOS="3428" HPOS="2720" CONTENT="מקומות"/></TextLine><TextLine ID="region_1522077896254_534l35" BASELINE="3585" HEIGHT="89" WIDTH="1252" VPOS="3496" HPOS="1650"><String HEIGHT="89" WIDTH="196" VPOS="3496" HPOS="1625" CONTENT="רבים"/><String HEIGHT="89" WIDTH="221" VPOS="3496" HPOS="1748" CONTENT="חללים"/><String HEIGHT="89" WIDTH="245" VPOS="3496" HPOS="1895" CONTENT="הפילה."/><String HEIGHT="89" WIDTH="196" VPOS="3496" HPOS="2067" CONTENT="בכפר"/><String HEIGHT="89" WIDTH="172" VPOS="3496" HPOS="2190" CONTENT="אחד"/><String HEIGHT="89" WIDTH="196" VPOS="3496" HPOS="2288" CONTENT="מספר"/><String HEIGHT="89" WIDTH="221" VPOS="3496" HPOS="2411" CONTENT="המתים"/><String HEIGHT="89" WIDTH="221" VPOS="3496" HPOS="2558" CONTENT="מבוקר"/><String HEIGHT="89" WIDTH="172" VPOS="3496" HPOS="2706" CONTENT="ועד"/><String HEIGHT="89" WIDTH="123" VPOS="3496" HPOS="2779" CONTENT="שעת"/></TextLine><TextLine ID="region_1522077896254_534l36" BASELINE="3652" HEIGHT="83" WIDTH="1268" VPOS="3569" HPOS="1661"><String HEIGHT="83" WIDTH="1319" VPOS="3569" HPOS="1610" CONTENT="הצהרים שתי מאות — והפלא בדבר שאיזה ימים אחרי כן לא"/></TextLine><TextLine ID="region_1522077896254_534l37" BASELINE="3717" HEIGHT="90" WIDTH="1262" VPOS="3627" HPOS="1661"><String HEIGHT="90" WIDTH="376" VPOS="3627" HPOS="1634" CONTENT="מת אף אחד—"/><String HEIGHT="90" WIDTH="215" VPOS="3627" HPOS="1930" CONTENT="לעיר"/><String HEIGHT="90" WIDTH="269" VPOS="3627" HPOS="2064" CONTENT="באגדאד"/><String HEIGHT="90" WIDTH="161" VPOS="3627" HPOS="2252" CONTENT="לא"/><String HEIGHT="90" WIDTH="188" VPOS="3627" HPOS="2332" CONTENT="באה"/><String HEIGHT="90" WIDTH="242" VPOS="3627" HPOS="2440" CONTENT="המגפה"/><String HEIGHT="90" WIDTH="188" VPOS="3627" HPOS="2601" CONTENT="כלל"/><String HEIGHT="90" WIDTH="242" VPOS="3627" HPOS="2681" CONTENT="וכותבים"/></TextLine></TextBlock><TextBlock ID="region_1522077902153_535" HEIGHT="744" WIDTH="1321" VPOS="242" HPOS="281"><Shape><Polygon POINTS="1602,242 281,242 281,986 1602,986"/></Shape><TextLine ID="region_1522077902153_535l1" BASELINE="338" HEIGHT="80" WIDTH="1272" VPOS="258" HPOS="316"><String HEIGHT="80" WIDTH="175" VPOS="258" HPOS="291" CONTENT="משם"/><String HEIGHT="80" WIDTH="200" VPOS="258" HPOS="391" CONTENT="שהיא"/><String HEIGHT="80" WIDTH="224" VPOS="258" HPOS="516" CONTENT="פוחתת"/><String HEIGHT="80" WIDTH="274" VPOS="258" HPOS="665" CONTENT="והולכת."/><String HEIGHT="80" WIDTH="150" VPOS="258" HPOS="865" CONTENT="גם"/><String HEIGHT="80" WIDTH="274" VPOS="258" HPOS="940" CONTENT="במקומות"/><String HEIGHT="80" WIDTH="274" VPOS="258" HPOS="1139" CONTENT="הסמוכים"/><String HEIGHT="80" WIDTH="274" VPOS="258" HPOS="1314" CONTENT="לטריפאליס"/></TextLine><TextLine ID="region_1522077902153_535l2" BASELINE="399" HEIGHT="81" WIDTH="1254" VPOS="318" HPOS="332"><String HEIGHT="81" WIDTH="362" VPOS="318" HPOS="308" CONTENT="בהבערבערייא"/><String HEIGHT="81" WIDTH="193" VPOS="318" HPOS="597" CONTENT="היתה"/><String HEIGHT="81" WIDTH="241" VPOS="318" HPOS="718" CONTENT="המגפה."/><String HEIGHT="81" WIDTH="217" VPOS="318" HPOS="887" CONTENT="היועץ"/><String HEIGHT="81" WIDTH="265" VPOS="318" HPOS="1031" CONTENT="התוגרמי"/><String HEIGHT="81" WIDTH="169" VPOS="318" HPOS="1224" CONTENT="אשר"/><String HEIGHT="81" WIDTH="193" VPOS="318" HPOS="1321" CONTENT="בעיר"/><String HEIGHT="81" WIDTH="169" VPOS="318" HPOS="1417" CONTENT="מאלטא"/></TextLine><TextLine ID="region_1522077902153_535l3" BASELINE="470" HEIGHT="86" WIDTH="1266" VPOS="384" HPOS="324"><String HEIGHT="86" WIDTH="228" VPOS="384" HPOS="299" CONTENT="הודיע"/><String HEIGHT="86" WIDTH="177" VPOS="384" HPOS="451" CONTENT="ע&#34;י"/><String HEIGHT="86" WIDTH="304" VPOS="384" HPOS="552" CONTENT="טעלענראף"/><String HEIGHT="86" WIDTH="203" VPOS="384" HPOS="780" CONTENT="מיום"/><String HEIGHT="86" WIDTH="203" VPOS="384" HPOS="906" CONTENT="חמשה"/><String HEIGHT="86" WIDTH="177" VPOS="384" HPOS="1033" CONTENT="עשר"/><String HEIGHT="86" WIDTH="228" VPOS="384" HPOS="1134" CONTENT="לחודש"/><String HEIGHT="86" WIDTH="152" VPOS="384" HPOS="1286" CONTENT="זה"/><String HEIGHT="86" WIDTH="253" VPOS="384" HPOS="1337" CONTENT="להפקידים"/></TextLine><TextLine ID="region_1522077902153_535l4" BASELINE="528" HEIGHT="82" WIDTH="1262" VPOS="446" HPOS="326"><String HEIGHT="82" WIDTH="148" VPOS="446" HPOS="301" CONTENT="על"/><String HEIGHT="82" WIDTH="173" VPOS="446" HPOS="375" CONTENT="מצב"/><String HEIGHT="82" WIDTH="272" VPOS="446" HPOS="474" CONTENT="הבריאות"/><String HEIGHT="82" WIDTH="495" VPOS="446" HPOS="672" CONTENT="סאניטעטסקאמיסיאן"/><String HEIGHT="82" WIDTH="173" VPOS="446" HPOS="1093" CONTENT="אשר"/><String HEIGHT="82" WIDTH="421" VPOS="446" HPOS="1167" CONTENT="בקאנסטאנטינאפעל"/></TextLine><TextLine ID="region_1522077902153_535l5" BASELINE="590" HEIGHT="75" WIDTH="1259" VPOS="515" HPOS="326"><String HEIGHT="75" WIDTH="176" VPOS="515" HPOS="301" CONTENT="שגם"/><String HEIGHT="75" WIDTH="201" VPOS="515" HPOS="402" CONTENT="בעיר"/><String HEIGHT="75" WIDTH="227" VPOS="515" HPOS="527" CONTENT="מערדי"/><String HEIGHT="75" WIDTH="227" VPOS="515" HPOS="679" CONTENT="במחוז"/><String HEIGHT="75" WIDTH="227" VPOS="515" HPOS="830" CONTENT="בארקא"/><String HEIGHT="75" WIDTH="227" VPOS="515" HPOS="981" CONTENT="בגבול"/><String HEIGHT="75" WIDTH="302" VPOS="515" HPOS="1132" CONTENT="טריפאליס"/><String HEIGHT="75" WIDTH="176" VPOS="515" HPOS="1358" CONTENT="מתו"/><String HEIGHT="75" WIDTH="151" VPOS="515" HPOS="1434" CONTENT="הרבה"/></TextLine><TextLine ID="region_1522077902153_535l6" BASELINE="653" HEIGHT="79" WIDTH="1268" VPOS="574" HPOS="315"><String HEIGHT="79" WIDTH="1318" VPOS="574" HPOS="265" CONTENT="אנשים במגפה. הממשלה בקאנסטאנטינאפעל כתבה מיד גם שמה"/></TextLine><TextLine ID="region_1522077902153_535l7" BASELINE="719" HEIGHT="82" WIDTH="1275" VPOS="637" HPOS="313"><String HEIGHT="82" WIDTH="213" VPOS="637" HPOS="289" CONTENT="ונתנה"/><String HEIGHT="82" WIDTH="213" VPOS="637" HPOS="431" CONTENT="פקודה"/><String HEIGHT="82" WIDTH="165" VPOS="637" HPOS="573" CONTENT="שכל"/><String HEIGHT="82" WIDTH="236" VPOS="637" HPOS="667" CONTENT="האניות"/><String HEIGHT="82" WIDTH="213" VPOS="637" HPOS="832" CONTENT="הבאות"/><String HEIGHT="82" WIDTH="142" VPOS="637" HPOS="974" CONTENT="מן"/><String HEIGHT="82" WIDTH="260" VPOS="637" HPOS="1045" CONTENT="בענגאצי"/><String HEIGHT="82" WIDTH="213" VPOS="637" HPOS="1234" CONTENT="הרחוק"/><String HEIGHT="82" WIDTH="142" VPOS="637" HPOS="1376" CONTENT="מן"/><String HEIGHT="82" WIDTH="165" VPOS="637" HPOS="1423" CONTENT="בארקא"/></TextLine><TextLine ID="region_1522077902153_535l8" BASELINE="783" HEIGHT="82" WIDTH="1273" VPOS="701" HPOS="316"><String HEIGHT="82" WIDTH="168" VPOS="701" HPOS="292" CONTENT="כמו"/><String HEIGHT="82" WIDTH="192" VPOS="701" HPOS="388" CONTENT="מהלך"/><String HEIGHT="82" WIDTH="216" VPOS="701" HPOS="508" CONTENT="עשרים"/><String HEIGHT="82" WIDTH="192" VPOS="701" HPOS="652" CONTENT="שעות"/><String HEIGHT="82" WIDTH="240" VPOS="701" HPOS="772" CONTENT="יתעכבו"/><String HEIGHT="82" WIDTH="192" VPOS="701" HPOS="940" CONTENT="איזה"/><String HEIGHT="82" WIDTH="168" VPOS="701" HPOS="1061" CONTENT="זמן"/><String HEIGHT="82" WIDTH="240" VPOS="701" HPOS="1157" CONTENT="ויבדקו"/><String HEIGHT="82" WIDTH="192" VPOS="701" HPOS="1325" CONTENT="היטב"/><String HEIGHT="82" WIDTH="144" VPOS="701" HPOS="1445" CONTENT="אם"/><String HEIGHT="82" WIDTH="96" VPOS="701" HPOS="1493" CONTENT="לא"/></TextLine><TextLine ID="region_1522077902153_535l9" BASELINE="843" HEIGHT="77" WIDTH="843" VPOS="766" HPOS="737"><String HEIGHT="77" WIDTH="217" VPOS="766" HPOS="713" CONTENT="נמצאו"/><String HEIGHT="77" WIDTH="169" VPOS="766" HPOS="857" CONTENT="בהן"/><String HEIGHT="77" WIDTH="193" VPOS="766" HPOS="954" CONTENT="איזה"/><String HEIGHT="77" WIDTH="217" VPOS="766" HPOS="1074" CONTENT="אנשים"/><String HEIGHT="77" WIDTH="265" VPOS="766" HPOS="1219" CONTENT="מתחלואי"/><String HEIGHT="77" WIDTH="193" VPOS="766" HPOS="1387" CONTENT="המגפה."/></TextLine><TextLine ID="region_1522077902153_535l10" BASELINE="911" HEIGHT="71" WIDTH="154" VPOS="840" HPOS="406"><String HEIGHT="71" WIDTH="216" VPOS="840" HPOS="344" CONTENT="פל״ה."/></TextLine></TextBlock><TextBlock ID="region_1522077906433_536" HEIGHT="2781" WIDTH="1330" VPOS="986" HPOS="272"><Shape><Polygon POINTS="1602,986 272,986 272,3767 1602,3767"/></Shape><TextLine ID="region_1522077906433_536l1" BASELINE="1144" HEIGHT="109" WIDTH="734" VPOS="1035" HPOS="576"><String HEIGHT="109" WIDTH="386" VPOS="1035" HPOS="537" CONTENT="ידיעות"/><String HEIGHT="109" WIDTH="348" VPOS="1035" HPOS="808" CONTENT="העולם"/><String HEIGHT="109" WIDTH="309" VPOS="1035" HPOS="1001" CONTENT="והטבע."/></TextLine><TextLine ID="region_1522077906433_536l2" BASELINE="1243" HEIGHT="61" WIDTH="266" VPOS="1182" HPOS="818"><String HEIGHT="61" WIDTH="372" VPOS="1182" HPOS="712" CONTENT="השמש."/></TextLine><TextLine ID="region_1522077906433_536l3" BASELINE="1368" HEIGHT="76" WIDTH="1152" VPOS="1292" HPOS="319"><String HEIGHT="76" WIDTH="175" VPOS="1292" HPOS="294" CONTENT="אין"/><String HEIGHT="76" WIDTH="175" VPOS="1292" HPOS="394" CONTENT="דבר"/><String HEIGHT="76" WIDTH="175" VPOS="1292" HPOS="494" CONTENT="בכל"/><String HEIGHT="76" WIDTH="225" VPOS="1292" HPOS="594" CONTENT="הנמצא"/><String HEIGHT="76" WIDTH="175" VPOS="1292" HPOS="745" CONTENT="תחת"/><String HEIGHT="76" WIDTH="225" VPOS="1292" HPOS="845" CONTENT="השמים"/><String HEIGHT="76" WIDTH="175" VPOS="1292" HPOS="995" CONTENT="אשר"/><String HEIGHT="76" WIDTH="175" VPOS="1292" HPOS="1095" CONTENT="עין"/><String HEIGHT="76" WIDTH="200" VPOS="1292" HPOS="1196" CONTENT="אנוש"/><String HEIGHT="76" WIDTH="175" VPOS="1292" HPOS="1296" CONTENT="תתענג"/></TextLine><TextLine ID="region_1522077906433_536l4" BASELINE="1424" HEIGHT="79" WIDTH="1245" VPOS="1345" HPOS="336"><String HEIGHT="79" WIDTH="199" VPOS="1345" HPOS="311" CONTENT="עליו"/><String HEIGHT="79" WIDTH="174" VPOS="1345" HPOS="436" CONTENT="כמו"/><String HEIGHT="79" WIDTH="174" VPOS="1345" HPOS="535" CONTENT="אור"/><String HEIGHT="79" WIDTH="224" VPOS="1345" HPOS="635" CONTENT="השמש."/><String HEIGHT="79" WIDTH="199" VPOS="1345" HPOS="784" CONTENT="השמש"/><String HEIGHT="79" WIDTH="174" VPOS="1345" HPOS="909" CONTENT="היא"/><String HEIGHT="79" WIDTH="249" VPOS="1345" HPOS="1008" CONTENT="הבריאה"/><String HEIGHT="79" WIDTH="224" VPOS="1345" HPOS="1183" CONTENT="היותר"/><String HEIGHT="79" WIDTH="224" VPOS="1345" HPOS="1332" CONTENT="שלימה"/><String HEIGHT="79" WIDTH="125" VPOS="1345" HPOS="1457" CONTENT="בכל"/></TextLine><TextLine ID="region_1522077906433_536l5" BASELINE="1494" HEIGHT="83" WIDTH="1258" VPOS="1411" HPOS="326"><String HEIGHT="83" WIDTH="231" VPOS="1411" HPOS="305" CONTENT="הנבראים"/><String HEIGHT="83" WIDTH="210" VPOS="1411" HPOS="473" CONTENT="לעיננו"/><String HEIGHT="83" WIDTH="189" VPOS="1411" HPOS="620" CONTENT="בעולם"/><String HEIGHT="83" WIDTH="231" VPOS="1411" HPOS="745" CONTENT="היצירה."/><String HEIGHT="83" WIDTH="147" VPOS="1411" HPOS="913" CONTENT="היא"/><String HEIGHT="83" WIDTH="168" VPOS="1411" HPOS="997" CONTENT="תשלח"/><String HEIGHT="83" WIDTH="168" VPOS="1411" HPOS="1102" CONTENT="קרני"/><String HEIGHT="83" WIDTH="168" VPOS="1411" HPOS="1207" CONTENT="הודה"/><String HEIGHT="83" WIDTH="189" VPOS="1411" HPOS="1311" CONTENT="ותגלה"/><String HEIGHT="83" WIDTH="168" VPOS="1411" HPOS="1416" CONTENT="לעיננו"/></TextLine><TextLine ID="region_1522077906433_536l6" BASELINE="1556" HEIGHT="80" WIDTH="1260" VPOS="1476" HPOS="317"><String HEIGHT="80" WIDTH="1307" VPOS="1476" HPOS="270" CONTENT="מרחבי העולם וכל היקום אשר בקרבו, בלעדי השמש תבל ומלואה"/></TextLine><TextLine ID="region_1522077906433_536l7" BASELINE="1627" HEIGHT="97" WIDTH="1264" VPOS="1530" HPOS="324"><String HEIGHT="97" WIDTH="174" VPOS="1530" HPOS="302" CONTENT="טמנו"/><String HEIGHT="97" WIDTH="196" VPOS="1530" HPOS="411" CONTENT="בחושך"/><String HEIGHT="97" WIDTH="196" VPOS="1530" HPOS="542" CONTENT="סתרם,"/><String HEIGHT="97" WIDTH="87" VPOS="1530" HPOS="673" CONTENT=""/><String HEIGHT="97" WIDTH="153" VPOS="1530" HPOS="694" CONTENT="ולא"/><String HEIGHT="97" WIDTH="196" VPOS="1530" HPOS="782" CONTENT="שזפתם"/><String HEIGHT="97" WIDTH="153" VPOS="1530" HPOS="912" CONTENT="עין"/><String HEIGHT="97" WIDTH="196" VPOS="1530" HPOS="1000" CONTENT="רואי."/><String HEIGHT="97" WIDTH="131" VPOS="1530" HPOS="1130" CONTENT="אך"/><String HEIGHT="97" WIDTH="153" VPOS="1530" HPOS="1196" CONTENT="היא"/><String HEIGHT="97" WIDTH="218" VPOS="1530" HPOS="1283" CONTENT="תוציאם"/><String HEIGHT="97" WIDTH="131" VPOS="1530" HPOS="1435" CONTENT="מן"/><String HEIGHT="97" WIDTH="109" VPOS="1530" HPOS="1479" CONTENT="חיק"/></TextLine><TextLine ID="region_1522077906433_536l8" BASELINE="1682" HEIGHT="82" WIDTH="1257" VPOS="1600" HPOS="317"><String HEIGHT="82" WIDTH="1300" VPOS="1600" HPOS="274" CONTENT="האפילה לאור המציאות, תשפיע עליהם הוד זהרה, ויופיעו במראיתם"/></TextLine><TextLine ID="region_1522077906433_536l9" BASELINE="1746" HEIGHT="79" WIDTH="1272" VPOS="1667" HPOS="318"><String HEIGHT="79" WIDTH="254" VPOS="1667" HPOS="295" CONTENT="וצביונם"/><String HEIGHT="79" WIDTH="162" VPOS="1667" HPOS="480" CONTENT="אשר"/><String HEIGHT="79" WIDTH="162" VPOS="1667" HPOS="572" CONTENT="נתן"/><String HEIGHT="79" WIDTH="162" VPOS="1667" HPOS="665" CONTENT="להם"/><String HEIGHT="79" WIDTH="185" VPOS="1667" HPOS="757" CONTENT="יוצר"/><String HEIGHT="79" WIDTH="254" VPOS="1667" HPOS="873" CONTENT="בראשית,"/><String HEIGHT="79" WIDTH="116" VPOS="1667" HPOS="1058" CONTENT="—"/><String HEIGHT="79" WIDTH="139" VPOS="1667" HPOS="1104" CONTENT="כל"/><String HEIGHT="79" WIDTH="208" VPOS="1667" HPOS="1174" CONTENT="המביט"/><String HEIGHT="79" WIDTH="139" VPOS="1667" HPOS="1312" CONTENT="אל"/><String HEIGHT="79" WIDTH="162" VPOS="1667" HPOS="1382" CONTENT="הוד"/><String HEIGHT="79" WIDTH="139" VPOS="1667" HPOS="1451" CONTENT="השמש"/></TextLine><TextLine ID="region_1522077906433_536l10" BASELINE="1812" HEIGHT="74" WIDTH="1270" VPOS="1738" HPOS="325"><String HEIGHT="74" WIDTH="165" VPOS="1738" HPOS="301" CONTENT="הוא"/><String HEIGHT="74" WIDTH="188" VPOS="1738" HPOS="396" CONTENT="יודע"/><String HEIGHT="74" WIDTH="235" VPOS="1738" HPOS="513" CONTENT="ומרגיש"/><String HEIGHT="74" WIDTH="235" VPOS="1738" HPOS="678" CONTENT="בקרבו,"/><String HEIGHT="74" WIDTH="141" VPOS="1738" HPOS="842" CONTENT="כי"/><String HEIGHT="74" WIDTH="188" VPOS="1738" HPOS="913" CONTENT="השמש"/><String HEIGHT="74" WIDTH="188" VPOS="1738" HPOS="1031" CONTENT="הזאת"/><String HEIGHT="74" WIDTH="235" VPOS="1738" HPOS="1148" CONTENT="הסובבת"/><String HEIGHT="74" WIDTH="188" VPOS="1738" HPOS="1313" CONTENT="ממעל"/><String HEIGHT="74" WIDTH="141" VPOS="1738" HPOS="1430" CONTENT="לו"/><String HEIGHT="74" WIDTH="118" VPOS="1738" HPOS="1477" CONTENT="יום"/></TextLine><TextLine ID="region_1522077906433_536l11" BASELINE="1868" HEIGHT="71" WIDTH="1260" VPOS="1797" HPOS="330"><String HEIGHT="71" WIDTH="1303" VPOS="1797" HPOS="287" CONTENT="יום, היא היא השמש אשר זרחה לאלפי דורות אשר היו לפניו על פני"/></TextLine><TextLine ID="region_1522077906433_536l12" BASELINE="1937" HEIGHT="78" WIDTH="1270" VPOS="1859" HPOS="312"><String HEIGHT="78" WIDTH="1318" VPOS="1859" HPOS="264" CONTENT="האדמה, ומני שים אדם על הארץ היא הולכת אל דרום וסובבת."/></TextLine><TextLine ID="region_1522077906433_536l13" BASELINE="2010" HEIGHT="95" WIDTH="1267" VPOS="1915" HPOS="328"><String HEIGHT="95" WIDTH="1312" VPOS="1915" HPOS="283" CONTENT="אל צפון, יום ולילה קיץ וחורף לא ישבותו, ועוד כל ימי עולם"/></TextLine><TextLine ID="region_1522077906433_536l14" BASELINE="2064" HEIGHT="81" WIDTH="1258" VPOS="1983" HPOS="324"><String HEIGHT="81" WIDTH="345" VPOS="1983" HPOS="299" CONTENT="לא תשנה את"/><String HEIGHT="81" WIDTH="247" VPOS="1983" HPOS="571" CONTENT="תפקידה"/><String HEIGHT="81" WIDTH="173" VPOS="1983" HPOS="743" CONTENT="ולא"/><String HEIGHT="81" WIDTH="222" VPOS="1983" HPOS="842" CONTENT="תחליף"/><String HEIGHT="81" WIDTH="148" VPOS="1983" HPOS="990" CONTENT="את"/><String HEIGHT="81" WIDTH="197" VPOS="1983" HPOS="1064" CONTENT="פניה"/><String HEIGHT="81" WIDTH="173" VPOS="1983" HPOS="1187" CONTENT="אשר"/><String HEIGHT="81" WIDTH="173" VPOS="1983" HPOS="1286" CONTENT="היו"/><String HEIGHT="81" WIDTH="148" VPOS="1983" HPOS="1385" CONTENT="לה"/><String HEIGHT="81" WIDTH="148" VPOS="1983" HPOS="1434" CONTENT="מראש"/></TextLine><TextLine ID="region_1522077906433_536l15" BASELINE="2133" HEIGHT="90" WIDTH="1267" VPOS="2043" HPOS="327"><String HEIGHT="90" WIDTH="224" VPOS="2043" HPOS="302" CONTENT="מקדמי"/><String HEIGHT="90" WIDTH="199" VPOS="2043" HPOS="451" CONTENT="ארץ."/><String HEIGHT="90" WIDTH="174" VPOS="2043" HPOS="575" CONTENT="אבל"/><String HEIGHT="90" WIDTH="174" VPOS="2043" HPOS="675" CONTENT="איך"/><String HEIGHT="90" WIDTH="224" VPOS="2043" HPOS="774" CONTENT="יתפלא"/><String HEIGHT="90" WIDTH="224" VPOS="2043" HPOS="923" CONTENT="הקורא"/><String HEIGHT="90" WIDTH="224" VPOS="2043" HPOS="1072" CONTENT="בשמעו"/><String HEIGHT="90" WIDTH="174" VPOS="2043" HPOS="1221" CONTENT="מפי"/><String HEIGHT="90" WIDTH="224" VPOS="2043" HPOS="1321" CONTENT="חוקרי"/><String HEIGHT="90" WIDTH="149" VPOS="2043" HPOS="1445" CONTENT="הטבע"/></TextLine><TextLine ID="region_1522077906433_536l16" BASELINE="2197" HEIGHT="84" WIDTH="1260" VPOS="2113" HPOS="328"><String HEIGHT="84" WIDTH="1306" VPOS="2113" HPOS="282" CONTENT="כיום, שאין דבר בכל יצורי תבל אשר עין אנוש תראה בו החלוף"/></TextLine><TextLine ID="region_1522077906433_536l17" BASELINE="2250" HEIGHT="73" WIDTH="1265" VPOS="2177" HPOS="327"><String HEIGHT="73" WIDTH="290" VPOS="2177" HPOS="301" CONTENT="והתמורה"/><String HEIGHT="73" WIDTH="211" VPOS="2177" HPOS="511" CONTENT="כמעט"/><String HEIGHT="73" WIDTH="184" VPOS="2177" HPOS="643" CONTENT="בכל"/><String HEIGHT="73" WIDTH="184" VPOS="2177" HPOS="749" CONTENT="יום"/><String HEIGHT="73" WIDTH="211" VPOS="2177" HPOS="854" CONTENT="ושעה"/><String HEIGHT="73" WIDTH="184" VPOS="2177" HPOS="986" CONTENT="כמו"/><String HEIGHT="73" WIDTH="237" VPOS="2177" HPOS="1091" CONTENT="השמש?"/><String HEIGHT="73" WIDTH="158" VPOS="2177" HPOS="1249" CONTENT="זה"/><String HEIGHT="73" WIDTH="211" VPOS="2177" HPOS="1328" CONTENT="איזו"/><String HEIGHT="73" WIDTH="158" VPOS="2177" HPOS="1434" CONTENT="שנים"/></TextLine><TextLine ID="region_1522077906433_536l18" BASELINE="2323" HEIGHT="81" WIDTH="1260" VPOS="2242" HPOS="331"><String HEIGHT="81" WIDTH="163" VPOS="2242" HPOS="308" CONTENT="אשר"/><String HEIGHT="81" WIDTH="257" VPOS="2242" HPOS="401" CONTENT="התוכנים"/><String HEIGHT="81" WIDTH="187" VPOS="2242" HPOS="588" CONTENT="מצאו"/><String HEIGHT="81" WIDTH="163" VPOS="2242" HPOS="704" CONTENT="להם"/><String HEIGHT="81" WIDTH="163" VPOS="2242" HPOS="798" CONTENT="כלי"/><String HEIGHT="81" WIDTH="187" VPOS="2242" HPOS="891" CONTENT="מחזה"/><String HEIGHT="81" WIDTH="257" VPOS="2242" HPOS="1008" CONTENT="מיוחדים"/><String HEIGHT="81" WIDTH="257" VPOS="2242" HPOS="1194" CONTENT="להתבונן"/><String HEIGHT="81" WIDTH="210" VPOS="2242" HPOS="1381" CONTENT="ולתור"/><String HEIGHT="81" WIDTH="93" VPOS="2242" HPOS="1498" CONTENT="על"/></TextLine><TextLine ID="region_1522077906433_536l19" BASELINE="2380" HEIGHT="79" WIDTH="1269" VPOS="2301" HPOS="325"><String HEIGHT="79" WIDTH="149" VPOS="2301" HPOS="300" CONTENT="כל"/><String HEIGHT="79" WIDTH="224" VPOS="2301" HPOS="375" CONTENT="הנעשה"/><String HEIGHT="79" WIDTH="149" VPOS="2301" HPOS="524" CONTENT="על"/><String HEIGHT="79" WIDTH="174" VPOS="2301" HPOS="599" CONTENT="פני"/><String HEIGHT="79" WIDTH="224" VPOS="2301" HPOS="698" CONTENT="השמש,"/><String HEIGHT="79" WIDTH="174" VPOS="2301" HPOS="848" CONTENT="ועל"/><String HEIGHT="79" WIDTH="149" VPOS="2301" HPOS="947" CONTENT="פי"/><String HEIGHT="79" WIDTH="274" VPOS="2301" HPOS="1022" CONTENT="השנויים"/><String HEIGHT="79" WIDTH="224" VPOS="2301" HPOS="1221" CONTENT="הרבים"/><String HEIGHT="79" WIDTH="249" VPOS="2301" HPOS="1345" CONTENT="והנפלאים"/></TextLine><TextLine ID="region_1522077906433_536l20" BASELINE="2448" HEIGHT="82" WIDTH="1266" VPOS="2366" HPOS="325"><String HEIGHT="82" WIDTH="1312" VPOS="2366" HPOS="279" CONTENT="אשר יראו עליה יום יום, יבינו אותות מרחוק על רוב החליפות"/></TextLine><TextLine ID="region_1522077906433_536l21" BASELINE="2509" HEIGHT="77" WIDTH="1247" VPOS="2432" HPOS="337"><String HEIGHT="77" WIDTH="293" VPOS="2432" HPOS="313" CONTENT="והתמורות"/><String HEIGHT="77" WIDTH="171" VPOS="2432" HPOS="533" CONTENT="אשר"/><String HEIGHT="77" WIDTH="196" VPOS="2432" HPOS="630" CONTENT="עברו"/><String HEIGHT="77" WIDTH="196" VPOS="2432" HPOS="753" CONTENT="עליה"/><String HEIGHT="77" WIDTH="147" VPOS="2432" HPOS="875" CONTENT="כל"/><String HEIGHT="77" WIDTH="171" VPOS="2432" HPOS="948" CONTENT="ימי"/><String HEIGHT="77" WIDTH="220" VPOS="2432" HPOS="1046" CONTENT="צבאה,"/><String HEIGHT="77" WIDTH="171" VPOS="2432" HPOS="1193" CONTENT="מאז"/><String HEIGHT="77" WIDTH="196" VPOS="2432" HPOS="1291" CONTENT="צאתה"/><String HEIGHT="77" WIDTH="196" VPOS="2432" HPOS="1388" CONTENT="ראשונה"/></TextLine><TextLine ID="region_1522077906433_536l22" BASELINE="2577" HEIGHT="85" WIDTH="1250" VPOS="2492" HPOS="333"><String HEIGHT="85" WIDTH="250" VPOS="2492" HPOS="308" CONTENT="להויות"/><String HEIGHT="85" WIDTH="250" VPOS="2492" HPOS="483" CONTENT="העולם,"/><String HEIGHT="85" WIDTH="225" VPOS="2492" HPOS="658" CONTENT="וכמעט"/><String HEIGHT="85" WIDTH="225" VPOS="2492" HPOS="808" CONTENT="יתדמה"/><String HEIGHT="85" WIDTH="175" VPOS="2492" HPOS="958" CONTENT="לנו"/><String HEIGHT="85" WIDTH="175" VPOS="2492" HPOS="1058" CONTENT="אשר"/><String HEIGHT="85" WIDTH="150" VPOS="2492" HPOS="1158" CONTENT="עד"/><String HEIGHT="85" WIDTH="200" VPOS="2492" HPOS="1233" CONTENT="היום"/><String HEIGHT="85" WIDTH="225" VPOS="2492" HPOS="1358" CONTENT="עדיין"/><String HEIGHT="85" WIDTH="100" VPOS="2492" HPOS="1483" CONTENT="לא"/></TextLine><TextLine ID="region_1522077906433_536l23" BASELINE="2634" HEIGHT="77" WIDTH="1255" VPOS="2557" HPOS="336"><String HEIGHT="77" WIDTH="845" VPOS="2557" HPOS="312" CONTENT="נגמרה ביצירתה כהלכתה. כי מעת אל"/><String HEIGHT="77" WIDTH="145" VPOS="2557" HPOS="1084" CONTENT="עת"/><String HEIGHT="77" WIDTH="217" VPOS="2557" HPOS="1157" CONTENT="יולדו"/><String HEIGHT="77" WIDTH="193" VPOS="2557" HPOS="1301" CONTENT="עליה"/><String HEIGHT="77" WIDTH="193" VPOS="2557" HPOS="1398" CONTENT="שנויים"/></TextLine><TextLine ID="region_1522077906433_536l24" BASELINE="2706" HEIGHT="92" WIDTH="1268" VPOS="2614" HPOS="330"><String HEIGHT="92" WIDTH="1313" VPOS="2614" HPOS="285" CONTENT="מפליאים גדולים ונוראים, אשר יעידו לנו כי עוד לא נחו שקטו"/></TextLine><TextLine ID="region_1522077906433_536l25" BASELINE="2766" HEIGHT="77" WIDTH="1243" VPOS="2689" HPOS="342"><String HEIGHT="77" WIDTH="188" VPOS="2689" HPOS="319" CONTENT="כחות"/><String HEIGHT="77" WIDTH="235" VPOS="2689" HPOS="436" CONTENT="היצירה"/><String HEIGHT="77" WIDTH="281" VPOS="2689" HPOS="600" CONTENT="הראשונים"/><String HEIGHT="77" WIDTH="235" VPOS="2689" HPOS="811" CONTENT="בקרבה,"/><String HEIGHT="77" WIDTH="211" VPOS="2689" HPOS="975" CONTENT="ועודם"/><String HEIGHT="77" WIDTH="211" VPOS="2689" HPOS="1116" CONTENT="בונים"/><String HEIGHT="77" WIDTH="258" VPOS="2689" HPOS="1257" CONTENT="וסותרים"/><String HEIGHT="77" WIDTH="164" VPOS="2689" HPOS="1421" CONTENT="בתוכה"/></TextLine><TextLine ID="region_1522077906433_536l26" BASELINE="2828" HEIGHT="81" WIDTH="1254" VPOS="2747" HPOS="335"><String HEIGHT="81" WIDTH="1279" VPOS="2747" HPOS="310" CONTENT="להביאה אל מעמד אחר טבעי, אשר לא ידענו מהותו. על"/><String HEIGHT="81" WIDTH="100" VPOS="2747" HPOS="1489" CONTENT="פי"/></TextLine><TextLine ID="region_1522077906433_536l27" BASELINE="2899" HEIGHT="92" WIDTH="1241" VPOS="2807" HPOS="349"><String HEIGHT="92" WIDTH="268" VPOS="2807" HPOS="325" CONTENT="התחדשות"/><String HEIGHT="92" WIDTH="268" VPOS="2807" HPOS="519" CONTENT="השנויים"/><String HEIGHT="92" WIDTH="268" VPOS="2807" HPOS="714" CONTENT="הגדולים"/><String HEIGHT="92" WIDTH="170" VPOS="2807" HPOS="909" CONTENT="ההם"/><String HEIGHT="92" WIDTH="219" VPOS="2807" HPOS="1006" CONTENT="ישפטו"/><String HEIGHT="92" WIDTH="195" VPOS="2807" HPOS="1152" CONTENT="חכמי"/><String HEIGHT="92" WIDTH="341" VPOS="2807" HPOS="1249" CONTENT="הקאסמאגאניע,"/></TextLine><TextLine ID="region_1522077906433_536l28" BASELINE="2955" HEIGHT="83" WIDTH="1245" VPOS="2872" HPOS="340"><String HEIGHT="83" WIDTH="149" VPOS="2872" HPOS="315" CONTENT="כי"/><String HEIGHT="83" WIDTH="174" VPOS="2872" HPOS="390" CONTENT="בעת"/><String HEIGHT="83" WIDTH="249" VPOS="2872" HPOS="489" CONTENT="יציאתה"/><String HEIGHT="83" WIDTH="199" VPOS="2872" HPOS="664" CONTENT="מחיק"/><String HEIGHT="83" WIDTH="249" VPOS="2872" HPOS="788" CONTENT="היצירה"/><String HEIGHT="83" WIDTH="299" VPOS="2872" HPOS="963" CONTENT="בראשונה,"/><String HEIGHT="83" WIDTH="199" VPOS="2872" HPOS="1187" CONTENT="היתה"/><String HEIGHT="83" WIDTH="224" VPOS="2872" HPOS="1311" CONTENT="גדולה"/><String HEIGHT="83" WIDTH="149" VPOS="2872" HPOS="1436" CONTENT="הרבה"/></TextLine><TextLine ID="region_1522077906433_536l29" BASELINE="3016" HEIGHT="71" WIDTH="1252" VPOS="2945" HPOS="334"><String HEIGHT="71" WIDTH="193" VPOS="2945" HPOS="310" CONTENT="יותר"/><String HEIGHT="71" WIDTH="193" VPOS="2945" HPOS="430" CONTENT="מכפי"/><String HEIGHT="71" WIDTH="193" VPOS="2945" HPOS="551" CONTENT="שהיא"/><String HEIGHT="71" WIDTH="217" VPOS="2945" HPOS="671" CONTENT="נראית"/><String HEIGHT="71" WIDTH="193" VPOS="2945" HPOS="816" CONTENT="כיום"/><String HEIGHT="71" WIDTH="265" VPOS="2945" HPOS="936" CONTENT="לעיננו."/><String HEIGHT="71" WIDTH="169" VPOS="2945" HPOS="1129" CONTENT="ועד"/><String HEIGHT="71" WIDTH="193" VPOS="2945" HPOS="1225" CONTENT="היום"/><String HEIGHT="71" WIDTH="169" VPOS="2945" HPOS="1345" CONTENT="היא"/><String HEIGHT="71" WIDTH="169" VPOS="2945" HPOS="1417" CONTENT="מחלפת"/></TextLine><TextLine ID="region_1522077906433_536l30" BASELINE="3087" HEIGHT="90" WIDTH="1254" VPOS="2997" HPOS="335"><String HEIGHT="90" WIDTH="232" VPOS="2997" HPOS="312" CONTENT="לפעמים"/><String HEIGHT="90" WIDTH="186" VPOS="2997" HPOS="474" CONTENT="כמות"/><String HEIGHT="90" WIDTH="186" VPOS="2997" HPOS="590" CONTENT="גדלה"/><String HEIGHT="90" WIDTH="209" VPOS="2997" HPOS="707" CONTENT="בשעור"/><String HEIGHT="90" WIDTH="186" VPOS="2997" HPOS="846" CONTENT="קטן,"/><String HEIGHT="90" WIDTH="186" VPOS="2997" HPOS="962" CONTENT="מפאת"/><String HEIGHT="90" WIDTH="186" VPOS="2997" HPOS="1078" CONTENT="כחות"/><String HEIGHT="90" WIDTH="279" VPOS="2997" HPOS="1194" CONTENT="הפנימיים"/><String HEIGHT="90" WIDTH="209" VPOS="2997" HPOS="1380" CONTENT="הסוערים"/></TextLine><TextLine ID="region_1522077906433_536l31" BASELINE="3145" HEIGHT="72" WIDTH="1241" VPOS="3073" HPOS="354"><String HEIGHT="72" WIDTH="430" VPOS="3073" HPOS="330" CONTENT="ורוצצים בקרבה."/><String HEIGHT="72" WIDTH="119" VPOS="3073" HPOS="688" CONTENT="—"/><String HEIGHT="72" WIDTH="167" VPOS="3073" HPOS="736" CONTENT="שני"/><String HEIGHT="72" WIDTH="263" VPOS="3073" HPOS="831" CONTENT="התוכנים"/><String HEIGHT="72" WIDTH="191" VPOS="3073" HPOS="1022" CONTENT="סעכי"/><String HEIGHT="72" WIDTH="215" VPOS="3073" HPOS="1142" CONTENT="וראזע"/><String HEIGHT="72" WIDTH="239" VPOS="3073" HPOS="1285" CONTENT="השתדלו"/><String HEIGHT="72" WIDTH="167" VPOS="3073" HPOS="1428" CONTENT="למדוד"/></TextLine><TextLine ID="region_1522077906433_536l32" BASELINE="3217" HEIGHT="85" WIDTH="1252" VPOS="3132" HPOS="337"><String HEIGHT="85" WIDTH="225" VPOS="3132" HPOS="312" CONTENT="בדיוק"/><String HEIGHT="85" WIDTH="175" VPOS="3132" HPOS="462" CONTENT="פעם"/><String HEIGHT="85" WIDTH="200" VPOS="3132" HPOS="562" CONTENT="בפעם"/><String HEIGHT="85" WIDTH="150" VPOS="3132" HPOS="688" CONTENT="את"/><String HEIGHT="85" WIDTH="175" VPOS="3132" HPOS="763" CONTENT="מדת"/><String HEIGHT="85" WIDTH="225" VPOS="3132" HPOS="863" CONTENT="רוחבה"/><String HEIGHT="85" WIDTH="175" VPOS="3132" HPOS="1013" CONTENT="ע״י"/><String HEIGHT="85" WIDTH="175" VPOS="3132" HPOS="1113" CONTENT="כלי"/><String HEIGHT="85" WIDTH="225" VPOS="3132" HPOS="1213" CONTENT="מחזה,"/><String HEIGHT="85" WIDTH="225" VPOS="3132" HPOS="1364" CONTENT="ומצאו"/><String HEIGHT="85" WIDTH="100" VPOS="3132" HPOS="1489" CONTENT="כי"/></TextLine><TextLine ID="region_1522077906433_536l33" BASELINE="3276" HEIGHT="75" WIDTH="1249" VPOS="3201" HPOS="349"><String HEIGHT="75" WIDTH="216" VPOS="3201" HPOS="325" CONTENT="מחודש"/><String HEIGHT="75" WIDTH="288" VPOS="3201" HPOS="469" CONTENT="נאוועמבר"/><String HEIGHT="75" WIDTH="192" VPOS="3201" HPOS="685" CONTENT="משנת"/><String HEIGHT="75" WIDTH="216" VPOS="3201" HPOS="805" CONTENT="1871,"/><String HEIGHT="75" WIDTH="168" VPOS="3201" HPOS="949" CONTENT="וכן"/><String HEIGHT="75" WIDTH="216" VPOS="3201" HPOS="1046" CONTENT="בחדשי"/><String HEIGHT="75" WIDTH="192" VPOS="3201" HPOS="1190" CONTENT="מערץ"/><String HEIGHT="75" WIDTH="240" VPOS="3201" HPOS="1310" CONTENT="ואפריל"/><String HEIGHT="75" WIDTH="144" VPOS="3201" HPOS="1454" CONTENT="משנת"/></TextLine><TextLine ID="region_1522077906433_536l34" BASELINE="3346" HEIGHT="81" WIDTH="1250" VPOS="3265" HPOS="348"><String HEIGHT="81" WIDTH="1300" VPOS="3265" HPOS="298" CONTENT="1872, היה מדת רוחב השמש בתכלית הקוטן, ולהיפך בחדשי"/></TextLine><TextLine ID="region_1522077906433_536l35" BASELINE="3405" HEIGHT="84" WIDTH="1258" VPOS="3321" HPOS="349"><String HEIGHT="84" WIDTH="252" VPOS="3321" HPOS="324" CONTENT="אקטאבר"/><String HEIGHT="84" WIDTH="302" VPOS="3321" HPOS="500" CONTENT="ודעצעמבר"/><String HEIGHT="84" WIDTH="201" VPOS="3321" HPOS="726" CONTENT="משנת"/><String HEIGHT="84" WIDTH="226" VPOS="3321" HPOS="852" CONTENT="1872,"/><String HEIGHT="84" WIDTH="252" VPOS="3321" HPOS="1003" CONTENT="נתגדלה"/><String HEIGHT="84" WIDTH="176" VPOS="3321" HPOS="1179" CONTENT="מעט"/><String HEIGHT="84" WIDTH="226" VPOS="3321" HPOS="1280" CONTENT="ממדתה"/><String HEIGHT="84" WIDTH="201" VPOS="3321" HPOS="1406" CONTENT="האמצעי"/></TextLine><TextLine ID="region_1522077906433_536l36" BASELINE="3473" HEIGHT="82" WIDTH="1253" VPOS="3391" HPOS="355"><String HEIGHT="82" WIDTH="205" VPOS="3391" HPOS="332" CONTENT="הידוע"/><String HEIGHT="82" WIDTH="205" VPOS="3391" HPOS="469" CONTENT="ושעור"/><String HEIGHT="82" WIDTH="205" VPOS="3391" HPOS="606" CONTENT="העודף"/><String HEIGHT="82" WIDTH="159" VPOS="3391" HPOS="742" CONTENT="בין"/><String HEIGHT="82" WIDTH="205" VPOS="3391" HPOS="833" CONTENT="שניהם"/><String HEIGHT="82" WIDTH="182" VPOS="3391" HPOS="970" CONTENT="עולה"/><String HEIGHT="82" WIDTH="182" VPOS="3391" HPOS="1084" CONTENT="לכדי"/><String HEIGHT="82" WIDTH="114" VPOS="3391" HPOS="1198" CONTENT="3"/><String HEIGHT="82" WIDTH="273" VPOS="3391" HPOS="1243" CONTENT="זעקונדים"/><String HEIGHT="82" WIDTH="182" VPOS="3391" HPOS="1426" CONTENT="קשתיים"/></TextLine><TextLine ID="region_1522077906433_536l37" BASELINE="3543" HEIGHT="101" WIDTH="1265" VPOS="3442" HPOS="335"><String HEIGHT="101" WIDTH="195" VPOS="3442" HPOS="311" CONTENT="והוא"/><String HEIGHT="101" WIDTH="195" VPOS="3442" HPOS="432" CONTENT="לערך"/><String HEIGHT="101" WIDTH="170" VPOS="3442" HPOS="554" CONTENT="300"/><String HEIGHT="101" WIDTH="243" VPOS="3442" HPOS="651" CONTENT="פרסאות"/><String HEIGHT="101" WIDTH="195" VPOS="3442" HPOS="822" CONTENT="במדת"/><String HEIGHT="101" WIDTH="268" VPOS="3442" HPOS="943" CONTENT="„רוחבה,"/><String HEIGHT="101" WIDTH="170" VPOS="3442" HPOS="1138" CONTENT="ועם"/><String HEIGHT="101" WIDTH="219" VPOS="3442" HPOS="1235" CONTENT="היותו"/><String HEIGHT="101" WIDTH="195" VPOS="3442" HPOS="1381" CONTENT="שעור"/><String HEIGHT="101" WIDTH="122" VPOS="3442" HPOS="1478" CONTENT="קטן"/></TextLine><TextLine ID="region_1522077906433_536l38" BASELINE="3600" HEIGHT="89" WIDTH="1257" VPOS="3511" HPOS="349"><String HEIGHT="89" WIDTH="205" VPOS="3511" HPOS="323" CONTENT="בלתי"/><String HEIGHT="89" WIDTH="205" VPOS="3511" HPOS="452" CONTENT="נחשב"/><String HEIGHT="89" WIDTH="205" VPOS="3511" HPOS="580" CONTENT="כמעט"/><String HEIGHT="89" WIDTH="205" VPOS="3511" HPOS="708" CONTENT="בערך"/><String HEIGHT="89" WIDTH="231" VPOS="3511" HPOS="836" CONTENT="רוחבה"/><String HEIGHT="89" WIDTH="231" VPOS="3511" HPOS="990" CONTENT="הגדול"/><String HEIGHT="89" WIDTH="257" VPOS="3511" HPOS="1144" CONTENT="המחזיק"/><String HEIGHT="89" WIDTH="154" VPOS="3511" HPOS="1324" CONTENT="עד"/><String HEIGHT="89" WIDTH="180" VPOS="3511" HPOS="1401" CONTENT="כדי"/><String HEIGHT="89" WIDTH="128" VPOS="3511" HPOS="1478" CONTENT="188"/></TextLine><TextLine ID="region_1522077906433_536l39" BASELINE="3665" HEIGHT="93" WIDTH="1264" VPOS="3572" HPOS="343"><String HEIGHT="93" WIDTH="219" VPOS="3572" HPOS="319" CONTENT="אלפים"/><String HEIGHT="93" WIDTH="267" VPOS="3572" HPOS="465" CONTENT="פרסאות,"/><String HEIGHT="93" WIDTH="170" VPOS="3572" HPOS="659" CONTENT="הנה"/><String HEIGHT="93" WIDTH="194" VPOS="3572" HPOS="756" CONTENT="עכ״פ"/><String HEIGHT="93" WIDTH="194" VPOS="3572" HPOS="878" CONTENT="שנוי"/><String HEIGHT="93" WIDTH="194" VPOS="3572" HPOS="999" CONTENT="ניכר"/><String HEIGHT="93" WIDTH="170" VPOS="3572" HPOS="1121" CONTENT="כזה"/><String HEIGHT="93" WIDTH="219" VPOS="3572" HPOS="1218" CONTENT="הנראה"/><String HEIGHT="93" WIDTH="194" VPOS="3572" HPOS="1364" CONTENT="לעין"/><String HEIGHT="93" WIDTH="146" VPOS="3572" HPOS="1461" CONTENT="אנוש"/></TextLine><TextLine ID="region_1522077906433_536l40" BASELINE="3739" HEIGHT="99" WIDTH="1269" VPOS="3640" HPOS="331"><String HEIGHT="99" WIDTH="181" VPOS="3640" HPOS="308" CONTENT="בזמן"/><String HEIGHT="99" WIDTH="181" VPOS="3640" HPOS="422" CONTENT="קצר,"/><String HEIGHT="99" WIDTH="181" VPOS="3640" HPOS="535" CONTENT="יורה"/><String HEIGHT="99" WIDTH="136" VPOS="3640" HPOS="648" CONTENT="על"/><String HEIGHT="99" WIDTH="227" VPOS="3640" HPOS="716" CONTENT="פעולות"/><String HEIGHT="99" WIDTH="249" VPOS="3640" HPOS="875" CONTENT="השנויים"/><String HEIGHT="99" WIDTH="272" VPOS="3640" HPOS="1056" CONTENT="והתמורות"/><String HEIGHT="99" WIDTH="272" VPOS="3640" HPOS="1260" CONTENT="המתחדשים"/><String HEIGHT="99" WIDTH="159" VPOS="3640" HPOS="1441" CONTENT="בקרבה"/></TextLine></TextBlock></PrintSpace></Page></Layout></alto>