<?xml version="1.0" encoding="UTF-8"?><alto xmlns:xsi="http://www.w3.org/2001/XMLSchema-instance" xmlns="http://www.loc.gov/standards/alto/ns-v2#" xmlns:page="http://schema.primaresearch.org/PAGE/gts/pagecontent/2013-07-15" xsi:schemaLocation="http://schema.primaresearch.org/PAGE/gts/pagecontent/2013-07-15 http://schema.primaresearch.org/PAGE/gts/pagecontent/2013-07-15/pagecontent.xsd http://www.loc.gov/standards/alto/ns-v2# http://www.loc.gov/standards/alto/alto-v2.0.xsd"><Description><MeasurementUnit>pixel</MeasurementUnit></Description><Layout><Page ID="Page1" PHYSICAL_IMG_NR="1" HEIGHT="3921" WIDTH="3071"><TopMargin HEIGHT="0" WIDTH="3071" VPOS="0" HPOS="0"/><LeftMargin HEIGHT="3921" WIDTH="0" VPOS="0" HPOS="0"/><RightMargin HEIGHT="3921" WIDTH="0" VPOS="0" HPOS="3071"/><BottomMargin HEIGHT="0" WIDTH="3071" VPOS="3921" HPOS="0"/><PrintSpace HEIGHT="3921" WIDTH="3071" VPOS="0" HPOS="0"><TextBlock ID="r1" HEIGHT="153" WIDTH="15" VPOS="3715" HPOS="183"><Shape><Polygon POINTS="183,3715 183,3868 198,3868 198,3715"/></Shape></TextBlock><TextBlock ID="r2" HEIGHT="3435" WIDTH="1294" VPOS="207" HPOS="335"><Shape><Polygon POINTS="335,207 335,3642 1629,3642 1629,207"/></Shape><TextLine ID="r2l1" BASELINE="285" HEIGHT="95" WIDTH="1250" VPOS="190" HPOS="330"><String HEIGHT="95" WIDTH="1298" VPOS="190" HPOS="282" CONTENT="ועליה נולדו אנשים גדולים בכל חכמה וחרשת המעשה (קונסט"/></TextLine><TextLine ID="r2l2" BASELINE="334" HEIGHT="75" WIDTH="1250" VPOS="259" HPOS="333"><String HEIGHT="75" WIDTH="1299" VPOS="259" HPOS="284" CONTENT="אונד וויססענשאפט), ועוד לה יתר שאת על אחיותיה ארצות"/></TextLine><TextLine ID="r2l3" BASELINE="401" HEIGHT="84" WIDTH="1238" VPOS="317" HPOS="348"><String HEIGHT="84" WIDTH="1287" VPOS="317" HPOS="299" CONTENT="וחלקי תבל שונות, כי ממנה עוד לא יצא אפיפיור לשבת על"/></TextLine><TextLine ID="r2l4" BASELINE="459" HEIGHT="70" WIDTH="1233" VPOS="389" HPOS="355"><String HEIGHT="70" WIDTH="1281" VPOS="389" HPOS="307" CONTENT="כסא פטרוס הקדוש! ויחשב שמה כי מארבע עשרה אומות יצאו"/></TextLine><TextLine ID="r2l5" BASELINE="523" HEIGHT="79" WIDTH="1239" VPOS="444" HPOS="347"><String HEIGHT="79" WIDTH="1283" VPOS="444" HPOS="303" CONTENT="אפיפיורים למלוך, ואלו הן: מאטליה 202, מגרציה 12, מפרנציה"/></TextLine><TextLine ID="r2l6" BASELINE="586" HEIGHT="76" WIDTH="1241" VPOS="510" HPOS="345"><String HEIGHT="76" WIDTH="1297" VPOS="510" HPOS="289" CONTENT="13, מגרמניה , מאסטריה , מהשפניה 2, מפורטגל 2"/></TextLine><TextLine ID="r2l7" BASELINE="653" HEIGHT="81" WIDTH="1256" VPOS="572" HPOS="330"><String HEIGHT="81" WIDTH="1303" VPOS="572" HPOS="283" CONTENT="מבווריה 1, מאנגליה 1, מסכסניה 1, מטורקיה 1, מאזיה 19,"/></TextLine><TextLine ID="r2l8" BASELINE="720" HEIGHT="83" WIDTH="673" VPOS="637" HPOS="906"><String HEIGHT="83" WIDTH="723" VPOS="637" HPOS="856" CONTENT="מאפריקה 4, מאמעריקה לא אחד!"/></TextLine><TextLine ID="r2l9" BASELINE="830" HEIGHT="76" WIDTH="1149" VPOS="754" HPOS="326"><String HEIGHT="76" WIDTH="1197" VPOS="754" HPOS="278" CONTENT="בהאקאדמיה בעיר לונדן דרשו חכמי לשונות השמיות מלת"/></TextLine><TextLine ID="r2l10" BASELINE="886" HEIGHT="66" WIDTH="1246" VPOS="820" HPOS="340"><String HEIGHT="66" WIDTH="1294" VPOS="820" HPOS="292" CONTENT="חוה ומצאו כי פרושה בשפת ערבית הישנה הוא „עצם״, על שם"/></TextLine><TextLine ID="r2l11" BASELINE="943" HEIGHT="49" WIDTH="375" VPOS="894" HPOS="1197"><String HEIGHT="49" WIDTH="422" VPOS="894" HPOS="1150" CONTENT="הכתוב עצם מעצמי."/></TextLine><TextLine ID="r2l12" BASELINE="1022" HEIGHT="80" WIDTH="1164" VPOS="942" HPOS="330"><String HEIGHT="80" WIDTH="1211" VPOS="942" HPOS="283" CONTENT="כבוד גדול נעשה לראשי הקהלות בערי קיירו ואלכסאנדריה"/></TextLine><TextLine ID="r2l13" BASELINE="1083" HEIGHT="85" WIDTH="1243" VPOS="998" HPOS="331"><String HEIGHT="85" WIDTH="1294" VPOS="998" HPOS="280" CONTENT="במצרים, כי משנה למלך מצרים כבדם באות הכבוד המכונה"/></TextLine><TextLine ID="r2l14" BASELINE="1152" HEIGHT="70" WIDTH="1236" VPOS="1082" HPOS="335"><String HEIGHT="70" WIDTH="1284" VPOS="1082" HPOS="287" CONTENT="Medjedie-Orden  ממדרגה השניה. קיסר רוסיה נתן את אות"/></TextLine><TextLine ID="r2l15" BASELINE="1218" HEIGHT="85" WIDTH="1236" VPOS="1133" HPOS="348"><String HEIGHT="85" WIDTH="1284" VPOS="1133" HPOS="300" CONTENT="הכבוד סנט אננע להיהודי מירגול ליון ממלא מקום הקונסל"/></TextLine><TextLine ID="r2l16" BASELINE="1262" HEIGHT="51" WIDTH="508" VPOS="1211" HPOS="1072"><String HEIGHT="51" WIDTH="550" VPOS="1211" HPOS="1030" CONTENT="הרוסי בעיר בייננו בצרפת."/></TextLine><TextLine ID="r2l17" BASELINE="1541" HEIGHT="73" WIDTH="1019" VPOS="1468" HPOS="462"><String HEIGHT="73" WIDTH="1079" VPOS="1468" HPOS="402" CONTENT="על דבר שמירת יום השבת לאנשי המזרח."/></TextLine><TextLine ID="r2l18" BASELINE="1637" HEIGHT="78" WIDTH="400" VPOS="1559" HPOS="774"><String HEIGHT="78" WIDTH="444" VPOS="1559" HPOS="730" CONTENT="(המשך מן גליון 2.)"/></TextLine><TextLine ID="r2l19" BASELINE="1742" HEIGHT="81" WIDTH="1147" VPOS="1661" HPOS="336"><String HEIGHT="81" WIDTH="1202" VPOS="1661" HPOS="281" CONTENT="ובכדי לברר הדבר יותר, נצייר במחשבתינו היות"/></TextLine><TextLine ID="r2l21" BASELINE="1811" HEIGHT="88" WIDTH="1251" VPOS="1723" HPOS="342"><String HEIGHT="88" WIDTH="1298" VPOS="1723" HPOS="295" CONTENT="העגול א ב ג ד דמיון לכדור הארץ אשר א הוא מקום ירושלים"/></TextLine><TextLine ID="r2l22" BASELINE="1877" HEIGHT="75" WIDTH="1259" VPOS="1802" HPOS="344"><String HEIGHT="75" WIDTH="1307" VPOS="1802" HPOS="296" CONTENT="תו״בב, ויהיה אז הקו ב ד האופק. נניח שהשמש שקעה במערב"/></TextLine><TextLine ID="r2l23" BASELINE="1931" HEIGHT="71" WIDTH="1256" VPOS="1860" HPOS="342"><String HEIGHT="71" WIDTH="1302" VPOS="1860" HPOS="296" CONTENT="נוכח נקודת ב ביום ו׳ ע&amp;quot;ש, והוא התחלת השבת לירושלים"/></TextLine><TextLine ID="r2l24" BASELINE="2000" HEIGHT="79" WIDTH="1261" VPOS="1921" HPOS="345"><String HEIGHT="79" WIDTH="1316" VPOS="1921" HPOS="290" CONTENT="הנמשך זמן כ״ד שעות כפי מהלך השמש מן ב אל ג ד א"/></TextLine><TextLine ID="r2l25" BASELINE="2069" HEIGHT="87" WIDTH="1251" VPOS="1982" HPOS="349"><String HEIGHT="87" WIDTH="1305" VPOS="1982" HPOS="295" CONTENT="עד שובה שנית אל ב. הנה בהיות השמש מעל נקודת ב׳"/></TextLine><TextLine ID="r2l26" BASELINE="2165" HEIGHT="42" WIDTH="66" VPOS="2123" HPOS="935"><String HEIGHT="42" WIDTH="198" VPOS="2123" HPOS="803" CONTENT="א"/></TextLine><TextLine ID="r2l27" BASELINE="2457" HEIGHT="96" WIDTH="162" VPOS="2361" HPOS="1235"><String HEIGHT="96" WIDTH="216" VPOS="2361" HPOS="1181" CONTENT="מערב ב"/></TextLine><TextLine ID="r2l28" BASELINE="2421" HEIGHT="43" WIDTH="132" VPOS="2378" HPOS="556"><String HEIGHT="43" WIDTH="198" VPOS="2378" HPOS="490" CONTENT="מזרח"/></TextLine><TextLine ID="r2l30" BASELINE="2688" HEIGHT="113" WIDTH="295" VPOS="2575" HPOS="820"><String HEIGHT="113" WIDTH="369" VPOS="2575" HPOS="746" CONTENT="יז ג חה "/></TextLine><TextLine ID="r2l32" BASELINE="2826" HEIGHT="87" WIDTH="1263" VPOS="2739" HPOS="351"><String HEIGHT="87" WIDTH="1307" VPOS="2739" HPOS="307" CONTENT="והוא תחילת ליל שבת לא&amp;quot;י א, יהיה אז להשוכן ד במזרח חצי"/></TextLine><TextLine ID="r2l33" BASELINE="2888" HEIGHT="91" WIDTH="1262" VPOS="2797" HPOS="355"><String HEIGHT="91" WIDTH="1309" VPOS="2797" HPOS="308" CONTENT="לילי שבת, ולהשוכן בנקודת ג׳ בוקר יום שבת, נניח איפו כי"/></TextLine><TextLine ID="r2l34" BASELINE="2949" HEIGHT="73" WIDTH="1272" VPOS="2876" HPOS="352"><String HEIGHT="73" WIDTH="1327" VPOS="2876" HPOS="297" CONTENT="פה הוא המערידיאן הקבוע, הנה מהראוי לפי זה שבעת"/></TextLine><TextLine ID="r2l35" BASELINE="3014" HEIGHT="83" WIDTH="1254" VPOS="2931" HPOS="360"><String HEIGHT="83" WIDTH="1305" VPOS="2931" HPOS="309" CONTENT="אשר להשוכן ג הוא בוקר יום שבת יהיה אז לשכנו הקרוב"/></TextLine><TextLine ID="r2l36" BASELINE="3054" HEIGHT="59" WIDTH="76" VPOS="2995" HPOS="1549"><String HEIGHT="59" WIDTH="152" VPOS="2995" HPOS="1473" CONTENT="לו"/></TextLine><TextLine ID="r2l37" BASELINE="3080" HEIGHT="77" WIDTH="1188" VPOS="3003" HPOS="355"><String HEIGHT="77" WIDTH="1240" VPOS="3003" HPOS="303" CONTENT="בנקודת ו׳ ההוא בוקר יום ו׳, ולהשוכן ב חצות יום"/></TextLine><TextLine ID="r2l38" BASELINE="3143" HEIGHT="77" WIDTH="1256" VPOS="3066" HPOS="360"><String HEIGHT="77" WIDTH="1307" VPOS="3066" HPOS="309" CONTENT="ו׳, באופן כזה ישתתף השוכן ג עם זמן השבת שבירושלים"/></TextLine><TextLine ID="r2l39" BASELINE="3205" HEIGHT="79" WIDTH="1258" VPOS="3126" HPOS="357"><String HEIGHT="79" WIDTH="1305" VPOS="3126" HPOS="310" CONTENT="כפי מהלך השמש מן ב עד ד והוא זמן י&amp;quot;ב שעות, ואולם"/></TextLine><TextLine ID="r2l40" BASELINE="3272" HEIGHT="87" WIDTH="1267" VPOS="3185" HPOS="357"><String HEIGHT="87" WIDTH="1318" VPOS="3185" HPOS="306" CONTENT="להשוכן ו יתחיל השבת בבוא השמש אל ד, וישתתף לפ״ז עם"/></TextLine><TextLine ID="r2l41" BASELINE="3339" HEIGHT="87" WIDTH="1259" VPOS="3252" HPOS="373"><String HEIGHT="87" WIDTH="1310" VPOS="3252" HPOS="322" CONTENT="זמן השבת שבא״י שעור מהלך השמש מן ד עד ב, והוא זמן"/></TextLine><TextLine ID="r2l42" BASELINE="3385" HEIGHT="66" WIDTH="1257" VPOS="3319" HPOS="364"><String HEIGHT="66" WIDTH="1308" VPOS="3319" HPOS="313" CONTENT="י״ב שעות היום שבא״י. ונמצא לפ״ז כי השוכנים ו או ג"/></TextLine><TextLine ID="r2l43" BASELINE="3461" HEIGHT="75" WIDTH="1261" VPOS="3386" HPOS="358"><String HEIGHT="75" WIDTH="1305" VPOS="3386" HPOS="314" CONTENT="שניהם שובתים זמן י״ב שעות מן השבת שבא״י, זה י&amp;quot;ב שעות"/></TextLine><TextLine ID="r2l44" BASELINE="3526" HEIGHT="81" WIDTH="1259" VPOS="3445" HPOS="366"><String HEIGHT="81" WIDTH="1306" VPOS="3445" HPOS="319" CONTENT="ראשונות של הלילה וזה י&amp;quot;ב שעות היום. לא כן יהיה אם"/></TextLine><TextLine ID="r2l45" BASELINE="3591" HEIGHT="76" WIDTH="1265" VPOS="3515" HPOS="373"><String HEIGHT="76" WIDTH="1316" VPOS="3515" HPOS="322" CONTENT="נעתיק המערידיאן משם באיזה מקום אחר מכדור הארץ. ד״מ"/></TextLine><TextLine ID="r2l46" BASELINE="3666" HEIGHT="96" WIDTH="1242" VPOS="3570" HPOS="382"><String HEIGHT="96" WIDTH="1291" VPOS="3570" HPOS="333" CONTENT="בנקודת ה אשר בזרוח לו השמש בנקורת מי יהיה אצלו בוקר"/></TextLine></TextBlock><TextBlock ID="r4" HEIGHT="3496" WIDTH="1303" VPOS="204" HPOS="1646"><Shape><Polygon POINTS="1646,204 1662,3700 2949,3700 2933,204"/></Shape><TextLine ID="r4l1" BASELINE="267" HEIGHT="82" WIDTH="1233" VPOS="185" HPOS="1654"><String HEIGHT="82" WIDTH="1282" VPOS="185" HPOS="1605" CONTENT="במלא רוחב מדינת ממשלתו. נקוה כי רב טוב צפון בהבטחה"/></TextLine><TextLine ID="r4l2" BASELINE="325" HEIGHT="77" WIDTH="721" VPOS="248" HPOS="2166"><String HEIGHT="77" WIDTH="765" VPOS="248" HPOS="2122" CONTENT="הזאת להיהודים יושבי סערביען, והיא"/></TextLine><TextLine ID="r4l3" BASELINE="316" HEIGHT="67" WIDTH="495" VPOS="249" HPOS="1651"><String HEIGHT="67" WIDTH="545" VPOS="249" HPOS="1602" CONTENT="שתעמוד להם להשיג שמה"/></TextLine><TextLine ID="r4l4" BASELINE="389" HEIGHT="75" WIDTH="760" VPOS="314" HPOS="2130"><String HEIGHT="75" WIDTH="805" VPOS="314" HPOS="2085" CONTENT="שיוי הזכיות ויהיו לברכה בקרב הארץ."/></TextLine><TextLine ID="r4l5" BASELINE="602" HEIGHT="70" WIDTH="495" VPOS="532" HPOS="2037"><String HEIGHT="70" WIDTH="371" VPOS="532" HPOS="1996" CONTENT="חדשות"/><String HEIGHT="70" WIDTH="330" VPOS="532" HPOS="2202" CONTENT="שונות."/></TextLine><TextLine ID="r4l6" BASELINE="710" HEIGHT="83" WIDTH="1128" VPOS="627" HPOS="1651"><String HEIGHT="83" WIDTH="1174" VPOS="627" HPOS="1605" CONTENT="מקיסינגען מודיעים, כי אחרי שלשת ימים חקירה ודרישה"/></TextLine><TextLine ID="r4l7" BASELINE="771" HEIGHT="77" WIDTH="1260" VPOS="694" HPOS="1642"><String HEIGHT="77" WIDTH="1309" VPOS="694" HPOS="1593" CONTENT="בבית המשפט, נודע הדבר, כי הכהן האנטהאלער הנחשד לחבר"/></TextLine><TextLine ID="r4l8" BASELINE="837" HEIGHT="85" WIDTH="1258" VPOS="752" HPOS="1638"><String HEIGHT="85" WIDTH="1303" VPOS="752" HPOS="1593" CONTENT="לקולמאנן והובא לבית האסורים, נקי וחף מפשע הוא, ויוציאוהו"/></TextLine><TextLine ID="r4l9" BASELINE="900" HEIGHT="83" WIDTH="1257" VPOS="817" HPOS="1645"><String HEIGHT="83" WIDTH="1306" VPOS="817" HPOS="1596" CONTENT="לחפשי. סבת החשד הוא, יען כי הכהן בחפצו לראות את פני"/></TextLine><TextLine ID="r4l10" BASELINE="959" HEIGHT="84" WIDTH="1250" VPOS="875" HPOS="1649"><String HEIGHT="84" WIDTH="1300" VPOS="875" HPOS="1599" CONTENT="ביסמארק אשר מעולם לא ראהו, שאל כל אחד ואחד אשר פגש"/></TextLine><TextLine ID="r4l11" BASELINE="1026" HEIGHT="78" WIDTH="1263" VPOS="948" HPOS="1639"><String HEIGHT="78" WIDTH="1312" VPOS="948" HPOS="1590" CONTENT="ברחוב באיזה שעה יסע ביסמארק לרחוץ במעיני הרפואה, וגם"/></TextLine><TextLine ID="r4l12" BASELINE="1088" HEIGHT="79" WIDTH="1256" VPOS="1009" HPOS="1643"><String HEIGHT="79" WIDTH="1312" VPOS="1009" HPOS="1587" CONTENT="את פי האיש קולמאנן, אשר עמד סביב בית השר שאל;"/></TextLine><TextLine ID="r4l13" BASELINE="1155" HEIGHT="82" WIDTH="1244" VPOS="1073" HPOS="1666"><String HEIGHT="82" WIDTH="1293" VPOS="1073" HPOS="1617" CONTENT="ואחרי נסע השר ולא יכול לראותו מצד זה שעמד, רץ בחפזה"/></TextLine><TextLine ID="r4l14" BASELINE="1224" HEIGHT="101" WIDTH="1248" VPOS="1123" HPOS="1659"><String HEIGHT="101" WIDTH="1294" VPOS="1123" HPOS="1613" CONTENT="לעבר השני לראותו משם, באותו הרגע אשר ירה עליו קולמאנן,"/></TextLine><TextLine ID="r4l15" BASELINE="1279" HEIGHT="85" WIDTH="558" VPOS="1194" HPOS="2347"><String HEIGHT="85" WIDTH="609" VPOS="1194" HPOS="2296" CONTENT="ולכן נחשד במה שאין בו."/></TextLine><TextLine ID="r4l16" BASELINE="1399" HEIGHT="81" WIDTH="1140" VPOS="1318" HPOS="1660"><String HEIGHT="81" WIDTH="1192" VPOS="1318" HPOS="1608" CONTENT="גאטהא. אל בית הלנת המתים בעיר הזאת הובא ארון"/></TextLine><TextLine ID="r4l17" BASELINE="1459" HEIGHT="79" WIDTH="1230" VPOS="1380" HPOS="1675"><String HEIGHT="79" WIDTH="1281" VPOS="1380" HPOS="1624" CONTENT="אחד עם ילד מת למען ישאר שמה עד למחרת ואז ישוב אל"/></TextLine><TextLine ID="r4l18" BASELINE="1525" HEIGHT="79" WIDTH="1241" VPOS="1446" HPOS="1679"><String HEIGHT="79" WIDTH="1293" VPOS="1446" HPOS="1627" CONTENT="האדמה אשר ממנה לוקח. פתאום לפתע הקשיב שומר המתיס"/></TextLine><TextLine ID="r4l19" BASELINE="1588" HEIGHT="80" WIDTH="1232" VPOS="1508" HPOS="1675"><String HEIGHT="80" WIDTH="1281" VPOS="1508" HPOS="1626" CONTENT="קול ילד בוכה נשמע מהארון הזה, ויקרב אל הארון באימה"/></TextLine><TextLine ID="r4l20" BASELINE="1651" HEIGHT="78" WIDTH="1246" VPOS="1573" HPOS="1663"><String HEIGHT="78" WIDTH="1293" VPOS="1573" HPOS="1616" CONTENT="פחד ויפתחהו, וימצא את הילד אשר חשבוהו למת, יושב בארון"/></TextLine><TextLine ID="r4l21" BASELINE="1711" HEIGHT="74" WIDTH="1101" VPOS="1637" HPOS="1813"><String HEIGHT="74" WIDTH="1148" VPOS="1637" HPOS="1766" CONTENT="וחיים בקרבו והושב בשמחה רבה אל אבותיו המאושרים."/></TextLine><TextLine ID="r4l22" BASELINE="1830" HEIGHT="77" WIDTH="1145" VPOS="1753" HPOS="1660"><String HEIGHT="77" WIDTH="1194" VPOS="1753" HPOS="1611" CONTENT="מצב הנשים בארץ רוסיא ילך הלוך וגדול, והרשות להן"/></TextLine><TextLine ID="r4l23" BASELINE="1892" HEIGHT="80" WIDTH="1100" VPOS="1812" HPOS="1816"><String HEIGHT="80" WIDTH="1146" VPOS="1812" HPOS="1770" CONTENT="נתונה לשרת במשרת מדניות כי בארץ רוסיא כמו באמערי"/></TextLine><TextLine ID="r4l24" BASELINE="1896" HEIGHT="78" WIDTH="143" VPOS="1818" HPOS="1670"><String HEIGHT="78" WIDTH="191" VPOS="1818" HPOS="1622" CONTENT="קא, כל"/></TextLine><TextLine ID="r4l25" BASELINE="1955" HEIGHT="75" WIDTH="1256" VPOS="1880" HPOS="1674"><String HEIGHT="75" WIDTH="1306" VPOS="1880" HPOS="1624" CONTENT="דבר חדש בחיי החברה ימצא לו מסילות בלב העם כלו, וכל"/></TextLine><TextLine ID="r4l26" BASELINE="2014" HEIGHT="73" WIDTH="1249" VPOS="1941" HPOS="1668"><String HEIGHT="73" WIDTH="1300" VPOS="1941" HPOS="1617" CONTENT="תיקון גשמי ומוסרי יצא במהרה לפעולות כפים באשר שתי"/></TextLine><TextLine ID="r4l27" BASELINE="2086" HEIGHT="81" WIDTH="1241" VPOS="2005" HPOS="1675"><String HEIGHT="81" WIDTH="1288" VPOS="2005" HPOS="1628" CONTENT="הארצות יחדיו בל יחזיקו בנושנות בשתי ידיהם ויאמרו קדוש"/></TextLine><TextLine ID="r4l28" BASELINE="2140" HEIGHT="79" WIDTH="1251" VPOS="2061" HPOS="1671"><String HEIGHT="79" WIDTH="1298" VPOS="2061" HPOS="1624" CONTENT="לכל דבר אשר עבר עליו כלח. הנשים ברוסיא תחת אשר מלפנים"/></TextLine><TextLine ID="r4l29" BASELINE="2217" HEIGHT="88" WIDTH="1242" VPOS="2129" HPOS="1674"><String HEIGHT="88" WIDTH="1286" VPOS="2129" HPOS="1630" CONTENT="ידיהן לא עשו תושיה ונמו חייהן בחיק העצלות והבטלה, מזהירות"/></TextLine><TextLine ID="r4l30" BASELINE="2281" HEIGHT="90" WIDTH="1241" VPOS="2191" HPOS="1687"><String HEIGHT="90" WIDTH="1289" VPOS="2191" HPOS="1639" CONTENT="כהיום הזה בשמי החיים על ידי חריצות כפיהן, ורבות בנות"/></TextLine><TextLine ID="r4l31" BASELINE="2338" HEIGHT="82" WIDTH="1243" VPOS="2256" HPOS="1677"><String HEIGHT="82" WIDTH="1294" VPOS="2256" HPOS="1626" CONTENT="תעשנה חיל בחיי החברה. פה בארץ רוסיא נמצאנה יושבות"/></TextLine><TextLine ID="r4l32" BASELINE="2404" HEIGHT="88" WIDTH="1230" VPOS="2316" HPOS="1684"><String HEIGHT="88" WIDTH="1276" VPOS="2316" HPOS="1638" CONTENT="ומלמדות חכמה ומדעים בבתי הספר, ועובדות בבתי הטעלעגראף."/></TextLine><TextLine ID="r4l33" BASELINE="2473" HEIGHT="79" WIDTH="1237" VPOS="2394" HPOS="1686"><String HEIGHT="79" WIDTH="1281" VPOS="2394" HPOS="1642" CONTENT="שתי נשים בעיר הבירה עורכות דין הנה הנן, ורבות מהן כותבות"/></TextLine><TextLine ID="r4l34" BASELINE="2530" HEIGHT="82" WIDTH="1227" VPOS="2448" HPOS="1695"><String HEIGHT="82" WIDTH="1272" VPOS="2448" HPOS="1650" CONTENT="מאמרים בעד מכ״ע ומעתיקות מלשון ללשון, ומכל אלה יקרה להן"/></TextLine><TextLine ID="r4l35" BASELINE="2591" HEIGHT="78" WIDTH="1240" VPOS="2513" HPOS="1689"><String HEIGHT="78" WIDTH="1292" VPOS="2513" HPOS="1637" CONTENT="חכמת הרפואה. בבית המדרש לרפואה „מעדיקא כירורנישע"/></TextLine><TextLine ID="r4l36" BASELINE="2658" HEIGHT="82" WIDTH="1238" VPOS="2576" HPOS="1689"><String HEIGHT="82" WIDTH="1291" VPOS="2576" HPOS="1636" CONTENT="אקאדעמיע&#34; עמדו 74 תלמידות הרפואה על המבחן וששים"/></TextLine><TextLine ID="r4l37" BASELINE="2719" HEIGHT="83" WIDTH="1233" VPOS="2636" HPOS="1690"><String HEIGHT="83" WIDTH="1277" VPOS="2636" HPOS="1646" CONTENT="ושלש מהן נמצאו שלמות בלימודן ועלו למדריגה גבוה, והנשארות"/></TextLine><TextLine ID="r4l38" BASELINE="2781" HEIGHT="83" WIDTH="1245" VPOS="2698" HPOS="1686"><String HEIGHT="83" WIDTH="1294" VPOS="2698" HPOS="1637" CONTENT="לא באו אל המבחן, הפרופיסורים הללו מאוד את התלמידות,"/></TextLine><TextLine ID="r4l39" BASELINE="2845" HEIGHT="72" WIDTH="1264" VPOS="2773" HPOS="1668"><String HEIGHT="72" WIDTH="1318" VPOS="2773" HPOS="1614" CONTENT="ורב טוב צפון בהתחדשות הזאת, כי חכמה מאשרת העולם"/></TextLine><TextLine ID="r4l40" BASELINE="2896" HEIGHT="62" WIDTH="142" VPOS="2834" HPOS="2786"><String HEIGHT="62" WIDTH="189" VPOS="2834" HPOS="2739" CONTENT="והאדם."/></TextLine><TextLine ID="r4l41" BASELINE="3028" HEIGHT="77" WIDTH="1181" VPOS="2951" HPOS="1686"><String HEIGHT="77" WIDTH="1222" VPOS="2951" HPOS="1645" CONTENT="מכ״ע מודיעים מעיר קימברידש (באנגליה) כי השופטים בבית משפט"/></TextLine><TextLine ID="r4l42" BASELINE="3097" HEIGHT="87" WIDTH="1236" VPOS="3010" HPOS="1693"><String HEIGHT="87" WIDTH="1277" VPOS="3010" HPOS="1652" CONTENT="הגבוה (קרימינאל געריכט) שם, יושבים בקיץ הזה וחובקים את ידיהם,"/></TextLine><TextLine ID="r4l43" BASELINE="3160" HEIGHT="89" WIDTH="1242" VPOS="3071" HPOS="1687"><String HEIGHT="89" WIDTH="1291" VPOS="3071" HPOS="1638" CONTENT="אחרי אשר לא בא עוד לפניהם מתחלת הקיץ ועד עתה כל עשק"/></TextLine><TextLine ID="r4l44" BASELINE="3220" HEIGHT="84" WIDTH="1246" VPOS="3136" HPOS="1689"><String HEIGHT="84" WIDTH="1296" VPOS="3136" HPOS="1639" CONTENT="וכל דבר חמס. מזכיר בית המשפט אומר בצדק, כי עיר אשר"/></TextLine><TextLine ID="r4l45" BASELINE="3296" HEIGHT="98" WIDTH="1246" VPOS="3198" HPOS="1690"><String HEIGHT="98" WIDTH="1297" VPOS="3198" HPOS="1639" CONTENT="יושביה כשלשים אלף נפש תוכל בזה להתפאר וללבוש גאון"/></TextLine><TextLine ID="r4l46" BASELINE="3349" HEIGHT="89" WIDTH="1243" VPOS="3260" HPOS="1692"><String HEIGHT="89" WIDTH="1295" VPOS="3260" HPOS="1640" CONTENT="אם לא נמצא בה במשך זמן כזה כל עושה עולה ומעשקים,"/></TextLine><TextLine ID="r4l47" BASELINE="3403" HEIGHT="74" WIDTH="1254" VPOS="3329" HPOS="1686"><String HEIGHT="74" WIDTH="1303" VPOS="3329" HPOS="1637" CONTENT="ומוצא בזה ראיה מוכחת כי בממשלה כזאת יוכל האדם להיות"/></TextLine><TextLine ID="r4l48" BASELINE="3467" HEIGHT="77" WIDTH="946" VPOS="3390" HPOS="1992"><String HEIGHT="77" WIDTH="991" VPOS="3390" HPOS="1947" CONTENT="צדיק במעלליו גם כלי כל פחד ענש לנגד עיניו."/></TextLine><TextLine ID="r4l52" BASELINE="3583" HEIGHT="86" WIDTH="1142" VPOS="3497" HPOS="1692"><String HEIGHT="86" WIDTH="1190" VPOS="3497" HPOS="1644" CONTENT="זה לא כביר הובא במכ״ע אמיריקני אחד, המדבר מהשכלת"/></TextLine><TextLine ID="r4l53" BASELINE="3656" HEIGHT="94" WIDTH="1233" VPOS="3562" HPOS="1696"><String HEIGHT="94" WIDTH="1276" VPOS="3562" HPOS="1653" CONTENT="הארץ הזאת, כי תקח חלק יותר גדול מכל ארצות אחרות בהצווילציה"/></TextLine></TextBlock></PrintSpace></Page></Layout></alto>