<?xml version="1.0" encoding="UTF-8"?><alto xmlns:xsi="http://www.w3.org/2001/XMLSchema-instance" xmlns="http://www.loc.gov/standards/alto/ns-v2#" xmlns:page="http://schema.primaresearch.org/PAGE/gts/pagecontent/2013-07-15" xsi:schemaLocation="http://schema.primaresearch.org/PAGE/gts/pagecontent/2013-07-15 http://schema.primaresearch.org/PAGE/gts/pagecontent/2013-07-15/pagecontent.xsd http://www.loc.gov/standards/alto/ns-v2# http://www.loc.gov/standards/alto/alto-v2.0.xsd"><Description><MeasurementUnit>pixel</MeasurementUnit></Description><Layout><Page ID="Page1" PHYSICAL_IMG_NR="1" HEIGHT="1981" WIDTH="1527"><TopMargin HEIGHT="0" WIDTH="1527" VPOS="0" HPOS="0"/><LeftMargin HEIGHT="1981" WIDTH="0" VPOS="0" HPOS="0"/><RightMargin HEIGHT="1981" WIDTH="0" VPOS="0" HPOS="1527"/><BottomMargin HEIGHT="0" WIDTH="1527" VPOS="1981" HPOS="0"/><PrintSpace HEIGHT="1981" WIDTH="1527" VPOS="0" HPOS="0"><TextBlock ID="Ar0080500" HEIGHT="305" WIDTH="631" VPOS="140" HPOS="714"><Shape><Polygon POINTS="1345,445 714,445 714,140 1345,140"/></Shape><TextLine ID="Ar0080500l1" BASELINE="170" HEIGHT="38" WIDTH="568" VPOS="132" HPOS="726"><String HEIGHT="38" WIDTH="178" VPOS="132" HPOS="715" CONTENT="והנה אשוב לי"/><String HEIGHT="38" WIDTH="89" VPOS="132" HPOS="860" CONTENT="לאשר"/><String HEIGHT="38" WIDTH="111" VPOS="132" HPOS="915" CONTENT="החילות"/><String HEIGHT="38" WIDTH="89" VPOS="132" HPOS="993" CONTENT="בדבר"/><String HEIGHT="38" WIDTH="134" VPOS="132" HPOS="1049" CONTENT="הגעהירן,"/><String HEIGHT="38" WIDTH="100" VPOS="132" HPOS="1149" CONTENT="ואומר"/><String HEIGHT="38" WIDTH="67" VPOS="132" HPOS="1216" CONTENT="כי"/><String HEIGHT="38" WIDTH="56" VPOS="132" HPOS="1238" CONTENT="לפי"/></TextLine><TextLine ID="Ar0080500l2" BASELINE="204" HEIGHT="37" WIDTH="630" VPOS="167" HPOS="717"><String HEIGHT="37" WIDTH="92" VPOS="167" HPOS="706" CONTENT="דעתי"/><String HEIGHT="37" WIDTH="126" VPOS="167" HPOS="763" CONTENT="הגעהירן"/><String HEIGHT="37" WIDTH="103" VPOS="167" HPOS="854" CONTENT="הגדול"/><String HEIGHT="37" WIDTH="92" VPOS="167" HPOS="923" CONTENT="נקרא"/><String HEIGHT="37" WIDTH="103" VPOS="167" HPOS="980" CONTENT="בלשון"/><String HEIGHT="37" WIDTH="103" VPOS="167" HPOS="1049" CONTENT="הקודש"/><String HEIGHT="37" WIDTH="137" VPOS="167" HPOS="1118" CONTENT="„סעיפים״"/><String HEIGHT="37" WIDTH="137" VPOS="167" HPOS="1210" CONTENT="„וסרעפים״."/></TextLine><TextLine ID="Ar0080500l3" BASELINE="230" HEIGHT="32" WIDTH="626" VPOS="198" HPOS="719"><String HEIGHT="32" WIDTH="97" VPOS="198" HPOS="708" CONTENT="השמות"/><String HEIGHT="32" WIDTH="86" VPOS="198" HPOS="773" CONTENT="הללו"/><String HEIGHT="32" WIDTH="76" VPOS="198" HPOS="827" CONTENT="המה"/><String HEIGHT="32" WIDTH="65" VPOS="198" HPOS="870" CONTENT="על"/><String HEIGHT="32" WIDTH="65" VPOS="198" HPOS="902" CONTENT="שם"/><String HEIGHT="32" WIDTH="130" VPOS="198" HPOS="935" CONTENT="הסלסולים"/><String HEIGHT="32" WIDTH="130" VPOS="198" HPOS="1032" CONTENT="והפתולים"/><String HEIGHT="32" WIDTH="97" VPOS="198" HPOS="1129" CONTENT="שיראה"/><String HEIGHT="32" WIDTH="119" VPOS="198" HPOS="1194" CONTENT="לעינינו"/><String HEIGHT="32" WIDTH="76" VPOS="198" HPOS="1269" CONTENT="בהמוח"/></TextLine><TextLine ID="Ar0080500l4" BASELINE="265" HEIGHT="36" WIDTH="620" VPOS="229" HPOS="721"><String HEIGHT="36" WIDTH="64" VPOS="229" HPOS="710" CONTENT="עת"/><String HEIGHT="36" WIDTH="107" VPOS="229" HPOS="742" CONTENT="יגזרהו"/><String HEIGHT="36" WIDTH="107" VPOS="229" HPOS="817" CONTENT="לחצאים"/><String HEIGHT="36" WIDTH="86" VPOS="229" HPOS="892" CONTENT="בשטח"/><String HEIGHT="36" WIDTH="96" VPOS="229" HPOS="945" CONTENT="החתך."/><String HEIGHT="36" WIDTH="128" VPOS="229" HPOS="1010" CONTENT="הסלסולים"/><String HEIGHT="36" WIDTH="86" VPOS="229" HPOS="1106" CONTENT="הללו"/><String HEIGHT="36" WIDTH="96" VPOS="229" HPOS="1159" CONTENT="ילפתו"/><String HEIGHT="36" WIDTH="96" VPOS="229" HPOS="1223" CONTENT="ארחות"/><String HEIGHT="36" WIDTH="64" VPOS="229" HPOS="1277" CONTENT="דרכם"/></TextLine><TextLine ID="Ar0080500l5" BASELINE="297" HEIGHT="34" WIDTH="622" VPOS="263" HPOS="723"><String HEIGHT="34" WIDTH="122" VPOS="263" HPOS="712" CONTENT="ויסובכו"/><String HEIGHT="34" WIDTH="111" VPOS="263" HPOS="801" CONTENT="כסעיפי"/><String HEIGHT="34" WIDTH="122" VPOS="263" HPOS="878" CONTENT="הסלעים,"/><String HEIGHT="34" WIDTH="89" VPOS="263" HPOS="967" CONTENT="ולפי"/><String HEIGHT="34" WIDTH="89" VPOS="263" HPOS="1023" CONTENT="רבוי"/><String HEIGHT="34" WIDTH="111" VPOS="263" HPOS="1078" CONTENT="המחשבה"/><String HEIGHT="34" WIDTH="111" VPOS="263" HPOS="1156" CONTENT="ועומקה"/><String HEIGHT="34" WIDTH="89" VPOS="263" HPOS="1234" CONTENT="במדה"/><String HEIGHT="34" WIDTH="67" VPOS="263" HPOS="1278" CONTENT="ההיא"/></TextLine><TextLine ID="Ar0080500l6" BASELINE="329" HEIGHT="40" WIDTH="631" VPOS="289" HPOS="718"><String HEIGHT="40" WIDTH="84" VPOS="289" HPOS="707" CONTENT="ירבו"/><String HEIGHT="40" WIDTH="116" VPOS="289" HPOS="760" CONTENT="הפתולים"/><String HEIGHT="40" WIDTH="105" VPOS="289" HPOS="844" CONTENT="בהמוח."/><String HEIGHT="40" WIDTH="126" VPOS="289" HPOS="918" CONTENT="והגעהירן"/><String HEIGHT="40" WIDTH="84" VPOS="289" HPOS="1012" CONTENT="הקטן"/><String HEIGHT="40" WIDTH="84" VPOS="289" HPOS="1065" CONTENT="נקרא"/><String HEIGHT="40" WIDTH="137" VPOS="289" HPOS="1118" CONTENT="„עשתונות״"/><String HEIGHT="40" WIDTH="63" VPOS="289" HPOS="1223" CONTENT="על"/><String HEIGHT="40" WIDTH="63" VPOS="289" HPOS="1254" CONTENT="שם"/><String HEIGHT="40" WIDTH="74" VPOS="289" HPOS="1275" CONTENT="צורתו"/></TextLine><TextLine ID="Ar0080500l7" BASELINE="359" HEIGHT="36" WIDTH="628" VPOS="323" HPOS="721"><String HEIGHT="36" WIDTH="123" VPOS="323" HPOS="710" CONTENT="ג״כ. כי"/><String HEIGHT="36" WIDTH="79" VPOS="323" HPOS="800" CONTENT="לפי"/><String HEIGHT="36" WIDTH="79" VPOS="323" HPOS="844" CONTENT="אשר"/><String HEIGHT="36" WIDTH="123" VPOS="323" HPOS="889" CONTENT="יתארוהו"/><String HEIGHT="36" WIDTH="112" VPOS="323" HPOS="979" CONTENT="לפנינו"/><String HEIGHT="36" WIDTH="135" VPOS="323" HPOS="1057" CONTENT="המנתחים,"/><String HEIGHT="36" WIDTH="90" VPOS="323" HPOS="1158" CONTENT="הנהו"/><String HEIGHT="36" WIDTH="90" VPOS="323" HPOS="1214" CONTENT="עשוי"/><String HEIGHT="36" WIDTH="90" VPOS="323" HPOS="1259" CONTENT="צנורות"/></TextLine><TextLine ID="Ar0080500l8" BASELINE="393" HEIGHT="36" WIDTH="619" VPOS="357" HPOS="722"><String HEIGHT="36" WIDTH="115" VPOS="357" HPOS="712" CONTENT="והכתלים"/><String HEIGHT="36" WIDTH="73" VPOS="357" HPOS="795" CONTENT="אשר"/><String HEIGHT="36" WIDTH="73" VPOS="357" HPOS="837" CONTENT="בין"/><String HEIGHT="36" WIDTH="115" VPOS="357" HPOS="879" CONTENT="הצנורות"/><String HEIGHT="36" WIDTH="73" VPOS="357" HPOS="963" CONTENT="הלא"/><String HEIGHT="36" WIDTH="84" VPOS="357" HPOS="1005" CONTENT="המה,"/><String HEIGHT="36" WIDTH="105" VPOS="357" HPOS="1058" CONTENT="כעשתות"/><String HEIGHT="36" WIDTH="63" VPOS="357" HPOS="1131" CONTENT="שן"/><String HEIGHT="36" WIDTH="63" VPOS="357" HPOS="1163" CONTENT="או"/><String HEIGHT="36" WIDTH="84" VPOS="357" HPOS="1194" CONTENT="ברזל"/><String HEIGHT="36" WIDTH="105" VPOS="357" HPOS="1236" CONTENT="(שעאבע)."/></TextLine><TextLine ID="Ar0080500l9" BASELINE="425" HEIGHT="37" WIDTH="602" VPOS="388" HPOS="750"><String HEIGHT="37" WIDTH="82" VPOS="388" HPOS="740" CONTENT="זוהי"/><String HEIGHT="37" WIDTH="61" VPOS="388" HPOS="791" CONTENT="מה"/><String HEIGHT="37" WIDTH="102" VPOS="388" HPOS="821" CONTENT="שרציתי"/><String HEIGHT="37" WIDTH="82" VPOS="388" HPOS="893" CONTENT="לבאר"/><String HEIGHT="37" WIDTH="82" VPOS="388" HPOS="944" CONTENT="ויהי"/><String HEIGHT="37" WIDTH="82" VPOS="388" HPOS="995" CONTENT="רצון"/><String HEIGHT="37" WIDTH="112" VPOS="388" HPOS="1046" CONTENT="שיקובלו"/><String HEIGHT="37" WIDTH="82" VPOS="388" HPOS="1128" CONTENT="דברי"/><String HEIGHT="37" WIDTH="92" VPOS="388" HPOS="1179" CONTENT="לרצון"/><String HEIGHT="37" WIDTH="82" VPOS="388" HPOS="1240" CONTENT="לפני"/><String HEIGHT="37" WIDTH="71" VPOS="388" HPOS="1281" CONTENT="הקהל."/></TextLine><TextLine ID="Ar0080500l10" BASELINE="449" HEIGHT="36" WIDTH="178" VPOS="413" HPOS="808"><String HEIGHT="36" WIDTH="202" VPOS="413" HPOS="784" CONTENT="יחיאל מיכל פינס"/></TextLine></TextBlock><TextBlock ID="region_1528297861928_51" HEIGHT="164" WIDTH="665" VPOS="508" HPOS="712"><Shape><Polygon POINTS="712,508 1377,508 1377,672 712,672"/></Shape><TextLine ID="line_1528297884200_54" BASELINE="590" HEIGHT="34" WIDTH="192" VPOS="556" HPOS="940"><String HEIGHT="34" WIDTH="102" VPOS="556" HPOS="929" CONTENT="(המשך"/><String HEIGHT="34" WIDTH="68" VPOS="556" HPOS="996" CONTENT="מן"/><String HEIGHT="34" WIDTH="102" VPOS="556" HPOS="1030" CONTENT="גליון"/><String HEIGHT="34" WIDTH="45" VPOS="556" HPOS="1087" CONTENT="4)"/></TextLine><TextLine ID="line_1528297879377_53" BASELINE="639" HEIGHT="45" WIDTH="635" VPOS="594" HPOS="720"><String HEIGHT="45" WIDTH="81" VPOS="594" HPOS="706" CONTENT="על"/><String HEIGHT="45" WIDTH="81" VPOS="594" HPOS="747" CONTENT="פי"/><String HEIGHT="45" WIDTH="122" VPOS="594" HPOS="788" CONTENT="רשיון"/><String HEIGHT="45" WIDTH="122" VPOS="594" HPOS="869" CONTENT="הנזכר"/><String HEIGHT="45" WIDTH="95" VPOS="594" HPOS="950" CONTENT="באו"/><String HEIGHT="45" WIDTH="135" VPOS="594" HPOS="1004" CONTENT="הגולים"/><String HEIGHT="45" WIDTH="135" VPOS="594" HPOS="1098" CONTENT="מווינא"/><String HEIGHT="45" WIDTH="162" VPOS="594" HPOS="1193" CONTENT="ונתיישבו"/><String HEIGHT="45" WIDTH="54" VPOS="594" HPOS="1301" CONTENT="פה"/></TextLine><TextLine ID="line_1528297874394_52" BASELINE="681" HEIGHT="44" WIDTH="264" VPOS="637" HPOS="905"><String HEIGHT="44" WIDTH="140" VPOS="637" HPOS="889" CONTENT="ברלין"/><String HEIGHT="44" WIDTH="124" VPOS="637" HPOS="983" CONTENT="ואלה"/><String HEIGHT="44" WIDTH="124" VPOS="637" HPOS="1045" CONTENT="שמותם:"/></TextLine></TextBlock><TextBlock ID="Ar0080601" HEIGHT="395" WIDTH="665" VPOS="672" HPOS="714"><Shape><Polygon POINTS="1379,1067 714,1067 714,672 1379,672"/></Shape><TextLine ID="Ar0080601l1" BASELINE="717" HEIGHT="42" WIDTH="568" VPOS="675" HPOS="754"><String HEIGHT="42" WIDTH="68" VPOS="675" HPOS="743" CONTENT="ב)"/><String HEIGHT="42" WIDTH="68" VPOS="675" HPOS="777" CONTENT="ר׳"/><String HEIGHT="42" WIDTH="102" VPOS="675" HPOS="811" CONTENT="אברהם"/><String HEIGHT="42" WIDTH="91" VPOS="675" HPOS="879" CONTENT="הלוי"/><String HEIGHT="42" WIDTH="102" VPOS="675" HPOS="936" CONTENT="מווין"/><String HEIGHT="42" WIDTH="80" VPOS="675" HPOS="1004" CONTENT="בנו"/><String HEIGHT="42" WIDTH="68" VPOS="675" HPOS="1049" CONTENT="של"/><String HEIGHT="42" WIDTH="102" VPOS="675" HPOS="1083" CONTENT="הדיין"/><String HEIGHT="42" WIDTH="68" VPOS="675" HPOS="1152" CONTENT="ר׳"/><String HEIGHT="42" WIDTH="91" VPOS="675" HPOS="1186" CONTENT="מאדל"/><String HEIGHT="42" WIDTH="91" VPOS="675" HPOS="1231" CONTENT="הנזכר."/></TextLine><TextLine ID="Ar0080601l2" BASELINE="748" HEIGHT="42" WIDTH="572" VPOS="706" HPOS="726"><String HEIGHT="42" WIDTH="85" VPOS="706" HPOS="714" CONTENT="הוא"/><String HEIGHT="42" WIDTH="73" VPOS="706" HPOS="763" CONTENT="ר׳"/><String HEIGHT="42" WIDTH="110" VPOS="706" HPOS="799" CONTENT="אברהם"/><String HEIGHT="42" WIDTH="85" VPOS="706" HPOS="872" CONTENT="ריז"/><String HEIGHT="42" WIDTH="122" VPOS="706" HPOS="921" CONTENT="המוזכר"/><String HEIGHT="42" WIDTH="122" VPOS="706" HPOS="1006" CONTENT="בפירוש"/><String HEIGHT="42" WIDTH="97" VPOS="706" HPOS="1091" CONTENT="בכתב"/><String HEIGHT="42" WIDTH="122" VPOS="706" HPOS="1152" CONTENT="הרשיון"/><String HEIGHT="42" WIDTH="73" VPOS="706" HPOS="1225" CONTENT="שנתן"/></TextLine><TextLine ID="Ar0080601l3" BASELINE="782" HEIGHT="41" WIDTH="626" VPOS="741" HPOS="729"><String HEIGHT="41" WIDTH="143" VPOS="741" HPOS="718" CONTENT="הקורפירשט"/><String HEIGHT="41" WIDTH="121" VPOS="741" HPOS="828" CONTENT="פרידריך"/><String HEIGHT="41" WIDTH="132" VPOS="741" HPOS="916" CONTENT="ווילהעלם"/><String HEIGHT="41" WIDTH="99" VPOS="741" HPOS="1015" CONTENT="הגדול"/><String HEIGHT="41" WIDTH="110" VPOS="741" HPOS="1080" CONTENT="שיבואו"/><String HEIGHT="41" WIDTH="110" VPOS="741" HPOS="1157" CONTENT="למדינת"/><String HEIGHT="41" WIDTH="132" VPOS="741" HPOS="1223" CONTENT="בראנדעבורג"/></TextLine><TextLine ID="Ar0080601l4" BASELINE="810" HEIGHT="38" WIDTH="634" VPOS="772" HPOS="726"><String HEIGHT="38" WIDTH="235" VPOS="772" HPOS="714" CONTENT="ונכתב בכ״א לחודש"/><String HEIGHT="38" WIDTH="106" VPOS="772" HPOS="914" CONTENT="מייא1"/><String HEIGHT="38" WIDTH="94" VPOS="772" HPOS="984" CONTENT="1671"/><String HEIGHT="38" WIDTH="129" VPOS="772" HPOS="1043" CONTENT="בפאצדאם"/><String HEIGHT="38" WIDTH="106" VPOS="772" HPOS="1137" CONTENT="ונדפס"/><String HEIGHT="38" WIDTH="129" VPOS="772" HPOS="1207" CONTENT="ממיליוס"/><String HEIGHT="38" WIDTH="70" VPOS="772" HPOS="1290" CONTENT="בספר"/></TextLine><TextLine ID="Ar0080601l5" BASELINE="845" HEIGHT="39" WIDTH="622" VPOS="806" HPOS="734"><String HEIGHT="39" WIDTH="135" VPOS="806" HPOS="720" CONTENT="Corpus"/><String HEIGHT="39" WIDTH="149" VPOS="806" HPOS="815" CONTENT="Conslit"/><String HEIGHT="39" WIDTH="189" VPOS="806" HPOS="923" CONTENT="Marchilar."/><String HEIGHT="39" WIDTH="81" VPOS="806" HPOS="1072" CONTENT="V."/><String HEIGHT="39" WIDTH="162" VPOS="806" HPOS="1113" CONTENT="Abtheil."/><String HEIGHT="39" WIDTH="68" VPOS="806" HPOS="1234" CONTENT="5"/><String HEIGHT="39" WIDTH="108" VPOS="806" HPOS="1261" CONTENT="Cap."/><String HEIGHT="39" WIDTH="41" VPOS="806" HPOS="1315" CONTENT="3"/></TextLine><TextLine ID="Ar0080601l6" BASELINE="877" HEIGHT="39" WIDTH="628" VPOS="838" HPOS="731"><String HEIGHT="39" WIDTH="86" VPOS="838" HPOS="719" CONTENT=".S."/><String HEIGHT="39" WIDTH="86" VPOS="838" HPOS="768" CONTENT="121"/><String HEIGHT="39" WIDTH="86" VPOS="838" HPOS="817" CONTENT="No."/><String HEIGHT="39" WIDTH="62" VPOS="838" HPOS="866" CONTENT="2"/><String HEIGHT="39" WIDTH="111" VPOS="838" HPOS="891" CONTENT="ובספר"/><String HEIGHT="39" WIDTH="86" VPOS="838" HPOS="965" CONTENT="(של"/><String HEIGHT="39" WIDTH="123" VPOS="838" HPOS="1014" CONTENT="קעניג)"/><String HEIGHT="39" WIDTH="123" VPOS="838" HPOS="1100" CONTENT="אנאלען"/><String HEIGHT="39" WIDTH="86" VPOS="838" HPOS="1187" CONTENT="דער"/><String HEIGHT="39" WIDTH="111" VPOS="838" HPOS="1236" CONTENT="יודען"/><String HEIGHT="39" WIDTH="62" VPOS="838" HPOS="1297" CONTENT="אין"/></TextLine><TextLine ID="Ar0080601l7" BASELINE="908" HEIGHT="34" WIDTH="632" VPOS="874" HPOS="725"><String HEIGHT="34" WIDTH="176" VPOS="874" HPOS="713" CONTENT="בראנדענבורג"/><String HEIGHT="34" WIDTH="70" VPOS="874" HPOS="854" CONTENT="צד"/><String HEIGHT="34" WIDTH="70" VPOS="874" HPOS="889" CONTENT="95"/><String HEIGHT="34" WIDTH="82" VPOS="874" HPOS="924" CONTENT="וצד"/><String HEIGHT="34" WIDTH="70" VPOS="874" HPOS="971" CONTENT="99"/><String HEIGHT="34" WIDTH="47" VPOS="874" HPOS="1006" CONTENT=""/><String HEIGHT="34" WIDTH="117" VPOS="874" HPOS="1018" CONTENT="מכונה:"/><String HEIGHT="34" WIDTH="94" VPOS="874" HPOS="1100" CONTENT="„פעם"/><String HEIGHT="34" WIDTH="82" VPOS="874" HPOS="1158" CONTENT="בשם"/><String HEIGHT="34" WIDTH="129" VPOS="874" HPOS="1205" CONTENT="אבראהאם"/><String HEIGHT="34" WIDTH="70" VPOS="874" HPOS="1287" CONTENT="ריז״"/></TextLine><TextLine ID="Ar0080601l8" BASELINE="939" HEIGHT="36" WIDTH="629" VPOS="903" HPOS="727"><String HEIGHT="36" WIDTH="95" VPOS="903" HPOS="715" CONTENT="ופעם"/><String HEIGHT="36" WIDTH="83" VPOS="903" HPOS="774" CONTENT="בשם"/><String HEIGHT="36" WIDTH="154" VPOS="903" HPOS="822" CONTENT="„אבראהאם,"/><String HEIGHT="36" WIDTH="107" VPOS="903" HPOS="941" CONTENT="מאדעל"/><String HEIGHT="36" WIDTH="119" VPOS="903" HPOS="1012" CONTENT="ריזענס"/><String HEIGHT="36" WIDTH="119" VPOS="903" HPOS="1095" CONTENT="זאהן״."/><String HEIGHT="36" WIDTH="71" VPOS="903" HPOS="1178" CONTENT="על"/><String HEIGHT="36" WIDTH="95" VPOS="903" HPOS="1214" CONTENT="מצבת"/><String HEIGHT="36" WIDTH="95" VPOS="903" HPOS="1261" CONTENT="קבורתו"/></TextLine><TextLine ID="Ar0080601l9" BASELINE="973" HEIGHT="38" WIDTH="630" VPOS="935" HPOS="723"><String HEIGHT="38" WIDTH="109" VPOS="935" HPOS="711" CONTENT="נחצבו"/><String HEIGHT="38" WIDTH="121" VPOS="935" HPOS="784" CONTENT="השורות"/><String HEIGHT="38" WIDTH="109" VPOS="935" HPOS="868" CONTENT="האלה:"/><String HEIGHT="38" WIDTH="73" VPOS="935" HPOS="941" CONTENT="פה"/><String HEIGHT="38" WIDTH="97" VPOS="935" HPOS="977" CONTENT="טמון"/><String HEIGHT="38" WIDTH="109" VPOS="935" HPOS="1038" CONTENT="הנעלה"/><String HEIGHT="38" WIDTH="97" VPOS="935" HPOS="1111" CONTENT="כהרר"/><String HEIGHT="38" WIDTH="109" VPOS="935" HPOS="1171" CONTENT="אברהם"/><String HEIGHT="38" WIDTH="73" VPOS="935" HPOS="1244" CONTENT="בן"/><String HEIGHT="38" WIDTH="85" VPOS="935" HPOS="1268" CONTENT="מוהרר"/></TextLine><TextLine ID="Ar0080601l10" BASELINE="1007" HEIGHT="46" WIDTH="643" VPOS="961" HPOS="717"><String HEIGHT="46" WIDTH="84" VPOS="961" HPOS="706" CONTENT="מאדל"/><String HEIGHT="46" WIDTH="74" VPOS="961" HPOS="759" CONTENT="סגל"/><String HEIGHT="46" WIDTH="105" VPOS="961" HPOS="801" CONTENT="מווין."/><String HEIGHT="46" WIDTH="84" VPOS="961" HPOS="875" CONTENT="ברוך"/><String HEIGHT="46" WIDTH="84" VPOS="961" HPOS="928" CONTENT="אברם"/><String HEIGHT="46" WIDTH="74" VPOS="961" HPOS="981" CONTENT="לאל"/><String HEIGHT="46" WIDTH="105" VPOS="961" HPOS="1023" CONTENT="עליון,"/><String HEIGHT="46" WIDTH="84" VPOS="961" HPOS="1096" CONTENT="תומך"/><String HEIGHT="46" WIDTH="63" VPOS="961" HPOS="1149" CONTENT="יד"/><String HEIGHT="46" WIDTH="74" VPOS="961" HPOS="1181" CONTENT="עני"/><String HEIGHT="46" WIDTH="116" VPOS="961" HPOS="1223" CONTENT="ואביון,"/><String HEIGHT="46" WIDTH="63" VPOS="961" HPOS="1297" CONTENT="כלכל"/></TextLine><TextLine ID="Ar0080601l11" BASELINE="1035" HEIGHT="38" WIDTH="628" VPOS="997" HPOS="725"><String HEIGHT="38" WIDTH="84" VPOS="997" HPOS="715" CONTENT="פרנס"/><String HEIGHT="38" WIDTH="84" VPOS="997" HPOS="767" CONTENT="וזן,"/><String HEIGHT="38" WIDTH="84" VPOS="997" HPOS="819" CONTENT="שכרו"/><String HEIGHT="38" WIDTH="94" VPOS="997" HPOS="872" CONTENT="לעולם"/><String HEIGHT="38" WIDTH="73" VPOS="997" HPOS="934" CONTENT="הבא"/><String HEIGHT="38" WIDTH="73" VPOS="997" HPOS="976" CONTENT="יהי"/><String HEIGHT="38" WIDTH="94" VPOS="997" HPOS="1018" CONTENT="צפון."/><String HEIGHT="38" WIDTH="73" VPOS="997" HPOS="1081" CONTENT="פתו"/><String HEIGHT="38" WIDTH="84" VPOS="997" HPOS="1123" CONTENT="מצוי"/><String HEIGHT="38" WIDTH="94" VPOS="997" HPOS="1175" CONTENT="(לעו)"/><String HEIGHT="38" WIDTH="73" VPOS="997" HPOS="1238" CONTENT="ברי"/><String HEIGHT="38" WIDTH="84" VPOS="997" HPOS="1269" CONTENT="דרכים,"/></TextLine><TextLine ID="Ar0080601l12" BASELINE="1066" HEIGHT="38" WIDTH="643" VPOS="1028" HPOS="716"><String HEIGHT="38" WIDTH="102" VPOS="1028" HPOS="705" CONTENT="לומדי"/><String HEIGHT="38" WIDTH="90" VPOS="1028" HPOS="772" CONTENT="תורה"/><String HEIGHT="38" WIDTH="68" VPOS="1028" HPOS="829" CONTENT="על"/><String HEIGHT="38" WIDTH="113" VPOS="1028" HPOS="863" CONTENT="שולחנו"/><String HEIGHT="38" WIDTH="124" VPOS="1028" HPOS="942" CONTENT="סמוכים."/><String HEIGHT="38" WIDTH="79" VPOS="1028" HPOS="1032" CONTENT="הלך"/><String HEIGHT="38" WIDTH="102" VPOS="1028" HPOS="1077" CONTENT="משרים"/><String HEIGHT="38" WIDTH="124" VPOS="1028" HPOS="1145" CONTENT="ונכוחים"/><String HEIGHT="38" WIDTH="102" VPOS="1028" HPOS="1235" CONTENT="מקדים"/><String HEIGHT="38" WIDTH="68" VPOS="1028" HPOS="1291" CONTENT="לב״ה"/></TextLine></TextBlock><TextBlock ID="Ar0080602" HEIGHT="926" WIDTH="648" VPOS="129" HPOS="57"><Shape><Polygon POINTS="705,1055 57,1055 57,129 705,129"/></Shape><TextLine ID="Ar0080602l1" BASELINE="169" HEIGHT="38" WIDTH="636" VPOS="131" HPOS="61"><String HEIGHT="38" WIDTH="94" VPOS="131" HPOS="51" CONTENT="שחרית"/><String HEIGHT="38" WIDTH="115" VPOS="131" HPOS="113" CONTENT="וערבית,"/><String HEIGHT="38" WIDTH="94" VPOS="131" HPOS="197" CONTENT="נשמתו"/><String HEIGHT="38" WIDTH="83" VPOS="131" HPOS="259" CONTENT="תנוח"/><String HEIGHT="38" WIDTH="125" VPOS="131" HPOS="311" CONTENT="במרומים,"/><String HEIGHT="38" WIDTH="63" VPOS="131" HPOS="405" CONTENT="עם"/><String HEIGHT="38" WIDTH="83" VPOS="131" HPOS="436" CONTENT="נשמת"/><String HEIGHT="38" WIDTH="73" VPOS="131" HPOS="488" CONTENT="שאר"/><String HEIGHT="38" WIDTH="104" VPOS="131" HPOS="530" CONTENT="צדיקים"/><String HEIGHT="38" WIDTH="104" VPOS="131" HPOS="593" CONTENT="ותמימים,"/></TextLine><TextLine ID="Ar0080602l2" BASELINE="201" HEIGHT="41" WIDTH="637" VPOS="160" HPOS="61"><String HEIGHT="41" WIDTH="89" VPOS="160" HPOS="50" CONTENT="נפטר"/><String HEIGHT="41" WIDTH="89" VPOS="160" HPOS="106" CONTENT="ביום"/><String HEIGHT="41" WIDTH="101" VPOS="160" HPOS="162" CONTENT="ראשון"/><String HEIGHT="41" WIDTH="67" VPOS="160" HPOS="229" CONTENT="של"/><String HEIGHT="41" WIDTH="78" VPOS="160" HPOS="262" CONTENT="פסח"/><String HEIGHT="41" WIDTH="89" VPOS="160" HPOS="307" CONTENT="תמ״ז"/><String HEIGHT="41" WIDTH="89" VPOS="160" HPOS="363" CONTENT="לפ״ק"/><String HEIGHT="41" WIDTH="123" VPOS="160" HPOS="419" CONTENT="תנצב״ה."/><String HEIGHT="41" WIDTH="78" VPOS="160" HPOS="508" CONTENT="בנו"/><String HEIGHT="41" WIDTH="78" VPOS="160" HPOS="553" CONTENT="רל׳"/><String HEIGHT="41" WIDTH="89" VPOS="160" HPOS="597" CONTENT="מאדל"/><String HEIGHT="41" WIDTH="56" VPOS="160" HPOS="642" CONTENT="הלך"/></TextLine><TextLine ID="Ar0080602l3" BASELINE="233" HEIGHT="43" WIDTH="625" VPOS="190" HPOS="73"><String HEIGHT="43" WIDTH="116" VPOS="190" HPOS="61" CONTENT="מברלין"/><String HEIGHT="43" WIDTH="104" VPOS="190" HPOS="142" CONTENT="לפראג"/><String HEIGHT="43" WIDTH="104" VPOS="190" HPOS="212" CONTENT="ונפטר"/><String HEIGHT="43" WIDTH="69" VPOS="190" HPOS="281" CONTENT="שם"/><String HEIGHT="43" WIDTH="69" VPOS="190" HPOS="316" CONTENT="ג׳"/><String HEIGHT="43" WIDTH="93" VPOS="190" HPOS="351" CONTENT="כסלו"/><String HEIGHT="43" WIDTH="93" VPOS="190" HPOS="409" CONTENT="תפ״ח"/><String HEIGHT="43" WIDTH="116" VPOS="190" HPOS="467" CONTENT="ומצבתו"/><String HEIGHT="43" WIDTH="104" VPOS="190" HPOS="548" CONTENT="נדפסת"/><String HEIGHT="43" WIDTH="81" VPOS="190" HPOS="617" CONTENT="בגל"/><String HEIGHT="43" WIDTH="46" VPOS="190" HPOS="652" CONTENT="עד"/></TextLine><TextLine ID="Ar0080602l4" BASELINE="269" HEIGHT="42" WIDTH="634" VPOS="227" HPOS="64"><String HEIGHT="42" WIDTH="72" VPOS="227" HPOS="52" CONTENT="צד"/><String HEIGHT="42" WIDTH="72" VPOS="227" HPOS="88" CONTENT="69"/><String HEIGHT="42" WIDTH="96" VPOS="227" HPOS="124" CONTENT="נומר"/><String HEIGHT="42" WIDTH="84" VPOS="227" HPOS="184" CONTENT="135"/><String HEIGHT="42" WIDTH="120" VPOS="227" HPOS="231" CONTENT="ובמותו"/><String HEIGHT="42" WIDTH="96" VPOS="227" HPOS="315" CONTENT="הניח"/><String HEIGHT="42" WIDTH="72" VPOS="227" HPOS="375" CONTENT="בן"/><String HEIGHT="42" WIDTH="96" VPOS="227" HPOS="411" CONTENT="ששמו"/><String HEIGHT="42" WIDTH="84" VPOS="227" HPOS="471" CONTENT="כשם"/><String HEIGHT="42" WIDTH="96" VPOS="227" HPOS="519" CONTENT="אביו"/><String HEIGHT="42" WIDTH="108" VPOS="227" HPOS="578" CONTENT="אברהם"/><String HEIGHT="42" WIDTH="60" VPOS="227" HPOS="638" CONTENT="ריז"/></TextLine><TextLine ID="Ar0080602l5" BASELINE="297" HEIGHT="41" WIDTH="638" VPOS="256" HPOS="58"><String HEIGHT="41" WIDTH="96" VPOS="256" HPOS="46" CONTENT="סג״ל"/><String HEIGHT="41" WIDTH="132" VPOS="256" HPOS="106" CONTENT="ובמצבתו"/><String HEIGHT="41" WIDTH="84" VPOS="256" HPOS="202" CONTENT="(שם"/><String HEIGHT="41" WIDTH="72" VPOS="256" HPOS="251" CONTENT="צד"/><String HEIGHT="41" WIDTH="72" VPOS="256" HPOS="287" CONTENT="68"/><String HEIGHT="41" WIDTH="96" VPOS="256" HPOS="323" CONTENT="נומר"/><String HEIGHT="41" WIDTH="96" VPOS="256" HPOS="383" CONTENT="133)"/><String HEIGHT="41" WIDTH="96" VPOS="256" HPOS="443" CONTENT="כתוב"/><String HEIGHT="41" WIDTH="108" VPOS="256" HPOS="503" CONTENT="שנפטר"/><String HEIGHT="41" WIDTH="108" VPOS="256" HPOS="576" CONTENT="בפראג"/><String HEIGHT="41" WIDTH="60" VPOS="256" HPOS="636" CONTENT="י״ב"/></TextLine><TextLine ID="Ar0080602l6" BASELINE="329" HEIGHT="41" WIDTH="624" VPOS="288" HPOS="69"><String HEIGHT="41" WIDTH="85" VPOS="288" HPOS="58" CONTENT="תמוז"/><String HEIGHT="41" WIDTH="106" VPOS="288" HPOS="111" CONTENT="תקל״ה."/><String HEIGHT="41" WIDTH="127" VPOS="288" HPOS="185" CONTENT="ומבנותיו"/><String HEIGHT="41" WIDTH="63" VPOS="288" HPOS="281" CONTENT="של"/><String HEIGHT="41" WIDTH="63" VPOS="288" HPOS="312" CONTENT="ר׳"/><String HEIGHT="41" WIDTH="95" VPOS="288" HPOS="344" CONTENT="אברהם"/><String HEIGHT="41" WIDTH="85" VPOS="288" HPOS="407" CONTENT="הלוי"/><String HEIGHT="41" WIDTH="95" VPOS="288" HPOS="460" CONTENT="הנפטר"/><String HEIGHT="41" WIDTH="106" VPOS="288" HPOS="524" CONTENT="בברלין"/><String HEIGHT="41" WIDTH="95" VPOS="288" HPOS="598" CONTENT="נזכיר"/><String HEIGHT="41" WIDTH="42" VPOS="288" HPOS="651" CONTENT="רק"/></TextLine><TextLine ID="Ar0080602l7" BASELINE="358" HEIGHT="40" WIDTH="636" VPOS="318" HPOS="64"><String HEIGHT="40" WIDTH="110" VPOS="318" HPOS="52" CONTENT="שתים:"/><String HEIGHT="40" WIDTH="98" VPOS="318" HPOS="125" CONTENT="האחת"/><String HEIGHT="40" WIDTH="98" VPOS="318" HPOS="186" CONTENT="היתה"/><String HEIGHT="40" WIDTH="86" VPOS="318" HPOS="247" CONTENT="מרת"/><String HEIGHT="40" WIDTH="110" VPOS="318" HPOS="296" CONTENT="חיילה"/><String HEIGHT="40" WIDTH="110" VPOS="318" HPOS="370" CONTENT="נפטרת"/><String HEIGHT="40" WIDTH="122" VPOS="318" HPOS="443" CONTENT="בברלין"/><String HEIGHT="40" WIDTH="86" VPOS="318" HPOS="529" CONTENT="כ״א"/><String HEIGHT="40" WIDTH="86" VPOS="318" HPOS="578" CONTENT="שבט"/><String HEIGHT="40" WIDTH="86" VPOS="318" HPOS="614" CONTENT="תפ״א,"/></TextLine><TextLine ID="Ar0080602l8" BASELINE="391" HEIGHT="38" WIDTH="638" VPOS="353" HPOS="62"><String HEIGHT="38" WIDTH="86" VPOS="353" HPOS="50" CONTENT="אשת"/><String HEIGHT="38" WIDTH="74" VPOS="353" HPOS="99" CONTENT="ר׳"/><String HEIGHT="38" WIDTH="110" VPOS="353" HPOS="136" CONTENT="מרדכי"/><String HEIGHT="38" WIDTH="123" VPOS="353" HPOS="209" CONTENT="טאקלעס"/><String HEIGHT="38" WIDTH="110" VPOS="353" HPOS="295" CONTENT="מליסא"/><String HEIGHT="38" WIDTH="98" VPOS="353" HPOS="369" CONTENT="שהיה"/><String HEIGHT="38" WIDTH="86" VPOS="353" HPOS="430" CONTENT="ראש"/><String HEIGHT="38" WIDTH="86" VPOS="353" HPOS="479" CONTENT="בית"/><String HEIGHT="38" WIDTH="74" VPOS="353" HPOS="528" CONTENT="די"/><String HEIGHT="38" WIDTH="123" VPOS="353" HPOS="565" CONTENT="בברלין"/><String HEIGHT="38" WIDTH="61" VPOS="353" HPOS="639" CONTENT="בעת"/></TextLine><TextLine ID="Ar0080602l9" BASELINE="422" HEIGHT="39" WIDTH="630" VPOS="383" HPOS="63"><String HEIGHT="39" WIDTH="90" VPOS="383" HPOS="52" CONTENT="שהיה"/><String HEIGHT="39" WIDTH="101" VPOS="383" HPOS="108" CONTENT="הגאון"/><String HEIGHT="39" WIDTH="79" VPOS="383" HPOS="176" CONTENT="בעל"/><String HEIGHT="39" WIDTH="79" VPOS="383" HPOS="221" CONTENT="פני"/><String HEIGHT="39" WIDTH="101" VPOS="383" HPOS="265" CONTENT="יהושע"/><String HEIGHT="39" WIDTH="90" VPOS="383" HPOS="333" CONTENT="אב״ד"/><String HEIGHT="39" WIDTH="113" VPOS="383" HPOS="389" CONTENT="בברלין"/><String HEIGHT="39" WIDTH="101" VPOS="383" HPOS="468" CONTENT="ונפטר"/><String HEIGHT="39" WIDTH="79" VPOS="383" HPOS="536" CONTENT="זקן"/><String HEIGHT="39" WIDTH="90" VPOS="383" HPOS="581" CONTENT="ושבע"/><String HEIGHT="39" WIDTH="68" VPOS="383" HPOS="626" CONTENT="ימים"/></TextLine><TextLine ID="Ar0080602l10" BASELINE="456" HEIGHT="41" WIDTH="641" VPOS="415" HPOS="58"><String HEIGHT="41" WIDTH="69" VPOS="415" HPOS="47" CONTENT="כ׳"/><String HEIGHT="41" WIDTH="92" VPOS="415" HPOS="81" CONTENT="סיון"/><String HEIGHT="41" WIDTH="103" VPOS="415" HPOS="138" CONTENT="תק״ג,"/><String HEIGHT="41" WIDTH="92" VPOS="415" HPOS="207" CONTENT="והוא"/><String HEIGHT="41" WIDTH="80" VPOS="415" HPOS="264" CONTENT="בעל"/><String HEIGHT="41" WIDTH="80" VPOS="415" HPOS="310" CONTENT="ספר"/><String HEIGHT="41" WIDTH="92" VPOS="415" HPOS="356" CONTENT="תורת"/><String HEIGHT="41" WIDTH="92" VPOS="415" HPOS="413" CONTENT="חיים"/><String HEIGHT="41" WIDTH="103" VPOS="415" HPOS="470" CONTENT="ואהבת"/><String HEIGHT="41" WIDTH="80" VPOS="415" HPOS="539" CONTENT="חסד"/><String HEIGHT="41" WIDTH="92" VPOS="415" HPOS="585" CONTENT="(ראה"/><String HEIGHT="41" WIDTH="69" VPOS="415" HPOS="630" CONTENT="עליו"/></TextLine><TextLine ID="Ar0080602l11" BASELINE="487" HEIGHT="41" WIDTH="628" VPOS="446" HPOS="69"><String HEIGHT="41" WIDTH="76" VPOS="446" HPOS="58" CONTENT="LXX"/><String HEIGHT="41" WIDTH="87" VPOS="446" HPOS="101" CONTENT="בספר"/><String HEIGHT="41" WIDTH="97" VPOS="446" HPOS="156" CONTENT="החיים"/><String HEIGHT="41" WIDTH="97" VPOS="446" HPOS="221" CONTENT="ומעבר"/><String HEIGHT="41" WIDTH="76" VPOS="446" HPOS="286" CONTENT="יבק"/><String HEIGHT="41" WIDTH="97" VPOS="446" HPOS="329" CONTENT="שנדפס"/><String HEIGHT="41" WIDTH="65" VPOS="446" HPOS="394" CONTENT="על"/><String HEIGHT="41" WIDTH="76" VPOS="446" HPOS="426" CONTENT="ידי"/><String HEIGHT="41" WIDTH="108" VPOS="446" HPOS="470" CONTENT="בברלין"/><String HEIGHT="41" WIDTH="87" VPOS="446" HPOS="545" CONTENT="בשנת"/><String HEIGHT="41" WIDTH="97" VPOS="446" HPOS="600" CONTENT="תרכ״ז"/><String HEIGHT="41" WIDTH="43" VPOS="446" HPOS="654" CONTENT="צד"/></TextLine><TextLine ID="Ar0080602l12" BASELINE="520" HEIGHT="42" WIDTH="628" VPOS="478" HPOS="69"><String HEIGHT="42" WIDTH="116" VPOS="478" HPOS="57" CONTENT="מהקדמה"/><String HEIGHT="42" WIDTH="93" VPOS="478" HPOS="139" CONTENT="שלי)"/><String HEIGHT="42" WIDTH="105" VPOS="478" HPOS="197" CONTENT="ומבני"/><String HEIGHT="42" WIDTH="93" VPOS="478" HPOS="267" CONTENT="בניו"/><String HEIGHT="42" WIDTH="70" VPOS="478" HPOS="325" CONTENT="של"/><String HEIGHT="42" WIDTH="93" VPOS="478" HPOS="360" CONTENT="הר״ד"/><String HEIGHT="42" WIDTH="81" VPOS="478" HPOS="418" CONTENT="הזה"/><String HEIGHT="42" WIDTH="81" VPOS="478" HPOS="464" CONTENT="היה"/><String HEIGHT="42" WIDTH="105" VPOS="478" HPOS="511" CONTENT="המנוח"/><String HEIGHT="42" WIDTH="93" VPOS="478" HPOS="581" CONTENT="החכם"/><String HEIGHT="42" WIDTH="70" VPOS="478" HPOS="627" CONTENT="אשער"/></TextLine><TextLine ID="Ar0080602l13" BASELINE="549" HEIGHT="36" WIDTH="640" VPOS="513" HPOS="58"><String HEIGHT="36" WIDTH="166" VPOS="513" HPOS="46" CONTENT="שבהוצאותיו"/><String HEIGHT="36" WIDTH="107" VPOS="513" HPOS="177" CONTENT="נדפסו"/><String HEIGHT="36" WIDTH="119" VPOS="513" HPOS="248" CONTENT="המסעות"/><String HEIGHT="36" WIDTH="71" VPOS="513" HPOS="331" CONTENT="של"/><String HEIGHT="36" WIDTH="59" VPOS="513" HPOS="366" CONTENT="ר"/><String HEIGHT="36" WIDTH="119" VPOS="513" HPOS="390" CONTENT="בנימין"/><String HEIGHT="36" WIDTH="71" VPOS="513" HPOS="473" CONTENT="עם"/><String HEIGHT="36" WIDTH="130" VPOS="513" HPOS="508" CONTENT="ביאורים"/><String HEIGHT="36" WIDTH="107" VPOS="513" HPOS="591" CONTENT="ומחכמים"/></TextLine><TextLine ID="Ar0080602l14" BASELINE="582" HEIGHT="42" WIDTH="633" VPOS="540" HPOS="61"><String HEIGHT="42" WIDTH="113" VPOS="540" HPOS="50" CONTENT="אחרים."/><String HEIGHT="42" WIDTH="79" VPOS="540" HPOS="129" CONTENT="בתו"/><String HEIGHT="42" WIDTH="102" VPOS="540" HPOS="174" CONTENT="השניה"/><String HEIGHT="42" WIDTH="68" VPOS="540" HPOS="242" CONTENT="של"/><String HEIGHT="42" WIDTH="68" VPOS="540" HPOS="276" CONTENT="ר׳"/><String HEIGHT="42" WIDTH="102" VPOS="540" HPOS="310" CONTENT="אברהם"/><String HEIGHT="42" WIDTH="90" VPOS="540" HPOS="378" CONTENT="הלוי"/><String HEIGHT="42" WIDTH="79" VPOS="540" HPOS="434" CONTENT="שמה"/><String HEIGHT="42" WIDTH="90" VPOS="540" HPOS="479" CONTENT="היתה"/><String HEIGHT="42" WIDTH="90" VPOS="540" HPOS="536" CONTENT="מירל"/><String HEIGHT="42" WIDTH="102" VPOS="540" HPOS="592" CONTENT="נפטרת"/><String HEIGHT="42" WIDTH="45" VPOS="540" HPOS="649" CONTENT="ב'"/></TextLine><TextLine ID="Ar0080602l15" BASELINE="611" HEIGHT="35" WIDTH="636" VPOS="576" HPOS="61"><String HEIGHT="35" WIDTH="88" VPOS="576" HPOS="50" CONTENT="אלול"/><String HEIGHT="35" WIDTH="88" VPOS="576" HPOS="105" CONTENT="תצ״ד"/><String HEIGHT="35" WIDTH="99" VPOS="576" HPOS="160" CONTENT="והיתה"/><String HEIGHT="35" WIDTH="77" VPOS="576" HPOS="225" CONTENT="אשת"/><String HEIGHT="35" WIDTH="88" VPOS="576" HPOS="269" CONTENT="פרנס"/><String HEIGHT="35" WIDTH="110" VPOS="576" HPOS="324" CONTENT="ומנהיג"/><String HEIGHT="35" WIDTH="66" VPOS="576" HPOS="401" CONTENT="ר׳"/><String HEIGHT="35" WIDTH="88" VPOS="576" HPOS="434" CONTENT="מאיר"/><String HEIGHT="35" WIDTH="99" VPOS="576" HPOS="489" CONTENT="רינטל"/><String HEIGHT="35" WIDTH="110" VPOS="576" HPOS="554" CONTENT="בברלין"/><String HEIGHT="35" WIDTH="77" VPOS="576" HPOS="620" CONTENT="שנפטר"/></TextLine><TextLine ID="Ar0080602l16" BASELINE="649" HEIGHT="38" WIDTH="634" VPOS="611" HPOS="63"><String HEIGHT="38" WIDTH="75" VPOS="611" HPOS="52" CONTENT="ר״ח"/><String HEIGHT="38" WIDTH="86" VPOS="611" HPOS="95" CONTENT="אלול"/><String HEIGHT="38" WIDTH="97" VPOS="611" HPOS="149" CONTENT="תק״ג."/><String HEIGHT="38" WIDTH="107" VPOS="611" HPOS="213" CONTENT="ובמותם"/><String HEIGHT="38" WIDTH="97" VPOS="611" HPOS="289" CONTENT="הניחו"/><String HEIGHT="38" WIDTH="64" VPOS="611" HPOS="353" CONTENT="בן"/><String HEIGHT="38" WIDTH="75" VPOS="611" HPOS="385" CONTENT="אחד"/><String HEIGHT="38" WIDTH="75" VPOS="611" HPOS="428" CONTENT="ובת"/><String HEIGHT="38" WIDTH="86" VPOS="611" HPOS="471" CONTENT="אחת."/><String HEIGHT="38" WIDTH="107" VPOS="611" HPOS="525" CONTENT="הראשון"/><String HEIGHT="38" WIDTH="75" VPOS="611" HPOS="600" CONTENT="הוא"/><String HEIGHT="38" WIDTH="64" VPOS="611" HPOS="633" CONTENT="פרנס"/></TextLine><TextLine ID="Ar0080602l17" BASELINE="676" HEIGHT="38" WIDTH="636" VPOS="638" HPOS="58"><String HEIGHT="38" WIDTH="130" VPOS="638" HPOS="46" CONTENT="ומננהיג"/><String HEIGHT="38" WIDTH="71" VPOS="638" HPOS="140" CONTENT="ר׳"/><String HEIGHT="38" WIDTH="106" VPOS="638" HPOS="176" CONTENT="אברהם"/><String HEIGHT="38" WIDTH="118" VPOS="638" HPOS="246" CONTENT="רינטל,"/><String HEIGHT="38" WIDTH="118" VPOS="638" HPOS="329" CONTENT="שהדפיס"/><String HEIGHT="38" WIDTH="94" VPOS="638" HPOS="411" CONTENT="בשנת"/><String HEIGHT="38" WIDTH="94" VPOS="638" HPOS="470" CONTENT="תק״י"/><String HEIGHT="38" WIDTH="82" VPOS="638" HPOS="529" CONTENT="ספר"/><String HEIGHT="38" WIDTH="94" VPOS="638" HPOS="576" CONTENT="תורת"/><String HEIGHT="38" WIDTH="71" VPOS="638" HPOS="623" CONTENT="חיים"/></TextLine><TextLine ID="Ar0080602l18" BASELINE="708" HEIGHT="36" WIDTH="640" VPOS="672" HPOS="61"><String HEIGHT="36" WIDTH="101" VPOS="672" HPOS="50" CONTENT="ואהבת"/><String HEIGHT="36" WIDTH="79" VPOS="672" HPOS="117" CONTENT="חסד"/><String HEIGHT="36" WIDTH="67" VPOS="672" HPOS="162" CONTENT="של"/><String HEIGHT="36" WIDTH="90" VPOS="672" HPOS="196" CONTENT="דודו"/><String HEIGHT="36" WIDTH="101" VPOS="672" HPOS="252" CONTENT="הרב״ד"/><String HEIGHT="36" WIDTH="67" VPOS="672" HPOS="319" CONTENT="ר׳"/><String HEIGHT="36" WIDTH="101" VPOS="672" HPOS="353" CONTENT="מרדכי"/><String HEIGHT="36" WIDTH="101" VPOS="672" HPOS="420" CONTENT="טאקלס"/><String HEIGHT="36" WIDTH="101" VPOS="672" HPOS="488" CONTENT="הנזכר"/><String HEIGHT="36" WIDTH="101" VPOS="672" HPOS="555" CONTENT="ונפטר"/><String HEIGHT="36" WIDTH="67" VPOS="672" HPOS="622" CONTENT="בן"/><String HEIGHT="36" WIDTH="56" VPOS="672" HPOS="645" CONTENT="ס״ו"/></TextLine><TextLine ID="Ar0080602l19" BASELINE="741" HEIGHT="41" WIDTH="634" VPOS="700" HPOS="64"><String HEIGHT="41" WIDTH="87" VPOS="700" HPOS="53" CONTENT="שנים"/><String HEIGHT="41" WIDTH="77" VPOS="700" HPOS="108" CONTENT="כ״ז"/><String HEIGHT="41" WIDTH="77" VPOS="700" HPOS="151" CONTENT="שבט"/><String HEIGHT="41" WIDTH="109" VPOS="700" HPOS="195" CONTENT="תקכ״ז."/><String HEIGHT="41" WIDTH="120" VPOS="700" HPOS="272" CONTENT="ולאחותו"/><String HEIGHT="41" WIDTH="77" VPOS="700" HPOS="359" CONTENT="בתו"/><String HEIGHT="41" WIDTH="66" VPOS="700" HPOS="403" CONTENT="של"/><String HEIGHT="41" WIDTH="66" VPOS="700" HPOS="436" CONTENT="ר׳"/><String HEIGHT="41" WIDTH="87" VPOS="700" HPOS="468" CONTENT="מאיר"/><String HEIGHT="41" WIDTH="109" VPOS="700" HPOS="523" CONTENT="רינעיל"/><String HEIGHT="41" WIDTH="77" VPOS="700" HPOS="600" CONTENT="שמה"/><String HEIGHT="41" WIDTH="66" VPOS="700" HPOS="632" CONTENT="היתה"/></TextLine><TextLine ID="Ar0080602l20" BASELINE="776" HEIGHT="42" WIDTH="638" VPOS="734" HPOS="62"><String HEIGHT="42" WIDTH="93" VPOS="734" HPOS="50" CONTENT="הנכי"/><String HEIGHT="42" WIDTH="81" VPOS="734" HPOS="108" CONTENT="אשת"/><String HEIGHT="42" WIDTH="93" VPOS="734" HPOS="155" CONTENT="פו״מ"/><String HEIGHT="42" WIDTH="70" VPOS="734" HPOS="213" CONTENT="ר׳"/><String HEIGHT="42" WIDTH="93" VPOS="734" HPOS="248" CONTENT="הירץ"/><String HEIGHT="42" WIDTH="70" VPOS="734" HPOS="306" CONTENT="בר"/><String HEIGHT="42" WIDTH="93" VPOS="734" HPOS="340" CONTENT="אהרן"/><String HEIGHT="42" WIDTH="93" VPOS="734" HPOS="398" CONTENT="הכהן"/><String HEIGHT="42" WIDTH="116" VPOS="734" HPOS="456" CONTENT="בברלין"/><String HEIGHT="42" WIDTH="81" VPOS="734" HPOS="538" CONTENT="והם"/><String HEIGHT="42" WIDTH="116" VPOS="734" HPOS="584" CONTENT="הולידו"/><String HEIGHT="42" WIDTH="46" VPOS="734" HPOS="654" CONTENT="את"/></TextLine><TextLine ID="Ar0080602l21" BASELINE="805" HEIGHT="43" WIDTH="640" VPOS="762" HPOS="60"><String HEIGHT="43" WIDTH="269" VPOS="762" HPOS="47" CONTENT="ר׳ זלמן הכהן שהוא"/><String HEIGHT="43" WIDTH="115" VPOS="762" HPOS="278" CONTENT="ואשתו"/><String HEIGHT="43" WIDTH="90" VPOS="762" HPOS="354" CONTENT="מרת"/><String HEIGHT="43" WIDTH="115" VPOS="762" HPOS="406" CONTENT="מערלה"/><String HEIGHT="43" WIDTH="102" VPOS="762" HPOS="482" CONTENT="יסדו"/><String HEIGHT="43" WIDTH="115" VPOS="762" HPOS="546" CONTENT="בביתם"/><String HEIGHT="43" WIDTH="90" VPOS="762" HPOS="610" CONTENT="ברחוב"/></TextLine><TextLine ID="Ar0080602l22" BASELINE="838" HEIGHT="40" WIDTH="637" VPOS="798" HPOS="65"><String HEIGHT="40" WIDTH="240" VPOS="798" HPOS="53" CONTENT="שפאנדויער-שטראסע"/><String HEIGHT="40" WIDTH="72" VPOS="798" HPOS="257" CONTENT="64"/><String HEIGHT="40" WIDTH="84" VPOS="798" HPOS="293" CONTENT="בית"/><String HEIGHT="40" WIDTH="108" VPOS="798" HPOS="341" CONTENT="המדרש"/><String HEIGHT="40" WIDTH="96" VPOS="798" HPOS="414" CONTENT="שעוד"/><String HEIGHT="40" WIDTH="96" VPOS="798" HPOS="474" CONTENT="היום"/><String HEIGHT="40" WIDTH="120" VPOS="798" HPOS="534" CONTENT="לומדים"/><String HEIGHT="40" WIDTH="72" VPOS="798" HPOS="618" CONTENT="שם"/><String HEIGHT="40" WIDTH="60" VPOS="798" HPOS="642" CONTENT="בכל"/></TextLine><TextLine ID="Ar0080602l23" BASELINE="866" HEIGHT="33" WIDTH="635" VPOS="833" HPOS="62"><String HEIGHT="33" WIDTH="79" VPOS="833" HPOS="51" CONTENT="יום"/><String HEIGHT="33" WIDTH="68" VPOS="833" HPOS="96" CONTENT="ג׳"/><String HEIGHT="33" WIDTH="102" VPOS="833" HPOS="130" CONTENT="רבנים"/><String HEIGHT="33" WIDTH="102" VPOS="833" HPOS="198" CONTENT="שיעור"/><String HEIGHT="33" WIDTH="125" VPOS="833" HPOS="266" CONTENT="משניות,"/><String HEIGHT="33" WIDTH="91" VPOS="833" HPOS="357" CONTENT="ובנם"/><String HEIGHT="33" WIDTH="91" VPOS="833" HPOS="414" CONTENT="השני"/><String HEIGHT="33" WIDTH="79" VPOS="833" HPOS="470" CONTENT="הוא"/><String HEIGHT="33" WIDTH="125" VPOS="833" HPOS="516" CONTENT="המפורסם"/><String HEIGHT="33" WIDTH="68" VPOS="833" HPOS="606" CONTENT="ר׳"/><String HEIGHT="33" WIDTH="68" VPOS="833" HPOS="629" CONTENT="יאקב"/></TextLine><TextLine ID="Ar0080602l24" BASELINE="904" HEIGHT="46" WIDTH="633" VPOS="858" HPOS="60"><String HEIGHT="46" WIDTH="68" VPOS="858" HPOS="49" CONTENT="כן"/><String HEIGHT="46" WIDTH="90" VPOS="858" HPOS="83" CONTENT="שהוא"/><String HEIGHT="46" WIDTH="102" VPOS="858" HPOS="139" CONTENT="ואשתו"/><String HEIGHT="46" WIDTH="79" VPOS="858" HPOS="207" CONTENT="מרת"/><String HEIGHT="46" WIDTH="90" VPOS="858" HPOS="252" CONTENT="דינה"/><String HEIGHT="46" WIDTH="68" VPOS="858" HPOS="309" CONTENT="בת"/><String HEIGHT="46" WIDTH="68" VPOS="858" HPOS="343" CONTENT="ר׳"/><String HEIGHT="46" WIDTH="90" VPOS="858" HPOS="377" CONTENT="צדוק"/><String HEIGHT="46" WIDTH="102" VPOS="858" HPOS="433" CONTENT="נויאן"/><String HEIGHT="46" WIDTH="90" VPOS="858" HPOS="501" CONTENT="יסדו"/><String HEIGHT="46" WIDTH="68" VPOS="858" HPOS="557" CONTENT="גם"/><String HEIGHT="46" WIDTH="68" VPOS="858" HPOS="591" CONTENT="הם"/><String HEIGHT="46" WIDTH="79" VPOS="858" HPOS="614" CONTENT="ברחוב"/></TextLine><TextLine ID="Ar0080602l25" BASELINE="935" HEIGHT="46" WIDTH="633" VPOS="889" HPOS="57"><String HEIGHT="46" WIDTH="147" VPOS="889" HPOS="46" CONTENT="שפאנדויער"/><String HEIGHT="46" WIDTH="113" VPOS="889" HPOS="159" CONTENT="שטראסע"/><String HEIGHT="46" WIDTH="90" VPOS="889" HPOS="238" CONTENT="נומר"/><String HEIGHT="46" WIDTH="68" VPOS="889" HPOS="294" CONTENT="48"/><String HEIGHT="46" WIDTH="113" VPOS="889" HPOS="328" CONTENT="בברלין"/><String HEIGHT="46" WIDTH="79" VPOS="889" HPOS="407" CONTENT="בית"/><String HEIGHT="46" WIDTH="102" VPOS="889" HPOS="453" CONTENT="תלמוד"/><String HEIGHT="46" WIDTH="113" VPOS="889" HPOS="520" CONTENT="ללימוד"/><String HEIGHT="46" WIDTH="102" VPOS="889" HPOS="588" CONTENT="ולהספקת"/></TextLine><TextLine ID="Ar0080602l26" BASELINE="966" HEIGHT="44" WIDTH="632" VPOS="922" HPOS="59"><String HEIGHT="44" WIDTH="97" VPOS="922" HPOS="47" CONTENT="ילדי"/><String HEIGHT="44" WIDTH="122" VPOS="922" HPOS="108" CONTENT="משפחתם"/><String HEIGHT="44" WIDTH="109" VPOS="922" HPOS="193" CONTENT="במאכל"/><String HEIGHT="44" WIDTH="122" VPOS="922" HPOS="266" CONTENT="ובמשתה"/><String HEIGHT="44" WIDTH="122" VPOS="922" HPOS="351" CONTENT="ודירה."/><String HEIGHT="44" WIDTH="109" VPOS="922" HPOS="436" CONTENT="והחכם"/><String HEIGHT="44" WIDTH="134" VPOS="922" HPOS="509" CONTENT="המפורסם"/><String HEIGHT="44" WIDTH="97" VPOS="922" HPOS="594" CONTENT="דאקטאר"/></TextLine><TextLine ID="Ar0080602l27" BASELINE="996" HEIGHT="40" WIDTH="632" VPOS="956" HPOS="58"><String HEIGHT="40" WIDTH="102" VPOS="956" HPOS="47" CONTENT="קאסעל"/><String HEIGHT="40" WIDTH="79" VPOS="956" HPOS="114" CONTENT="הוא"/><String HEIGHT="40" WIDTH="79" VPOS="956" HPOS="160" CONTENT="כעת"/><String HEIGHT="40" WIDTH="90" VPOS="956" HPOS="205" CONTENT="מורה"/><String HEIGHT="40" WIDTH="113" VPOS="956" HPOS="261" CONTENT="ומשגיח"/><String HEIGHT="40" WIDTH="90" VPOS="956" HPOS="340" CONTENT="בבית"/><String HEIGHT="40" WIDTH="79" VPOS="956" HPOS="397" CONTENT="הזה"/><String HEIGHT="40" WIDTH="79" VPOS="956" HPOS="442" CONTENT="ועל"/><String HEIGHT="40" WIDTH="79" VPOS="956" HPOS="487" CONTENT="הסך"/><String HEIGHT="40" WIDTH="113" VPOS="956" HPOS="532" CONTENT="שהניחו"/><String HEIGHT="40" WIDTH="90" VPOS="956" HPOS="600" CONTENT="אחריהם"/></TextLine><TextLine ID="Ar0080602l28" BASELINE="1027" HEIGHT="40" WIDTH="305" VPOS="987" HPOS="396"><String HEIGHT="40" WIDTH="90" VPOS="987" HPOS="385" CONTENT="לבית"/><String HEIGHT="40" WIDTH="102" VPOS="987" HPOS="441" CONTENT="תלמוד"/><String HEIGHT="40" WIDTH="79" VPOS="987" HPOS="509" CONTENT="הזה"/><String HEIGHT="40" WIDTH="124" VPOS="987" HPOS="554" CONTENT="ולהכנסת"/><String HEIGHT="40" WIDTH="68" VPOS="987" HPOS="633" CONTENT="כלה."/></TextLine><TextLine ID="Ar0080602l29" BASELINE="1059" HEIGHT="42" WIDTH="133" VPOS="1017" HPOS="118"><String HEIGHT="42" WIDTH="121" VPOS="1017" HPOS="106" CONTENT="(ההמשך"/><String HEIGHT="42" WIDTH="73" VPOS="1017" HPOS="178" CONTENT="יבא)"/></TextLine></TextBlock><TextBlock ID="Ad0080100" HEIGHT="359" WIDTH="967" VPOS="1096" HPOS="395"><Shape><Polygon POINTS="1362,1455 395,1455 395,1096 1362,1096"/></Shape><TextLine ID="Ad0080100l1" BASELINE="1151" HEIGHT="46" WIDTH="651" VPOS="1105" HPOS="561"><String HEIGHT="46" WIDTH="148" VPOS="1105" HPOS="546" CONTENT="החפצים"/><String HEIGHT="46" WIDTH="118" VPOS="1105" HPOS="650" CONTENT="לבוא"/><String HEIGHT="46" WIDTH="89" VPOS="1105" HPOS="724" CONTENT="על"/><String HEIGHT="46" WIDTH="133" VPOS="1105" HPOS="768" CONTENT="החתום"/><String HEIGHT="46" WIDTH="118" VPOS="1105" HPOS="857" CONTENT="לקבל"/><String HEIGHT="46" WIDTH="148" VPOS="1105" HPOS="931" CONTENT="הצפירה"/><String HEIGHT="46" WIDTH="133" VPOS="1105" HPOS="1034" CONTENT="ישיגו"/><String HEIGHT="46" WIDTH="104" VPOS="1105" HPOS="1108" CONTENT="אותה."/></TextLine><TextLine ID="Ad0080100l2" BASELINE="1218" HEIGHT="42" WIDTH="396" VPOS="1176" HPOS="958"><String HEIGHT="42" WIDTH="419" VPOS="1176" HPOS="935" CONTENT="בעיר ווילנא אצל הח׳ מרדכי פלונגיאן."/></TextLine><TextLine ID="Ad0080100l3" BASELINE="1216" HEIGHT="43" WIDTH="367" VPOS="1173" HPOS="408"><String HEIGHT="43" WIDTH="122" VPOS="1173" HPOS="394" CONTENT="Marko"/><String HEIGHT="43" WIDTH="204" VPOS="1173" HPOS="476" CONTENT="Plungianski"/><String HEIGHT="43" WIDTH="82" VPOS="1173" HPOS="639" CONTENT="in"/><String HEIGHT="43" WIDTH="109" VPOS="1173" HPOS="666" CONTENT="Wilna."/></TextLine><TextLine ID="Ad0080100l4" BASELINE="1255" HEIGHT="47" WIDTH="408" VPOS="1208" HPOS="941"><String HEIGHT="47" WIDTH="173" VPOS="1208" HPOS="929" CONTENT="בעיר קאונע"/><String HEIGHT="47" WIDTH="87" VPOS="1208" HPOS="1065" CONTENT="אצל"/><String HEIGHT="47" WIDTH="74" VPOS="1208" HPOS="1114" CONTENT="ה׳"/><String HEIGHT="47" WIDTH="111" VPOS="1208" HPOS="1151" CONTENT="אברהם"/><String HEIGHT="47" WIDTH="136" VPOS="1208" HPOS="1213" CONTENT="צוקערמאן."/></TextLine><TextLine ID="Ad0080100l5" BASELINE="1246" HEIGHT="37" WIDTH="297" VPOS="1209" HPOS="402"><String HEIGHT="37" WIDTH="85" VPOS="1209" HPOS="388" CONTENT="A."/><String HEIGHT="37" WIDTH="170" VPOS="1209" HPOS="430" CONTENT="Zuckernn"/><String HEIGHT="37" WIDTH="85" VPOS="1209" HPOS="558" CONTENT="in"/><String HEIGHT="37" WIDTH="113" VPOS="1209" HPOS="586" CONTENT="Kowno."/></TextLine><TextLine ID="Ad0080100l6" BASELINE="1276" HEIGHT="34" WIDTH="358" VPOS="1242" HPOS="993"><String HEIGHT="34" WIDTH="387" VPOS="1242" HPOS="964" CONTENT="או שם אצל ה׳ דוד ארינבערג"/></TextLine><TextLine ID="Ad0080100l7" BASELINE="1279" HEIGHT="37" WIDTH="356" VPOS="1242" HPOS="403"><String HEIGHT="37" WIDTH="134" VPOS="1242" HPOS="388" CONTENT="Dawid"/><String HEIGHT="37" WIDTH="178" VPOS="1242" HPOS="477" CONTENT="Orenberg"/><String HEIGHT="37" WIDTH="89" VPOS="1242" HPOS="611" CONTENT="in"/><String HEIGHT="37" WIDTH="119" VPOS="1242" HPOS="640" CONTENT="Kowno."/></TextLine><TextLine ID="line_1528298027616_55" BASELINE="1313" HEIGHT="42" WIDTH="451" VPOS="1271" HPOS="897"><String HEIGHT="42" WIDTH="95" VPOS="1271" HPOS="885" CONTENT="בעיר"/><String HEIGHT="42" WIDTH="154" VPOS="1271" HPOS="944" CONTENT="ביאליסטאק"/><String HEIGHT="42" WIDTH="83" VPOS="1271" HPOS="1063" CONTENT="אצל"/><String HEIGHT="42" WIDTH="71" VPOS="1271" HPOS="1111" CONTENT="ה׳"/><String HEIGHT="42" WIDTH="107" VPOS="1271" HPOS="1146" CONTENT="אליהו"/><String HEIGHT="42" WIDTH="142" VPOS="1271" HPOS="1206" CONTENT="סלאנימסקי."/></TextLine><TextLine ID="Ad0080100l8" BASELINE="1312" HEIGHT="36" WIDTH="365" VPOS="1276" HPOS="406"><String HEIGHT="36" WIDTH="101" VPOS="1276" HPOS="393" CONTENT="Elia"/><String HEIGHT="36" WIDTH="164" VPOS="1276" HPOS="456" CONTENT="Slonimski"/><String HEIGHT="36" WIDTH="76" VPOS="1276" HPOS="582" CONTENT="in"/><String HEIGHT="36" WIDTH="164" VPOS="1276" HPOS="607" CONTENT="Bialystock."/></TextLine><TextLine ID="Ad0080100l10" BASELINE="1367" HEIGHT="48" WIDTH="329" VPOS="1319" HPOS="1026"><String HEIGHT="48" WIDTH="88" VPOS="1319" HPOS="1015" CONTENT="בעיר"/><String HEIGHT="48" WIDTH="88" VPOS="1319" HPOS="1070" CONTENT="קיעב"/><String HEIGHT="48" WIDTH="66" VPOS="1319" HPOS="1125" CONTENT="ה׳"/><String HEIGHT="48" WIDTH="99" VPOS="1319" HPOS="1158" CONTENT="יהודה"/><String HEIGHT="48" WIDTH="77" VPOS="1319" HPOS="1223" CONTENT="ליב"/><String HEIGHT="48" WIDTH="99" VPOS="1319" HPOS="1256" CONTENT="לעווין."/></TextLine><TextLine ID="Ad0080100l9" BASELINE="1350" HEIGHT="43" WIDTH="471" VPOS="1307" HPOS="400"><String HEIGHT="43" WIDTH="67" VPOS="1307" HPOS="387" CONTENT="."/><String HEIGHT="43" WIDTH="81" VPOS="1307" HPOS="413" CONTENT="L."/><String HEIGHT="43" WIDTH="121" VPOS="1307" HPOS="454" CONTENT="Levin"/><String HEIGHT="43" WIDTH="81" VPOS="1307" HPOS="535" CONTENT="in"/><String HEIGHT="43" WIDTH="148" VPOS="1307" HPOS="575" CONTENT="Cmopoir"/><String HEIGHT="43" WIDTH="81" VPOS="1307" HPOS="683" CONTENT="d."/><String HEIGHT="43" WIDTH="161" VPOS="1307" HPOS="710" CONTENT="Dampfmuhle"/></TextLine><TextLine ID="Ad0080100l11" BASELINE="1375" HEIGHT="39" WIDTH="328" VPOS="1336" HPOS="470"><String HEIGHT="39" WIDTH="96" VPOS="1336" HPOS="456" CONTENT="von"/><String HEIGHT="39" WIDTH="96" VPOS="1336" HPOS="511" CONTENT="Hr."/><String HEIGHT="39" WIDTH="150" VPOS="1336" HPOS="566" CONTENT="Brodski"/><String HEIGHT="39" WIDTH="82" VPOS="1336" HPOS="675" CONTENT="in"/><String HEIGHT="39" WIDTH="96" VPOS="1336" HPOS="702" CONTENT="Kiew."/></TextLine><TextLine ID="line_1528522943813_11" BASELINE="1409" HEIGHT="44" WIDTH="570" VPOS="1365" HPOS="776"><String HEIGHT="44" WIDTH="592" VPOS="1365" HPOS="754" CONTENT=".בעיר ווארשא או אצל הסוכן הכללי ה׳ מיכל סלאנימסקי. "/></TextLine><TextLine ID="line_1528522943817_12" BASELINE="1407" HEIGHT="38" WIDTH="379" VPOS="1369" HPOS="409"><String HEIGHT="38" WIDTH="126" VPOS="1369" HPOS="396" CONTENT="Michal"/><String HEIGHT="38" WIDTH="164" VPOS="1369" HPOS="485" CONTENT="Slonimski"/><String HEIGHT="38" WIDTH="76" VPOS="1369" HPOS="611" CONTENT="in"/><String HEIGHT="38" WIDTH="164" VPOS="1369" HPOS="649" CONTENT="Warschau."/><String HEIGHT="38" WIDTH="25" VPOS="1369" HPOS="763" CONTENT=""/></TextLine><TextLine ID="Ad0080100l13" BASELINE="1441" HEIGHT="47" WIDTH="334" VPOS="1394" HPOS="1022"><String HEIGHT="47" WIDTH="119" VPOS="1394" HPOS="1010" CONTENT="או אצל"/><String HEIGHT="47" WIDTH="72" VPOS="1394" HPOS="1094" CONTENT="ה׳"/><String HEIGHT="47" WIDTH="119" VPOS="1394" HPOS="1129" CONTENT="אליעזר"/><String HEIGHT="47" WIDTH="95" VPOS="1394" HPOS="1213" CONTENT="יצחק"/><String HEIGHT="47" WIDTH="95" VPOS="1394" HPOS="1261" CONTENT="שפירא."/></TextLine><TextLine ID="Ad0080100l14" BASELINE="1442" HEIGHT="43" WIDTH="361" VPOS="1399" HPOS="402"><String HEIGHT="43" WIDTH="80" VPOS="1399" HPOS="389" CONTENT="L."/><String HEIGHT="43" WIDTH="80" VPOS="1399" HPOS="429" CONTENT="J."/><String HEIGHT="43" WIDTH="160" VPOS="1399" HPOS="469" CONTENT="Schapiro"/><String HEIGHT="43" WIDTH="80" VPOS="1399" HPOS="589" CONTENT="in"/><String HEIGHT="43" WIDTH="147" VPOS="1399" HPOS="616" CONTENT="Warschau."/></TextLine></TextBlock><TextBlock ID="Ad0080000" HEIGHT="397" WIDTH="314" VPOS="1072" HPOS="50"><Shape><Polygon POINTS="364,1469 50,1469 50,1072 364,1072"/></Shape><TextLine ID="Ad0080000l1" BASELINE="1108" HEIGHT="58" WIDTH="289" VPOS="1050" HPOS="63"><String HEIGHT="58" WIDTH="72" VPOS="1050" HPOS="51" CONTENT="אל"/><String HEIGHT="58" WIDTH="84" VPOS="1050" HPOS="87" CONTENT="אבי"/><String HEIGHT="58" WIDTH="96" VPOS="1050" HPOS="135" CONTENT="ושבי"/><String HEIGHT="58" WIDTH="96" VPOS="1050" HPOS="195" CONTENT="וסיא"/><String HEIGHT="58" WIDTH="108" VPOS="1050" HPOS="244" CONTENT="ופולין."/></TextLine><TextLine ID="Ad0080000l2" BASELINE="1135" HEIGHT="46" WIDTH="264" VPOS="1089" HPOS="59"><String HEIGHT="46" WIDTH="92" VPOS="1089" HPOS="48" CONTENT="סורו"/><String HEIGHT="46" WIDTH="69" VPOS="1089" HPOS="105" CONTENT="נא"/><String HEIGHT="46" WIDTH="92" VPOS="1089" HPOS="139" CONTENT="בבית"/><String HEIGHT="46" WIDTH="115" VPOS="1089" HPOS="197" CONTENT="אכסניא"/><String HEIGHT="46" WIDTH="57" VPOS="1089" HPOS="266" CONTENT="שלי"/></TextLine><TextLine ID="Ad0080000l3" BASELINE="1162" HEIGHT="36" WIDTH="243" VPOS="1126" HPOS="85"><String HEIGHT="36" WIDTH="156" VPOS="1126" HPOS="68" CONTENT="האטעל"/><String HEIGHT="36" WIDTH="174" VPOS="1126" HPOS="154" CONTENT="ווארשויא"/></TextLine><TextLine ID="Ad0080000l4" BASELINE="1195" HEIGHT="40" WIDTH="275" VPOS="1155" HPOS="69"><String HEIGHT="40" WIDTH="303" VPOS="1155" HPOS="42" CONTENT="קלאסטער-שטראסע 50/51"/></TextLine><TextLine ID="Ad0080000l5" BASELINE="1224" HEIGHT="39" WIDTH="292" VPOS="1185" HPOS="63"><String HEIGHT="39" WIDTH="320" VPOS="1185" HPOS="35" CONTENT="אשר הכינותי פה בערלין"/></TextLine><TextLine ID="Ad0080000l6" BASELINE="1250" HEIGHT="46" WIDTH="292" VPOS="1204" HPOS="61"><String HEIGHT="46" WIDTH="319" VPOS="1204" HPOS="34" CONTENT="להפיק רצון כל אורח הבא"/></TextLine><TextLine ID="Ad0080000l7" BASELINE="1276" HEIGHT="44" WIDTH="288" VPOS="1232" HPOS="66"><String HEIGHT="44" WIDTH="309" VPOS="1232" HPOS="45" CONTENT="בצל קורתי הן בחדרים מפוארים"/></TextLine><TextLine ID="Ad0080000l8" BASELINE="1306" HEIGHT="41" WIDTH="283" VPOS="1265" HPOS="70"><String HEIGHT="41" WIDTH="90" VPOS="1265" HPOS="57" CONTENT="והן"/><String HEIGHT="41" WIDTH="142" VPOS="1265" HPOS="109" CONTENT="במאכלים"/><String HEIGHT="41" WIDTH="116" VPOS="1265" HPOS="211" CONTENT="ערבים"/><String HEIGHT="41" WIDTH="77" VPOS="1265" HPOS="276" CONTENT="לחיך"/></TextLine><TextLine ID="Ad0080000l9" BASELINE="1329" HEIGHT="34" WIDTH="215" VPOS="1295" HPOS="131"><String HEIGHT="34" WIDTH="108" VPOS="1295" HPOS="119" CONTENT="טועמם"/><String HEIGHT="34" WIDTH="119" VPOS="1295" HPOS="191" CONTENT="וכשרים"/><String HEIGHT="34" WIDTH="84" VPOS="1295" HPOS="262" CONTENT="כד״ת."/></TextLine><TextLine ID="Ad0080000l10" BASELINE="1362" HEIGHT="43" WIDTH="289" VPOS="1319" HPOS="60"><String HEIGHT="43" WIDTH="105" VPOS="1319" HPOS="47" CONTENT="שבתי"/><String HEIGHT="43" WIDTH="105" VPOS="1319" HPOS="113" CONTENT="מאיר"/><String HEIGHT="43" WIDTH="105" VPOS="1319" HPOS="178" CONTENT="בר״ז"/><String HEIGHT="43" WIDTH="118" VPOS="1319" HPOS="231" CONTENT="ליפשיץ,"/></TextLine><TextLine ID="Ad0080000l11" BASELINE="1392" HEIGHT="41" WIDTH="288" VPOS="1351" HPOS="61"><String HEIGHT="41" WIDTH="247" VPOS="1351" HPOS="47" CONTENT="קלאסטער-שטראסע"/><String HEIGHT="41" WIDTH="110" VPOS="1351" HPOS="239" CONTENT="51—50."/></TextLine><TextLine ID="Ad0080000l12" BASELINE="1417" HEIGHT="39" WIDTH="233" VPOS="1378" HPOS="89"><String HEIGHT="39" WIDTH="140" VPOS="1378" HPOS="73" CONTENT="Hotel"/><String HEIGHT="39" WIDTH="171" VPOS="1378" HPOS="151" CONTENT="Warschau,"/></TextLine><TextLine ID="Ad0080000l13" BASELINE="1444" HEIGHT="37" WIDTH="275" VPOS="1407" HPOS="69"><String HEIGHT="37" WIDTH="96" VPOS="1407" HPOS="55" CONTENT="von"/><String HEIGHT="37" WIDTH="83" VPOS="1407" HPOS="110" CONTENT="S."/><String HEIGHT="37" WIDTH="83" VPOS="1407" HPOS="152" CONTENT="M."/><String HEIGHT="37" WIDTH="165" VPOS="1407" HPOS="179" CONTENT="Lipschitz."/></TextLine><TextLine ID="Ad0080000l14" BASELINE="1464" HEIGHT="33" WIDTH="304" VPOS="1431" HPOS="57"><String HEIGHT="33" WIDTH="258" VPOS="1431" HPOS="42" CONTENT="Klostersrasse"/><String HEIGHT="33" WIDTH="122" VPOS="1431" HPOS="239" CONTENT="50-51."/></TextLine></TextBlock><TextBlock ID="Ad0080400" HEIGHT="203" WIDTH="646" VPOS="1469" HPOS="707"><Shape><Polygon POINTS="1353,1672 707,1672 707,1469 1353,1469"/></Shape><TextLine ID="Ad0080400l1" BASELINE="1515" HEIGHT="61" WIDTH="572" VPOS="1454" HPOS="723"><String HEIGHT="61" WIDTH="217" VPOS="1454" HPOS="712" CONTENT="נמצא למכור אצלי"/><String HEIGHT="61" WIDTH="69" VPOS="1454" HPOS="895" CONTENT="ס׳"/><String HEIGHT="61" WIDTH="46" VPOS="1454" HPOS="929" CONTENT=""/><String HEIGHT="61" WIDTH="80" VPOS="1454" HPOS="940" CONTENT="אות"/><String HEIGHT="61" WIDTH="103" VPOS="1454" HPOS="986" CONTENT="זכרון"/><String HEIGHT="61" WIDTH="137" VPOS="1454" HPOS="1055" CONTENT="לאלכסנדר"/><String HEIGHT="61" WIDTH="80" VPOS="1454" HPOS="1158" CONTENT="פאן"/><String HEIGHT="61" WIDTH="103" VPOS="1454" HPOS="1192" CONTENT="הומבאלד"/></TextLine><TextLine ID="Ad0080400l2" BASELINE="1547" HEIGHT="39" WIDTH="631" VPOS="1508" HPOS="723"><String HEIGHT="39" WIDTH="656" VPOS="1508" HPOS="698" CONTENT="מהדורא תנינא עם הוספות והערות, מקחו 25 קאפ'. ועבור"/></TextLine><TextLine ID="Ad0080400l3" BASELINE="1580" HEIGHT="44" WIDTH="446" VPOS="1536" HPOS="903"><String HEIGHT="44" WIDTH="114" VPOS="1536" HPOS="892" CONTENT="הקונים"/><String HEIGHT="44" WIDTH="69" VPOS="1536" HPOS="972" CONTENT="סך"/><String HEIGHT="44" WIDTH="114" VPOS="1536" HPOS="1006" CONTENT="מסויים"/><String HEIGHT="44" WIDTH="103" VPOS="1536" HPOS="1086" CONTENT="למסחר"/><String HEIGHT="44" WIDTH="80" VPOS="1536" HPOS="1155" CONTENT="אתן"/><String HEIGHT="44" WIDTH="103" VPOS="1536" HPOS="1200" CONTENT="ראבאט"/><String HEIGHT="44" WIDTH="91" VPOS="1536" HPOS="1258" CONTENT="כנהוג."/></TextLine><TextLine ID="Ad0080400l4" BASELINE="1611" HEIGHT="41" WIDTH="136" VPOS="1570" HPOS="1154"><String HEIGHT="41" WIDTH="161" VPOS="1570" HPOS="1129" CONTENT="סוכן הצפירה"/></TextLine><TextLine ID="Ad0080400l5" BASELINE="1655" HEIGHT="58" WIDTH="523" VPOS="1597" HPOS="771"><String HEIGHT="58" WIDTH="180" VPOS="1597" HPOS="753" CONTENT="Michel"/><String HEIGHT="58" WIDTH="234" VPOS="1597" HPOS="879" CONTENT="Slonimski"/><String HEIGHT="58" WIDTH="108" VPOS="1597" HPOS="1060" CONTENT="in"/><String HEIGHT="58" WIDTH="198" VPOS="1597" HPOS="1096" CONTENT="Warschau,"/></TextLine><TextLine ID="line_1528298087810_56" BASELINE="1670" HEIGHT="30" WIDTH="205" VPOS="1640" HPOS="932"><String HEIGHT="30" WIDTH="161" VPOS="1640" HPOS="917" CONTENT="Chlodna"/><String HEIGHT="30" WIDTH="103" VPOS="1640" HPOS="1035" CONTENT="No."/><String HEIGHT="30" WIDTH="59" VPOS="1640" HPOS="1078" CONTENT="5."/></TextLine></TextBlock><TextBlock ID="Ad0080700" HEIGHT="117" WIDTH="646" VPOS="1672" HPOS="707"><Shape><Polygon POINTS="1353,1789 707,1789 707,1672 1353,1672"/></Shape><TextLine ID="Ad0080700l1" BASELINE="1712" HEIGHT="53" WIDTH="477" VPOS="1659" HPOS="812"><String HEIGHT="53" WIDTH="501" VPOS="1659" HPOS="788" CONTENT="הרוצה לפנות אלי במכתבו יכתוב על האדרעסע"/></TextLine><TextLine ID="Ad0080700l2" BASELINE="1756" HEIGHT="53" WIDTH="254" VPOS="1703" HPOS="909"><String HEIGHT="53" WIDTH="117" VPOS="1703" HPOS="889" CONTENT="S."/><String HEIGHT="53" WIDTH="234" VPOS="1703" HPOS="929" CONTENT="Slonimski,"/></TextLine><TextLine ID="Ad0080700l3" BASELINE="1786" HEIGHT="42" WIDTH="439" VPOS="1744" HPOS="813"><String HEIGHT="42" WIDTH="165" VPOS="1744" HPOS="799" CONTENT=".Berlin,"/><String HEIGHT="42" WIDTH="316" VPOS="1744" HPOS="923" CONTENT="Georgenkirchstrasse"/><String HEIGHT="42" WIDTH="69" VPOS="1744" HPOS="1183" CONTENT="19."/></TextLine></TextBlock><TextBlock ID="Ad0080200" HEIGHT="251" WIDTH="638" VPOS="1512" HPOS="60"><Shape><Polygon POINTS="698,1763 60,1763 60,1512 698,1512"/></Shape><TextLine ID="Ad0080200l1" BASELINE="1547" HEIGHT="46" WIDTH="239" VPOS="1501" HPOS="262"><String HEIGHT="46" WIDTH="273" VPOS="1501" HPOS="228" CONTENT="שאלות ותשובות."/></TextLine><TextLine ID="Ad0080200l2" BASELINE="1600" HEIGHT="49" WIDTH="580" VPOS="1551" HPOS="57"><String HEIGHT="49" WIDTH="67" VPOS="1551" HPOS="46" CONTENT="אל"/><String HEIGHT="49" WIDTH="78" VPOS="1551" HPOS="79" CONTENT="בע׳"/><String HEIGHT="49" WIDTH="89" VPOS="1551" HPOS="124" CONTENT="ראה׳"/><String HEIGHT="49" WIDTH="100" VPOS="1551" HPOS="180" CONTENT="בווא׳"/><String HEIGHT="49" WIDTH="89" VPOS="1551" HPOS="247" CONTENT="ספרי"/><String HEIGHT="49" WIDTH="89" VPOS="1551" HPOS="302" CONTENT="ככבא"/><String HEIGHT="49" WIDTH="100" VPOS="1551" HPOS="358" CONTENT="דשביט"/><String HEIGHT="49" WIDTH="89" VPOS="1551" HPOS="425" CONTENT="בלתי"/><String HEIGHT="49" WIDTH="89" VPOS="1551" HPOS="481" CONTENT="נמmא"/><String HEIGHT="49" WIDTH="100" VPOS="1551" HPOS="537" CONTENT="אצלי,"/><String HEIGHT="49" WIDTH="45" VPOS="1551" HPOS="592" CONTENT="מן"/></TextLine><TextLine ID="Ad0080200l3" BASELINE="1635" HEIGHT="45" WIDTH="627" VPOS="1590" HPOS="65"><String HEIGHT="45" WIDTH="90" VPOS="1590" HPOS="54" CONTENT="עניר"/><String HEIGHT="45" WIDTH="157" VPOS="1590" HPOS="110" CONTENT="ויללענבערג"/><String HEIGHT="45" WIDTH="101" VPOS="1590" HPOS="233" CONTENT="קבלתי"/><String HEIGHT="45" WIDTH="90" VPOS="1590" HPOS="300" CONTENT="מחיר"/><String HEIGHT="45" WIDTH="78" VPOS="1590" HPOS="356" CONTENT="בלי"/><String HEIGHT="45" WIDTH="101" VPOS="1590" HPOS="401" CONTENT="כתיבת"/><String HEIGHT="45" WIDTH="134" VPOS="1590" HPOS="468" CONTENT="האדרעסע,"/><String HEIGHT="45" WIDTH="67" VPOS="1590" HPOS="569" CONTENT="אל"/><String HEIGHT="45" WIDTH="67" VPOS="1590" HPOS="602" CONTENT="ה׳"/><String HEIGHT="45" WIDTH="67" VPOS="1590" HPOS="625" CONTENT="סימ׳"/></TextLine><TextLine ID="Ad0080200l4" BASELINE="1666" HEIGHT="44" WIDTH="634" VPOS="1622" HPOS="68"><String HEIGHT="44" WIDTH="91" VPOS="1622" HPOS="57" CONTENT="גאט׳"/><String HEIGHT="44" WIDTH="102" VPOS="1622" HPOS="113" CONTENT="בברא׳"/><String HEIGHT="44" WIDTH="68" VPOS="1622" HPOS="181" CONTENT="לא"/><String HEIGHT="44" WIDTH="91" VPOS="1622" HPOS="215" CONTENT="נוכל"/><String HEIGHT="44" WIDTH="102" VPOS="1622" HPOS="272" CONTENT="לשלוח"/><String HEIGHT="44" WIDTH="79" VPOS="1622" HPOS="340" CONTENT="עוד"/><String HEIGHT="44" WIDTH="102" VPOS="1622" HPOS="385" CONTENT="למראה"/><String HEIGHT="44" WIDTH="79" VPOS="1622" HPOS="453" CONTENT="עין"/><String HEIGHT="44" WIDTH="68" VPOS="1622" HPOS="498" CONTENT="כי"/><String HEIGHT="44" WIDTH="102" VPOS="1622" HPOS="532" CONTENT="בעירו"/><String HEIGHT="44" WIDTH="91" VPOS="1622" HPOS="600" CONTENT="נמצא"/><String HEIGHT="44" WIDTH="57" VPOS="1622" HPOS="645" CONTENT="שם,"/></TextLine><TextLine ID="Ad0080200l5" BASELINE="1695" HEIGHT="39" WIDTH="637" VPOS="1656" HPOS="60"><String HEIGHT="39" WIDTH="72" VPOS="1656" HPOS="50" CONTENT="לה׳"/><String HEIGHT="39" WIDTH="82" VPOS="1656" HPOS="91" CONTENT="מאיר"/><String HEIGHT="39" WIDTH="82" VPOS="1656" HPOS="142" CONTENT="שו״ב"/><String HEIGHT="39" WIDTH="113" VPOS="1656" HPOS="194" CONTENT="בלאנד׳,"/><String HEIGHT="39" WIDTH="92" VPOS="1656" HPOS="276" CONTENT="אנחנו"/><String HEIGHT="39" WIDTH="92" VPOS="1656" HPOS="337" CONTENT="שלחנו"/><String HEIGHT="39" WIDTH="103" VPOS="1656" HPOS="399" CONTENT="במועדו"/><String HEIGHT="39" WIDTH="72" VPOS="1656" HPOS="471" CONTENT="ולא"/><String HEIGHT="39" WIDTH="92" VPOS="1656" HPOS="512" CONTENT="ידענו"/><String HEIGHT="39" WIDTH="92" VPOS="1656" HPOS="574" CONTENT="מאיזה"/><String HEIGHT="39" WIDTH="72" VPOS="1656" HPOS="625" CONTENT="סיבה."/></TextLine><TextLine ID="Ad0080200l6" BASELINE="1726" HEIGHT="38" WIDTH="632" VPOS="1688" HPOS="69"><String HEIGHT="38" WIDTH="68" VPOS="1688" HPOS="58" CONTENT="לא"/><String HEIGHT="38" WIDTH="90" VPOS="1688" HPOS="92" CONTENT="הגיע"/><String HEIGHT="38" WIDTH="102" VPOS="1688" HPOS="148" CONTENT="לידו,"/><String HEIGHT="38" WIDTH="102" VPOS="1688" HPOS="216" CONTENT="ועכ״פ"/><String HEIGHT="38" WIDTH="102" VPOS="1688" HPOS="283" CONTENT="שלחנו"/><String HEIGHT="38" WIDTH="79" VPOS="1688" HPOS="351" CONTENT="פעם"/><String HEIGHT="38" WIDTH="102" VPOS="1688" HPOS="396" CONTENT="שנית,"/><String HEIGHT="38" WIDTH="79" VPOS="1688" HPOS="464" CONTENT="לה׳"/><String HEIGHT="38" WIDTH="68" VPOS="1688" HPOS="509" CONTENT="פ׳"/><String HEIGHT="38" WIDTH="68" VPOS="1688" HPOS="543" CONTENT="ס׳"/><String HEIGHT="38" WIDTH="90" VPOS="1688" HPOS="577" CONTENT="בוו׳"/><String HEIGHT="38" WIDTH="79" VPOS="1688" HPOS="622" CONTENT="מכתבו"/></TextLine><TextLine ID="Ad0080200l7" BASELINE="1761" HEIGHT="38" WIDTH="261" VPOS="1723" HPOS="442"><String HEIGHT="38" WIDTH="98" VPOS="1723" HPOS="431" CONTENT="קבלנו"/><String HEIGHT="38" WIDTH="109" VPOS="1723" HPOS="496" CONTENT="ויודפס"/><String HEIGHT="38" WIDTH="109" VPOS="1723" HPOS="573" CONTENT="בנומער"/><String HEIGHT="38" WIDTH="65" VPOS="1723" HPOS="638" CONTENT="הבא."/></TextLine></TextBlock><TextBlock ID="Ad0080300" HEIGHT="70" WIDTH="996" VPOS="1800" HPOS="205"><Shape><Polygon POINTS="1201,1870 205,1870 205,1800 1201,1800"/></Shape><TextLine ID="Ad0080300l1" BASELINE="1842" HEIGHT="42" WIDTH="984" VPOS="1800" HPOS="209"><String HEIGHT="42" WIDTH="182" VPOS="1800" HPOS="198" CONTENT="Selbstverlag:"/><String HEIGHT="42" WIDTH="64" VPOS="1800" HPOS="348" CONTENT="S."/><String HEIGHT="42" WIDTH="139" VPOS="1800" HPOS="380" CONTENT="Slonimski"/><String HEIGHT="42" WIDTH="64" VPOS="1800" HPOS="487" CONTENT="in"/><String HEIGHT="42" WIDTH="118" VPOS="1800" HPOS="519" CONTENT="Berlin."/><String HEIGHT="42" WIDTH="214" VPOS="1800" HPOS="605" CONTENT="Verantwortlicher"/><String HEIGHT="42" WIDTH="150" VPOS="1800" HPOS="787" CONTENT="Redacteur:"/><String HEIGHT="42" WIDTH="64" VPOS="1800" HPOS="904" CONTENT="S."/><String HEIGHT="42" WIDTH="64" VPOS="1800" HPOS="936" CONTENT="M."/><String HEIGHT="42" WIDTH="139" VPOS="1800" HPOS="968" CONTENT="Lipschitz"/><String HEIGHT="42" WIDTH="64" VPOS="1800" HPOS="1075" CONTENT="in"/><String HEIGHT="42" WIDTH="96" VPOS="1800" HPOS="1097" CONTENT="Berlin."/></TextLine><TextLine ID="Ad0080300l2" BASELINE="1868" HEIGHT="40" WIDTH="869" VPOS="1828" HPOS="274"><String HEIGHT="40" WIDTH="92" VPOS="1828" HPOS="264" CONTENT="Debit"/><String HEIGHT="40" WIDTH="72" VPOS="1828" HPOS="325" CONTENT="fur"/><String HEIGHT="40" WIDTH="72" VPOS="1828" HPOS="366" CONTENT="den"/><String HEIGHT="40" WIDTH="153" VPOS="1828" HPOS="407" CONTENT="Buchhandel:"/><String HEIGHT="40" WIDTH="102" VPOS="1828" HPOS="530" CONTENT="Julius"/><String HEIGHT="40" WIDTH="112" VPOS="1828" HPOS="601" CONTENT="Benzian"/><String HEIGHT="40" WIDTH="61" VPOS="1828" HPOS="683" CONTENT="in"/><String HEIGHT="40" WIDTH="112" VPOS="1828" HPOS="714" CONTENT="Berlin."/><String HEIGHT="40" WIDTH="92" VPOS="1828" HPOS="795" CONTENT="Druck"/><String HEIGHT="40" WIDTH="72" VPOS="1828" HPOS="857" CONTENT="von"/><String HEIGHT="40" WIDTH="61" VPOS="1828" HPOS="898" CONTENT="A."/><String HEIGHT="40" WIDTH="133" VPOS="1828" HPOS="928" CONTENT="Ostrowski"/><String HEIGHT="40" WIDTH="61" VPOS="1828" HPOS="1031" CONTENT="in"/><String HEIGHT="40" WIDTH="92" VPOS="1828" HPOS="1051" CONTENT="Berlin."/></TextLine></TextBlock></PrintSpace></Page></Layout></alto>