<?xml version="1.0" encoding="UTF-8"?><alto xmlns:xsi="http://www.w3.org/2001/XMLSchema-instance" xmlns="http://www.loc.gov/standards/alto/ns-v2#" xmlns:page="http://schema.primaresearch.org/PAGE/gts/pagecontent/2013-07-15" xsi:schemaLocation="http://schema.primaresearch.org/PAGE/gts/pagecontent/2013-07-15 http://schema.primaresearch.org/PAGE/gts/pagecontent/2013-07-15/pagecontent.xsd http://www.loc.gov/standards/alto/ns-v2# http://www.loc.gov/standards/alto/alto-v2.0.xsd"><Description><MeasurementUnit>pixel</MeasurementUnit></Description><Layout><Page ID="Page1" PHYSICAL_IMG_NR="1" HEIGHT="1946" WIDTH="1524"><TopMargin HEIGHT="0" WIDTH="1524" VPOS="0" HPOS="0"/><LeftMargin HEIGHT="1946" WIDTH="0" VPOS="0" HPOS="0"/><RightMargin HEIGHT="1946" WIDTH="0" VPOS="0" HPOS="1524"/><BottomMargin HEIGHT="0" WIDTH="1524" VPOS="1946" HPOS="0"/><PrintSpace HEIGHT="1946" WIDTH="1524" VPOS="0" HPOS="0"><TextBlock ID="Ar0050000" HEIGHT="464" WIDTH="671" VPOS="112" HPOS="810"><Shape><Polygon POINTS="1481,576 810,576 810,112 1481,112"/></Shape><TextLine ID="line_Ar0050000_1" BASELINE="149" HEIGHT="40" WIDTH="636" VPOS="109" HPOS="823"><String HEIGHT="40" WIDTH="662" VPOS="109" HPOS="797" CONTENT="ספר כריתות להאמללה מרומשיסאק, וירם הבליעל את מטהו"/></TextLine><TextLine ID="line_Ar0050000_3" BASELINE="181" HEIGHT="40" WIDTH="647" VPOS="141" HPOS="822"><String HEIGHT="40" WIDTH="85" VPOS="141" HPOS="810" CONTENT="ויך"/><String HEIGHT="40" WIDTH="73" VPOS="141" HPOS="859" CONTENT="את"/><String HEIGHT="40" WIDTH="110" VPOS="141" HPOS="895" CONTENT="הנכבד"/><String HEIGHT="40" WIDTH="73" VPOS="141" HPOS="968" CONTENT="על"/><String HEIGHT="40" WIDTH="122" VPOS="141" HPOS="1005" CONTENT="קדקדו,"/><String HEIGHT="40" WIDTH="85" VPOS="141" HPOS="1091" CONTENT="ואת"/><String HEIGHT="40" WIDTH="98" VPOS="141" HPOS="1139" CONTENT="השני"/><String HEIGHT="40" WIDTH="85" VPOS="141" HPOS="1200" CONTENT="נשך"/><String HEIGHT="40" WIDTH="134" VPOS="141" HPOS="1249" CONTENT="באצבעו,"/><String HEIGHT="40" WIDTH="110" VPOS="141" HPOS="1347" CONTENT="וביום"/><String HEIGHT="40" WIDTH="61" VPOS="141" HPOS="1408" CONTENT="י&#34;ז"/></TextLine><TextLine ID="line_Ar0050000_4" BASELINE="215" HEIGHT="44" WIDTH="635" VPOS="171" HPOS="822"><String HEIGHT="44" WIDTH="659" VPOS="171" HPOS="798" CONTENT="לחדש זה העמד הבליעל לפני שופט השלום (מיראוויאיע סודיא)"/></TextLine><TextLine ID="line_Ar0050000_5" BASELINE="241" HEIGHT="38" WIDTH="641" VPOS="203" HPOS="823"><String HEIGHT="38" WIDTH="668" VPOS="203" HPOS="796" CONTENT="על כל הדברים האלה, והשופט מסר את כל המשפט להדורש"/></TextLine><TextLine ID="line_Ar0050000_6" BASELINE="276" HEIGHT="41" WIDTH="638" VPOS="235" HPOS="823"><String HEIGHT="41" WIDTH="661" VPOS="235" HPOS="800" CONTENT="משפט, (סודעבניא סלעדאוואטא) ולא נודע עוד מה תהי אחריתו,"/></TextLine><TextLine ID="line_Ar0050000_7" BASELINE="307" HEIGHT="42" WIDTH="635" VPOS="265" HPOS="822"><String HEIGHT="42" WIDTH="661" VPOS="265" HPOS="796" CONTENT="לפי דבריו אשר התפאר, לקח לו כבר שבעים ושלש נשים,"/></TextLine><TextLine ID="line_Ar0050000_8" BASELINE="339" HEIGHT="41" WIDTH="638" VPOS="298" HPOS="822"><String HEIGHT="41" WIDTH="663" VPOS="298" HPOS="797" CONTENT="ואולי יש עוד נשים המבכות את מחלליהן זה, תדענה כי פה"/></TextLine><TextLine ID="line_Ar0050000_9" BASELINE="368" HEIGHT="38" WIDTH="454" VPOS="330" HPOS="1000"><String HEIGHT="38" WIDTH="227" VPOS="330" HPOS="987" CONTENT="כלוא העוף הטמא"/><String HEIGHT="38" WIDTH="101" VPOS="330" HPOS="1177" CONTENT="הזה,"/><String HEIGHT="38" WIDTH="139" VPOS="330" HPOS="1240" CONTENT="ותמהרנה"/><String HEIGHT="38" WIDTH="126" VPOS="330" HPOS="1341" CONTENT="ותבאנה"/><String HEIGHT="38" WIDTH="38" VPOS="330" HPOS="1416" CONTENT="—"/></TextLine><TextLine ID="line_Ar0050000_10" BASELINE="403" HEIGHT="50" WIDTH="575" VPOS="353" HPOS="822"><String HEIGHT="50" WIDTH="598" VPOS="353" HPOS="799" CONTENT="לתוכחת מוסר לבנות ישראל או לאביהן ומיודעיהן, לבלי"/></TextLine><TextLine ID="line_Ar0050000_11" BASELINE="434" HEIGHT="41" WIDTH="634" VPOS="393" HPOS="822"><String HEIGHT="41" WIDTH="660" VPOS="393" HPOS="796" CONTENT="ימהרו תת את שארן ודודיהן לכל איש המתאמר בנפשו, כי"/></TextLine><TextLine ID="line_Ar0050000_12" BASELINE="466" HEIGHT="43" WIDTH="632" VPOS="423" HPOS="823"><String HEIGHT="43" WIDTH="658" VPOS="423" HPOS="797" CONTENT="נפשו בטוב תלין, ולא פעם ושתים קרו מקרים שונים אשר"/></TextLine><TextLine ID="line_Ar0050000_13" BASELINE="500" HEIGHT="44" WIDTH="640" VPOS="456" HPOS="810"><String HEIGHT="44" WIDTH="105" VPOS="456" HPOS="798" CONTENT="חתונה"/><String HEIGHT="44" WIDTH="116" VPOS="456" HPOS="868" CONTENT="מבהלה,"/><String HEIGHT="44" WIDTH="116" VPOS="456" HPOS="950" CONTENT="אחריתה"/><String HEIGHT="44" WIDTH="70" VPOS="456" HPOS="1031" CONTENT="לא"/><String HEIGHT="44" WIDTH="105" VPOS="456" HPOS="1066" CONTENT="תברך,"/><String HEIGHT="44" WIDTH="93" VPOS="456" HPOS="1136" CONTENT="יראו"/><String HEIGHT="44" WIDTH="93" VPOS="456" HPOS="1194" CONTENT="רבים"/><String HEIGHT="44" WIDTH="116" VPOS="456" HPOS="1252" CONTENT="וייראו"/><String HEIGHT="44" WIDTH="70" VPOS="456" HPOS="1334" CONTENT="כי"/><String HEIGHT="44" WIDTH="70" VPOS="456" HPOS="1369" CONTENT="כל"/><String HEIGHT="44" WIDTH="58" VPOS="456" HPOS="1392" CONTENT="אף,"/></TextLine><TextLine ID="line_Ar0050000_14" BASELINE="526" HEIGHT="39" WIDTH="172" VPOS="487" HPOS="1293"><String HEIGHT="39" WIDTH="203" VPOS="487" HPOS="1262" CONTENT="אך למחסור —"/></TextLine><TextLine ID="line_Ar0050000_15" BASELINE="548" HEIGHT="23" WIDTH="106" VPOS="525" HPOS="911"><String HEIGHT="23" WIDTH="76" VPOS="525" HPOS="896" CONTENT="א"/><String HEIGHT="23" WIDTH="91" VPOS="525" HPOS="926" CONTENT="צ."/><String HEIGHT="23" WIDTH="61" VPOS="525" HPOS="956" CONTENT="מ."/></TextLine></TextBlock><TextBlock ID="region_1528485724606_6" HEIGHT="54" WIDTH="213" VPOS="643" HPOS="1034"><Shape><Polygon POINTS="1034,643 1034,697 1247,697 1247,643"/></Shape><TextLine ID="line_1528485724699_7" BASELINE="699" HEIGHT="37" WIDTH="222" VPOS="662" HPOS="1029"><String HEIGHT="37" WIDTH="285" VPOS="662" HPOS="966" CONTENT="רומניה."/></TextLine></TextBlock><TextBlock ID="Ar0050101" HEIGHT="292" WIDTH="627" VPOS="710" HPOS="824"><Shape><Polygon POINTS="1451,1002 824,1002 824,710 1451,710"/></Shape><TextLine ID="line_Ar0050101_1" BASELINE="753" HEIGHT="41" WIDTH="516" VPOS="712" HPOS="890"><String HEIGHT="41" WIDTH="142" VPOS="712" HPOS="877" CONTENT="פלטישני"/><String HEIGHT="41" WIDTH="103" VPOS="712" HPOS="980" CONTENT="מנחם"/><String HEIGHT="41" WIDTH="77" VPOS="712" HPOS="1045" CONTENT="אב"/><String HEIGHT="41" WIDTH="129" VPOS="712" HPOS="1084" CONTENT="תרל״ד."/><String HEIGHT="41" WIDTH="116" VPOS="712" HPOS="1174" CONTENT="לכבוד"/><String HEIGHT="41" WIDTH="116" VPOS="712" HPOS="1251" CONTENT="המו״ל"/><String HEIGHT="41" WIDTH="90" VPOS="712" HPOS="1316" CONTENT="שלום!"/></TextLine><TextLine ID="line_Ar0050101_2" BASELINE="789" HEIGHT="38" WIDTH="584" VPOS="751" HPOS="822"><String HEIGHT="38" WIDTH="83" VPOS="751" HPOS="810" CONTENT="כבר"/><String HEIGHT="38" WIDTH="119" VPOS="751" HPOS="858" CONTENT="הודעתי"/><String HEIGHT="38" WIDTH="95" VPOS="751" HPOS="941" CONTENT="בנו׳"/><String HEIGHT="38" WIDTH="72" VPOS="751" HPOS="1001" CONTENT="ג'"/><String HEIGHT="38" WIDTH="95" VPOS="751" HPOS="1037" CONTENT="ממ״ע"/><String HEIGHT="38" WIDTH="95" VPOS="751" HPOS="1096" CONTENT="היקר"/><String HEIGHT="38" WIDTH="83" VPOS="751" HPOS="1156" CONTENT="איך"/><String HEIGHT="38" WIDTH="119" VPOS="751" HPOS="1203" CONTENT="תקותנו"/><String HEIGHT="38" WIDTH="95" VPOS="751" HPOS="1287" CONTENT="היתה"/><String HEIGHT="38" WIDTH="72" VPOS="751" HPOS="1334" CONTENT="לשוא"/></TextLine><TextLine ID="line_Ar0050101_3" BASELINE="823" HEIGHT="45" WIDTH="628" VPOS="778" HPOS="824"><String HEIGHT="45" WIDTH="130" VPOS="778" HPOS="812" CONTENT="בצפינו."/><String HEIGHT="45" WIDTH="71" VPOS="778" HPOS="907" CONTENT="כי"/><String HEIGHT="45" WIDTH="71" VPOS="778" HPOS="942" CONTENT="שר"/><String HEIGHT="45" WIDTH="118" VPOS="778" HPOS="978" CONTENT="הממשלה"/><String HEIGHT="45" WIDTH="95" VPOS="778" HPOS="1061" CONTENT="יציע"/><String HEIGHT="45" WIDTH="107" VPOS="778" HPOS="1120" CONTENT="להסיר"/><String HEIGHT="45" WIDTH="83" VPOS="778" HPOS="1191" CONTENT="רעת"/><String HEIGHT="45" WIDTH="107" VPOS="778" HPOS="1239" CONTENT="הסעיף"/><String HEIGHT="45" WIDTH="118" VPOS="778" HPOS="1310" CONTENT="השמיני"/><String HEIGHT="45" WIDTH="71" VPOS="778" HPOS="1381" CONTENT="מחוק"/></TextLine><TextLine ID="line_Ar0050101_4" BASELINE="849" HEIGHT="41" WIDTH="631" VPOS="808" HPOS="823"><String HEIGHT="41" WIDTH="654" VPOS="808" HPOS="800" CONTENT="הליצנציה מהמשקאות, והנה עתה באתי לבאר הדבר ביותר, רבים"/></TextLine><TextLine ID="line_Ar0050101_5" BASELINE="881" HEIGHT="40" WIDTH="646" VPOS="841" HPOS="822"><String HEIGHT="40" WIDTH="415" VPOS="841" HPOS="810" CONTENT="אומרים כי אך אנחנו לבדינו הסבונו"/><String HEIGHT="40" WIDTH="81" VPOS="841" HPOS="1191" CONTENT="לנו"/><String HEIGHT="40" WIDTH="69" VPOS="841" HPOS="1237" CONTENT="את"/><String HEIGHT="40" WIDTH="69" VPOS="841" HPOS="1272" CONTENT="כל"/><String HEIGHT="40" WIDTH="104" VPOS="841" HPOS="1307" CONTENT="הרעות"/><String HEIGHT="40" WIDTH="104" VPOS="841" HPOS="1364" CONTENT="והתלאות"/></TextLine><TextLine ID="line_Ar0050101_6" BASELINE="915" HEIGHT="44" WIDTH="646" VPOS="871" HPOS="822"><String HEIGHT="44" WIDTH="670" VPOS="871" HPOS="798" CONTENT="אשר תבואינה כתומן עלינו, ויתנו אמתלא לדבריהם, באמרם כי"/></TextLine><TextLine ID="line_Ar0050101_7" BASELINE="947" HEIGHT="44" WIDTH="645" VPOS="903" HPOS="823"><String HEIGHT="44" WIDTH="170" VPOS="903" HPOS="811" CONTENT="אין לך עיר"/><String HEIGHT="44" WIDTH="85" VPOS="903" HPOS="945" CONTENT="אשר"/><String HEIGHT="44" WIDTH="85" VPOS="903" HPOS="993" CONTENT="מאה"/><String HEIGHT="44" WIDTH="158" VPOS="903" HPOS="1042" CONTENT="בעלי-בתים"/><String HEIGHT="44" WIDTH="122" VPOS="903" HPOS="1164" CONTENT="יהודים"/><String HEIGHT="44" WIDTH="110" VPOS="903" HPOS="1249" CONTENT="ידורו"/><String HEIGHT="44" WIDTH="85" VPOS="903" HPOS="1322" CONTENT="שמה"/><String HEIGHT="44" WIDTH="85" VPOS="903" HPOS="1371" CONTENT="שלא"/><String HEIGHT="44" WIDTH="61" VPOS="903" HPOS="1407" CONTENT="תהי"/></TextLine><TextLine ID="line_Ar0050101_8" BASELINE="980" HEIGHT="46" WIDTH="637" VPOS="934" HPOS="823"><String HEIGHT="46" WIDTH="661" VPOS="934" HPOS="799" CONTENT="מחלוקת בין התושבים, וכי מספר אנשיה היו מחלקותיה, כי כל"/></TextLine><TextLine ID="line_Ar0050101_9" BASELINE="1005" HEIGHT="37" WIDTH="642" VPOS="968" HPOS="823"><String HEIGHT="37" WIDTH="174" VPOS="968" HPOS="810" CONTENT="אחד יתגאה"/><String HEIGHT="37" WIDTH="120" VPOS="968" HPOS="943" CONTENT="בלבבו"/><String HEIGHT="37" WIDTH="134" VPOS="968" HPOS="1024" CONTENT="לאמור:"/><String HEIGHT="37" WIDTH="94" VPOS="968" HPOS="1117" CONTENT="אני"/><String HEIGHT="37" WIDTH="120" VPOS="968" HPOS="1171" CONTENT="ואפסי"/><String HEIGHT="37" WIDTH="107" VPOS="968" HPOS="1251" CONTENT="עוד."/><String HEIGHT="37" WIDTH="94" VPOS="968" HPOS="1318" CONTENT="שרי"/><String HEIGHT="37" WIDTH="107" VPOS="968" HPOS="1358" CONTENT="הממשלה"/></TextLine></TextBlock><TextBlock ID="Ar0050102" HEIGHT="183" WIDTH="626" VPOS="1008" HPOS="827"><Shape><Polygon POINTS="1453,1191 827,1191 827,1008 1453,1008"/></Shape><TextLine ID="line_Ar0050102_1" BASELINE="1044" HEIGHT="44" WIDTH="638" VPOS="1000" HPOS="823"><String HEIGHT="44" WIDTH="663" VPOS="1000" HPOS="798" CONTENT="בראותם כי חומת השלום נבקעה בין היהודים, ואין כל אחד"/></TextLine><TextLine ID="line_Ar0050102_2" BASELINE="1078" HEIGHT="48" WIDTH="637" VPOS="1030" HPOS="823"><String HEIGHT="48" WIDTH="661" VPOS="1030" HPOS="799" CONTENT="ישים אל לבו לחזק בדקיה יאמרו בלבם:  „נעשה כעת את רצון"/></TextLine><TextLine ID="line_Ar0050102_4" BASELINE="1104" HEIGHT="39" WIDTH="642" VPOS="1065" HPOS="824"><String HEIGHT="39" WIDTH="88" VPOS="1065" HPOS="811" CONTENT="העם"/><String HEIGHT="39" WIDTH="88" VPOS="1065" HPOS="862" CONTENT="אשר"/><String HEIGHT="39" WIDTH="113" VPOS="1065" HPOS="912" CONTENT="ישנאו"/><String HEIGHT="39" WIDTH="76" VPOS="1065" HPOS="988" CONTENT="את"/><String HEIGHT="39" WIDTH="138" VPOS="1065" HPOS="1025" CONTENT="היהודים"/><String HEIGHT="39" WIDTH="113" VPOS="1065" HPOS="1126" CONTENT="תכלית"/><String HEIGHT="39" WIDTH="101" VPOS="1065" HPOS="1202" CONTENT="שנאה"/><String HEIGHT="39" WIDTH="126" VPOS="1065" HPOS="1265" CONTENT="ובזכות"/><String HEIGHT="39" WIDTH="76" VPOS="1065" HPOS="1353" CONTENT="זה"/><String HEIGHT="39" WIDTH="88" VPOS="1065" HPOS="1378" CONTENT="נעמוד"/></TextLine><TextLine ID="line_Ar0050102_5" BASELINE="1141" HEIGHT="47" WIDTH="645" VPOS="1094" HPOS="823"><String HEIGHT="47" WIDTH="77" VPOS="1094" HPOS="810" CONTENT="גם"/><String HEIGHT="47" WIDTH="116" VPOS="1094" HPOS="849" CONTENT="אנחנו"/><String HEIGHT="47" WIDTH="77" VPOS="1094" HPOS="926" CONTENT="על"/><String HEIGHT="47" WIDTH="77" VPOS="1094" HPOS="965" CONTENT="כס"/><String HEIGHT="47" WIDTH="116" VPOS="1094" HPOS="1004" CONTENT="המשרה"/><String HEIGHT="47" WIDTH="103" VPOS="1094" HPOS="1081" CONTENT="ימים"/><String HEIGHT="47" WIDTH="129" VPOS="1094" HPOS="1146" CONTENT="רבים״."/><String HEIGHT="47" WIDTH="65" VPOS="1094" HPOS="1236" CONTENT="—"/><String HEIGHT="47" WIDTH="77" VPOS="1094" HPOS="1262" CONTENT="הן"/><String HEIGHT="47" WIDTH="90" VPOS="1094" HPOS="1300" CONTENT="אמת"/><String HEIGHT="47" WIDTH="77" VPOS="1094" HPOS="1352" CONTENT="כי"/><String HEIGHT="47" WIDTH="77" VPOS="1094" HPOS="1391" CONTENT="לו"/><String HEIGHT="47" WIDTH="52" VPOS="1094" HPOS="1416" CONTENT="כל"/></TextLine><TextLine ID="line_Ar0050102_6" BASELINE="1164" HEIGHT="35" WIDTH="640" VPOS="1129" HPOS="824"><String HEIGHT="35" WIDTH="665" VPOS="1129" HPOS="799" CONTENT="היהודים יושבי רומאניה יעשו שלום ביניהם וכל בני הכתות"/></TextLine><TextLine ID="line_Ar0050102_7" BASELINE="1203" HEIGHT="45" WIDTH="637" VPOS="1158" HPOS="820"><String HEIGHT="45" WIDTH="661" VPOS="1158" HPOS="796" CONTENT="השונות היו הולכים שלובי יד והשלום והאחדות שכנו ביניהם,"/></TextLine></TextBlock><TextBlock ID="Ar0050103" HEIGHT="284" WIDTH="626" VPOS="1195" HPOS="827"><Shape><Polygon POINTS="1453,1479 827,1479 827,1195 1453,1195"/></Shape><TextLine ID="line_Ar0050103_2" BASELINE="1234" HEIGHT="42" WIDTH="643" VPOS="1192" HPOS="824"><String HEIGHT="42" WIDTH="666" VPOS="1192" HPOS="801" CONTENT="כי אז כבר באה ישועתנו, בכל זאת לא זו בלבד תעכב גאולתנו,"/></TextLine><TextLine ID="line_Ar0050103_3" BASELINE="1265" HEIGHT="43" WIDTH="641" VPOS="1222" HPOS="822"><String HEIGHT="43" WIDTH="71" VPOS="1222" HPOS="810" CONTENT="כי"/><String HEIGHT="43" WIDTH="71" VPOS="1222" HPOS="846" CONTENT="גם"/><String HEIGHT="43" WIDTH="107" VPOS="1222" HPOS="881" CONTENT="חסרון"/><String HEIGHT="43" WIDTH="119" VPOS="1222" HPOS="953" CONTENT="החנוך."/><String HEIGHT="43" WIDTH="83" VPOS="1222" HPOS="1036" CONTENT="הכל"/><String HEIGHT="43" WIDTH="119" VPOS="1222" HPOS="1083" CONTENT="יודעים"/><String HEIGHT="43" WIDTH="71" VPOS="1222" HPOS="1166" CONTENT="מה"/><String HEIGHT="43" WIDTH="83" VPOS="1222" HPOS="1202" CONTENT="העת"/><String HEIGHT="43" WIDTH="95" VPOS="1222" HPOS="1249" CONTENT="הזאת"/><String HEIGHT="43" WIDTH="107" VPOS="1222" HPOS="1309" CONTENT="שואלת"/><String HEIGHT="43" WIDTH="95" VPOS="1222" HPOS="1368" CONTENT="ודורשת"/></TextLine><TextLine ID="line_Ar0050103_4" BASELINE="1296" HEIGHT="44" WIDTH="630" VPOS="1252" HPOS="823"><String HEIGHT="44" WIDTH="99" VPOS="1252" HPOS="812" CONTENT="מאתנו"/><String HEIGHT="44" WIDTH="55" VPOS="1252" HPOS="878" CONTENT="—"/><String HEIGHT="44" WIDTH="99" VPOS="1252" HPOS="900" CONTENT="ללמוד"/><String HEIGHT="44" WIDTH="88" VPOS="1252" HPOS="967" CONTENT="וע״כ"/><String HEIGHT="44" WIDTH="66" VPOS="1252" HPOS="1022" CONTENT="מה"/><String HEIGHT="44" WIDTH="77" VPOS="1252" HPOS="1055" CONTENT="טוב"/><String HEIGHT="44" WIDTH="77" VPOS="1252" HPOS="1099" CONTENT="היה"/><String HEIGHT="44" WIDTH="66" VPOS="1252" HPOS="1144" CONTENT="אם"/><String HEIGHT="44" WIDTH="66" VPOS="1252" HPOS="1177" CONTENT="כל"/><String HEIGHT="44" WIDTH="77" VPOS="1252" HPOS="1210" CONTENT="עיר"/><String HEIGHT="44" WIDTH="88" VPOS="1252" HPOS="1254" CONTENT="ועיר"/><String HEIGHT="44" WIDTH="88" VPOS="1252" HPOS="1309" CONTENT="מערי"/><String HEIGHT="44" WIDTH="99" VPOS="1252" HPOS="1354" CONTENT="רומאניה"/></TextLine><TextLine ID="line_Ar0050103_5" BASELINE="1328" HEIGHT="43" WIDTH="641" VPOS="1285" HPOS="824"><String HEIGHT="43" WIDTH="231" VPOS="1285" HPOS="811" CONTENT="יסדה „בתי ספר&#34;"/><String HEIGHT="43" WIDTH="128" VPOS="1285" HPOS="1003" CONTENT="לנערים"/><String HEIGHT="43" WIDTH="103" VPOS="1285" HPOS="1093" CONTENT="ללמד"/><String HEIGHT="43" WIDTH="77" VPOS="1285" HPOS="1157" CONTENT="שם"/><String HEIGHT="43" WIDTH="90" VPOS="1285" HPOS="1196" CONTENT="שפת"/><String HEIGHT="43" WIDTH="128" VPOS="1285" HPOS="1247" CONTENT="עברית,"/><String HEIGHT="43" WIDTH="90" VPOS="1285" HPOS="1337" CONTENT="ואת"/><String HEIGHT="43" WIDTH="90" VPOS="1285" HPOS="1375" CONTENT="השפות"/></TextLine><TextLine ID="line_Ar0050103_7" BASELINE="1363" HEIGHT="47" WIDTH="632" VPOS="1316" HPOS="823"><String HEIGHT="47" WIDTH="655" VPOS="1316" HPOS="800" CONTENT="החדשות. ולטוב יזכר שם חברת „אחות ציון״, כי נם ע״ז פקחה"/></TextLine><TextLine ID="line_Ar0050103_9" BASELINE="1391" HEIGHT="41" WIDTH="640" VPOS="1350" HPOS="824"><String HEIGHT="41" WIDTH="226" VPOS="1350" HPOS="811" CONTENT="את עיניה בקראה"/><String HEIGHT="41" WIDTH="138" VPOS="1350" HPOS="1000" CONTENT="לכנסיות"/><String HEIGHT="41" WIDTH="125" VPOS="1350" HPOS="1100" CONTENT="אגודתה"/><String HEIGHT="41" WIDTH="88" VPOS="1350" HPOS="1188" CONTENT="בשם"/><String HEIGHT="41" WIDTH="50" VPOS="1350" HPOS="1238" CONTENT=""/><String HEIGHT="41" WIDTH="138" VPOS="1350" HPOS="1251" CONTENT="„Scola&#34;"/><String HEIGHT="41" WIDTH="113" VPOS="1350" HPOS="1351" CONTENT="לאמר:"/><String HEIGHT="41" WIDTH="50" VPOS="1350" HPOS="1414" CONTENT="כי"/></TextLine><TextLine ID="line_Ar0050103_11" BASELINE="1424" HEIGHT="45" WIDTH="629" VPOS="1379" HPOS="825"><String HEIGHT="45" WIDTH="653" VPOS="1379" HPOS="801" CONTENT="חובות כל בני ציון לראות כי בכל עיר ועיר יהיו בתי ספר"/></TextLine><TextLine ID="line_Ar0050103_12" BASELINE="1457" HEIGHT="47" WIDTH="648" VPOS="1410" HPOS="824"><String HEIGHT="47" WIDTH="671" VPOS="1410" HPOS="801" CONTENT="לנערים עברים. ואם כי ישאלני השואל:  „האם יען בוערים אנחנו"/></TextLine><TextLine ID="line_Ar0050103_14" BASELINE="1489" HEIGHT="47" WIDTH="639" VPOS="1442" HPOS="825"><String HEIGHT="47" WIDTH="664" VPOS="1442" HPOS="800" CONTENT="ולא למדנו ישנא הרומעני אותנו? הלא כאשר יעזוב איש את"/></TextLine></TextBlock><TextBlock ID="Ar0050104" HEIGHT="190" WIDTH="630" VPOS="1484" HPOS="827"><Shape><Polygon POINTS="1457,1674 827,1674 827,1484 1457,1484"/></Shape><TextLine ID="line_Ar0050104_1" BASELINE="1522" HEIGHT="47" WIDTH="635" VPOS="1475" HPOS="825"><String HEIGHT="47" WIDTH="215" VPOS="1475" HPOS="814" CONTENT="דתו ואמונתו כמו"/><String HEIGHT="47" WIDTH="102" VPOS="1475" HPOS="995" CONTENT="יושבי"/><String HEIGHT="47" WIDTH="113" VPOS="1475" HPOS="1063" CONTENT="רומניה"/><String HEIGHT="47" WIDTH="91" VPOS="1475" HPOS="1143" CONTENT="נחשב"/><String HEIGHT="47" WIDTH="79" VPOS="1475" HPOS="1199" CONTENT="ויש"/><String HEIGHT="47" WIDTH="68" VPOS="1475" HPOS="1245" CONTENT="לו"/><String HEIGHT="47" WIDTH="91" VPOS="1475" HPOS="1279" CONTENT="זכות"/><String HEIGHT="47" WIDTH="136" VPOS="1475" HPOS="1324" CONTENT="אזרחי-ארץ,"/></TextLine><TextLine ID="line_Ar0050104_2" BASELINE="1549" HEIGHT="44" WIDTH="642" VPOS="1505" HPOS="824"><String HEIGHT="44" WIDTH="80" VPOS="1505" HPOS="811" CONTENT="אם"/><String HEIGHT="44" WIDTH="80" VPOS="1505" HPOS="851" CONTENT="גם"/><String HEIGHT="44" WIDTH="107" VPOS="1505" HPOS="891" CONTENT="נבער"/><String HEIGHT="44" WIDTH="107" VPOS="1505" HPOS="958" CONTENT="מדעת"/><String HEIGHT="44" WIDTH="107" VPOS="1505" HPOS="1025" CONTENT="הוא?"/><String HEIGHT="44" WIDTH="94" VPOS="1505" HPOS="1092" CONTENT="הלא"/><String HEIGHT="44" WIDTH="107" VPOS="1505" HPOS="1145" CONTENT="הדבר"/><String HEIGHT="44" WIDTH="107" VPOS="1505" HPOS="1212" CONTENT="מראה"/><String HEIGHT="44" WIDTH="120" VPOS="1505" HPOS="1279" CONTENT="באצבע"/><String HEIGHT="44" WIDTH="80" VPOS="1505" HPOS="1359" CONTENT="כי"/><String HEIGHT="44" WIDTH="80" VPOS="1505" HPOS="1386" CONTENT="שנאת"/></TextLine><TextLine ID="line_Ar0050104_3" BASELINE="1585" HEIGHT="48" WIDTH="643" VPOS="1537" HPOS="824"><String HEIGHT="48" WIDTH="631" VPOS="1537" HPOS="812" CONTENT="הדת שוררת ברומאניה״? על זה אשיבך כי דבריך צודקים"/><String HEIGHT="48" WIDTH="73" VPOS="1537" HPOS="1394" CONTENT="מאוד"/></TextLine><TextLine ID="line_Ar0050104_4" BASELINE="1615" HEIGHT="47" WIDTH="645" VPOS="1568" HPOS="824"><String HEIGHT="47" WIDTH="126" VPOS="1568" HPOS="811" CONTENT="וכי רק"/><String HEIGHT="47" WIDTH="101" VPOS="1568" HPOS="900" CONTENT="שנאת"/><String HEIGHT="47" WIDTH="89" VPOS="1568" HPOS="963" CONTENT="הדת"/><String HEIGHT="47" WIDTH="101" VPOS="1568" HPOS="1014" CONTENT="תעכב"/><String HEIGHT="47" WIDTH="139" VPOS="1568" HPOS="1077" CONTENT="חרותנו,"/><String HEIGHT="47" WIDTH="89" VPOS="1568" HPOS="1178" CONTENT="בכל"/><String HEIGHT="47" WIDTH="89" VPOS="1568" HPOS="1229" CONTENT="זאת"/><String HEIGHT="47" WIDTH="89" VPOS="1568" HPOS="1279" CONTENT="הבט"/><String HEIGHT="47" WIDTH="76" VPOS="1568" HPOS="1330" CONTENT="נא"/><String HEIGHT="47" WIDTH="101" VPOS="1568" HPOS="1368" CONTENT="וראה"/><String HEIGHT="47" WIDTH="51" VPOS="1568" HPOS="1418" CONTENT="מה"/></TextLine><TextLine ID="line_Ar0050104_5" BASELINE="1645" HEIGHT="42" WIDTH="658" VPOS="1603" HPOS="823"><String HEIGHT="42" WIDTH="684" VPOS="1603" HPOS="797" CONTENT="יענה שר הממשלה אל כל הממלכות, על המכתבי-מחאות ששלחו"/></TextLine><TextLine ID="line_Ar0050104_6" BASELINE="1676" HEIGHT="43" WIDTH="641" VPOS="1633" HPOS="824"><String HEIGHT="43" WIDTH="243" VPOS="1633" HPOS="813" CONTENT="אלו האחרונים לטובת"/><String HEIGHT="43" WIDTH="133" VPOS="1633" HPOS="1023" CONTENT="היהודים:"/><String HEIGHT="43" WIDTH="44" VPOS="1633" HPOS="1122" CONTENT=""/><String HEIGHT="43" WIDTH="77" VPOS="1633" HPOS="1133" CONTENT="„כי"/><String HEIGHT="43" WIDTH="66" VPOS="1633" HPOS="1178" CONTENT="לא"/><String HEIGHT="43" WIDTH="111" VPOS="1633" HPOS="1211" CONTENT="כיהודי"/><String HEIGHT="43" WIDTH="99" VPOS="1633" HPOS="1288" CONTENT="צרפתי"/><String HEIGHT="43" WIDTH="66" VPOS="1633" HPOS="1354" CONTENT="או"/><String HEIGHT="43" WIDTH="88" VPOS="1633" HPOS="1377" CONTENT="אשכנזי"/></TextLine></TextBlock><TextBlock ID="Ar0050105" HEIGHT="153" WIDTH="628" VPOS="1676" HPOS="829"><Shape><Polygon POINTS="1457,1829 829,1829 829,1676 1457,1676"/></Shape><TextLine ID="line_Ar0050105_1" BASELINE="1709" HEIGHT="40" WIDTH="641" VPOS="1669" HPOS="825"><String HEIGHT="40" WIDTH="73" VPOS="1669" HPOS="813" CONTENT="כן"/><String HEIGHT="40" WIDTH="73" VPOS="1669" HPOS="849" CONTENT="גם"/><String HEIGHT="40" WIDTH="145" VPOS="1669" HPOS="885" CONTENT="הרומעני;"/><String HEIGHT="40" WIDTH="145" VPOS="1669" HPOS="994" CONTENT="הראשונים"/><String HEIGHT="40" WIDTH="109" VPOS="1669" HPOS="1103" CONTENT="אנשים"/><String HEIGHT="40" WIDTH="97" VPOS="1669" HPOS="1176" CONTENT="המה,"/><String HEIGHT="40" WIDTH="109" VPOS="1669" HPOS="1236" CONTENT="ילמדו"/><String HEIGHT="40" WIDTH="97" VPOS="1669" HPOS="1309" CONTENT="בבתי"/><String HEIGHT="40" WIDTH="85" VPOS="1669" HPOS="1369" CONTENT="ספר"/><String HEIGHT="40" WIDTH="60" VPOS="1669" HPOS="1406" CONTENT="אשר"/></TextLine><TextLine ID="line_Ar0050105_2" BASELINE="1742" HEIGHT="46" WIDTH="646" VPOS="1696" HPOS="825"><String HEIGHT="46" WIDTH="670" VPOS="1696" HPOS="801" CONTENT="לעם ובין אנשים ג״כ יכולים לבוא; אך האחרונים הלא נמשלו"/></TextLine><TextLine ID="line_Ar0050105_3" BASELINE="1774" HEIGHT="44" WIDTH="638" VPOS="1730" HPOS="825"><String HEIGHT="44" WIDTH="662" VPOS="1730" HPOS="801" CONTENT="כבהמות נדמו ושכל אנוש אין במו, ולמה זה תחשדנו חנם? לו"/></TextLine><TextLine ID="line_Ar0050105_4" BASELINE="1808" HEIGHT="44" WIDTH="639" VPOS="1764" HPOS="827"><String HEIGHT="44" WIDTH="355" VPOS="1764" HPOS="815" CONTENT="היהודים הגרים עמנו יהיו גם"/><String HEIGHT="44" WIDTH="83" VPOS="1764" HPOS="1135" CONTENT="המה"/><String HEIGHT="44" WIDTH="130" VPOS="1764" HPOS="1182" CONTENT="כיהודים"/><String HEIGHT="44" WIDTH="130" VPOS="1764" HPOS="1277" CONTENT="היושבים"/><String HEIGHT="44" WIDTH="107" VPOS="1764" HPOS="1360" CONTENT="בארציכם"/></TextLine><TextLine ID="line_Ar0050105_5" BASELINE="1840" HEIGHT="46" WIDTH="645" VPOS="1794" HPOS="827"><String HEIGHT="46" WIDTH="72" VPOS="1794" HPOS="815" CONTENT="אז"/><String HEIGHT="46" WIDTH="108" VPOS="1794" HPOS="851" CONTENT="היינו"/><String HEIGHT="46" WIDTH="119" VPOS="1794" HPOS="923" CONTENT="מקבלים"/><String HEIGHT="46" WIDTH="96" VPOS="1794" HPOS="1006" CONTENT="אותם"/><String HEIGHT="46" WIDTH="108" VPOS="1794" HPOS="1066" CONTENT="בחדוה"/><String HEIGHT="46" WIDTH="119" VPOS="1794" HPOS="1138" CONTENT="ובשמחה"/><String HEIGHT="46" WIDTH="108" VPOS="1794" HPOS="1221" CONTENT="והינו"/><String HEIGHT="46" WIDTH="96" VPOS="1794" HPOS="1293" CONTENT="עמהם"/><String HEIGHT="46" WIDTH="84" VPOS="1794" HPOS="1353" CONTENT="לעם"/><String HEIGHT="46" WIDTH="84" VPOS="1794" HPOS="1388" CONTENT="אחד״."/></TextLine></TextBlock><TextBlock ID="Ar0050300" HEIGHT="117" WIDTH="650" VPOS="114" HPOS="152"><Shape><Polygon POINTS="802,231 152,231 152,114 802,114"/></Shape><TextLine ID="line_Ar0050300_1" BASELINE="157" HEIGHT="42" WIDTH="638" VPOS="115" HPOS="164"><String HEIGHT="42" WIDTH="349" VPOS="115" HPOS="152" CONTENT="כזה וכזה ידברו שונאינו! —"/><String HEIGHT="42" WIDTH="84" VPOS="115" HPOS="465" CONTENT="ע״כ"/><String HEIGHT="42" WIDTH="96" VPOS="115" HPOS="513" CONTENT="אקרא"/><String HEIGHT="42" WIDTH="96" VPOS="115" HPOS="573" CONTENT="לכם,"/><String HEIGHT="42" WIDTH="108" VPOS="115" HPOS="633" CONTENT="יהודי"/><String HEIGHT="42" WIDTH="108" VPOS="115" HPOS="694" CONTENT="רומניה!"/></TextLine><TextLine ID="line_Ar0050300_2" BASELINE="184" HEIGHT="38" WIDTH="634" VPOS="146" HPOS="168"><String HEIGHT="38" WIDTH="659" VPOS="146" HPOS="143" CONTENT="יסדו בתי ספר בכל עיר ועיר וכל אב ישלח בנו שמה ללמד,"/></TextLine><TextLine ID="line_Ar0050300_3" BASELINE="218" HEIGHT="40" WIDTH="628" VPOS="178" HPOS="175"><String HEIGHT="40" WIDTH="126" VPOS="178" HPOS="162" CONTENT="ואם כה"/><String HEIGHT="40" WIDTH="100" VPOS="178" HPOS="250" CONTENT="תעשו"/><String HEIGHT="40" WIDTH="138" VPOS="178" HPOS="313" CONTENT="אשריכם,"/><String HEIGHT="40" WIDTH="100" VPOS="178" HPOS="414" CONTENT="וסוף"/><String HEIGHT="40" WIDTH="126" VPOS="178" HPOS="476" CONTENT="החירות"/><String HEIGHT="40" WIDTH="113" VPOS="178" HPOS="564" CONTENT="לבוא."/><String HEIGHT="40" WIDTH="100" VPOS="178" HPOS="640" CONTENT="מאיר"/><String HEIGHT="40" WIDTH="113" VPOS="178" HPOS="690" CONTENT="יוסטער."/></TextLine></TextBlock><TextBlock ID="Ar0050200" HEIGHT="112" WIDTH="489" VPOS="262" HPOS="221"><Shape><Polygon POINTS="710,374 221,374 221,262 710,262"/></Shape><TextLine ID="line_Ar0050200_1" BASELINE="363" HEIGHT="53" WIDTH="258" VPOS="310" HPOS="355"><String HEIGHT="53" WIDTH="323" VPOS="310" HPOS="291" CONTENT="אמעריקא."/></TextLine></TextBlock><TextBlock ID="Ar0050201" HEIGHT="280" WIDTH="622" VPOS="378" HPOS="169"><Shape><Polygon POINTS="791,658 169,658 169,378 791,378"/></Shape><TextLine ID="line_Ar0050201_1" BASELINE="412" HEIGHT="38" WIDTH="575" VPOS="374" HPOS="166"><String HEIGHT="38" WIDTH="601" VPOS="374" HPOS="140" CONTENT="נו-ירק בירח יולי תרל״ד. מצב הפרנסה בארצנו שנה"/></TextLine><TextLine ID="line_Ar0050201_2" BASELINE="448" HEIGHT="45" WIDTH="629" VPOS="403" HPOS="165"><String HEIGHT="45" WIDTH="103" VPOS="403" HPOS="152" CONTENT="פניו"/><String HEIGHT="45" WIDTH="103" VPOS="403" HPOS="216" CONTENT="לרוע"/><String HEIGHT="45" WIDTH="77" VPOS="403" HPOS="281" CONTENT="זה"/><String HEIGHT="45" WIDTH="103" VPOS="403" HPOS="319" CONTENT="קרוב"/><String HEIGHT="45" WIDTH="103" VPOS="403" HPOS="383" CONTENT="לשנה"/><String HEIGHT="45" WIDTH="116" VPOS="403" HPOS="447" CONTENT="ועדנה"/><String HEIGHT="45" WIDTH="77" VPOS="403" HPOS="524" CONTENT="לא"/><String HEIGHT="45" WIDTH="103" VPOS="403" HPOS="563" CONTENT="הוטב"/><String HEIGHT="45" WIDTH="128" VPOS="403" HPOS="627" CONTENT="כמקדם."/><String HEIGHT="45" WIDTH="90" VPOS="403" HPOS="704" CONTENT="שמיטת"/></TextLine><TextLine ID="line_Ar0050201_3" BASELINE="475" HEIGHT="43" WIDTH="626" VPOS="432" HPOS="166"><String HEIGHT="43" WIDTH="99" VPOS="432" HPOS="155" CONTENT="כספים"/><String HEIGHT="43" WIDTH="143" VPOS="432" HPOS="221" CONTENT="באיירופה,"/><String HEIGHT="43" WIDTH="99" VPOS="432" HPOS="331" CONTENT="תרמית"/><String HEIGHT="43" WIDTH="99" VPOS="432" HPOS="397" CONTENT="סוחרי"/><String HEIGHT="43" WIDTH="110" VPOS="432" HPOS="463" CONTENT="הבירזה"/><String HEIGHT="43" WIDTH="110" VPOS="432" HPOS="539" CONTENT="ואונאת"/><String HEIGHT="43" WIDTH="88" VPOS="432" HPOS="616" CONTENT="בוני"/><String HEIGHT="43" WIDTH="99" VPOS="432" HPOS="671" CONTENT="מסלות"/><String HEIGHT="43" WIDTH="66" VPOS="432" HPOS="726" CONTENT="ברזל"/></TextLine><TextLine ID="line_Ar0050201_4" BASELINE="509" HEIGHT="40" WIDTH="631" VPOS="469" HPOS="166"><String HEIGHT="40" WIDTH="658" VPOS="469" HPOS="139" CONTENT="שמה אשר היהודי לסקר גלה תרמיתם, כל אלה הסבו גם"/></TextLine><TextLine ID="line_Ar0050201_5" BASELINE="540" HEIGHT="39" WIDTH="625" VPOS="501" HPOS="166"><String HEIGHT="39" WIDTH="104" VPOS="501" HPOS="154" CONTENT="שמיטת"/><String HEIGHT="39" WIDTH="104" VPOS="501" HPOS="224" CONTENT="כספים"/><String HEIGHT="39" WIDTH="127" VPOS="501" HPOS="293" CONTENT="בארצנו."/><String HEIGHT="39" WIDTH="104" VPOS="501" HPOS="386" CONTENT="בחורף"/><String HEIGHT="39" WIDTH="104" VPOS="501" HPOS="455" CONTENT="העבר,"/><String HEIGHT="39" WIDTH="93" VPOS="501" HPOS="525" CONTENT="כאשר"/><String HEIGHT="39" WIDTH="81" VPOS="501" HPOS="583" CONTENT="עצר"/><String HEIGHT="39" WIDTH="127" VPOS="501" HPOS="629" CONTENT="השולחני"/><String HEIGHT="39" WIDTH="81" VPOS="501" HPOS="710" CONTENT="הגדול"/></TextLine><TextLine ID="line_Ar0050201_6" BASELINE="576" HEIGHT="43" WIDTH="631" VPOS="533" HPOS="169"><String HEIGHT="43" WIDTH="155" VPOS="533" HPOS="156" CONTENT="דשזי קוק"/><String HEIGHT="43" WIDTH="90" VPOS="533" HPOS="272" CONTENT="ראש"/><String HEIGHT="43" WIDTH="116" VPOS="533" HPOS="324" CONTENT="החברה"/><String HEIGHT="43" WIDTH="116" VPOS="533" HPOS="401" CONTENT="הבונה"/><String HEIGHT="43" WIDTH="116" VPOS="533" HPOS="478" CONTENT="מסילת"/><String HEIGHT="43" WIDTH="116" VPOS="533" HPOS="555" CONTENT="הברזל"/><String HEIGHT="43" WIDTH="103" VPOS="533" HPOS="633" CONTENT="צפון"/><String HEIGHT="43" WIDTH="116" VPOS="533" HPOS="684" CONTENT="פציפיק,"/></TextLine><TextLine ID="line_Ar0050201_8" BASELINE="606" HEIGHT="45" WIDTH="628" VPOS="561" HPOS="166"><String HEIGHT="45" WIDTH="651" VPOS="561" HPOS="143" CONTENT="לשלם לבעלי חובותיו, וגלה בפומבי כי אין כסף באוצר החברה,"/></TextLine><TextLine ID="line_Ar0050201_9" BASELINE="638" HEIGHT="42" WIDTH="634" VPOS="596" HPOS="166"><String HEIGHT="42" WIDTH="101" VPOS="596" HPOS="153" CONTENT="היתה"/><String HEIGHT="42" WIDTH="76" VPOS="596" HPOS="217" CONTENT="עת"/><String HEIGHT="42" WIDTH="114" VPOS="596" HPOS="255" CONTENT="מהומה"/><String HEIGHT="42" WIDTH="114" VPOS="596" HPOS="331" CONTENT="בארץ."/><String HEIGHT="42" WIDTH="139" VPOS="596" HPOS="407" CONTENT="שולחנים"/><String HEIGHT="42" WIDTH="127" VPOS="596" HPOS="508" CONTENT="גדולים"/><String HEIGHT="42" WIDTH="127" VPOS="596" HPOS="597" CONTENT="וקטנים"/><String HEIGHT="42" WIDTH="89" VPOS="596" HPOS="686" CONTENT="מכל"/><String HEIGHT="42" WIDTH="76" VPOS="596" HPOS="724" CONTENT="קצות"/></TextLine><TextLine ID="line_Ar0050201_10" BASELINE="668" HEIGHT="40" WIDTH="630" VPOS="628" HPOS="167"><String HEIGHT="40" WIDTH="654" VPOS="628" HPOS="143" CONTENT="ארצות הברית, סגרו ידיהם משלם לכל נושה בם, ורבים אבדו"/></TextLine></TextBlock><TextBlock ID="Ar0050202" HEIGHT="148" WIDTH="622" VPOS="669" HPOS="169"><Shape><Polygon POINTS="791,817 169,817 169,669 791,669"/></Shape><TextLine ID="line_Ar0050202_1" BASELINE="701" HEIGHT="40" WIDTH="639" VPOS="661" HPOS="165"><String HEIGHT="40" WIDTH="128" VPOS="661" HPOS="152" CONTENT="ממונם,"/><String HEIGHT="40" WIDTH="102" VPOS="661" HPOS="242" CONTENT="ותהי"/><String HEIGHT="40" WIDTH="77" VPOS="661" HPOS="306" CONTENT="עת"/><String HEIGHT="40" WIDTH="89" VPOS="661" HPOS="344" CONTENT="צרה"/><String HEIGHT="40" WIDTH="115" VPOS="661" HPOS="395" CONTENT="וחשכה"/><String HEIGHT="40" WIDTH="89" VPOS="661" HPOS="472" CONTENT="לכל"/><String HEIGHT="40" WIDTH="89" VPOS="661" HPOS="523" CONTENT="בני"/><String HEIGHT="40" WIDTH="128" VPOS="661" HPOS="574" CONTENT="ארצנו."/><String HEIGHT="40" WIDTH="128" VPOS="661" HPOS="663" CONTENT="המסחור"/><String HEIGHT="40" WIDTH="64" VPOS="661" HPOS="740" CONTENT="ירד"/></TextLine><TextLine ID="line_Ar0050202_3" BASELINE="730" HEIGHT="39" WIDTH="637" VPOS="691" HPOS="165"><String HEIGHT="39" WIDTH="650" VPOS="691" HPOS="152" CONTENT="מטה, הרבה בתי פבריקים נסגרו על מסגר, אנשי עבודה"/><String HEIGHT="39" WIDTH="51" VPOS="691" HPOS="751" CONTENT="לא"/></TextLine><TextLine ID="line_Ar0050202_5" BASELINE="766" HEIGHT="44" WIDTH="640" VPOS="722" HPOS="163"><String HEIGHT="44" WIDTH="665" VPOS="722" HPOS="138" CONTENT="מצאו עבודה לפניהם, ובעלי מלאכה לא מצאו מלאכה ועבודה;"/></TextLine><TextLine ID="line_Ar0050202_7" BASELINE="797" HEIGHT="45" WIDTH="632" VPOS="752" HPOS="165"><String HEIGHT="45" WIDTH="658" VPOS="752" HPOS="139" CONTENT="הסוחר לא מצא קונים על סחורתו, ומי שהיה לו כסף, לא"/></TextLine><TextLine ID="line_Ar0050202_8" BASELINE="825" HEIGHT="41" WIDTH="631" VPOS="784" HPOS="165"><String HEIGHT="41" WIDTH="238" VPOS="784" HPOS="153" CONTENT="הוציאו על תענוגת"/><String HEIGHT="41" WIDTH="83" VPOS="784" HPOS="355" CONTENT="בני"/><String HEIGHT="41" WIDTH="95" VPOS="784" HPOS="403" CONTENT="אדם,"/><String HEIGHT="41" WIDTH="119" VPOS="784" HPOS="463" CONTENT="ואנשים"/><String HEIGHT="41" WIDTH="107" VPOS="784" HPOS="546" CONTENT="רבים,"/><String HEIGHT="41" WIDTH="83" VPOS="784" HPOS="617" CONTENT="תחת"/><String HEIGHT="41" WIDTH="83" VPOS="784" HPOS="665" CONTENT="אשר"/><String HEIGHT="41" WIDTH="95" VPOS="784" HPOS="701" CONTENT="מלפנים"/></TextLine></TextBlock><TextBlock ID="Ar0050203" HEIGHT="158" WIDTH="622" VPOS="819" HPOS="169"><Shape><Polygon POINTS="791,977 169,977 169,819 791,819"/></Shape><TextLine ID="line_Ar0050203_2" BASELINE="855" HEIGHT="39" WIDTH="628" VPOS="816" HPOS="164"><String HEIGHT="39" WIDTH="118" VPOS="816" HPOS="152" CONTENT="הרויחו"/><String HEIGHT="39" WIDTH="95" VPOS="816" HPOS="235" CONTENT="יותר"/><String HEIGHT="39" WIDTH="95" VPOS="816" HPOS="294" CONTENT="מכפי"/><String HEIGHT="39" WIDTH="130" VPOS="816" HPOS="354" CONTENT="צרכיהם,"/><String HEIGHT="39" WIDTH="71" VPOS="816" HPOS="448" CONTENT="לא"/><String HEIGHT="39" WIDTH="95" VPOS="816" HPOS="484" CONTENT="יכלו"/><String HEIGHT="39" WIDTH="118" VPOS="816" HPOS="543" CONTENT="להרויח"/><String HEIGHT="39" WIDTH="83" VPOS="816" HPOS="626" CONTENT="בעת"/><String HEIGHT="39" WIDTH="95" VPOS="816" HPOS="674" CONTENT="הרעה"/><String HEIGHT="39" WIDTH="71" VPOS="816" HPOS="721" CONTENT="הזאת"/></TextLine><TextLine ID="line_Ar0050203_3" BASELINE="890" HEIGHT="44" WIDTH="634" VPOS="846" HPOS="164"><String HEIGHT="44" WIDTH="198" VPOS="846" HPOS="151" CONTENT="אף לחם צר —"/><String HEIGHT="44" WIDTH="119" VPOS="846" HPOS="309" CONTENT="ויגדל"/><String HEIGHT="44" WIDTH="92" VPOS="846" HPOS="389" CONTENT="מאד"/><String HEIGHT="44" WIDTH="106" VPOS="846" HPOS="441" CONTENT="הלחץ"/><String HEIGHT="44" WIDTH="119" VPOS="846" HPOS="507" CONTENT="בארץ."/><String HEIGHT="44" WIDTH="92" VPOS="846" HPOS="587" CONTENT="כבא"/><String HEIGHT="44" WIDTH="132" VPOS="846" HPOS="640" CONTENT="השמועה"/><String HEIGHT="44" WIDTH="79" VPOS="846" HPOS="719" CONTENT="הזאת"/></TextLine><TextLine ID="line_Ar0050203_4" BASELINE="926" HEIGHT="48" WIDTH="631" VPOS="878" HPOS="160"><String HEIGHT="48" WIDTH="643" VPOS="878" HPOS="148" CONTENT="לאיירופה, הפחידה את הנוסעים לארצנו, ועד היום הזה"/><String HEIGHT="48" WIDTH="49" VPOS="878" HPOS="742" CONTENT="רק"/></TextLine><TextLine ID="line_Ar0050203_6" BASELINE="956" HEIGHT="41" WIDTH="642" VPOS="915" HPOS="165"><String HEIGHT="41" WIDTH="113" VPOS="915" HPOS="152" CONTENT="מעטים"/><String HEIGHT="41" WIDTH="88" VPOS="915" HPOS="228" CONTENT="המה"/><String HEIGHT="41" WIDTH="101" VPOS="915" HPOS="278" CONTENT="מספר"/><String HEIGHT="41" WIDTH="113" VPOS="915" HPOS="341" CONTENT="הבאים"/><String HEIGHT="41" WIDTH="126" VPOS="915" HPOS="417" CONTENT="מארצות"/><String HEIGHT="41" WIDTH="138" VPOS="915" HPOS="505" CONTENT="איירופה"/><String HEIGHT="41" WIDTH="126" VPOS="915" HPOS="606" CONTENT="להתישב"/><String HEIGHT="41" WIDTH="126" VPOS="915" HPOS="681" CONTENT="בתוכינו,"/></TextLine><TextLine ID="line_Ar0050203_7" BASELINE="980" HEIGHT="34" WIDTH="637" VPOS="946" HPOS="165"><String HEIGHT="34" WIDTH="100" VPOS="946" HPOS="153" CONTENT="ותחת"/><String HEIGHT="34" WIDTH="87" VPOS="946" HPOS="215" CONTENT="אשר"/><String HEIGHT="34" WIDTH="112" VPOS="946" HPOS="265" CONTENT="בשנים"/><String HEIGHT="34" WIDTH="112" VPOS="946" HPOS="340" CONTENT="שעברו"/><String HEIGHT="34" WIDTH="87" VPOS="946" HPOS="415" CONTENT="באו"/><String HEIGHT="34" WIDTH="162" VPOS="946" HPOS="465" CONTENT="עמיגרנטים"/><String HEIGHT="34" WIDTH="75" VPOS="946" HPOS="590" CONTENT="על"/><String HEIGHT="34" WIDTH="75" VPOS="946" HPOS="627" CONTENT="כל"/><String HEIGHT="34" WIDTH="100" VPOS="946" HPOS="665" CONTENT="אניה"/><String HEIGHT="34" WIDTH="87" VPOS="946" HPOS="715" CONTENT="ואניה"/></TextLine></TextBlock><TextBlock ID="Ar0050204" HEIGHT="283" WIDTH="622" VPOS="979" HPOS="169"><Shape><Polygon POINTS="791,1262 169,1262 169,979 791,979"/></Shape><TextLine ID="line_Ar0050204_2" BASELINE="1018" HEIGHT="42" WIDTH="639" VPOS="976" HPOS="165"><String HEIGHT="42" WIDTH="665" VPOS="976" HPOS="139" CONTENT="מערך שש מאת עד אלף ויותר, יבאו עתה רק שתי מאות או"/></TextLine><TextLine ID="line_Ar0050204_3" BASELINE="1049" HEIGHT="43" WIDTH="627" VPOS="1006" HPOS="165"><String HEIGHT="43" WIDTH="652" VPOS="1006" HPOS="140" CONTENT="שלש מאות עמיגרנטים על אניה, אף כי הוזל מחיר הנסיעה"/></TextLine><TextLine ID="line_Ar0050204_4" BASELINE="1084" HEIGHT="45" WIDTH="629" VPOS="1039" HPOS="165"><String HEIGHT="45" WIDTH="399" VPOS="1039" HPOS="153" CONTENT="איירופה לאמיריקה. אפס לא לנצח"/><String HEIGHT="45" WIDTH="85" VPOS="1039" HPOS="516" CONTENT="חסר"/><String HEIGHT="45" WIDTH="109" VPOS="1039" HPOS="564" CONTENT="ולחץ,"/><String HEIGHT="45" WIDTH="85" VPOS="1039" HPOS="637" CONTENT="וצר"/><String HEIGHT="45" WIDTH="109" VPOS="1039" HPOS="685" CONTENT="ומצוק"/><String HEIGHT="45" WIDTH="48" VPOS="1039" HPOS="746" CONTENT="עד"/></TextLine><TextLine ID="line_Ar0050204_5" BASELINE="1113" HEIGHT="41" WIDTH="637" VPOS="1072" HPOS="165"><String HEIGHT="41" WIDTH="81" VPOS="1072" HPOS="153" CONTENT="דור"/><String HEIGHT="41" WIDTH="104" VPOS="1072" HPOS="200" CONTENT="ודור!"/><String HEIGHT="41" WIDTH="81" VPOS="1072" HPOS="269" CONTENT="שמי"/><String HEIGHT="41" WIDTH="116" VPOS="1072" HPOS="316" CONTENT="המסחור"/><String HEIGHT="41" WIDTH="116" VPOS="1072" HPOS="397" CONTENT="בארצנו"/><String HEIGHT="41" WIDTH="81" VPOS="1072" HPOS="478" CONTENT="אשר"/><String HEIGHT="41" WIDTH="93" VPOS="1072" HPOS="524" CONTENT="לבשו"/><String HEIGHT="41" WIDTH="116" VPOS="1072" HPOS="582" CONTENT="קדרות,"/><String HEIGHT="41" WIDTH="104" VPOS="1072" HPOS="663" CONTENT="יטהרו"/><String HEIGHT="41" WIDTH="81" VPOS="1072" HPOS="721" CONTENT="פניהם"/></TextLine><TextLine ID="line_Ar0050204_6" BASELINE="1146" HEIGHT="44" WIDTH="636" VPOS="1102" HPOS="165"><String HEIGHT="44" WIDTH="87" VPOS="1102" HPOS="153" CONTENT="לאט"/><String HEIGHT="44" WIDTH="100" VPOS="1102" HPOS="202" CONTENT="לאט,"/><String HEIGHT="44" WIDTH="87" VPOS="1102" HPOS="265" CONTENT="שמש"/><String HEIGHT="44" WIDTH="125" VPOS="1102" HPOS="315" CONTENT="ההצלחה"/><String HEIGHT="44" WIDTH="100" VPOS="1102" HPOS="402" CONTENT="תפיץ"/><String HEIGHT="44" WIDTH="100" VPOS="1102" HPOS="464" CONTENT="ענני"/><String HEIGHT="44" WIDTH="100" VPOS="1102" HPOS="527" CONTENT="חשך,"/><String HEIGHT="44" WIDTH="87" VPOS="1102" HPOS="589" CONTENT="ולא"/><String HEIGHT="44" WIDTH="112" VPOS="1102" HPOS="639" CONTENT="יארכו"/><String HEIGHT="44" WIDTH="100" VPOS="1102" HPOS="701" CONTENT="הימים,"/></TextLine><TextLine ID="line_Ar0050204_7" BASELINE="1176" HEIGHT="42" WIDTH="638" VPOS="1134" HPOS="166"><String HEIGHT="42" WIDTH="117" VPOS="1134" HPOS="153" CONTENT="והטוב"/><String HEIGHT="42" WIDTH="104" VPOS="1134" HPOS="231" CONTENT="בארץ"/><String HEIGHT="42" WIDTH="91" VPOS="1134" HPOS="296" CONTENT="יחל"/><String HEIGHT="42" WIDTH="117" VPOS="1134" HPOS="348" CONTENT="להיות"/><String HEIGHT="42" WIDTH="156" VPOS="1134" HPOS="426" CONTENT="כמלפנים,"/><String HEIGHT="42" WIDTH="130" VPOS="1134" HPOS="544" CONTENT="והפרות"/><String HEIGHT="42" WIDTH="130" VPOS="1134" HPOS="635" CONTENT="השמנות"/><String HEIGHT="42" WIDTH="91" VPOS="1134" HPOS="713" CONTENT="ומלאו"/></TextLine><TextLine ID="line_Ar0050204_8" BASELINE="1205" HEIGHT="39" WIDTH="635" VPOS="1166" HPOS="167"><String HEIGHT="39" WIDTH="511" VPOS="1166" HPOS="153" CONTENT="הבשר, תבלענה את הפרה הרזה והדלה —"/><String HEIGHT="39" WIDTH="83" VPOS="1166" HPOS="623" CONTENT="זו"/><String HEIGHT="39" WIDTH="110" VPOS="1166" HPOS="664" CONTENT="השנה"/><String HEIGHT="39" WIDTH="83" VPOS="1166" HPOS="719" CONTENT="הרעה"/></TextLine><TextLine ID="line_Ar0050204_9" BASELINE="1242" HEIGHT="45" WIDTH="634" VPOS="1197" HPOS="166"><String HEIGHT="45" WIDTH="220" VPOS="1197" HPOS="153" CONTENT="החלפה הלכה לה"/><String HEIGHT="45" WIDTH="52" VPOS="1197" HPOS="334" CONTENT=""/><String HEIGHT="45" WIDTH="65" VPOS="1197" HPOS="347" CONTENT="—"/><String HEIGHT="45" WIDTH="91" VPOS="1197" HPOS="373" CONTENT="ולא"/><String HEIGHT="45" WIDTH="104" VPOS="1197" HPOS="425" CONTENT="נודע"/><String HEIGHT="45" WIDTH="78" VPOS="1197" HPOS="489" CONTENT="כי"/><String HEIGHT="45" WIDTH="91" VPOS="1197" HPOS="528" CONTENT="באה"/><String HEIGHT="45" WIDTH="78" VPOS="1197" HPOS="580" CONTENT="אל"/><String HEIGHT="45" WIDTH="129" VPOS="1197" HPOS="619" CONTENT="קרבנה,"/><String HEIGHT="45" WIDTH="104" VPOS="1197" HPOS="696" CONTENT="וארצנו"/></TextLine><TextLine ID="line_Ar0050204_10" BASELINE="1269" HEIGHT="40" WIDTH="630" VPOS="1229" HPOS="173"><String HEIGHT="40" WIDTH="203" VPOS="1229" HPOS="162" CONTENT="חהיה לברכה לכל"/><String HEIGHT="40" WIDTH="124" VPOS="1229" HPOS="331" CONTENT="היושבים"/><String HEIGHT="40" WIDTH="79" VPOS="1229" HPOS="421" CONTENT="בה,"/><String HEIGHT="40" WIDTH="68" VPOS="1229" HPOS="466" CONTENT="כי"/><String HEIGHT="40" WIDTH="113" VPOS="1229" HPOS="499" CONTENT="יתענגו"/><String HEIGHT="40" WIDTH="68" VPOS="1229" HPOS="578" CONTENT="על"/><String HEIGHT="40" WIDTH="79" VPOS="1229" HPOS="612" CONTENT="רוב"/><String HEIGHT="40" WIDTH="90" VPOS="1229" HPOS="657" CONTENT="ברכה"/><String HEIGHT="40" WIDTH="101" VPOS="1229" HPOS="702" CONTENT="והצלחה,"/></TextLine></TextBlock><TextBlock ID="Ar0050205" HEIGHT="576" WIDTH="624" VPOS="1265" HPOS="169"><Shape><Polygon POINTS="793,1841 169,1841 169,1265 793,1265"/></Shape><TextLine ID="line_Ar0050205_2" BASELINE="1303" HEIGHT="57" WIDTH="646" VPOS="1246" HPOS="165"><String HEIGHT="57" WIDTH="669" VPOS="1246" HPOS="142" CONTENT="והנוסעים ישובו לבוא הנה, ולהתאחז בתוכינו, לטובתם ולטובת"/></TextLine><TextLine ID="line_Ar0050205_3" BASELINE="1335" HEIGHT="43" WIDTH="639" VPOS="1292" HPOS="165"><String HEIGHT="43" WIDTH="105" VPOS="1292" HPOS="153" CONTENT="Union"/><String HEIGHT="43" WIDTH="93" VPOS="1292" HPOS="223" CONTENT="fait"/><String HEIGHT="43" WIDTH="70" VPOS="1292" HPOS="281" CONTENT="la"/><String HEIGHT="43" WIDTH="128" VPOS="1292" HPOS="316" CONTENT="force֦&#34;"/><String HEIGHT="43" WIDTH="128" VPOS="1292" HPOS="409" CONTENT=".ארצנו,"/><String HEIGHT="43" WIDTH="93" VPOS="1292" HPOS="502" CONTENT="כימי"/><String HEIGHT="43" WIDTH="93" VPOS="1292" HPOS="560" CONTENT="עולם"/><String HEIGHT="43" WIDTH="116" VPOS="1292" HPOS="618" CONTENT="וכשנים"/><String HEIGHT="43" WIDTH="116" VPOS="1292" HPOS="688" CONTENT="קדמוניות"/></TextLine><TextLine ID="line_Ar0050205_5" BASELINE="1367" HEIGHT="38" WIDTH="635" VPOS="1329" HPOS="165"><String HEIGHT="38" WIDTH="659" VPOS="1329" HPOS="141" CONTENT="האחדות היא היא הגבורה, יאמר משל הצרפתי, ואחינו ב״י פה"/></TextLine><TextLine ID="line_Ar0050205_6" BASELINE="1399" HEIGHT="42" WIDTH="629" VPOS="1357" HPOS="165"><String HEIGHT="42" WIDTH="655" VPOS="1357" HPOS="139" CONTENT="בארץ, חפצים לנסות עד כמה כח המשל הזה יפה. בעירנו"/></TextLine><TextLine ID="line_Ar0050205_7" BASELINE="1434" HEIGHT="46" WIDTH="645" VPOS="1388" HPOS="165"><String HEIGHT="46" WIDTH="115" VPOS="1388" HPOS="153" CONTENT="נויארק"/><String HEIGHT="46" WIDTH="69" VPOS="1388" HPOS="234" CONTENT="זה"/><String HEIGHT="46" WIDTH="69" VPOS="1388" HPOS="269" CONTENT="לא"/><String HEIGHT="46" WIDTH="92" VPOS="1388" HPOS="303" CONTENT="כביר"/><String HEIGHT="46" WIDTH="115" VPOS="1388" HPOS="361" CONTENT="התאחדו"/><String HEIGHT="46" WIDTH="81" VPOS="1388" HPOS="441" CONTENT="שתי"/><String HEIGHT="46" WIDTH="115" VPOS="1388" HPOS="488" CONTENT="קהילות"/><String HEIGHT="46" WIDTH="104" VPOS="1388" HPOS="568" CONTENT="יחדיו"/><String HEIGHT="46" WIDTH="127" VPOS="1388" HPOS="637" CONTENT="ותהיינה"/><String HEIGHT="46" WIDTH="92" VPOS="1388" HPOS="718" CONTENT="לקהילה"/></TextLine><TextLine ID="line_Ar0050205_8" BASELINE="1465" HEIGHT="43" WIDTH="635" VPOS="1422" HPOS="166"><String HEIGHT="43" WIDTH="199" VPOS="1422" HPOS="154" CONTENT="אחת תחת רועה"/><String HEIGHT="43" WIDTH="87" VPOS="1422" HPOS="315" CONTENT="אחד"/><String HEIGHT="43" WIDTH="87" VPOS="1422" HPOS="365" CONTENT="הוא"/><String HEIGHT="43" WIDTH="100" VPOS="1422" HPOS="415" CONTENT="הדר׳"/><String HEIGHT="43" WIDTH="162" VPOS="1422" HPOS="477" CONTENT="איינהורן;"/><String HEIGHT="43" WIDTH="100" VPOS="1422" HPOS="602" CONTENT="ועתה"/><String HEIGHT="43" WIDTH="112" VPOS="1422" HPOS="664" CONTENT="יחפצו"/><String HEIGHT="43" WIDTH="75" VPOS="1422" HPOS="726" CONTENT="ליחד"/></TextLine><TextLine ID="line_Ar0050205_9" BASELINE="1491" HEIGHT="39" WIDTH="635" VPOS="1452" HPOS="166"><String HEIGHT="39" WIDTH="192" VPOS="1452" HPOS="154" CONTENT="ולחבר כל בתי"/><String HEIGHT="39" WIDTH="84" VPOS="1452" HPOS="310" CONTENT="חסד"/><String HEIGHT="39" WIDTH="120" VPOS="1452" HPOS="358" CONTENT="לעברים"/><String HEIGHT="39" WIDTH="96" VPOS="1452" HPOS="442" CONTENT="בעיר"/><String HEIGHT="39" WIDTH="96" VPOS="1452" HPOS="501" CONTENT="הזאת"/><String HEIGHT="39" WIDTH="84" VPOS="1452" HPOS="561" CONTENT="תחת"/><String HEIGHT="39" WIDTH="108" VPOS="1452" HPOS="609" CONTENT="הנהגה"/><String HEIGHT="39" WIDTH="96" VPOS="1452" HPOS="681" CONTENT="אחת."/><String HEIGHT="39" WIDTH="72" VPOS="1452" HPOS="729" CONTENT="מכ״ע"/></TextLine><TextLine ID="line_Ar0050205_10" BASELINE="1527" HEIGHT="45" WIDTH="630" VPOS="1482" HPOS="166"><String HEIGHT="45" WIDTH="654" VPOS="1482" HPOS="142" CONTENT="האנגליים הודיעו כי גם בלונדן חפצו לעשות כדבר הזה, אבל"/></TextLine><TextLine ID="line_Ar0050205_11" BASELINE="1560" HEIGHT="44" WIDTH="636" VPOS="1516" HPOS="167"><String HEIGHT="44" WIDTH="245" VPOS="1516" HPOS="155" CONTENT="לא עלתה בידם; אם"/><String HEIGHT="44" WIDTH="98" VPOS="1516" HPOS="363" CONTENT="תעלה"/><String HEIGHT="44" WIDTH="122" VPOS="1516" HPOS="424" CONTENT="בידינו"/><String HEIGHT="44" WIDTH="98" VPOS="1516" HPOS="509" CONTENT="זאת?"/><String HEIGHT="44" WIDTH="98" VPOS="1516" HPOS="571" CONTENT="הזמן"/><String HEIGHT="44" WIDTH="110" VPOS="1516" HPOS="632" CONTENT="יגיד."/><String HEIGHT="44" WIDTH="98" VPOS="1516" HPOS="705" CONTENT="אמנם"/><String HEIGHT="44" WIDTH="49" VPOS="1516" HPOS="754" CONTENT="לא"/></TextLine><TextLine ID="line_Ar0050205_12" BASELINE="1593" HEIGHT="71" WIDTH="649" VPOS="1522" HPOS="167"><String HEIGHT="71" WIDTH="50" VPOS="1522" HPOS="155" CONTENT=""/><String HEIGHT="71" WIDTH="75" VPOS="1522" HPOS="167" CONTENT="רק"/><String HEIGHT="71" WIDTH="87" VPOS="1522" HPOS="204" CONTENT="זאת"/><String HEIGHT="71" WIDTH="87" VPOS="1522" HPOS="254" CONTENT="לבד"/><String HEIGHT="71" WIDTH="112" VPOS="1522" HPOS="304" CONTENT="יחפצו"/><String HEIGHT="71" WIDTH="100" VPOS="1522" HPOS="379" CONTENT="ראשי"/><String HEIGHT="71" WIDTH="112" VPOS="1522" HPOS="442" CONTENT="אחב״י"/><String HEIGHT="71" WIDTH="125" VPOS="1522" HPOS="516" CONTENT="לעשות,"/><String HEIGHT="71" WIDTH="87" VPOS="1522" HPOS="604" CONTENT="אבל"/><String HEIGHT="71" WIDTH="75" VPOS="1522" HPOS="654" CONTENT="גם"/><String HEIGHT="71" WIDTH="100" VPOS="1522" HPOS="691" CONTENT="לקשר"/><String HEIGHT="71" WIDTH="75" VPOS="1522" HPOS="741" CONTENT="בקשר"/></TextLine><TextLine ID="line_Ar0050205_13" BASELINE="1625" HEIGHT="45" WIDTH="633" VPOS="1580" HPOS="167"><String HEIGHT="45" WIDTH="97" VPOS="1580" HPOS="155" CONTENT="אמיץ"/><String HEIGHT="45" WIDTH="97" VPOS="1580" HPOS="216" CONTENT="וחזק"/><String HEIGHT="45" WIDTH="73" VPOS="1580" HPOS="277" CONTENT="כל"/><String HEIGHT="45" WIDTH="122" VPOS="1580" HPOS="313" CONTENT="קהילות"/><String HEIGHT="45" WIDTH="110" VPOS="1580" HPOS="398" CONTENT="ישראל"/><String HEIGHT="45" WIDTH="85" VPOS="1580" HPOS="471" CONTENT="בכל"/><String HEIGHT="45" WIDTH="110" VPOS="1580" HPOS="520" CONTENT="ארצות"/><String HEIGHT="45" WIDTH="122" VPOS="1580" HPOS="593" CONTENT="הברית,"/><String HEIGHT="45" WIDTH="97" VPOS="1580" HPOS="678" CONTENT="למען"/><String HEIGHT="45" WIDTH="73" VPOS="1580" HPOS="727" CONTENT="תהיה"/></TextLine><TextLine ID="line_Ar0050205_14" BASELINE="1654" HEIGHT="43" WIDTH="633" VPOS="1611" HPOS="168"><String HEIGHT="43" WIDTH="656" VPOS="1611" HPOS="145" CONTENT="לאל ידן להרים קרן היהדות באמיריקה ולעשות גדולות ונצורות"/></TextLine><TextLine ID="line_Ar0050205_15" BASELINE="1686" HEIGHT="42" WIDTH="634" VPOS="1644" HPOS="167"><String HEIGHT="42" WIDTH="656" VPOS="1644" HPOS="145" CONTENT="בכח האחדות הזאת. כל היודע טיב ומהות ארצנו, יודע, כי הנהגת"/></TextLine><TextLine ID="line_Ar0050205_16" BASELINE="1721" HEIGHT="50" WIDTH="639" VPOS="1671" HPOS="168"><String HEIGHT="50" WIDTH="666" VPOS="1671" HPOS="141" CONTENT="הקהילות באמיריקה בל תצא מממשלת הארץ, ואין כח ביד"/></TextLine><TextLine ID="line_Ar0050205_17" BASELINE="1755" HEIGHT="51" WIDTH="627" VPOS="1704" HPOS="168"><String HEIGHT="51" WIDTH="653" VPOS="1704" HPOS="142" CONTENT="ממשלתנו החפשית לאמר: כזאת עשו, וגם אין ביד הממשלה"/></TextLine><TextLine ID="line_Ar0050205_19" BASELINE="1785" HEIGHT="46" WIDTH="635" VPOS="1739" HPOS="169"><String HEIGHT="46" WIDTH="76" VPOS="1739" HPOS="156" CONTENT="או"/><String HEIGHT="46" WIDTH="89" VPOS="1739" HPOS="194" CONTENT="ביד"/><String HEIGHT="46" WIDTH="127" VPOS="1739" HPOS="245" CONTENT="יחידים"/><String HEIGHT="46" WIDTH="114" VPOS="1739" HPOS="334" CONTENT="לאכוף"/><String HEIGHT="46" WIDTH="76" VPOS="1739" HPOS="410" CONTENT="את"/><String HEIGHT="46" WIDTH="89" VPOS="1739" HPOS="448" CONTENT="העם"/><String HEIGHT="46" WIDTH="102" VPOS="1739" HPOS="499" CONTENT="לשלם"/><String HEIGHT="46" WIDTH="89" VPOS="1739" HPOS="563" CONTENT="כסף"/><String HEIGHT="46" WIDTH="127" VPOS="1739" HPOS="614" CONTENT="לכלכלת"/><String HEIGHT="46" WIDTH="114" VPOS="1739" HPOS="690" CONTENT="הקהילות"/></TextLine><TextLine ID="line_Ar0050205_20" BASELINE="1810" HEIGHT="45" WIDTH="633" VPOS="1765" HPOS="169"><String HEIGHT="45" WIDTH="84" VPOS="1765" HPOS="157" CONTENT="כמו"/><String HEIGHT="45" WIDTH="107" VPOS="1765" HPOS="205" CONTENT="בשארי"/><String HEIGHT="45" WIDTH="107" VPOS="1765" HPOS="276" CONTENT="ארצות"/><String HEIGHT="45" WIDTH="143" VPOS="1765" HPOS="348" CONTENT="איירופה,"/><String HEIGHT="45" WIDTH="72" VPOS="1765" HPOS="456" CONTENT="או"/><String HEIGHT="45" WIDTH="107" VPOS="1765" HPOS="491" CONTENT="לעשות"/><String HEIGHT="45" WIDTH="84" VPOS="1765" HPOS="563" CONTENT="מכם"/><String HEIGHT="45" WIDTH="72" VPOS="1765" HPOS="611" CONTENT="על"/><String HEIGHT="45" WIDTH="84" VPOS="1765" HPOS="647" CONTENT="העם"/><String HEIGHT="45" WIDTH="84" VPOS="1765" HPOS="695" CONTENT="בעד"/><String HEIGHT="45" WIDTH="72" VPOS="1765" HPOS="730" CONTENT="הדבר"/></TextLine><TextLine ID="line_Ar0050205_21" BASELINE="1847" HEIGHT="46" WIDTH="633" VPOS="1801" HPOS="169"><String HEIGHT="46" WIDTH="658" VPOS="1801" HPOS="144" CONTENT="הזה. רק הספקת די צרכי הקהילות תלקח מנדבת יחידים אשר"/></TextLine></TextBlock></PrintSpace></Page></Layout></alto>