<?xml version="1.0" encoding="UTF-8"?><alto xmlns:xsi="http://www.w3.org/2001/XMLSchema-instance" xmlns="http://www.loc.gov/standards/alto/ns-v2#" xmlns:page="http://schema.primaresearch.org/PAGE/gts/pagecontent/2013-07-15" xsi:schemaLocation="http://schema.primaresearch.org/PAGE/gts/pagecontent/2013-07-15 http://schema.primaresearch.org/PAGE/gts/pagecontent/2013-07-15/pagecontent.xsd http://www.loc.gov/standards/alto/ns-v2# http://www.loc.gov/standards/alto/alto-v2.0.xsd"><Description><MeasurementUnit>pixel</MeasurementUnit></Description><Layout><Page ID="Page1" PHYSICAL_IMG_NR="1" HEIGHT="1974" WIDTH="1515"><TopMargin HEIGHT="0" WIDTH="1515" VPOS="0" HPOS="0"/><LeftMargin HEIGHT="1974" WIDTH="0" VPOS="0" HPOS="0"/><RightMargin HEIGHT="1974" WIDTH="0" VPOS="0" HPOS="1515"/><BottomMargin HEIGHT="0" WIDTH="1515" VPOS="1974" HPOS="0"/><PrintSpace HEIGHT="1974" WIDTH="1515" VPOS="0" HPOS="0"><TextBlock ID="Ar0060000" HEIGHT="253" WIDTH="636" VPOS="128" HPOS="715"><Shape><Polygon POINTS="1351,381 715,381 715,128 1351,128"/></Shape><TextLine ID="Ar0060000l1" BASELINE="162" HEIGHT="39" WIDTH="628" VPOS="123" HPOS="717"><String HEIGHT="39" WIDTH="652" VPOS="123" HPOS="693" CONTENT="יתנדבו מדי שנה בשנה כנדבת לבם, אחד המרבה ואחד הממעיט,"/></TextLine><TextLine ID="Ar0060000l2" BASELINE="195" HEIGHT="41" WIDTH="625" VPOS="154" HPOS="720"><String HEIGHT="41" WIDTH="110" VPOS="154" HPOS="708" CONTENT="ועכ״ז"/><String HEIGHT="41" WIDTH="86" VPOS="154" HPOS="781" CONTENT="אין"/><String HEIGHT="41" WIDTH="110" VPOS="154" HPOS="830" CONTENT="קהילה"/><String HEIGHT="41" WIDTH="86" VPOS="154" HPOS="904" CONTENT="בכל"/><String HEIGHT="41" WIDTH="98" VPOS="154" HPOS="953" CONTENT="הארץ"/><String HEIGHT="41" WIDTH="86" VPOS="154" HPOS="1014" CONTENT="אשר"/><String HEIGHT="41" WIDTH="98" VPOS="154" HPOS="1063" CONTENT="תשלם"/><String HEIGHT="41" WIDTH="123" VPOS="154" HPOS="1124" CONTENT="לחזניה"/><String HEIGHT="41" WIDTH="123" VPOS="154" HPOS="1210" CONTENT="ורבניה"/><String HEIGHT="41" WIDTH="61" VPOS="154" HPOS="1284" CONTENT="שכר"/></TextLine><TextLine ID="Ar0060000l3" BASELINE="228" HEIGHT="42" WIDTH="620" VPOS="186" HPOS="724"><String HEIGHT="42" WIDTH="643" VPOS="186" HPOS="701" CONTENT="גדול קהילות אמיריקה. הקהילות בארצנו תציצנה בכל עיר וכפר"/></TextLine><TextLine ID="Ar0060000l4" BASELINE="258" HEIGHT="41" WIDTH="620" VPOS="217" HPOS="716"><String HEIGHT="41" WIDTH="645" VPOS="217" HPOS="691" CONTENT="בעשב הארץ חדשות לבקרים, וכל קהילה וקהילה חפשית הנה"/></TextLine><TextLine ID="Ar0060000l5" BASELINE="287" HEIGHT="39" WIDTH="621" VPOS="248" HPOS="719"><String HEIGHT="39" WIDTH="107" VPOS="248" HPOS="707" CONTENT="לעשות"/><String HEIGHT="39" WIDTH="96" VPOS="248" HPOS="779" CONTENT="כטוב"/><String HEIGHT="39" WIDTH="107" VPOS="248" HPOS="838" CONTENT="וכישר"/><String HEIGHT="39" WIDTH="131" VPOS="248" HPOS="910" CONTENT="בעיניה,"/><String HEIGHT="39" WIDTH="96" VPOS="248" HPOS="1006" CONTENT="מבלי"/><String HEIGHT="39" WIDTH="107" VPOS="248" HPOS="1065" CONTENT="לשאול"/><String HEIGHT="39" WIDTH="72" VPOS="248" HPOS="1137" CONTENT="את"/><String HEIGHT="39" WIDTH="72" VPOS="248" HPOS="1173" CONTENT="פי"/><String HEIGHT="39" WIDTH="84" VPOS="248" HPOS="1209" CONTENT="הרב"/><String HEIGHT="39" WIDTH="96" VPOS="248" HPOS="1244" CONTENT="הגליל,"/></TextLine><TextLine ID="Ar0060000l6" BASELINE="318" HEIGHT="38" WIDTH="622" VPOS="280" HPOS="721"><String HEIGHT="38" WIDTH="72" VPOS="280" HPOS="709" CONTENT="או"/><String HEIGHT="38" WIDTH="72" VPOS="280" HPOS="745" CONTENT="רב"/><String HEIGHT="38" WIDTH="120" VPOS="280" HPOS="781" CONTENT="הכולל,"/><String HEIGHT="38" WIDTH="72" VPOS="280" HPOS="865" CONTENT="כי"/><String HEIGHT="38" WIDTH="72" VPOS="280" HPOS="900" CONTENT="רב"/><String HEIGHT="38" WIDTH="84" VPOS="280" HPOS="936" CONTENT="כזה"/><String HEIGHT="38" WIDTH="72" VPOS="280" HPOS="984" CONTENT="לא"/><String HEIGHT="38" WIDTH="96" VPOS="280" HPOS="1020" CONTENT="יראה"/><String HEIGHT="38" WIDTH="84" VPOS="280" HPOS="1080" CONTENT="ולא"/><String HEIGHT="38" WIDTH="96" VPOS="280" HPOS="1128" CONTENT="ימצא"/><String HEIGHT="38" WIDTH="132" VPOS="280" HPOS="1188" CONTENT="בארצנו."/><String HEIGHT="38" WIDTH="72" VPOS="280" HPOS="1271" CONTENT="כאשר"/></TextLine><TextLine ID="Ar0060000l7" BASELINE="354" HEIGHT="42" WIDTH="626" VPOS="312" HPOS="721"><String HEIGHT="42" WIDTH="120" VPOS="312" HPOS="709" CONTENT="יתקבצו"/><String HEIGHT="42" WIDTH="96" VPOS="312" HPOS="793" CONTENT="איזה"/><String HEIGHT="42" WIDTH="120" VPOS="312" HPOS="853" CONTENT="אנשים,"/><String HEIGHT="42" WIDTH="96" VPOS="312" HPOS="938" CONTENT="מעיר"/><String HEIGHT="42" WIDTH="96" VPOS="312" HPOS="998" CONTENT="אחת,"/><String HEIGHT="42" WIDTH="72" VPOS="312" HPOS="1058" CONTENT="או"/><String HEIGHT="42" WIDTH="96" VPOS="312" HPOS="1094" CONTENT="מחלק"/><String HEIGHT="42" WIDTH="84" VPOS="312" HPOS="1154" CONTENT="ארץ"/><String HEIGHT="42" WIDTH="96" VPOS="312" HPOS="1203" CONTENT="אחד,"/><String HEIGHT="42" WIDTH="72" VPOS="312" HPOS="1263" CONTENT="או"/><String HEIGHT="42" WIDTH="60" VPOS="312" HPOS="1287" CONTENT="אלה"/></TextLine><TextLine ID="Ar0060000l8" BASELINE="385" HEIGHT="40" WIDTH="619" VPOS="345" HPOS="724"><String HEIGHT="40" WIDTH="642" VPOS="345" HPOS="701" CONTENT="השוים בדעותיהם בדבר אמונה ודת, ויעשו למו מנין קבוע לפי"/></TextLine></TextBlock><TextBlock ID="Ar0060001" HEIGHT="183" WIDTH="636" VPOS="388" HPOS="715"><Shape><Polygon POINTS="1351,571 715,571 715,388 1351,388"/></Shape><TextLine ID="Ar0060001l1" BASELINE="414" HEIGHT="38" WIDTH="630" VPOS="376" HPOS="712"><String HEIGHT="38" WIDTH="107" VPOS="376" HPOS="700" CONTENT="הנוסח"/><String HEIGHT="38" WIDTH="83" VPOS="376" HPOS="771" CONTENT="אשר"/><String HEIGHT="38" WIDTH="107" VPOS="376" HPOS="819" CONTENT="ייטיב"/><String HEIGHT="38" WIDTH="143" VPOS="376" HPOS="890" CONTENT="בעיניהם,"/><String HEIGHT="38" WIDTH="107" VPOS="376" HPOS="997" CONTENT="ואחרי"/><String HEIGHT="38" WIDTH="95" VPOS="376" HPOS="1069" CONTENT="איזה"/><String HEIGHT="38" WIDTH="95" VPOS="376" HPOS="1128" CONTENT="ימים"/><String HEIGHT="38" WIDTH="71" VPOS="376" HPOS="1187" CONTENT="או"/><String HEIGHT="38" WIDTH="95" VPOS="376" HPOS="1223" CONTENT="שנים"/><String HEIGHT="38" WIDTH="71" VPOS="376" HPOS="1271" CONTENT="יהיה"/></TextLine><TextLine ID="Ar0060001l2" BASELINE="449" HEIGHT="42" WIDTH="618" VPOS="407" HPOS="721"><String HEIGHT="42" WIDTH="103" VPOS="407" HPOS="710" CONTENT="המנין"/><String HEIGHT="42" WIDTH="126" VPOS="407" HPOS="778" CONTENT="לקהילה,"/><String HEIGHT="42" WIDTH="69" VPOS="407" HPOS="870" CONTENT="כי"/><String HEIGHT="42" WIDTH="114" VPOS="407" HPOS="904" CONTENT="יתחברו"/><String HEIGHT="42" WIDTH="103" VPOS="407" HPOS="984" CONTENT="אליהם"/><String HEIGHT="42" WIDTH="103" VPOS="407" HPOS="1053" CONTENT="אנשים"/><String HEIGHT="42" WIDTH="114" VPOS="407" HPOS="1122" CONTENT="אחרים,"/><String HEIGHT="42" WIDTH="80" VPOS="407" HPOS="1202" CONTENT="וכל"/><String HEIGHT="42" WIDTH="80" VPOS="407" HPOS="1247" CONTENT="אחד"/><String HEIGHT="42" WIDTH="57" VPOS="407" HPOS="1282" CONTENT="יתן"/></TextLine><TextLine ID="Ar0060001l3" BASELINE="482" HEIGHT="43" WIDTH="632" VPOS="439" HPOS="712"><String HEIGHT="43" WIDTH="654" VPOS="439" HPOS="690" CONTENT="נדבתו, ויבנו בהכנ״ס, ויקחו להם חזן, ואם ידם משגת יקחו להם"/></TextLine><TextLine ID="Ar0060001l4" BASELINE="511" HEIGHT="40" WIDTH="629" VPOS="471" HPOS="720"><String HEIGHT="40" WIDTH="71" VPOS="471" HPOS="708" CONTENT="גם"/><String HEIGHT="40" WIDTH="95" VPOS="471" HPOS="744" CONTENT="דורש"/><String HEIGHT="40" WIDTH="119" VPOS="471" HPOS="803" CONTENT="ומטיף,"/><String HEIGHT="40" WIDTH="83" VPOS="471" HPOS="886" CONTENT="ואת"/><String HEIGHT="40" WIDTH="95" VPOS="471" HPOS="934" CONTENT="האיש"/><String HEIGHT="40" WIDTH="83" VPOS="471" HPOS="993" CONTENT="אשר"/><String HEIGHT="40" WIDTH="71" VPOS="471" HPOS="1040" CONTENT="בו"/><String HEIGHT="40" WIDTH="107" VPOS="471" HPOS="1076" CONTENT="יבחרו"/><String HEIGHT="40" WIDTH="107" VPOS="471" HPOS="1147" CONTENT="למטיף"/><String HEIGHT="40" WIDTH="83" VPOS="471" HPOS="1218" CONTENT="הוא"/><String HEIGHT="40" WIDTH="95" VPOS="471" HPOS="1254" CONTENT="הקדוש,"/></TextLine><TextLine ID="Ar0060001l5" BASELINE="544" HEIGHT="39" WIDTH="617" VPOS="505" HPOS="728"><String HEIGHT="39" WIDTH="133" VPOS="505" HPOS="716" CONTENT="ויכנוהו"/><String HEIGHT="39" WIDTH="97" VPOS="505" HPOS="813" CONTENT="כאשר"/><String HEIGHT="39" WIDTH="121" VPOS="505" HPOS="873" CONTENT="יחפצו,"/><String HEIGHT="39" WIDTH="85" VPOS="505" HPOS="958" CONTENT="רב,"/><String HEIGHT="39" WIDTH="121" VPOS="505" HPOS="1006" CONTENT="דוקטר,"/><String HEIGHT="39" WIDTH="109" VPOS="505" HPOS="1091" CONTENT="צדיק,"/><String HEIGHT="39" WIDTH="73" VPOS="505" HPOS="1164" CONTENT="או"/><String HEIGHT="39" WIDTH="97" VPOS="505" HPOS="1200" CONTENT="גאון"/><String HEIGHT="39" WIDTH="60" VPOS="505" HPOS="1260" CONTENT="—"/><String HEIGHT="39" WIDTH="73" VPOS="505" HPOS="1272" CONTENT="והכל"/></TextLine><TextLine ID="Ar0060001l6" BASELINE="575" HEIGHT="41" WIDTH="631" VPOS="534" HPOS="712"><String HEIGHT="41" WIDTH="131" VPOS="534" HPOS="701" CONTENT="אחד להם "/><String HEIGHT="41" WIDTH="65" VPOS="534" HPOS="799" CONTENT="אם"/><String HEIGHT="41" WIDTH="76" VPOS="534" HPOS="832" CONTENT="למד"/><String HEIGHT="41" WIDTH="109" VPOS="534" HPOS="875" CONTENT="בישיבת"/><String HEIGHT="41" WIDTH="131" VPOS="534" HPOS="951" CONTENT="וואלאזין"/><String HEIGHT="41" WIDTH="141" VPOS="534" HPOS="1049" CONTENT="ופרסבורג,"/><String HEIGHT="41" WIDTH="65" VPOS="534" HPOS="1158" CONTENT="או"/><String HEIGHT="41" WIDTH="87" VPOS="534" HPOS="1191" CONTENT="בבתי"/><String HEIGHT="41" WIDTH="109" VPOS="534" HPOS="1234" CONTENT="גימנזיום"/></TextLine></TextBlock><TextBlock ID="Ar0060002" HEIGHT="271" WIDTH="636" VPOS="579" HPOS="715"><Shape><Polygon POINTS="1351,850 715,850 715,579 1351,579"/></Shape><TextLine ID="Ar0060002l1" BASELINE="606" HEIGHT="32" WIDTH="622" VPOS="574" HPOS="720"><String HEIGHT="32" WIDTH="647" VPOS="574" HPOS="695" CONTENT="ואוניורזיטיטים, אם רק הוא נאה דורש, ודרשתו תמצא חן"/></TextLine><TextLine ID="Ar0060002l2" BASELINE="639" HEIGHT="40" WIDTH="632" VPOS="599" HPOS="716"><String HEIGHT="40" WIDTH="655" VPOS="599" HPOS="693" CONTENT="בעיניהם. עד היום לא היה שום קשר וחבור בין קהילה לרעותה,"/></TextLine><TextLine ID="Ar0060002l3" BASELINE="671" HEIGHT="41" WIDTH="630" VPOS="630" HPOS="715"><String HEIGHT="41" WIDTH="82" VPOS="630" HPOS="703" CONTENT="ולא"/><String HEIGHT="41" WIDTH="82" VPOS="630" HPOS="750" CONTENT="היה"/><String HEIGHT="41" WIDTH="93" VPOS="630" HPOS="797" CONTENT="שלום"/><String HEIGHT="41" WIDTH="117" VPOS="630" HPOS="855" CONTENT="ואחדות"/><String HEIGHT="41" WIDTH="128" VPOS="630" HPOS="937" CONTENT="ביניהן."/><String HEIGHT="41" WIDTH="82" VPOS="630" HPOS="1030" CONTENT="אכן"/><String HEIGHT="41" WIDTH="105" VPOS="630" HPOS="1077" CONTENT="כהיום"/><String HEIGHT="41" WIDTH="82" VPOS="630" HPOS="1147" CONTENT="הזה"/><String HEIGHT="41" WIDTH="93" VPOS="630" HPOS="1193" CONTENT="החלו"/><String HEIGHT="41" WIDTH="105" VPOS="630" HPOS="1240" CONTENT="הקהילות"/></TextLine><TextLine ID="Ar0060002l4" BASELINE="701" HEIGHT="40" WIDTH="628" VPOS="661" HPOS="716"><String HEIGHT="40" WIDTH="121" VPOS="661" HPOS="704" CONTENT="להתחבר"/><String HEIGHT="40" WIDTH="145" VPOS="661" HPOS="788" CONTENT="ולהתאחד,"/><String HEIGHT="40" WIDTH="97" VPOS="661" HPOS="897" CONTENT="ושבע"/><String HEIGHT="40" WIDTH="133" VPOS="661" HPOS="958" CONTENT="וארבעים"/><String HEIGHT="40" WIDTH="121" VPOS="661" HPOS="1054" CONTENT="קהילות"/><String HEIGHT="40" WIDTH="133" VPOS="661" HPOS="1139" CONTENT="מפוזרות"/><String HEIGHT="40" WIDTH="121" VPOS="661" HPOS="1223" CONTENT="ומפורדות"/></TextLine><TextLine ID="Ar0060002l5" BASELINE="734" HEIGHT="40" WIDTH="636" VPOS="694" HPOS="713"><String HEIGHT="40" WIDTH="102" VPOS="694" HPOS="700" CONTENT="בשבע"/><String HEIGHT="40" WIDTH="102" VPOS="694" HPOS="764" CONTENT="עשרה"/><String HEIGHT="40" WIDTH="127" VPOS="694" HPOS="827" CONTENT="כנסיות"/><String HEIGHT="40" WIDTH="114" VPOS="694" HPOS="917" CONTENT="שונות"/><String HEIGHT="40" WIDTH="89" VPOS="694" HPOS="993" CONTENT="עשו"/><String HEIGHT="40" WIDTH="89" VPOS="694" HPOS="1044" CONTENT="קשר"/><String HEIGHT="40" WIDTH="114" VPOS="694" HPOS="1095" CONTENT="אחדות"/><String HEIGHT="40" WIDTH="140" VPOS="694" HPOS="1171" CONTENT="ביניהן,"/><String HEIGHT="40" WIDTH="89" VPOS="694" HPOS="1260" CONTENT="להיות"/></TextLine><TextLine ID="Ar0060002l6" BASELINE="765" HEIGHT="40" WIDTH="636" VPOS="725" HPOS="713"><String HEIGHT="40" WIDTH="120" VPOS="725" HPOS="701" CONTENT="באגודה"/><String HEIGHT="40" WIDTH="84" VPOS="725" HPOS="785" CONTENT="אחת"/><String HEIGHT="40" WIDTH="108" VPOS="725" HPOS="833" CONTENT="להרים"/><String HEIGHT="40" WIDTH="84" VPOS="725" HPOS="905" CONTENT="מצב"/><String HEIGHT="40" WIDTH="132" VPOS="725" HPOS="953" CONTENT="היהדות,"/><String HEIGHT="40" WIDTH="120" VPOS="725" HPOS="1049" CONTENT="ולעשות"/><String HEIGHT="40" WIDTH="108" VPOS="725" HPOS="1133" CONTENT="תקנות"/><String HEIGHT="40" WIDTH="108" VPOS="725" HPOS="1205" CONTENT="חדשות"/><String HEIGHT="40" WIDTH="84" VPOS="725" HPOS="1265" CONTENT="טובות"/></TextLine><TextLine ID="Ar0060002l7" BASELINE="797" HEIGHT="40" WIDTH="626" VPOS="757" HPOS="716"><String HEIGHT="40" WIDTH="650" VPOS="757" HPOS="692" CONTENT="ומועילות. כפי הנראה לא יארכו הימים ויתחברו אליהן רוב"/></TextLine><TextLine ID="Ar0060002l8" BASELINE="830" HEIGHT="42" WIDTH="622" VPOS="788" HPOS="725"><String HEIGHT="42" WIDTH="117" VPOS="788" HPOS="713" CONTENT="קהילות"/><String HEIGHT="42" WIDTH="106" VPOS="788" HPOS="795" CONTENT="ישראל"/><String HEIGHT="42" WIDTH="129" VPOS="788" HPOS="866" CONTENT="בארצנו,"/><String HEIGHT="42" WIDTH="106" VPOS="788" HPOS="960" CONTENT="לטובת"/><String HEIGHT="42" WIDTH="117" VPOS="788" HPOS="1030" CONTENT="היהדות"/><String HEIGHT="42" WIDTH="106" VPOS="788" HPOS="1112" CONTENT="ולאשר"/><String HEIGHT="42" WIDTH="141" VPOS="788" HPOS="1183" CONTENT="הקהילות."/><String HEIGHT="42" WIDTH="70" VPOS="788" HPOS="1277" CONTENT="הדבר"/></TextLine><TextLine ID="Ar0060002l9" BASELINE="862" HEIGHT="41" WIDTH="634" VPOS="821" HPOS="717"><String HEIGHT="41" WIDTH="659" VPOS="821" HPOS="692" CONTENT="הגדול אשר יצא לפעולת אדם ראשונה מההתאחדות הזאת, הוא"/></TextLine></TextBlock><TextBlock ID="Ar0060003" HEIGHT="124" WIDTH="636" VPOS="855" HPOS="715"><Shape><Polygon POINTS="1351,979 715,979 715,855 1351,855"/></Shape><TextLine ID="Ar0060003l1" BASELINE="892" HEIGHT="41" WIDTH="622" VPOS="851" HPOS="721"><String HEIGHT="41" WIDTH="647" VPOS="851" HPOS="696" CONTENT="בית מדרש לרבנים בעד אחב״י באמיריקה; וככר קבצו כסף,"/></TextLine><TextLine ID="Ar0060003l2" BASELINE="923" HEIGHT="40" WIDTH="616" VPOS="883" HPOS="729"><String HEIGHT="40" WIDTH="641" VPOS="883" HPOS="704" CONTENT="והרימו תרומה, וכשלשים אלף דלר ויותר נמצא כעת להמסד"/></TextLine><TextLine ID="Ar0060003l3" BASELINE="955" HEIGHT="40" WIDTH="636" VPOS="915" HPOS="716"><String HEIGHT="40" WIDTH="96" VPOS="915" HPOS="704" CONTENT="הזה."/><String HEIGHT="40" WIDTH="72" VPOS="915" HPOS="764" CONTENT="כל"/><String HEIGHT="40" WIDTH="84" VPOS="915" HPOS="800" CONTENT="איש"/><String HEIGHT="40" WIDTH="108" VPOS="915" HPOS="848" CONTENT="ישראל"/><String HEIGHT="40" WIDTH="108" VPOS="915" HPOS="920" CONTENT="היודע"/><String HEIGHT="40" WIDTH="108" VPOS="915" HPOS="992" CONTENT="ומכיר"/><String HEIGHT="40" WIDTH="108" VPOS="915" HPOS="1064" CONTENT="היטיב"/><String HEIGHT="40" WIDTH="96" VPOS="915" HPOS="1136" CONTENT="מעמד"/><String HEIGHT="40" WIDTH="132" VPOS="915" HPOS="1196" CONTENT="היהדות,"/><String HEIGHT="40" WIDTH="72" VPOS="915" HPOS="1280" CONTENT="ומצב"/></TextLine><TextLine ID="Ar0060003l4" BASELINE="988" HEIGHT="40" WIDTH="630" VPOS="948" HPOS="720"><String HEIGHT="40" WIDTH="117" VPOS="948" HPOS="708" CONTENT="הרבנות"/><String HEIGHT="40" WIDTH="128" VPOS="948" HPOS="790" CONTENT="בארצנו,"/><String HEIGHT="40" WIDTH="93" VPOS="948" HPOS="883" CONTENT="ישמח"/><String HEIGHT="40" WIDTH="70" VPOS="948" HPOS="942" CONTENT="אל"/><String HEIGHT="40" WIDTH="82" VPOS="948" HPOS="977" CONTENT="גיל"/><String HEIGHT="40" WIDTH="70" VPOS="948" HPOS="1023" CONTENT="על"/><String HEIGHT="40" WIDTH="93" VPOS="948" HPOS="1058" CONTENT="המסד"/><String HEIGHT="40" WIDTH="93" VPOS="948" HPOS="1117" CONTENT="הזה."/><String HEIGHT="40" WIDTH="128" VPOS="948" HPOS="1175" CONTENT="היהודים"/><String HEIGHT="40" WIDTH="93" VPOS="948" HPOS="1257" CONTENT="בארצנו"/></TextLine></TextBlock><TextBlock ID="Ar0060004" HEIGHT="192" WIDTH="636" VPOS="984" HPOS="715"><Shape><Polygon POINTS="1351,1176 715,1176 715,984 1351,984"/></Shape><TextLine ID="Ar0060004l1" BASELINE="1021" HEIGHT="41" WIDTH="634" VPOS="980" HPOS="716"><String HEIGHT="41" WIDTH="81" VPOS="980" HPOS="704" CONTENT="ע״פ"/><String HEIGHT="41" WIDTH="92" VPOS="980" HPOS="751" CONTENT="הרוב"/><String HEIGHT="41" WIDTH="81" VPOS="980" HPOS="808" CONTENT="המה"/><String HEIGHT="41" WIDTH="115" VPOS="980" HPOS="854" CONTENT="מארצות"/><String HEIGHT="41" WIDTH="127" VPOS="980" HPOS="935" CONTENT="הסלוים,"/><String HEIGHT="41" WIDTH="92" VPOS="980" HPOS="1027" CONTENT="וחלק"/><String HEIGHT="41" WIDTH="92" VPOS="980" HPOS="1085" CONTENT="גדול"/><String HEIGHT="41" WIDTH="81" VPOS="980" HPOS="1143" CONTENT="מהם"/><String HEIGHT="41" WIDTH="115" VPOS="980" HPOS="1189" CONTENT="מארצות"/><String HEIGHT="41" WIDTH="92" VPOS="980" HPOS="1258" CONTENT="גרמניה"/></TextLine><TextLine ID="Ar0060004l2" BASELINE="1052" HEIGHT="41" WIDTH="629" VPOS="1011" HPOS="720"><String HEIGHT="41" WIDTH="118" VPOS="1011" HPOS="707" CONTENT="ודרום"/><String HEIGHT="41" WIDTH="131" VPOS="1011" HPOS="786" CONTENT="אשכנז."/><String HEIGHT="41" WIDTH="105" VPOS="1011" HPOS="877" CONTENT="כאשר"/><String HEIGHT="41" WIDTH="92" VPOS="1011" HPOS="943" CONTENT="באו"/><String HEIGHT="41" WIDTH="131" VPOS="1011" HPOS="995" CONTENT="לארצנו"/><String HEIGHT="41" WIDTH="105" VPOS="1011" HPOS="1087" CONTENT="למדו"/><String HEIGHT="41" WIDTH="92" VPOS="1011" HPOS="1152" CONTENT="מהר"/><String HEIGHT="41" WIDTH="105" VPOS="1011" HPOS="1205" CONTENT="לדבר"/><String HEIGHT="41" WIDTH="92" VPOS="1011" HPOS="1257" CONTENT="בלשון"/></TextLine><TextLine ID="Ar0060004l3" BASELINE="1084" HEIGHT="41" WIDTH="631" VPOS="1043" HPOS="718"><String HEIGHT="41" WIDTH="145" VPOS="1043" HPOS="705" CONTENT="אנמגלית"/><String HEIGHT="41" WIDTH="66" VPOS="1043" HPOS="810" CONTENT="—"/><String HEIGHT="41" WIDTH="92" VPOS="1043" HPOS="836" CONTENT="שפת"/><String HEIGHT="41" WIDTH="105" VPOS="1043" HPOS="889" CONTENT="הארץ"/><String HEIGHT="41" WIDTH="66" VPOS="1043" HPOS="955" CONTENT="—"/><String HEIGHT="41" WIDTH="92" VPOS="1043" HPOS="981" CONTENT="וגם"/><String HEIGHT="41" WIDTH="79" VPOS="1043" HPOS="1034" CONTENT="את"/><String HEIGHT="41" WIDTH="131" VPOS="1043" HPOS="1073" CONTENT="השזרנן"/><String HEIGHT="41" WIDTH="92" VPOS="1043" HPOS="1165" CONTENT="אשר"/><String HEIGHT="41" WIDTH="118" VPOS="1043" HPOS="1218" CONTENT="הביאו"/><String HEIGHT="41" WIDTH="66" VPOS="1043" HPOS="1283" CONTENT="אתם"/></TextLine><TextLine ID="Ar0060004l4" BASELINE="1115" HEIGHT="40" WIDTH="635" VPOS="1075" HPOS="718"><String HEIGHT="40" WIDTH="270" VPOS="1075" HPOS="706" CONTENT="בלבלו במלות אגגליות"/><String HEIGHT="40" WIDTH="71" VPOS="1075" HPOS="941" CONTENT="עד"/><String HEIGHT="40" WIDTH="129" VPOS="1075" HPOS="977" CONTENT="למכביר,"/><String HEIGHT="40" WIDTH="118" VPOS="1075" HPOS="1071" CONTENT="ובניהם"/><String HEIGHT="40" WIDTH="129" VPOS="1075" HPOS="1153" CONTENT="הנולדים"/><String HEIGHT="40" WIDTH="82" VPOS="1075" HPOS="1247" CONTENT="להם"/><String HEIGHT="40" WIDTH="71" VPOS="1075" HPOS="1282" CONTENT="בארץ"/></TextLine><TextLine ID="Ar0060004l5" BASELINE="1149" HEIGHT="42" WIDTH="623" VPOS="1107" HPOS="725"><String HEIGHT="42" WIDTH="648" VPOS="1107" HPOS="700" CONTENT="החדשה, בל יאבו לדבר אף כי שומעים שזרגן אבותיהם, רק"/></TextLine><TextLine ID="Ar0060004l6" BASELINE="1180" HEIGHT="43" WIDTH="637" VPOS="1137" HPOS="715"><String HEIGHT="43" WIDTH="662" VPOS="1137" HPOS="690" CONTENT="בלשון הארץ. לא כן הרבנים והמטיפים אשר באו לאמיריקה"/></TextLine></TextBlock><TextBlock ID="Ar0060005" HEIGHT="250" WIDTH="636" VPOS="1181" HPOS="715"><Shape><Polygon POINTS="1351,1431 715,1431 715,1181 1351,1181"/></Shape><TextLine ID="Ar0060005l1" BASELINE="1209" HEIGHT="34" WIDTH="630" VPOS="1175" HPOS="725"><String HEIGHT="34" WIDTH="655" VPOS="1175" HPOS="700" CONTENT="באו עפ״י הרוב מארצות אשכנז, ומטיפים בשפת אשכנז, שפה"/></TextLine><TextLine ID="Ar0060005l2" BASELINE="1243" HEIGHT="41" WIDTH="627" VPOS="1202" HPOS="725"><String HEIGHT="41" WIDTH="80" VPOS="1202" HPOS="714" CONTENT="זרה"/><String HEIGHT="41" WIDTH="91" VPOS="1202" HPOS="759" CONTENT="לרוב"/><String HEIGHT="41" WIDTH="103" VPOS="1202" HPOS="816" CONTENT="אחב״י"/><String HEIGHT="41" WIDTH="137" VPOS="1202" HPOS="885" CONTENT="באמיריקה"/><String HEIGHT="41" WIDTH="103" VPOS="1202" HPOS="987" CONTENT="ובפרט"/><String HEIGHT="41" WIDTH="103" VPOS="1202" HPOS="1056" CONTENT="להדור"/><String HEIGHT="41" WIDTH="91" VPOS="1202" HPOS="1124" CONTENT="החדש"/><String HEIGHT="41" WIDTH="103" VPOS="1202" HPOS="1181" CONTENT="ילידי"/><String HEIGHT="41" WIDTH="114" VPOS="1202" HPOS="1238" CONTENT="אמיריקה,"/></TextLine><TextLine ID="Ar0060005l3" BASELINE="1271" HEIGHT="36" WIDTH="629" VPOS="1235" HPOS="724"><String HEIGHT="36" WIDTH="178" VPOS="1235" HPOS="710" CONTENT="ורק מעטים"/><String HEIGHT="36" WIDTH="96" VPOS="1235" HPOS="847" CONTENT="המה"/><String HEIGHT="36" WIDTH="150" VPOS="1235" HPOS="902" CONTENT="הדרשנים"/><String HEIGHT="36" WIDTH="150" VPOS="1235" HPOS="1011" CONTENT="הדורשים"/><String HEIGHT="36" WIDTH="109" VPOS="1235" HPOS="1121" CONTENT="בשפת"/><String HEIGHT="36" WIDTH="137" VPOS="1235" HPOS="1189" CONTENT="אנגלית"/><String HEIGHT="36" WIDTH="82" VPOS="1235" HPOS="1271" CONTENT="השפה"/></TextLine><TextLine ID="Ar0060005l4" BASELINE="1306" HEIGHT="40" WIDTH="639" VPOS="1266" HPOS="716"><String HEIGHT="40" WIDTH="567" VPOS="1266" HPOS="704" CONTENT="המובנת, והחביבה על בני הדור החדש. ולכן תגדל"/><String HEIGHT="40" WIDTH="84" VPOS="1266" HPOS="1234" CONTENT="מאד"/><String HEIGHT="40" WIDTH="84" VPOS="1266" HPOS="1271" CONTENT="תועלת"/></TextLine><TextLine ID="Ar0060005l5" BASELINE="1339" HEIGHT="41" WIDTH="616" VPOS="1298" HPOS="728"><String HEIGHT="41" WIDTH="594" VPOS="1298" HPOS="717" CONTENT="„בית מדרש לרבנים&#34; בארצנו, כי בו יחנכו רבנים ומטיפים"/><String HEIGHT="41" WIDTH="76" VPOS="1298" HPOS="1268" CONTENT="בלשון"/></TextLine><TextLine ID="Ar0060005l6" BASELINE="1371" HEIGHT="42" WIDTH="631" VPOS="1329" HPOS="724"><String HEIGHT="42" WIDTH="655" VPOS="1329" HPOS="700" CONTENT="הארץ, אשר יבינו ללמד את עם ה׳ באמיריקה דעת ה׳ ואמונת"/></TextLine><TextLine ID="Ar0060005l7" BASELINE="1403" HEIGHT="42" WIDTH="632" VPOS="1361" HPOS="719"><String HEIGHT="42" WIDTH="659" VPOS="1361" HPOS="692" CONTENT="ישראל בשפת הארץ לפי רוח העם והמקום, ותמלא ארצנו"/></TextLine><TextLine ID="Ar0060005l8" BASELINE="1434" HEIGHT="41" WIDTH="626" VPOS="1393" HPOS="729"><String HEIGHT="41" WIDTH="649" VPOS="1393" HPOS="706" CONTENT="דעה. וגם צעירי ישראל הנולדים באמיריקה, יבקשו תורת ישראל"/></TextLine></TextBlock><TextBlock ID="Ar0060006" HEIGHT="122" WIDTH="636" VPOS="1436" HPOS="715"><Shape><Polygon POINTS="1351,1558 715,1558 715,1436 1351,1436"/></Shape><TextLine ID="Ar0060006l1" BASELINE="1465" HEIGHT="41" WIDTH="627" VPOS="1424" HPOS="720"><String HEIGHT="41" WIDTH="123" VPOS="1424" HPOS="709" CONTENT="ואמונתו"/><String HEIGHT="41" WIDTH="78" VPOS="1424" HPOS="798" CONTENT="מפי"/><String HEIGHT="41" WIDTH="112" VPOS="1424" HPOS="843" CONTENT="הרבנים"/><String HEIGHT="41" WIDTH="134" VPOS="1424" HPOS="922" CONTENT="והמטיפים"/><String HEIGHT="41" WIDTH="123" VPOS="1424" HPOS="1022" CONTENT="וימצאו,"/><String HEIGHT="41" WIDTH="90" VPOS="1424" HPOS="1112" CONTENT="באשר"/><String HEIGHT="41" WIDTH="101" VPOS="1424" HPOS="1168" CONTENT="יבינו"/><String HEIGHT="41" WIDTH="101" VPOS="1424" HPOS="1235" CONTENT="שפתם,"/><String HEIGHT="41" WIDTH="56" VPOS="1424" HPOS="1291" CONTENT="וגם"/></TextLine><TextLine ID="Ar0060006l2" BASELINE="1498" HEIGHT="40" WIDTH="621" VPOS="1458" HPOS="729"><String HEIGHT="40" WIDTH="384" VPOS="1458" HPOS="718" CONTENT="הנוצרים האמיריקנים ידעו להוקיר"/><String HEIGHT="40" WIDTH="90" VPOS="1458" HPOS="1068" CONTENT="דתנו"/><String HEIGHT="40" WIDTH="147" VPOS="1458" HPOS="1124" CONTENT="ואמונתנו,"/><String HEIGHT="40" WIDTH="79" VPOS="1458" HPOS="1237" CONTENT="ושם"/><String HEIGHT="40" WIDTH="79" VPOS="1458" HPOS="1271" CONTENT="ישראל"/></TextLine><TextLine ID="Ar0060006l3" BASELINE="1530" HEIGHT="43" WIDTH="440" VPOS="1487" HPOS="914"><String HEIGHT="43" WIDTH="466" VPOS="1487" HPOS="888" CONTENT="יהיה לשם, לתהילה ולתפארת עד העולם."/></TextLine><TextLine ID="Ar0060006l4" BASELINE="1562" HEIGHT="40" WIDTH="191" VPOS="1522" HPOS="788"><String HEIGHT="40" WIDTH="213" VPOS="1522" HPOS="766" CONTENT="יחזקאל ראזענבערג."/></TextLine></TextBlock><TextBlock ID="region_1528486293304_8" HEIGHT="52" WIDTH="238" VPOS="1643" HPOS="926"><Shape><Polygon POINTS="926,1643 926,1695 1164,1695 1164,1643"/></Shape><TextLine ID="line_1528486293406_9" BASELINE="1694" HEIGHT="41" WIDTH="248" VPOS="1653" HPOS="921"><String HEIGHT="41" WIDTH="186" VPOS="1653" HPOS="900" CONTENT="חדשות"/><String HEIGHT="41" WIDTH="165" VPOS="1653" HPOS="1004" CONTENT="שונות."/></TextLine></TextBlock><TextBlock ID="Ar0060101" HEIGHT="149" WIDTH="629" VPOS="1701" HPOS="726"><Shape><Polygon POINTS="1355,1850 726,1850 726,1701 1355,1701"/></Shape><TextLine ID="Ar0060101l1" BASELINE="1758" HEIGHT="46" WIDTH="576" VPOS="1712" HPOS="720"><String HEIGHT="46" WIDTH="602" VPOS="1712" HPOS="694" CONTENT="בימים האלה העבירו שתי נפשות אדם באש ויעלון על"/></TextLine><TextLine ID="Ar0060101l2" BASELINE="1790" HEIGHT="45" WIDTH="634" VPOS="1745" HPOS="722"><String HEIGHT="45" WIDTH="660" VPOS="1745" HPOS="696" CONTENT="המוקדה בארץ מקסיקה, יען מצאו בהן עון כשוף ונחוש;"/></TextLine><TextLine ID="Ar0060101l3" BASELINE="1823" HEIGHT="44" WIDTH="633" VPOS="1779" HPOS="724"><String HEIGHT="44" WIDTH="283" VPOS="1779" HPOS="713" CONTENT="ולבשתנו ולבשת דורנו —"/><String HEIGHT="44" WIDTH="79" VPOS="1779" HPOS="961" CONTENT="דור"/><String HEIGHT="44" WIDTH="79" VPOS="1779" HPOS="1007" CONTENT="דעה"/><String HEIGHT="44" WIDTH="57" VPOS="1779" HPOS="1052" CONTENT="—"/><String HEIGHT="44" WIDTH="102" VPOS="1779" HPOS="1074" CONTENT="נראה,"/><String HEIGHT="44" WIDTH="68" VPOS="1779" HPOS="1142" CONTENT="כי"/><String HEIGHT="44" WIDTH="170" VPOS="1779" HPOS="1176" CONTENT="האנקויזיציה"/><String HEIGHT="44" WIDTH="57" VPOS="1779" HPOS="1300" CONTENT="עוד"/></TextLine><TextLine ID="Ar0060101l4" BASELINE="1854" HEIGHT="42" WIDTH="635" VPOS="1812" HPOS="723"><String HEIGHT="42" WIDTH="71" VPOS="1812" HPOS="711" CONTENT="לא"/><String HEIGHT="42" WIDTH="82" VPOS="1812" HPOS="747" CONTENT="ספה"/><String HEIGHT="42" WIDTH="82" VPOS="1812" HPOS="794" CONTENT="תמה"/><String HEIGHT="42" WIDTH="71" VPOS="1812" HPOS="841" CONTENT="מן"/><String HEIGHT="42" WIDTH="106" VPOS="1812" HPOS="876" CONTENT="הארץ,"/><String HEIGHT="42" WIDTH="82" VPOS="1812" HPOS="946" CONTENT="ואם"/><String HEIGHT="42" WIDTH="82" VPOS="1812" HPOS="993" CONTENT="אין"/><String HEIGHT="42" WIDTH="94" VPOS="1812" HPOS="1041" CONTENT="תנור"/><String HEIGHT="42" WIDTH="94" VPOS="1812" HPOS="1099" CONTENT="ואין"/><String HEIGHT="42" WIDTH="82" VPOS="1812" HPOS="1158" CONTENT="אור"/><String HEIGHT="42" WIDTH="71" VPOS="1812" HPOS="1205" CONTENT="לה"/><String HEIGHT="42" WIDTH="129" VPOS="1812" HPOS="1229" CONTENT="באיירופה."/></TextLine></TextBlock><TextBlock ID="Ar0060200" HEIGHT="259" WIDTH="639" VPOS="122" HPOS="59"><Shape><Polygon POINTS="698,381 59,381 59,122 698,122"/></Shape><TextLine ID="Ar0060200l1" BASELINE="162" HEIGHT="39" WIDTH="629" VPOS="123" HPOS="56"><String HEIGHT="39" WIDTH="123" VPOS="123" HPOS="44" CONTENT="להבעיר"/><String HEIGHT="39" WIDTH="74" VPOS="123" HPOS="130" CONTENT="את"/><String HEIGHT="39" WIDTH="136" VPOS="123" HPOS="167" CONTENT="הפושעים"/><String HEIGHT="39" WIDTH="148" VPOS="123" HPOS="266" CONTENT="והמורדים"/><String HEIGHT="39" WIDTH="86" VPOS="123" HPOS="377" CONTENT="בדת"/><String HEIGHT="39" WIDTH="148" VPOS="123" HPOS="426" CONTENT="הקתולית,"/><String HEIGHT="39" WIDTH="86" VPOS="123" HPOS="537" CONTENT="עוד"/><String HEIGHT="39" WIDTH="74" VPOS="123" HPOS="586" CONTENT="לא"/><String HEIGHT="39" WIDTH="74" VPOS="123" HPOS="611" CONTENT="כבתה"/></TextLine><TextLine ID="Ar0060200l2" BASELINE="194" HEIGHT="40" WIDTH="625" VPOS="154" HPOS="60"><String HEIGHT="40" WIDTH="113" VPOS="154" HPOS="48" CONTENT="גחלתה"/><String HEIGHT="40" WIDTH="125" VPOS="154" HPOS="123" CONTENT="בארצות"/><String HEIGHT="40" WIDTH="138" VPOS="154" HPOS="210" CONTENT="מקסיקה,"/><String HEIGHT="40" WIDTH="75" VPOS="154" HPOS="310" CONTENT="כי"/><String HEIGHT="40" WIDTH="75" VPOS="154" HPOS="348" CONTENT="יד"/><String HEIGHT="40" WIDTH="138" VPOS="154" HPOS="385" CONTENT="הכומרים"/><String HEIGHT="40" WIDTH="88" VPOS="154" HPOS="485" CONTENT="שמה"/><String HEIGHT="40" WIDTH="75" VPOS="154" HPOS="535" CONTENT="על"/><String HEIGHT="40" WIDTH="125" VPOS="154" HPOS="560" CONTENT="העליונה."/></TextLine><TextLine ID="Ar0060200l3" BASELINE="226" HEIGHT="42" WIDTH="625" VPOS="184" HPOS="62"><String HEIGHT="42" WIDTH="182" VPOS="184" HPOS="49" CONTENT="בכפר טקובה"/><String HEIGHT="42" WIDTH="130" VPOS="184" HPOS="192" CONTENT="במדינת"/><String HEIGHT="42" WIDTH="169" VPOS="184" HPOS="283" CONTENT="אהולאלוקה"/><String HEIGHT="42" WIDTH="104" VPOS="184" HPOS="414" CONTENT="חלתה"/><String HEIGHT="42" WIDTH="78" VPOS="184" HPOS="479" CONTENT="בת"/><String HEIGHT="42" WIDTH="91" VPOS="184" HPOS="518" CONTENT="אכר"/><String HEIGHT="42" WIDTH="104" VPOS="184" HPOS="570" CONTENT="אחד,"/><String HEIGHT="42" WIDTH="65" VPOS="184" HPOS="622" CONTENT="וכל"/></TextLine><TextLine ID="Ar0060200l4" BASELINE="257" HEIGHT="45" WIDTH="625" VPOS="212" HPOS="62"><String HEIGHT="45" WIDTH="648" VPOS="212" HPOS="39" CONTENT="הרופאים בסביבות המקום הזה, לא יכלו להעלות ארוכה למחלתה."/></TextLine><TextLine ID="Ar0060200l5" BASELINE="289" HEIGHT="41" WIDTH="632" VPOS="248" HPOS="61"><String HEIGHT="41" WIDTH="112" VPOS="248" HPOS="49" CONTENT="וינסה"/><String HEIGHT="41" WIDTH="99" VPOS="248" HPOS="123" CONTENT="אביה"/><String HEIGHT="41" WIDTH="112" VPOS="248" HPOS="185" CONTENT="לדרוש"/><String HEIGHT="41" WIDTH="99" VPOS="248" HPOS="259" CONTENT="באשה"/><String HEIGHT="41" WIDTH="112" VPOS="248" HPOS="321" CONTENT="זקנה,"/><String HEIGHT="41" WIDTH="87" VPOS="248" HPOS="396" CONTENT="אשר"/><String HEIGHT="41" WIDTH="87" VPOS="248" HPOS="445" CONTENT="היה"/><String HEIGHT="41" WIDTH="74" VPOS="248" HPOS="495" CONTENT="לה"/><String HEIGHT="41" WIDTH="87" VPOS="248" HPOS="532" CONTENT="שם,"/><String HEIGHT="41" WIDTH="74" VPOS="248" HPOS="581" CONTENT="כי"/><String HEIGHT="41" WIDTH="87" VPOS="248" HPOS="606" CONTENT="יודעת"/></TextLine><TextLine ID="Ar0060200l6" BASELINE="318" HEIGHT="38" WIDTH="632" VPOS="280" HPOS="63"><String HEIGHT="38" WIDTH="190" VPOS="280" HPOS="50" CONTENT="היא כל טבעי"/><String HEIGHT="38" WIDTH="126" VPOS="280" HPOS="202" CONTENT="הצמחים"/><String HEIGHT="38" WIDTH="114" VPOS="280" HPOS="291" CONTENT="ועשבי"/><String HEIGHT="38" WIDTH="126" VPOS="280" HPOS="366" CONTENT="רפואה,"/><String HEIGHT="38" WIDTH="88" VPOS="280" HPOS="455" CONTENT="וגם"/><String HEIGHT="38" WIDTH="76" VPOS="280" HPOS="505" CONTENT="שם"/><String HEIGHT="38" WIDTH="126" VPOS="280" HPOS="543" CONTENT="מכשפה,"/><String HEIGHT="38" WIDTH="76" VPOS="280" HPOS="619" CONTENT="באשר"/></TextLine><TextLine ID="Ar0060200l7" BASELINE="351" HEIGHT="39" WIDTH="637" VPOS="312" HPOS="58"><String HEIGHT="39" WIDTH="166" VPOS="312" HPOS="45" CONTENT="היתה דרכה"/><String HEIGHT="39" WIDTH="102" VPOS="312" HPOS="173" CONTENT="תמיד"/><String HEIGHT="39" WIDTH="89" VPOS="312" HPOS="236" CONTENT="בעת"/><String HEIGHT="39" WIDTH="102" VPOS="312" HPOS="287" CONTENT="רפאה"/><String HEIGHT="39" WIDTH="115" VPOS="312" HPOS="351" CONTENT="חולים"/><String HEIGHT="39" WIDTH="127" VPOS="312" HPOS="427" CONTENT="בצמחים"/><String HEIGHT="39" WIDTH="140" VPOS="312" HPOS="517" CONTENT="ועשבים,"/><String HEIGHT="39" WIDTH="89" VPOS="312" HPOS="606" CONTENT="ללחוש"/></TextLine><TextLine ID="Ar0060200l8" BASELINE="385" HEIGHT="41" WIDTH="624" VPOS="344" HPOS="64"><String HEIGHT="41" WIDTH="648" VPOS="344" HPOS="40" CONTENT="בפיה על החולים והרפואות כדרך המכשפות; ותבא הזקנה אל"/></TextLine></TextBlock><TextBlock ID="Ar0060201" HEIGHT="191" WIDTH="651" VPOS="378" HPOS="59"><Shape><Polygon POINTS="710,569 59,569 59,378 710,378"/></Shape><TextLine ID="Ar0060201l1" BASELINE="415" HEIGHT="41" WIDTH="629" VPOS="374" HPOS="55"><String HEIGHT="41" WIDTH="653" VPOS="374" HPOS="31" CONTENT="בית האכר, ותתן להילדה החולה איזה צמחים ותלחוש עליהם,"/></TextLine><TextLine ID="Ar0060201l2" BASELINE="448" HEIGHT="41" WIDTH="633" VPOS="407" HPOS="58"><String HEIGHT="41" WIDTH="657" VPOS="407" HPOS="34" CONTENT="ואחרי איזה ימים החלה החולה להקיא הרבה, ותקיא מלוא כף"/></TextLine><TextLine ID="Ar0060201l3" BASELINE="480" HEIGHT="41" WIDTH="629" VPOS="439" HPOS="62"><String HEIGHT="41" WIDTH="654" VPOS="439" HPOS="37" CONTENT="יד שערות (בלתי ספק בלעה אותן מקודם) ותתרפא. השמועה"/></TextLine><TextLine ID="Ar0060201l4" BASELINE="508" HEIGHT="38" WIDTH="641" VPOS="470" HPOS="56"><String HEIGHT="38" WIDTH="73" VPOS="470" HPOS="44" CONTENT="כי"/><String HEIGHT="38" WIDTH="121" VPOS="470" HPOS="80" CONTENT="נרפאתה"/><String HEIGHT="38" WIDTH="109" VPOS="470" HPOS="165" CONTENT="הילדה"/><String HEIGHT="38" WIDTH="97" VPOS="470" HPOS="237" CONTENT="עשתה"/><String HEIGHT="38" WIDTH="73" VPOS="470" HPOS="298" CONTENT="לה"/><String HEIGHT="38" WIDTH="109" VPOS="470" HPOS="334" CONTENT="כנפים"/><String HEIGHT="38" WIDTH="85" VPOS="470" HPOS="407" CONTENT="בכל"/><String HEIGHT="38" WIDTH="97" VPOS="470" HPOS="455" CONTENT="הכפר"/><String HEIGHT="38" WIDTH="97" VPOS="470" HPOS="516" CONTENT="כדבר"/><String HEIGHT="38" WIDTH="97" VPOS="470" HPOS="576" CONTENT="פלא,"/><String HEIGHT="38" WIDTH="73" VPOS="470" HPOS="624" CONTENT="ותחת"/></TextLine><TextLine ID="Ar0060201l5" BASELINE="542" HEIGHT="41" WIDTH="620" VPOS="501" HPOS="66"><String HEIGHT="41" WIDTH="644" VPOS="501" HPOS="42" CONTENT="לשמוח עליה ולהתימר בכבוד הזקנה אשר החלימה את החולה,"/></TextLine><TextLine ID="Ar0060201l6" BASELINE="575" HEIGHT="49" WIDTH="632" VPOS="526" HPOS="56"><String HEIGHT="49" WIDTH="155" VPOS="526" HPOS="44" CONTENT="חפאו עליה"/><String HEIGHT="49" WIDTH="95" VPOS="526" HPOS="163" CONTENT="אנשי"/><String HEIGHT="49" WIDTH="95" VPOS="526" HPOS="223" CONTENT="הכפר"/><String HEIGHT="49" WIDTH="72" VPOS="526" HPOS="283" CONTENT="כי"/><String HEIGHT="49" WIDTH="107" VPOS="526" HPOS="318" CONTENT="מכשפה"/><String HEIGHT="49" WIDTH="95" VPOS="526" HPOS="390" CONTENT="היא,"/><String HEIGHT="49" WIDTH="95" VPOS="526" HPOS="450" CONTENT="וע״י"/><String HEIGHT="49" WIDTH="95" VPOS="526" HPOS="509" CONTENT="עזרת"/><String HEIGHT="49" WIDTH="107" VPOS="526" HPOS="569" CONTENT="שעירי"/><String HEIGHT="49" WIDTH="60" VPOS="526" HPOS="628" CONTENT="ליל"/></TextLine></TextBlock><TextBlock ID="Ar0060202" HEIGHT="699" WIDTH="651" VPOS="577" HPOS="59"><Shape><Polygon POINTS="710,1276 59,1276 59,577 710,577"/></Shape><TextLine ID="Ar0060202l1" BASELINE="606" HEIGHT="34" WIDTH="639" VPOS="572" HPOS="54"><String HEIGHT="34" WIDTH="664" VPOS="572" HPOS="29" CONTENT="ושדים עשתה מעשה הרפואה, —הזיה גוררת הזיה, וכאשר יצא"/></TextLine><TextLine ID="Ar0060202l2" BASELINE="638" HEIGHT="41" WIDTH="628" VPOS="597" HPOS="64"><String HEIGHT="41" WIDTH="653" VPOS="597" HPOS="39" CONTENT="הקול, כי הזקנה מכשפה היא, לא פסק עוד, רק הלך וגדול,"/></TextLine><TextLine ID="Ar0060202l3" BASELINE="668" HEIGHT="48" WIDTH="627" VPOS="620" HPOS="60"><String HEIGHT="48" WIDTH="114" VPOS="620" HPOS="49" CONTENT="וירננו"/><String HEIGHT="48" WIDTH="114" VPOS="620" HPOS="128" CONTENT="אחריה,"/><String HEIGHT="48" WIDTH="68" VPOS="620" HPOS="208" CONTENT="כי"/><String HEIGHT="48" WIDTH="91" VPOS="620" HPOS="242" CONTENT="ראוה"/><String HEIGHT="48" WIDTH="103" VPOS="620" HPOS="299" CONTENT="רוכבת"/><String HEIGHT="48" WIDTH="68" VPOS="620" HPOS="368" CONTENT="על"/><String HEIGHT="48" WIDTH="103" VPOS="620" HPOS="402" CONTENT="מטאטא"/><String HEIGHT="48" WIDTH="80" VPOS="620" HPOS="470" CONTENT="בכל"/><String HEIGHT="48" WIDTH="91" VPOS="620" HPOS="516" CONTENT="לילי"/><String HEIGHT="48" WIDTH="80" VPOS="620" HPOS="573" CONTENT="יום"/><String HEIGHT="48" WIDTH="80" VPOS="620" HPOS="607" CONTENT="חמישי"/></TextLine><TextLine ID="Ar0060202l4" BASELINE="700" HEIGHT="40" WIDTH="631" VPOS="660" HPOS="66"><String HEIGHT="40" WIDTH="656" VPOS="660" HPOS="41" CONTENT="בשבוע, ובלילי מלוא הלבנה, ויושבת תחת תאנה אחת, אשר"/></TextLine><TextLine ID="Ar0060202l5" BASELINE="733" HEIGHT="38" WIDTH="625" VPOS="695" HPOS="64"><String HEIGHT="38" WIDTH="98" VPOS="695" HPOS="52" CONTENT="אמרו"/><String HEIGHT="38" WIDTH="98" VPOS="695" HPOS="113" CONTENT="עליה"/><String HEIGHT="38" WIDTH="98" VPOS="695" HPOS="174" CONTENT="כהני"/><String HEIGHT="38" WIDTH="98" VPOS="695" HPOS="236" CONTENT="הדת,"/><String HEIGHT="38" WIDTH="74" VPOS="695" HPOS="297" CONTENT="כי"/><String HEIGHT="38" WIDTH="86" VPOS="695" HPOS="334" CONTENT="שמה"/><String HEIGHT="38" WIDTH="98" VPOS="695" HPOS="383" CONTENT="קננו"/><String HEIGHT="38" WIDTH="98" VPOS="695" HPOS="444" CONTENT="שדים"/><String HEIGHT="38" WIDTH="147" VPOS="695" HPOS="505" CONTENT="ושעירים,"/><String HEIGHT="38" WIDTH="86" VPOS="695" HPOS="603" CONTENT="אשמדי"/></TextLine><TextLine ID="Ar0060202l6" BASELINE="763" HEIGHT="38" WIDTH="629" VPOS="725" HPOS="68"><String HEIGHT="38" WIDTH="513" VPOS="725" HPOS="56" CONTENT="ולילית, ושמה מקום כנופיא למכשפות; ואחרים"/><String HEIGHT="38" WIDTH="93" VPOS="725" HPOS="534" CONTENT="ספרו"/><String HEIGHT="38" WIDTH="105" VPOS="725" HPOS="592" CONTENT="עליה,"/><String HEIGHT="38" WIDTH="47" VPOS="725" HPOS="650" CONTENT="כי"/></TextLine><TextLine ID="Ar0060202l7" BASELINE="794" HEIGHT="39" WIDTH="628" VPOS="755" HPOS="60"><String HEIGHT="39" WIDTH="100" VPOS="755" HPOS="47" CONTENT="ראוה"/><String HEIGHT="39" WIDTH="113" VPOS="755" HPOS="110" CONTENT="בורחת"/><String HEIGHT="39" WIDTH="100" VPOS="755" HPOS="186" CONTENT="מפני"/><String HEIGHT="39" WIDTH="88" VPOS="755" HPOS="248" CONTENT="צלם"/><String HEIGHT="39" WIDTH="88" VPOS="755" HPOS="299" CONTENT="שתי"/><String HEIGHT="39" WIDTH="100" VPOS="755" HPOS="349" CONTENT="וערב"/><String HEIGHT="39" WIDTH="88" VPOS="755" HPOS="412" CONTENT="אשר"/><String HEIGHT="39" WIDTH="100" VPOS="755" HPOS="462" CONTENT="הניח"/><String HEIGHT="39" WIDTH="88" VPOS="755" HPOS="525" CONTENT="אחד"/><String HEIGHT="39" WIDTH="75" VPOS="755" HPOS="575" CONTENT="על"/><String HEIGHT="39" WIDTH="88" VPOS="755" HPOS="600" CONTENT="דרכה,"/></TextLine><TextLine ID="Ar0060202l8" BASELINE="828" HEIGHT="40" WIDTH="636" VPOS="788" HPOS="64"><String HEIGHT="40" WIDTH="84" VPOS="788" HPOS="52" CONTENT="וגם"/><String HEIGHT="40" WIDTH="72" VPOS="788" HPOS="100" CONTENT="יש"/><String HEIGHT="40" WIDTH="84" VPOS="788" HPOS="136" CONTENT="חשד"/><String HEIGHT="40" WIDTH="96" VPOS="788" HPOS="184" CONTENT="בדבר"/><String HEIGHT="40" WIDTH="108" VPOS="788" HPOS="244" CONTENT="שינקה"/><String HEIGHT="40" WIDTH="72" VPOS="788" HPOS="316" CONTENT="דם"/><String HEIGHT="40" WIDTH="84" VPOS="788" HPOS="352" CONTENT="ילד"/><String HEIGHT="40" WIDTH="96" VPOS="788" HPOS="400" CONTENT="אחד,"/><String HEIGHT="40" WIDTH="84" VPOS="788" HPOS="460" CONTENT="וכי"/><String HEIGHT="40" WIDTH="96" VPOS="788" HPOS="508" CONTENT="תוקר"/><String HEIGHT="40" WIDTH="108" VPOS="788" HPOS="568" CONTENT="רגליה"/><String HEIGHT="40" WIDTH="72" VPOS="788" HPOS="628" CONTENT="מבית"/></TextLine><TextLine ID="Ar0060202l9" BASELINE="859" HEIGHT="40" WIDTH="635" VPOS="819" HPOS="62"><String HEIGHT="40" WIDTH="659" VPOS="819" HPOS="38" CONTENT="אלה אשר יסגרו בתיהם לא במנעול, אך בברזל מפרסות הסוס."/></TextLine><TextLine ID="Ar0060202l10" BASELINE="892" HEIGHT="41" WIDTH="621" VPOS="851" HPOS="68"><String HEIGHT="41" WIDTH="99" VPOS="851" HPOS="56" CONTENT="שוטר"/><String HEIGHT="41" WIDTH="99" VPOS="851" HPOS="118" CONTENT="הבפר"/><String HEIGHT="41" WIDTH="161" VPOS="851" HPOS="180" CONTENT="(Alcalde)"/><String HEIGHT="41" WIDTH="112" VPOS="851" HPOS="304" CONTENT="האמין"/><String HEIGHT="41" WIDTH="137" VPOS="851" HPOS="379" CONTENT="לשמועות"/><String HEIGHT="41" WIDTH="112" VPOS="851" HPOS="478" CONTENT="האלה,"/><String HEIGHT="41" WIDTH="112" VPOS="851" HPOS="552" CONTENT="ועפ״י"/><String HEIGHT="41" WIDTH="75" VPOS="851" HPOS="614" CONTENT="דברת"/></TextLine><TextLine ID="Ar0060202l11" BASELINE="923" HEIGHT="40" WIDTH="624" VPOS="883" HPOS="69"><String HEIGHT="40" WIDTH="132" VPOS="883" HPOS="57" CONTENT="הכומרים"/><String HEIGHT="40" WIDTH="84" VPOS="883" HPOS="153" CONTENT="אשר"/><String HEIGHT="40" WIDTH="132" VPOS="883" HPOS="201" CONTENT="הסיתוהו"/><String HEIGHT="40" WIDTH="96" VPOS="883" HPOS="297" CONTENT="לקנא"/><String HEIGHT="40" WIDTH="96" VPOS="883" HPOS="357" CONTENT="קנאת"/><String HEIGHT="40" WIDTH="120" VPOS="883" HPOS="417" CONTENT="אלהים,"/><String HEIGHT="40" WIDTH="84" VPOS="883" HPOS="501" CONTENT="נתן"/><String HEIGHT="40" WIDTH="72" VPOS="883" HPOS="549" CONTENT="צו"/><String HEIGHT="40" WIDTH="108" VPOS="883" HPOS="585" CONTENT="לתפוש"/><String HEIGHT="40" WIDTH="48" VPOS="883" HPOS="645" CONTENT="את"/></TextLine><TextLine ID="Ar0060202l12" BASELINE="954" HEIGHT="40" WIDTH="635" VPOS="914" HPOS="64"><String HEIGHT="40" WIDTH="659" VPOS="914" HPOS="40" CONTENT="המכשפה ולשרוף אותה ואת בנה יחדיו. הוא אמר ויהי, ובלי"/></TextLine><TextLine ID="Ar0060202l13" BASELINE="987" HEIGHT="42" WIDTH="631" VPOS="945" HPOS="60"><String HEIGHT="42" WIDTH="657" VPOS="945" HPOS="34" CONTENT="שום חקירה ודרישה עשו מוקדת אש, וישרפו את האומללה"/></TextLine><TextLine ID="Ar0060202l14" BASELINE="1017" HEIGHT="41" WIDTH="634" VPOS="976" HPOS="61"><String HEIGHT="41" WIDTH="81" VPOS="976" HPOS="49" CONTENT="ואת"/><String HEIGHT="41" WIDTH="81" VPOS="976" HPOS="96" CONTENT="בנה"/><String HEIGHT="41" WIDTH="81" VPOS="976" HPOS="142" CONTENT="הרך"/><String HEIGHT="41" WIDTH="104" VPOS="976" HPOS="188" CONTENT="בשנים"/><String HEIGHT="41" WIDTH="104" VPOS="976" HPOS="257" CONTENT="לעיני"/><String HEIGHT="41" WIDTH="69" VPOS="976" HPOS="326" CONTENT="כל"/><String HEIGHT="41" WIDTH="81" VPOS="976" HPOS="361" CONTENT="בני"/><String HEIGHT="41" WIDTH="92" VPOS="976" HPOS="407" CONTENT="הכפר"/><String HEIGHT="41" WIDTH="127" VPOS="976" HPOS="464" CONTENT="ושוטריו"/><String HEIGHT="41" WIDTH="127" VPOS="976" HPOS="557" CONTENT="וכהניו,"/><String HEIGHT="41" WIDTH="58" VPOS="976" HPOS="637" CONTENT="ולא"/></TextLine><TextLine ID="Ar0060202l15" BASELINE="1050" HEIGHT="42" WIDTH="634" VPOS="1008" HPOS="63"><String HEIGHT="42" WIDTH="368" VPOS="1008" HPOS="50" CONTENT="שעו ולא פנו לזעקת האובדים"/><String HEIGHT="42" WIDTH="139" VPOS="1008" HPOS="380" CONTENT="מהמוקדה"/><String HEIGHT="42" WIDTH="114" VPOS="1008" HPOS="481" CONTENT="ולקול"/><String HEIGHT="42" WIDTH="127" VPOS="1008" HPOS="558" CONTENT="בכיתם,"/><String HEIGHT="42" WIDTH="63" VPOS="1008" HPOS="634" CONTENT="וכל"/></TextLine><TextLine ID="Ar0060202l16" BASELINE="1081" HEIGHT="40" WIDTH="633" VPOS="1041" HPOS="66"><String HEIGHT="40" WIDTH="658" VPOS="1041" HPOS="41" CONTENT="השבועות אשר נשבעו באלהים ובקדושי הדת, כי נקיים המה"/></TextLine><TextLine ID="Ar0060202l17" BASELINE="1112" HEIGHT="41" WIDTH="636" VPOS="1071" HPOS="64"><String HEIGHT="41" WIDTH="96" VPOS="1071" HPOS="52" CONTENT="מחטא"/><String HEIGHT="41" WIDTH="108" VPOS="1071" HPOS="112" CONTENT="כשוף,"/><String HEIGHT="41" WIDTH="72" VPOS="1071" HPOS="184" CONTENT="לא"/><String HEIGHT="41" WIDTH="120" VPOS="1071" HPOS="220" CONTENT="הועילו"/><String HEIGHT="41" WIDTH="84" VPOS="1071" HPOS="304" CONTENT="למו"/><String HEIGHT="41" WIDTH="120" VPOS="1071" HPOS="352" CONTENT="להצילם"/><String HEIGHT="41" WIDTH="120" VPOS="1071" HPOS="436" CONTENT="מהמיתה"/><String HEIGHT="41" WIDTH="120" VPOS="1071" HPOS="520" CONTENT="האיומה"/><String HEIGHT="41" WIDTH="108" VPOS="1071" HPOS="592" CONTENT="והנוראה"/></TextLine><TextLine ID="Ar0060202l18" BASELINE="1142" HEIGHT="38" WIDTH="632" VPOS="1104" HPOS="62"><String HEIGHT="38" WIDTH="657" VPOS="1104" HPOS="37" CONTENT="הזאת. כאשר נשמע דבר השרפה האכזריה הזו להממשלה בעיר"/></TextLine><TextLine ID="Ar0060202l19" BASELINE="1177" HEIGHT="42" WIDTH="628" VPOS="1135" HPOS="71"><String HEIGHT="42" WIDTH="137" VPOS="1135" HPOS="57" CONTENT="הקרובה"/><String HEIGHT="42" WIDTH="123" VPOS="1135" HPOS="153" CONTENT="להכפר"/><String HEIGHT="42" WIDTH="137" VPOS="1135" HPOS="235" CONTENT="טקובה,"/><String HEIGHT="42" WIDTH="109" VPOS="1135" HPOS="330" CONTENT="שלחה"/><String HEIGHT="42" WIDTH="96" VPOS="1135" HPOS="399" CONTENT="חיש"/><String HEIGHT="42" WIDTH="96" VPOS="1135" HPOS="453" CONTENT="מהר"/><String HEIGHT="42" WIDTH="109" VPOS="1135" HPOS="508" CONTENT="אנשי"/><String HEIGHT="42" WIDTH="96" VPOS="1135" HPOS="576" CONTENT="חיל"/><String HEIGHT="42" WIDTH="82" VPOS="1135" HPOS="617" CONTENT="שמה,"/></TextLine><TextLine ID="Ar0060202l20" BASELINE="1205" HEIGHT="40" WIDTH="633" VPOS="1165" HPOS="64"><String HEIGHT="40" WIDTH="658" VPOS="1165" HPOS="39" CONTENT="ויתפשו את כל אלה אשר עשו הנבלה והרצח, הם ועוזריהם,"/></TextLine><TextLine ID="Ar0060202l21" BASELINE="1240" HEIGHT="41" WIDTH="632" VPOS="1199" HPOS="69"><String HEIGHT="41" WIDTH="115" VPOS="1199" HPOS="58" CONTENT="ועוזרי"/><String HEIGHT="41" WIDTH="138" VPOS="1199" HPOS="138" CONTENT="עוזריהם,"/><String HEIGHT="41" WIDTH="126" VPOS="1199" HPOS="241" CONTENT="ויאסרום"/><String HEIGHT="41" WIDTH="149" VPOS="1199" HPOS="333" CONTENT="בנחושתים,"/><String HEIGHT="41" WIDTH="126" VPOS="1199" HPOS="448" CONTENT="ויבואום"/><String HEIGHT="41" WIDTH="92" VPOS="1199" HPOS="540" CONTENT="לעיר"/><String HEIGHT="41" WIDTH="115" VPOS="1199" HPOS="586" CONTENT="קונקרדיה"/></TextLine><TextLine ID="Ar0060202l22" BASELINE="1270" HEIGHT="40" WIDTH="545" VPOS="1230" HPOS="158"><String HEIGHT="40" WIDTH="127" VPOS="1230" HPOS="145" CONTENT="להציגם"/><String HEIGHT="40" WIDTH="89" VPOS="1230" HPOS="234" CONTENT="שמה"/><String HEIGHT="40" WIDTH="101" VPOS="1230" HPOS="285" CONTENT="לפני"/><String HEIGHT="40" WIDTH="89" VPOS="1230" HPOS="348" CONTENT="שער"/><String HEIGHT="40" WIDTH="114" VPOS="1230" HPOS="399" CONTENT="המשפט"/><String HEIGHT="40" WIDTH="127" VPOS="1230" HPOS="475" CONTENT="וליסרם"/><String HEIGHT="40" WIDTH="152" VPOS="1230" HPOS="551" CONTENT="כחטאותיהם."/></TextLine></TextBlock><TextBlock ID="Ar0060203" HEIGHT="549" WIDTH="651" VPOS="1301" HPOS="59"><Shape><Polygon POINTS="710,1850 59,1850 59,1301 710,1301"/></Shape><TextLine ID="Ar0060203l1" BASELINE="1340" HEIGHT="46" WIDTH="584" VPOS="1294" HPOS="66"><String HEIGHT="46" WIDTH="353" VPOS="1294" HPOS="54" CONTENT="מנו-יארק באמעריקא מודיעים"/><String HEIGHT="46" WIDTH="97" VPOS="1294" HPOS="370" CONTENT="מיום"/><String HEIGHT="46" WIDTH="61" VPOS="1294" HPOS="431" CONTENT="3"/><String HEIGHT="46" WIDTH="97" VPOS="1294" HPOS="455" CONTENT="יולי"/><String HEIGHT="46" WIDTH="110" VPOS="1294" HPOS="516" CONTENT="לאמר:"/><String HEIGHT="46" WIDTH="73" VPOS="1294" HPOS="577" CONTENT="החום"/></TextLine><TextLine ID="Ar0060203l2" BASELINE="1371" HEIGHT="44" WIDTH="638" VPOS="1327" HPOS="61"><String HEIGHT="44" WIDTH="663" VPOS="1327" HPOS="36" CONTENT="הגדול אשר כבר בשבוע העבר (אחרית ירח יוני) הי׳ למעמסה"/></TextLine><TextLine ID="Ar0060203l3" BASELINE="1405" HEIGHT="43" WIDTH="617" VPOS="1362" HPOS="72"><String HEIGHT="43" WIDTH="71" VPOS="1362" HPOS="60" CONTENT="על"/><String HEIGHT="43" WIDTH="107" VPOS="1362" HPOS="96" CONTENT="יושבי"/><String HEIGHT="43" WIDTH="119" VPOS="1362" HPOS="167" CONTENT="המקום,"/><String HEIGHT="43" WIDTH="95" VPOS="1362" HPOS="250" CONTENT="הגיע"/><String HEIGHT="43" WIDTH="107" VPOS="1362" HPOS="309" CONTENT="בימים"/><String HEIGHT="43" WIDTH="142" VPOS="1362" HPOS="381" CONTENT="האחרונים"/><String HEIGHT="43" WIDTH="107" VPOS="1362" HPOS="487" CONTENT="למעלת"/><String HEIGHT="43" WIDTH="83" VPOS="1362" HPOS="558" CONTENT="חום"/><String HEIGHT="43" WIDTH="71" VPOS="1362" HPOS="606" CONTENT="רב"/><String HEIGHT="43" WIDTH="59" VPOS="1362" HPOS="630" CONTENT="מאד"/></TextLine><TextLine ID="Ar0060203l4" BASELINE="1432" HEIGHT="38" WIDTH="632" VPOS="1394" HPOS="61"><String HEIGHT="38" WIDTH="85" VPOS="1394" HPOS="49" CONTENT="אשר"/><String HEIGHT="38" WIDTH="73" VPOS="1394" HPOS="97" CONTENT="לא"/><String HEIGHT="38" WIDTH="85" VPOS="1394" HPOS="134" CONTENT="הי׳"/><String HEIGHT="38" WIDTH="109" VPOS="1394" HPOS="183" CONTENT="כמוהו"/><String HEIGHT="38" WIDTH="73" VPOS="1394" HPOS="255" CONTENT="פה"/><String HEIGHT="38" WIDTH="73" VPOS="1394" HPOS="292" CONTENT="זה"/><String HEIGHT="38" WIDTH="97" VPOS="1394" HPOS="328" CONTENT="רבות"/><String HEIGHT="38" WIDTH="122" VPOS="1394" HPOS="389" CONTENT="בשנים."/><String HEIGHT="38" WIDTH="97" VPOS="1394" HPOS="474" CONTENT="היום"/><String HEIGHT="38" WIDTH="109" VPOS="1394" HPOS="535" CONTENT="היותר"/><String HEIGHT="38" WIDTH="73" VPOS="1394" HPOS="608" CONTENT="חם"/><String HEIGHT="38" WIDTH="61" VPOS="1394" HPOS="632" CONTENT="היה"/></TextLine><TextLine ID="Ar0060203l5" BASELINE="1467" HEIGHT="43" WIDTH="630" VPOS="1424" HPOS="65"><String HEIGHT="43" WIDTH="82" VPOS="1424" HPOS="53" CONTENT="יום"/><String HEIGHT="43" WIDTH="70" VPOS="1424" HPOS="100" CONTENT="ב׳"/><String HEIGHT="43" WIDTH="70" VPOS="1424" HPOS="135" CONTENT="29"/><String HEIGHT="43" WIDTH="105" VPOS="1424" HPOS="170" CONTENT="יוני,"/><String HEIGHT="43" WIDTH="70" VPOS="1424" HPOS="240" CONTENT="כי"/><String HEIGHT="43" WIDTH="70" VPOS="1424" HPOS="275" CONTENT="בו"/><String HEIGHT="43" WIDTH="82" VPOS="1424" HPOS="310" CONTENT="עלה"/><String HEIGHT="43" WIDTH="93" VPOS="1424" HPOS="357" CONTENT="החום"/><String HEIGHT="43" WIDTH="70" VPOS="1424" HPOS="415" CONTENT="עד"/><String HEIGHT="43" WIDTH="82" VPOS="1424" HPOS="450" CONTENT="102"/><String HEIGHT="43" WIDTH="105" VPOS="1424" HPOS="497" CONTENT="מעלות"/><String HEIGHT="43" WIDTH="105" VPOS="1424" HPOS="567" CONTENT="במקום"/><String HEIGHT="43" WIDTH="70" VPOS="1424" HPOS="625" CONTENT="הצל."/></TextLine><TextLine ID="Ar0060203l6" BASELINE="1497" HEIGHT="38" WIDTH="632" VPOS="1459" HPOS="65"><String HEIGHT="38" WIDTH="95" VPOS="1459" HPOS="53" CONTENT="בשעה"/><String HEIGHT="38" WIDTH="60" VPOS="1459" HPOS="113" CONTENT="4"/><String HEIGHT="38" WIDTH="83" VPOS="1459" HPOS="137" CONTENT="אחר"/><String HEIGHT="38" WIDTH="119" VPOS="1459" HPOS="184" CONTENT="הצהרים"/><String HEIGHT="38" WIDTH="83" VPOS="1459" HPOS="268" CONTENT="היה"/><String HEIGHT="38" WIDTH="107" VPOS="1459" HPOS="315" CONTENT="האויר"/><String HEIGHT="38" WIDTH="95" VPOS="1459" HPOS="387" CONTENT="כמעט"/><String HEIGHT="38" WIDTH="107" VPOS="1459" HPOS="447" CONTENT="לוהט,"/><String HEIGHT="38" WIDTH="95" VPOS="1459" HPOS="518" CONTENT="ובני"/><String HEIGHT="38" WIDTH="95" VPOS="1459" HPOS="578" CONTENT="האדם"/><String HEIGHT="38" WIDTH="72" VPOS="1459" HPOS="625" CONTENT="עיפה"/></TextLine><TextLine ID="Ar0060203l7" BASELINE="1529" HEIGHT="38" WIDTH="632" VPOS="1491" HPOS="68"><String HEIGHT="38" WIDTH="97" VPOS="1491" HPOS="56" CONTENT="נפשם"/><String HEIGHT="38" WIDTH="109" VPOS="1491" HPOS="117" CONTENT="למות,"/><String HEIGHT="38" WIDTH="73" VPOS="1491" HPOS="190" CONTENT="כי"/><String HEIGHT="38" WIDTH="97" VPOS="1491" HPOS="226" CONTENT="נלאו"/><String HEIGHT="38" WIDTH="109" VPOS="1491" HPOS="287" CONTENT="נשוא."/><String HEIGHT="38" WIDTH="97" VPOS="1491" HPOS="360" CONTENT="הרבה"/><String HEIGHT="38" WIDTH="109" VPOS="1491" HPOS="420" CONTENT="אנשים"/><String HEIGHT="38" WIDTH="97" VPOS="1491" HPOS="493" CONTENT="כרעו"/><String HEIGHT="38" WIDTH="97" VPOS="1491" HPOS="554" CONTENT="נפלו"/><String HEIGHT="38" WIDTH="97" VPOS="1491" HPOS="603" CONTENT="שדודים"/></TextLine><TextLine ID="Ar0060203l8" BASELINE="1560" HEIGHT="38" WIDTH="634" VPOS="1522" HPOS="68"><String HEIGHT="38" WIDTH="216" VPOS="1522" HPOS="55" CONTENT="ברחובות העיר,"/><String HEIGHT="38" WIDTH="76" VPOS="1522" HPOS="233" CONTENT="כי"/><String HEIGHT="38" WIDTH="101" VPOS="1522" HPOS="271" CONTENT="להטו"/><String HEIGHT="38" WIDTH="101" VPOS="1522" HPOS="334" CONTENT="אותם"/><String HEIGHT="38" WIDTH="101" VPOS="1522" HPOS="398" CONTENT="קרני"/><String HEIGHT="38" WIDTH="101" VPOS="1522" HPOS="461" CONTENT="החום"/><String HEIGHT="38" WIDTH="51" VPOS="1522" HPOS="524" CONTENT=""/><String HEIGHT="38" WIDTH="89" VPOS="1522" HPOS="537" CONTENT="אשר"/><String HEIGHT="38" WIDTH="101" VPOS="1522" HPOS="588" CONTENT="חדרו"/><String HEIGHT="38" WIDTH="63" VPOS="1522" HPOS="639" CONTENT="בהם"/></TextLine><TextLine ID="Ar0060203l9" BASELINE="1595" HEIGHT="43" WIDTH="634" VPOS="1552" HPOS="66"><String HEIGHT="43" WIDTH="656" VPOS="1552" HPOS="44" CONTENT="(זאננענשטיך), וכן נגפו הרבה סוסים המושכים את העגלות ברחוב"/></TextLine><TextLine ID="Ar0060203l10" BASELINE="1627" HEIGHT="43" WIDTH="632" VPOS="1584" HPOS="73"><String HEIGHT="43" WIDTH="655" VPOS="1584" HPOS="50" CONTENT="העיר וימותו תחתם. אך ת״ל כי החום הגדול הזה לא האריך זמן"/></TextLine><TextLine ID="Ar0060203l11" BASELINE="1656" HEIGHT="39" WIDTH="630" VPOS="1617" HPOS="73"><String HEIGHT="39" WIDTH="74" VPOS="1617" HPOS="61" CONTENT="רב"/><String HEIGHT="39" WIDTH="124" VPOS="1617" HPOS="98" CONTENT="ובכלות"/><String HEIGHT="39" WIDTH="124" VPOS="1617" HPOS="184" CONTENT="השבועה"/><String HEIGHT="39" WIDTH="86" VPOS="1617" HPOS="271" CONTENT="באה"/><String HEIGHT="39" WIDTH="74" VPOS="1617" HPOS="320" CONTENT="גם"/><String HEIGHT="39" WIDTH="86" VPOS="1617" HPOS="357" CONTENT="רוח"/><String HEIGHT="39" WIDTH="86" VPOS="1617" HPOS="407" CONTENT="קרה"/><String HEIGHT="39" WIDTH="111" VPOS="1617" HPOS="456" CONTENT="ותמזג"/><String HEIGHT="39" WIDTH="74" VPOS="1617" HPOS="530" CONTENT="את"/><String HEIGHT="39" WIDTH="111" VPOS="1617" HPOS="567" CONTENT="האויר"/><String HEIGHT="39" WIDTH="74" VPOS="1617" HPOS="629" CONTENT="מעט,"/></TextLine><TextLine ID="Ar0060203l12" BASELINE="1688" HEIGHT="41" WIDTH="634" VPOS="1647" HPOS="64"><String HEIGHT="41" WIDTH="70" VPOS="1647" HPOS="52" CONTENT="אם"/><String HEIGHT="41" WIDTH="94" VPOS="1647" HPOS="87" CONTENT="אמנם"/><String HEIGHT="41" WIDTH="82" VPOS="1647" HPOS="146" CONTENT="עוד"/><String HEIGHT="41" WIDTH="82" VPOS="1647" HPOS="193" CONTENT="הי׳"/><String HEIGHT="41" WIDTH="94" VPOS="1647" HPOS="240" CONTENT="החום"/><String HEIGHT="41" WIDTH="94" VPOS="1647" HPOS="299" CONTENT="גדול"/><String HEIGHT="41" WIDTH="70" VPOS="1647" HPOS="358" CONTENT="אך"/><String HEIGHT="41" WIDTH="70" VPOS="1647" HPOS="393" CONTENT="לא"/><String HEIGHT="41" WIDTH="153" VPOS="1647" HPOS="428" CONTENT="כבראשונה."/><String HEIGHT="41" WIDTH="141" VPOS="1647" HPOS="545" CONTENT="ובאחרונה"/><String HEIGHT="41" WIDTH="59" VPOS="1647" HPOS="639" CONTENT="באו"/></TextLine><TextLine ID="Ar0060203l13" BASELINE="1726" HEIGHT="39" WIDTH="387" VPOS="1687" HPOS="320"><String HEIGHT="39" WIDTH="68" VPOS="1687" HPOS="309" CONTENT="גם"/><String HEIGHT="39" WIDTH="80" VPOS="1687" HPOS="343" CONTENT="רעם"/><String HEIGHT="39" WIDTH="91" VPOS="1687" HPOS="388" CONTENT="וברק"/><String HEIGHT="39" WIDTH="114" VPOS="1687" HPOS="445" CONTENT="ויקררו"/><String HEIGHT="39" WIDTH="68" VPOS="1687" HPOS="525" CONTENT="את"/><String HEIGHT="39" WIDTH="102" VPOS="1687" HPOS="559" CONTENT="האויר"/><String HEIGHT="39" WIDTH="91" VPOS="1687" HPOS="616" CONTENT="כראוי."/></TextLine><TextLine ID="line_1528486363620_10" BASELINE="1743" HEIGHT="23" WIDTH="30" VPOS="1720" HPOS="158"><String HEIGHT="23" WIDTH="60" VPOS="1720" HPOS="128" CONTENT="פ."/></TextLine><TextLine ID="Ar0060203l14" BASELINE="1818" HEIGHT="43" WIDTH="588" VPOS="1775" HPOS="64"><String HEIGHT="43" WIDTH="108" VPOS="1775" HPOS="52" CONTENT="בכנסת"/><String HEIGHT="43" WIDTH="180" VPOS="1775" HPOS="124" CONTENT="פענסילווניה"/><String HEIGHT="43" WIDTH="84" VPOS="1775" HPOS="268" CONTENT="היה"/><String HEIGHT="43" WIDTH="84" VPOS="1775" HPOS="316" CONTENT="סער"/><String HEIGHT="43" WIDTH="96" VPOS="1775" HPOS="364" CONTENT="נדול"/><String HEIGHT="43" WIDTH="108" VPOS="1775" HPOS="424" CONTENT="ומבול"/><String HEIGHT="43" WIDTH="84" VPOS="1775" HPOS="496" CONTENT="מים"/><String HEIGHT="43" WIDTH="84" VPOS="1775" HPOS="544" CONTENT="אשר"/><String HEIGHT="43" WIDTH="72" VPOS="1775" HPOS="580" CONTENT="הסבו"/></TextLine><TextLine ID="Ar0060203l15" BASELINE="1853" HEIGHT="42" WIDTH="636" VPOS="1811" HPOS="68"><String HEIGHT="42" WIDTH="87" VPOS="1811" HPOS="56" CONTENT="נזק"/><String HEIGHT="42" WIDTH="87" VPOS="1811" HPOS="105" CONTENT="רב."/><String HEIGHT="42" WIDTH="100" VPOS="1811" HPOS="155" CONTENT="המים"/><String HEIGHT="42" WIDTH="100" VPOS="1811" HPOS="218" CONTENT="גברו"/><String HEIGHT="42" WIDTH="75" VPOS="1811" HPOS="280" CONTENT="עד"/><String HEIGHT="42" WIDTH="112" VPOS="1811" HPOS="317" CONTENT="למאד,"/><String HEIGHT="42" WIDTH="75" VPOS="1811" HPOS="392" CONTENT="עד"/><String HEIGHT="42" WIDTH="75" VPOS="1811" HPOS="430" CONTENT="כי"/><String HEIGHT="42" WIDTH="87" VPOS="1811" HPOS="467" CONTENT="כסו"/><String HEIGHT="42" WIDTH="75" VPOS="1811" HPOS="517" CONTENT="את"/><String HEIGHT="42" WIDTH="112" VPOS="1811" HPOS="554" CONTENT="שבילי"/><String HEIGHT="42" WIDTH="87" VPOS="1811" HPOS="617" CONTENT="הברזל"/></TextLine></TextBlock></PrintSpace></Page></Layout></alto>