<?xml version="1.0" encoding="UTF-8"?><alto xmlns:xsi="http://www.w3.org/2001/XMLSchema-instance" xmlns="http://www.loc.gov/standards/alto/ns-v2#" xmlns:page="http://schema.primaresearch.org/PAGE/gts/pagecontent/2013-07-15" xsi:schemaLocation="http://schema.primaresearch.org/PAGE/gts/pagecontent/2013-07-15 http://schema.primaresearch.org/PAGE/gts/pagecontent/2013-07-15/pagecontent.xsd http://www.loc.gov/standards/alto/ns-v2# http://www.loc.gov/standards/alto/alto-v2.0.xsd"><Description><MeasurementUnit>pixel</MeasurementUnit></Description><Layout><Page ID="Page1" PHYSICAL_IMG_NR="1" HEIGHT="1979" WIDTH="1536"><TopMargin HEIGHT="0" WIDTH="1536" VPOS="0" HPOS="0"/><LeftMargin HEIGHT="1979" WIDTH="0" VPOS="0" HPOS="0"/><RightMargin HEIGHT="1979" WIDTH="0" VPOS="0" HPOS="1536"/><BottomMargin HEIGHT="0" WIDTH="1536" VPOS="1979" HPOS="0"/><PrintSpace HEIGHT="1979" WIDTH="1536" VPOS="0" HPOS="0"><TextBlock ID="Ar0020000" HEIGHT="290" WIDTH="619" VPOS="134" HPOS="760"><Shape><Polygon POINTS="1379,424 760,424 760,134 1379,134"/></Shape><TextLine ID="Ar0020000l1" BASELINE="173" HEIGHT="41" WIDTH="615" VPOS="132" HPOS="762"><String HEIGHT="41" WIDTH="96" VPOS="132" HPOS="750" CONTENT="נפלו"/><String HEIGHT="41" WIDTH="121" VPOS="132" HPOS="810" CONTENT="ואחרים"/><String HEIGHT="41" WIDTH="84" VPOS="132" HPOS="895" CONTENT="קמו"/><String HEIGHT="41" WIDTH="109" VPOS="132" HPOS="943" CONTENT="תחתם;"/><String HEIGHT="41" WIDTH="109" VPOS="132" HPOS="1015" CONTENT="הצעות"/><String HEIGHT="41" WIDTH="96" VPOS="132" HPOS="1088" CONTENT="רבות"/><String HEIGHT="41" WIDTH="84" VPOS="132" HPOS="1148" CONTENT="עלו"/><String HEIGHT="41" WIDTH="72" VPOS="132" HPOS="1196" CONTENT="על"/><String HEIGHT="41" WIDTH="96" VPOS="132" HPOS="1232" CONTENT="הבמה"/><String HEIGHT="41" WIDTH="96" VPOS="132" HPOS="1281" CONTENT="ותרדנה"/></TextLine><TextLine ID="Ar0020000l2" BASELINE="203" HEIGHT="40" WIDTH="619" VPOS="163" HPOS="761"><String HEIGHT="40" WIDTH="394" VPOS="163" HPOS="750" CONTENT="בבשת פנים; רנע ששו אוהבי המלוכה"/><String HEIGHT="40" WIDTH="124" VPOS="163" HPOS="1110" CONTENT="ויאמרו:"/><String HEIGHT="40" WIDTH="79" VPOS="163" HPOS="1200" CONTENT="באו"/><String HEIGHT="40" WIDTH="90" VPOS="163" HPOS="1245" CONTENT="היום"/><String HEIGHT="40" WIDTH="90" VPOS="163" HPOS="1290" CONTENT="שקוינו"/></TextLine><TextLine ID="Ar0020000l3" BASELINE="235" HEIGHT="41" WIDTH="620" VPOS="194" HPOS="760"><String HEIGHT="41" WIDTH="155" VPOS="194" HPOS="748" CONTENT="לו, וברגע"/><String HEIGHT="41" WIDTH="95" VPOS="194" HPOS="867" CONTENT="השני"/><String HEIGHT="41" WIDTH="83" VPOS="194" HPOS="927" CONTENT="ראו"/><String HEIGHT="41" WIDTH="72" VPOS="194" HPOS="975" CONTENT="כי"/><String HEIGHT="41" WIDTH="95" VPOS="194" HPOS="1010" CONTENT="לריק"/><String HEIGHT="41" WIDTH="95" VPOS="194" HPOS="1070" CONTENT="שמחו"/><String HEIGHT="41" WIDTH="119" VPOS="194" HPOS="1130" CONTENT="ותקותם"/><String HEIGHT="41" WIDTH="83" VPOS="194" HPOS="1213" CONTENT="מפת"/><String HEIGHT="41" WIDTH="95" VPOS="194" HPOS="1261" CONTENT="נפש;"/><String HEIGHT="41" WIDTH="72" VPOS="194" HPOS="1308" CONTENT="ובכל"/></TextLine><TextLine ID="Ar0020000l4" BASELINE="267" HEIGHT="48" WIDTH="622" VPOS="219" HPOS="759"><String HEIGHT="48" WIDTH="645" VPOS="219" HPOS="736" CONTENT="אלה לא נעשו ישועות בארץ ומצב הענינים עודנה כשנה תמימה"/></TextLine><TextLine ID="Ar0020000l5" BASELINE="296" HEIGHT="38" WIDTH="622" VPOS="258" HPOS="759"><String HEIGHT="38" WIDTH="98" VPOS="258" HPOS="747" CONTENT="לפני"/><String HEIGHT="38" WIDTH="85" VPOS="258" HPOS="808" CONTENT="זה."/><String HEIGHT="38" WIDTH="85" VPOS="258" HPOS="857" CONTENT="עתה"/><String HEIGHT="38" WIDTH="98" VPOS="258" HPOS="905" CONTENT="הראו"/><String HEIGHT="38" WIDTH="134" VPOS="258" HPOS="966" CONTENT="הצרפתים"/><String HEIGHT="38" WIDTH="98" VPOS="258" HPOS="1064" CONTENT="לדעת"/><String HEIGHT="38" WIDTH="73" VPOS="258" HPOS="1125" CONTENT="את"/><String HEIGHT="38" WIDTH="98" VPOS="258" HPOS="1161" CONTENT="שגגת"/><String HEIGHT="38" WIDTH="85" VPOS="258" HPOS="1222" CONTENT="אלה"/><String HEIGHT="38" WIDTH="122" VPOS="258" HPOS="1259" CONTENT="האומרים,"/></TextLine><TextLine ID="Ar0020000l6" BASELINE="330" HEIGHT="41" WIDTH="620" VPOS="289" HPOS="758"><String HEIGHT="41" WIDTH="68" VPOS="289" HPOS="747" CONTENT="כי"/><String HEIGHT="41" WIDTH="68" VPOS="289" HPOS="781" CONTENT="עם"/><String HEIGHT="41" WIDTH="90" VPOS="289" HPOS="814" CONTENT="פוחז"/><String HEIGHT="41" WIDTH="90" VPOS="289" HPOS="871" CONTENT="וקצר"/><String HEIGHT="41" WIDTH="79" VPOS="289" HPOS="927" CONTENT="רוח"/><String HEIGHT="41" WIDTH="79" VPOS="289" HPOS="972" CONTENT="המה"/><String HEIGHT="41" WIDTH="113" VPOS="289" HPOS="1017" CONTENT="מעולם;"/><String HEIGHT="41" WIDTH="113" VPOS="289" HPOS="1096" CONTENT="ונהפוך"/><String HEIGHT="41" WIDTH="90" VPOS="289" HPOS="1175" CONTENT="הוא,"/><String HEIGHT="41" WIDTH="79" VPOS="289" HPOS="1231" CONTENT="כמה"/><String HEIGHT="41" WIDTH="79" VPOS="289" HPOS="1277" CONTENT="ארך"/><String HEIGHT="41" WIDTH="68" VPOS="289" HPOS="1310" CONTENT="אפים"/></TextLine><TextLine ID="Ar0020000l7" BASELINE="361" HEIGHT="40" WIDTH="627" VPOS="321" HPOS="754"><String HEIGHT="40" WIDTH="90" VPOS="321" HPOS="743" CONTENT="לפני"/><String HEIGHT="40" WIDTH="90" VPOS="321" HPOS="799" CONTENT="הגוי"/><String HEIGHT="40" WIDTH="90" VPOS="321" HPOS="855" CONTENT="הזה,"/><String HEIGHT="40" WIDTH="78" VPOS="321" HPOS="911" CONTENT="אשר"/><String HEIGHT="40" WIDTH="67" VPOS="321" HPOS="956" CONTENT="זה"/><String HEIGHT="40" WIDTH="78" VPOS="321" HPOS="989" CONTENT="שלש"/><String HEIGHT="40" WIDTH="90" VPOS="321" HPOS="1034" CONTENT="שנים"/><String HEIGHT="40" WIDTH="123" VPOS="321" HPOS="1090" CONTENT="מכעיסים"/><String HEIGHT="40" WIDTH="90" VPOS="321" HPOS="1179" CONTENT="אותו"/><String HEIGHT="40" WIDTH="101" VPOS="321" HPOS="1235" CONTENT="נבחרי"/><String HEIGHT="40" WIDTH="90" VPOS="321" HPOS="1291" CONTENT="האספה,"/></TextLine><TextLine ID="Ar0020000l8" BASELINE="394" HEIGHT="40" WIDTH="620" VPOS="354" HPOS="759"><String HEIGHT="40" WIDTH="644" VPOS="354" HPOS="735" CONTENT="נותנים לו מחלקת במקום מנוחה, תרמית ותככים במקום חקים"/></TextLine><TextLine ID="Ar0020000l9" BASELINE="427" HEIGHT="42" WIDTH="623" VPOS="385" HPOS="758"><String HEIGHT="42" WIDTH="648" VPOS="385" HPOS="733" CONTENT="צדיקים אשר הבטיחו לו, והוא עומד ומחשה. רק פעם אחת"/></TextLine></TextBlock><TextBlock ID="Ar0020001" HEIGHT="319" WIDTH="620" VPOS="421" HPOS="762"><Shape><Polygon POINTS="1382,740 762,740 762,421 1382,421"/></Shape><TextLine ID="Ar0020001l1" BASELINE="458" HEIGHT="43" WIDTH="621" VPOS="415" HPOS="765"><String HEIGHT="43" WIDTH="246" VPOS="415" HPOS="753" CONTENT="התנודד ההמון לקול"/><String HEIGHT="43" WIDTH="117" VPOS="415" HPOS="964" CONTENT="המבשר,"/><String HEIGHT="43" WIDTH="70" VPOS="415" HPOS="1046" CONTENT="כי"/><String HEIGHT="43" WIDTH="94" VPOS="415" HPOS="1081" CONTENT="נפלה"/><String HEIGHT="43" WIDTH="94" VPOS="415" HPOS="1140" CONTENT="הצעת"/><String HEIGHT="43" WIDTH="105" VPOS="415" HPOS="1199" CONTENT="פעריע"/><String HEIGHT="43" WIDTH="117" VPOS="415" HPOS="1269" CONTENT="ואחריה"/><String HEIGHT="43" WIDTH="47" VPOS="415" HPOS="1339" CONTENT="גם"/></TextLine><TextLine ID="Ar0020001l2" BASELINE="488" HEIGHT="41" WIDTH="623" VPOS="447" HPOS="758"><String HEIGHT="41" WIDTH="94" VPOS="447" HPOS="746" CONTENT="הצעת"/><String HEIGHT="41" WIDTH="94" VPOS="447" HPOS="805" CONTENT="לעאן"/><String HEIGHT="41" WIDTH="141" VPOS="447" HPOS="864" CONTENT="מאלעוויל"/><String HEIGHT="41" WIDTH="82" VPOS="447" HPOS="970" CONTENT="ולא"/><String HEIGHT="41" WIDTH="94" VPOS="447" HPOS="1017" CONTENT="יספו"/><String HEIGHT="41" WIDTH="94" VPOS="447" HPOS="1075" CONTENT="קום,"/><String HEIGHT="41" WIDTH="71" VPOS="447" HPOS="1134" CONTENT="רק"/><String HEIGHT="41" WIDTH="71" VPOS="447" HPOS="1169" CONTENT="אז"/><String HEIGHT="41" WIDTH="82" VPOS="447" HPOS="1205" CONTENT="החל"/><String HEIGHT="41" WIDTH="82" VPOS="447" HPOS="1252" CONTENT="העם"/><String HEIGHT="41" WIDTH="94" VPOS="447" HPOS="1287" CONTENT="להתקבץ"/></TextLine><TextLine ID="Ar0020001l3" BASELINE="518" HEIGHT="39" WIDTH="630" VPOS="479" HPOS="756"><String HEIGHT="39" WIDTH="655" VPOS="479" HPOS="731" CONTENT="בצדי הרחובות ועל המגרשים; אבל עד ארגיעה נמוג ההמון"/></TextLine><TextLine ID="Ar0020001l4" BASELINE="551" HEIGHT="41" WIDTH="626" VPOS="510" HPOS="756"><String HEIGHT="41" WIDTH="652" VPOS="510" HPOS="730" CONTENT="וילכו איש איש לדרכו. והנה בלי ספק גם עתה לא ישימו"/></TextLine><TextLine ID="Ar0020001l5" BASELINE="582" HEIGHT="40" WIDTH="621" VPOS="542" HPOS="764"><String HEIGHT="40" WIDTH="199" VPOS="542" HPOS="752" CONTENT="הלעגיטימיסטים"/><String HEIGHT="40" WIDTH="187" VPOS="542" HPOS="916" CONTENT="והארלעניסטים"/><String HEIGHT="40" WIDTH="70" VPOS="542" HPOS="1069" CONTENT="יד"/><String HEIGHT="40" WIDTH="117" VPOS="542" HPOS="1104" CONTENT="בצלחת,"/><String HEIGHT="40" WIDTH="105" VPOS="542" HPOS="1186" CONTENT="ובמשך"/><String HEIGHT="40" WIDTH="105" VPOS="542" HPOS="1256" CONTENT="ארבעת"/><String HEIGHT="40" WIDTH="70" VPOS="542" HPOS="1315" CONTENT="חדשי"/></TextLine><TextLine ID="Ar0020001l6" BASELINE="614" HEIGHT="40" WIDTH="625" VPOS="574" HPOS="760"><String HEIGHT="40" WIDTH="240" VPOS="574" HPOS="748" CONTENT="המנוחה יעמלו בכל"/><String HEIGHT="40" WIDTH="72" VPOS="574" HPOS="952" CONTENT="עז"/><String HEIGHT="40" WIDTH="108" VPOS="574" HPOS="988" CONTENT="לסולל"/><String HEIGHT="40" WIDTH="84" VPOS="574" HPOS="1060" CONTENT="דרך"/><String HEIGHT="40" WIDTH="168" VPOS="574" HPOS="1109" CONTENT="למזימותיהם"/><String HEIGHT="40" WIDTH="120" VPOS="574" HPOS="1241" CONTENT="ומאויי"/><String HEIGHT="40" WIDTH="72" VPOS="574" HPOS="1313" CONTENT="לבם;"/></TextLine><TextLine ID="Ar0020001l7" BASELINE="641" HEIGHT="36" WIDTH="629" VPOS="605" HPOS="760"><String HEIGHT="36" WIDTH="654" VPOS="605" HPOS="735" CONTENT="ולפי הנשמע יעמוד ההערצאג בראגלי אחרי ימי המנוחה עוד"/></TextLine><TextLine ID="Ar0020001l8" BASELINE="679" HEIGHT="40" WIDTH="624" VPOS="639" HPOS="761"><String HEIGHT="40" WIDTH="100" VPOS="639" HPOS="749" CONTENT="הפעם"/><String HEIGHT="40" WIDTH="100" VPOS="639" HPOS="811" CONTENT="בראש"/><String HEIGHT="40" WIDTH="137" VPOS="639" HPOS="873" CONTENT="הממשלה,"/><String HEIGHT="40" WIDTH="87" VPOS="639" HPOS="973" CONTENT="וכל"/><String HEIGHT="40" WIDTH="100" VPOS="639" HPOS="1023" CONTENT="יודע"/><String HEIGHT="40" WIDTH="75" VPOS="639" HPOS="1085" CONTENT="את"/><String HEIGHT="40" WIDTH="100" VPOS="639" HPOS="1123" CONTENT="האיש"/><String HEIGHT="40" WIDTH="87" VPOS="639" HPOS="1185" CONTENT="ואת"/><String HEIGHT="40" WIDTH="112" VPOS="639" HPOS="1235" CONTENT="שיחו,"/><String HEIGHT="40" WIDTH="87" VPOS="639" HPOS="1298" CONTENT="יבין,"/></TextLine><TextLine ID="Ar0020001l9" BASELINE="709" HEIGHT="40" WIDTH="617" VPOS="669" HPOS="761"><String HEIGHT="40" WIDTH="239" VPOS="669" HPOS="748" CONTENT="כי לא עליו תוכל"/><String HEIGHT="40" WIDTH="88" VPOS="669" HPOS="950" CONTENT="ארץ"/><String HEIGHT="40" WIDTH="101" VPOS="669" HPOS="1000" CONTENT="צרפת"/><String HEIGHT="40" WIDTH="101" VPOS="669" HPOS="1063" CONTENT="לשים"/><String HEIGHT="40" WIDTH="76" VPOS="669" HPOS="1126" CONTENT="את"/><String HEIGHT="40" WIDTH="126" VPOS="669" HPOS="1164" CONTENT="מבטחה,"/><String HEIGHT="40" WIDTH="76" VPOS="669" HPOS="1252" CONTENT="כי"/><String HEIGHT="40" WIDTH="88" VPOS="669" HPOS="1290" CONTENT="יתן"/><String HEIGHT="40" WIDTH="50" VPOS="669" HPOS="1328" CONTENT="לה"/></TextLine><TextLine ID="Ar0020001l10" BASELINE="742" HEIGHT="41" WIDTH="518" VPOS="701" HPOS="866"><String HEIGHT="41" WIDTH="543" VPOS="701" HPOS="841" CONTENT="שלות השקט. אמנם מי יוכל לנבא עתידות מראש?"/></TextLine></TextBlock><TextBlock ID="Ar0020002" HEIGHT="509" WIDTH="626" VPOS="772" HPOS="760"><Shape><Polygon POINTS="1386,1281 760,1281 760,772 1386,772"/></Shape><TextLine ID="Ar0020002l1" BASELINE="810" HEIGHT="40" WIDTH="559" VPOS="770" HPOS="763"><String HEIGHT="40" WIDTH="582" VPOS="770" HPOS="740" CONTENT="(שפאניען) גם בארץ ספרד עוד לא נשתנו הענינים לטוב."/></TextLine><TextLine ID="Ar0020002l2" BASELINE="841" HEIGHT="40" WIDTH="626" VPOS="801" HPOS="764"><String HEIGHT="40" WIDTH="289" VPOS="801" HPOS="752" CONTENT="פה גברה יד  קרליסטים"/><String HEIGHT="40" WIDTH="120" VPOS="801" HPOS="1005" CONTENT="ויכבשו"/><String HEIGHT="40" WIDTH="84" VPOS="801" HPOS="1089" CONTENT="עיר"/><String HEIGHT="40" WIDTH="96" VPOS="801" HPOS="1137" CONTENT="מבצר"/><String HEIGHT="40" WIDTH="96" VPOS="801" HPOS="1197" CONTENT="וכלי"/><String HEIGHT="40" WIDTH="108" VPOS="801" HPOS="1258" CONTENT="מלחמה"/><String HEIGHT="40" WIDTH="72" VPOS="801" HPOS="1318" CONTENT="רבים"/></TextLine><TextLine ID="Ar0020002l3" BASELINE="872" HEIGHT="39" WIDTH="628" VPOS="833" HPOS="757"><String HEIGHT="39" WIDTH="88" VPOS="833" HPOS="744" CONTENT="היו"/><String HEIGHT="39" WIDTH="88" VPOS="833" HPOS="795" CONTENT="להם"/><String HEIGHT="39" WIDTH="88" VPOS="833" HPOS="845" CONTENT="לבז"/><String HEIGHT="39" WIDTH="126" VPOS="833" HPOS="895" CONTENT="ולשלל,"/><String HEIGHT="39" WIDTH="88" VPOS="833" HPOS="983" CONTENT="ושם"/><String HEIGHT="39" WIDTH="100" VPOS="833" HPOS="1033" CONTENT="פגשם"/><String HEIGHT="39" WIDTH="151" VPOS="833" HPOS="1096" CONTENT="הגענעראל"/><String HEIGHT="39" WIDTH="151" VPOS="833" HPOS="1209" CONTENT="מאריאנעם"/><String HEIGHT="39" WIDTH="75" VPOS="833" HPOS="1310" CONTENT="ויכם"/></TextLine><TextLine ID="Ar0020002l4" BASELINE="906" HEIGHT="42" WIDTH="624" VPOS="864" HPOS="756"><String HEIGHT="42" WIDTH="648" VPOS="864" HPOS="732" CONTENT="מכה נדולה וישב מהם רב; אבל לא מן המלחמות האלה תוצאות"/></TextLine><TextLine ID="Ar0020002l5" BASELINE="938" HEIGHT="42" WIDTH="623" VPOS="896" HPOS="760"><String HEIGHT="42" WIDTH="647" VPOS="896" HPOS="736" CONTENT="הנצחון לאחר הצדדים וכל עוד לא יעמוד בקשרי המלחמה שר"/></TextLine><TextLine ID="Ar0020002l6" BASELINE="968" HEIGHT="40" WIDTH="624" VPOS="928" HPOS="761"><String HEIGHT="40" WIDTH="100" VPOS="928" HPOS="749" CONTENT="הצבא"/><String HEIGHT="40" WIDTH="125" VPOS="928" HPOS="811" CONTENT="סאבאלא"/><String HEIGHT="40" WIDTH="75" VPOS="928" HPOS="898" CONTENT="עם"/><String HEIGHT="40" WIDTH="75" VPOS="928" HPOS="936" CONTENT="כל"/><String HEIGHT="40" WIDTH="100" VPOS="928" HPOS="973" CONTENT="החיל"/><String HEIGHT="40" WIDTH="75" VPOS="928" HPOS="1036" CONTENT="לא"/><String HEIGHT="40" WIDTH="100" VPOS="928" HPOS="1073" CONTENT="יגבר"/><String HEIGHT="40" WIDTH="100" VPOS="928" HPOS="1135" CONTENT="האחד"/><String HEIGHT="40" WIDTH="75" VPOS="928" HPOS="1198" CONTENT="על"/><String HEIGHT="40" WIDTH="112" VPOS="928" HPOS="1235" CONTENT="רעהו."/><String HEIGHT="40" WIDTH="87" VPOS="928" HPOS="1298" CONTENT="„המלך"/></TextLine><TextLine ID="Ar0020002l7" BASELINE="1000" HEIGHT="48" WIDTH="618" VPOS="952" HPOS="764"><String HEIGHT="48" WIDTH="117" VPOS="952" HPOS="752" CONTENT="קרלוס&#34;"/><String HEIGHT="48" WIDTH="105" VPOS="952" HPOS="834" CONTENT="הוציא"/><String HEIGHT="48" WIDTH="82" VPOS="952" HPOS="904" CONTENT="כתב"/><String HEIGHT="48" WIDTH="93" VPOS="952" HPOS="951" CONTENT="גלוי"/><String HEIGHT="48" WIDTH="82" VPOS="952" HPOS="1009" CONTENT="לכל"/><String HEIGHT="48" WIDTH="105" VPOS="952" HPOS="1056" CONTENT="יושבי"/><String HEIGHT="48" WIDTH="93" VPOS="952" HPOS="1125" CONTENT="ספרד"/><String HEIGHT="48" WIDTH="117" VPOS="952" HPOS="1184" CONTENT="ויבקשם"/><String HEIGHT="48" WIDTH="93" VPOS="952" HPOS="1265" CONTENT="לשוב"/><String HEIGHT="48" WIDTH="70" VPOS="952" HPOS="1312" CONTENT="אליו"/></TextLine><TextLine ID="Ar0020002l8" BASELINE="1032" HEIGHT="40" WIDTH="622" VPOS="992" HPOS="761"><String HEIGHT="40" WIDTH="153" VPOS="992" HPOS="749" CONTENT="לחסות תחת"/><String HEIGHT="40" WIDTH="70" VPOS="992" HPOS="867" CONTENT="צל"/><String HEIGHT="40" WIDTH="94" VPOS="992" HPOS="902" CONTENT="כנפי"/><String HEIGHT="40" WIDTH="117" VPOS="992" HPOS="961" CONTENT="מלכותו"/><String HEIGHT="40" WIDTH="106" VPOS="992" HPOS="1043" CONTENT="ויבטח"/><String HEIGHT="40" WIDTH="82" VPOS="992" HPOS="1113" CONTENT="להם"/><String HEIGHT="40" WIDTH="94" VPOS="992" HPOS="1160" CONTENT="חקים"/><String HEIGHT="40" WIDTH="106" VPOS="992" HPOS="1219" CONTENT="טובים"/><String HEIGHT="40" WIDTH="106" VPOS="992" HPOS="1277" CONTENT="ומשפטים"/></TextLine><TextLine ID="Ar0020002l9" BASELINE="1065" HEIGHT="42" WIDTH="623" VPOS="1023" HPOS="760"><String HEIGHT="42" WIDTH="646" VPOS="1023" HPOS="737" CONTENT="צדיקים, ולמען הראות בפועל את טוב לבו צוה להרוג את שבויי"/></TextLine><TextLine ID="Ar0020002l10" BASELINE="1096" HEIGHT="42" WIDTH="633" VPOS="1054" HPOS="754"><String HEIGHT="42" WIDTH="658" VPOS="1054" HPOS="729" CONTENT="המלחמה אשר נפלו בידו וימלא את הארץ חמס על חמס. לפי"/></TextLine><TextLine ID="Ar0020002l11" BASELINE="1127" HEIGHT="40" WIDTH="632" VPOS="1087" HPOS="757"><String HEIGHT="40" WIDTH="657" VPOS="1087" HPOS="732" CONTENT="דברי איש אמונים אשר היה במקום המעשה, הרבו הקרליסטים"/></TextLine><TextLine ID="Ar0020002l12" BASELINE="1160" HEIGHT="40" WIDTH="627" VPOS="1120" HPOS="756"><String HEIGHT="40" WIDTH="651" VPOS="1120" HPOS="732" CONTENT="להשחית ביום כבישת קוענסא; בתים הרבה שרפו באש ויושביהם"/></TextLine><TextLine ID="Ar0020002l13" BASELINE="1191" HEIGHT="38" WIDTH="625" VPOS="1153" HPOS="759"><String HEIGHT="38" WIDTH="650" VPOS="1153" HPOS="734" CONTENT="שלחו בחרב; ממחרת היום הרגו עוד מאה איש, ואת הבישאף"/></TextLine><TextLine ID="Ar0020002l14" BASELINE="1225" HEIGHT="42" WIDTH="626" VPOS="1183" HPOS="757"><String HEIGHT="42" WIDTH="651" VPOS="1183" HPOS="732" CONTENT="אשר חפץ להנן על קצתם הורידו אל בור אסיר, בעיר אלאטא"/></TextLine><TextLine ID="Ar0020002l15" BASELINE="1254" HEIGHT="40" WIDTH="626" VPOS="1214" HPOS="759"><String HEIGHT="40" WIDTH="102" VPOS="1214" HPOS="748" CONTENT="המיתו"/><String HEIGHT="40" WIDTH="91" VPOS="1214" HPOS="816" CONTENT="מחיל"/><String HEIGHT="40" WIDTH="114" VPOS="1214" HPOS="873" CONTENT="הממשלה"/><String HEIGHT="40" WIDTH="114" VPOS="1214" HPOS="952" CONTENT="הנשבים"/><String HEIGHT="40" WIDTH="68" VPOS="1214" HPOS="1032" CONTENT="שר"/><String HEIGHT="40" WIDTH="91" VPOS="1214" HPOS="1066" CONTENT="גדוד"/><String HEIGHT="40" WIDTH="91" VPOS="1214" HPOS="1123" CONTENT="אחד,"/><String HEIGHT="40" WIDTH="80" VPOS="1214" HPOS="1180" CONTENT="שרי"/><String HEIGHT="40" WIDTH="114" VPOS="1214" HPOS="1226" CONTENT="פקודות"/><String HEIGHT="40" WIDTH="91" VPOS="1214" HPOS="1294" CONTENT="אחדים,"/></TextLine><TextLine ID="Ar0020002l16" BASELINE="1285" HEIGHT="39" WIDTH="624" VPOS="1246" HPOS="761"><String HEIGHT="39" WIDTH="649" VPOS="1246" HPOS="736" CONTENT="105 אנשי חיל ושבעים ושלשה שוטרי הגבול. אבל במעשיהם"/></TextLine></TextBlock><TextBlock ID="Ar0020003" HEIGHT="287" WIDTH="622" VPOS="1283" HPOS="764"><Shape><Polygon POINTS="1386,1570 764,1570 764,1283 1386,1283"/></Shape><TextLine ID="Ar0020003l1" BASELINE="1318" HEIGHT="39" WIDTH="616" VPOS="1279" HPOS="769"><String HEIGHT="39" WIDTH="92" VPOS="1279" HPOS="756" CONTENT="אלה"/><String HEIGHT="39" WIDTH="105" VPOS="1279" HPOS="808" CONTENT="העלו"/><String HEIGHT="39" WIDTH="118" VPOS="1279" HPOS="874" CONTENT="עליהם"/><String HEIGHT="39" WIDTH="92" VPOS="1279" HPOS="952" CONTENT="חמת"/><String HEIGHT="39" WIDTH="92" VPOS="1279" HPOS="1005" CONTENT="דעת"/><String HEIGHT="39" WIDTH="105" VPOS="1279" HPOS="1057" CONTENT="הקהל"/><String HEIGHT="39" WIDTH="157" VPOS="1279" HPOS="1123" CONTENT="באייראפא"/><String HEIGHT="39" WIDTH="79" VPOS="1279" HPOS="1241" CONTENT="עד"/><String HEIGHT="39" WIDTH="118" VPOS="1279" HPOS="1267" CONTENT="להשחית,"/></TextLine><TextLine ID="Ar0020003l2" BASELINE="1349" HEIGHT="39" WIDTH="618" VPOS="1310" HPOS="767"><String HEIGHT="39" WIDTH="642" VPOS="1310" HPOS="743" CONTENT="ולרגלי הדבר הזה, יוכל היות, כי תמהרנה אדירי הממשלות"/></TextLine><TextLine ID="Ar0020003l3" BASELINE="1385" HEIGHT="44" WIDTH="627" VPOS="1341" HPOS="760"><String HEIGHT="44" WIDTH="654" VPOS="1341" HPOS="733" CONTENT="להכיר את כח הממשלה במדריד כשלטת על כל ארץ ספרד,"/></TextLine><TextLine ID="Ar0020003l4" BASELINE="1414" HEIGHT="45" WIDTH="631" VPOS="1369" HPOS="760"><String HEIGHT="45" WIDTH="657" VPOS="1369" HPOS="734" CONTENT="אז מלבד אשר תתן ההכרה כח ועז בלב שרי הממשלה לרדוף"/></TextLine><TextLine ID="Ar0020003l5" BASELINE="1449" HEIGHT="44" WIDTH="619" VPOS="1405" HPOS="764"><String HEIGHT="44" WIDTH="645" VPOS="1405" HPOS="738" CONTENT="באף את המורדים בה, הנה יהי לה צדק ומשפט לצעק חמס"/></TextLine><TextLine ID="Ar0020003l6" BASELINE="1478" HEIGHT="41" WIDTH="620" VPOS="1437" HPOS="769"><String HEIGHT="41" WIDTH="70" VPOS="1437" HPOS="757" CONTENT="על"/><String HEIGHT="41" WIDTH="94" VPOS="1437" HPOS="792" CONTENT="מעשי"/><String HEIGHT="41" WIDTH="117" VPOS="1437" HPOS="851" CONTENT="הארצות"/><String HEIGHT="41" WIDTH="129" VPOS="1437" HPOS="933" CONTENT="התומכות"/><String HEIGHT="41" WIDTH="94" VPOS="1437" HPOS="1026" CONTENT="בידי"/><String HEIGHT="41" WIDTH="152" VPOS="1437" HPOS="1085" CONTENT="הקרליסטים"/><String HEIGHT="41" WIDTH="82" VPOS="1437" HPOS="1202" CONTENT="בכל"/><String HEIGHT="41" WIDTH="94" VPOS="1437" HPOS="1249" CONTENT="אופן"/><String HEIGHT="41" WIDTH="94" VPOS="1437" HPOS="1295" CONTENT="שיהיה,"/></TextLine><TextLine ID="Ar0020003l7" BASELINE="1510" HEIGHT="42" WIDTH="625" VPOS="1468" HPOS="761"><String HEIGHT="42" WIDTH="650" VPOS="1468" HPOS="736" CONTENT="אם בכסף וכלי מלחמה, ואם בתתן מקום להן לנוס אל ארצן."/></TextLine><TextLine ID="Ar0020003l8" BASELINE="1540" HEIGHT="39" WIDTH="624" VPOS="1501" HPOS="764"><String HEIGHT="39" WIDTH="648" VPOS="1501" HPOS="740" CONTENT="גם בדבר האניות אשר שלחה אשכנז אל חוף ספרד רואים חוזי"/></TextLine><TextLine ID="Ar0020003l9" BASELINE="1573" HEIGHT="43" WIDTH="584" VPOS="1530" HPOS="804"><String HEIGHT="43" WIDTH="105" VPOS="1530" HPOS="792" CONTENT="העתים"/><String HEIGHT="43" WIDTH="93" VPOS="1530" HPOS="862" CONTENT="סימן"/><String HEIGHT="43" WIDTH="82" VPOS="1530" HPOS="921" CONTENT="טוב"/><String HEIGHT="43" WIDTH="117" VPOS="1530" HPOS="968" CONTENT="לממשלת"/><String HEIGHT="43" WIDTH="117" VPOS="1530" HPOS="1049" CONTENT="מדריד."/><String HEIGHT="43" WIDTH="70" VPOS="1530" HPOS="1131" CONTENT="מי"/><String HEIGHT="43" WIDTH="82" VPOS="1530" HPOS="1166" CONTENT="יתן"/><String HEIGHT="43" WIDTH="117" VPOS="1530" HPOS="1213" CONTENT="ויאמנו"/><String HEIGHT="43" WIDTH="105" VPOS="1530" HPOS="1283" CONTENT="דבריהם."/></TextLine></TextBlock><TextBlock ID="Ar0020004" HEIGHT="124" WIDTH="622" VPOS="1605" HPOS="764"><Shape><Polygon POINTS="1386,1729 764,1729 764,1605 1386,1605"/></Shape><TextLine ID="Ar0020004l1" BASELINE="1642" HEIGHT="41" WIDTH="570" VPOS="1601" HPOS="763"><String HEIGHT="41" WIDTH="598" VPOS="1601" HPOS="735" CONTENT="אל האספה בעיר בריססל אשר קראה ממשלת רוסיה"/></TextLine><TextLine ID="Ar0020004l2" BASELINE="1674" HEIGHT="40" WIDTH="618" VPOS="1634" HPOS="766"><String HEIGHT="40" WIDTH="642" VPOS="1634" HPOS="742" CONTENT="לעשות דינים חדשים בהלכות מלחמה בין העמים, כבר התקבצו"/></TextLine><TextLine ID="Ar0020004l3" BASELINE="1706" HEIGHT="40" WIDTH="621" VPOS="1666" HPOS="765"><String HEIGHT="40" WIDTH="645" VPOS="1666" HPOS="741" CONTENT="ובאו שרים משרים שונים מרוב ממלכות איירופה, וביום 27"/></TextLine><TextLine ID="Ar0020004l4" BASELINE="1733" HEIGHT="37" WIDTH="627" VPOS="1696" HPOS="762"><String HEIGHT="37" WIDTH="157" VPOS="1696" HPOS="750" CONTENT="לירח העבר"/><String HEIGHT="37" WIDTH="96" VPOS="1696" HPOS="871" CONTENT="נפתח"/><String HEIGHT="37" WIDTH="84" VPOS="1696" HPOS="931" CONTENT="בית"/><String HEIGHT="37" WIDTH="121" VPOS="1696" HPOS="979" CONTENT="המועצה"/><String HEIGHT="37" WIDTH="84" VPOS="1696" HPOS="1063" CONTENT="מכל"/><String HEIGHT="37" WIDTH="145" VPOS="1696" HPOS="1112" CONTENT="הנאספים."/><String HEIGHT="37" WIDTH="96" VPOS="1696" HPOS="1220" CONTENT="בעוד"/><String HEIGHT="37" WIDTH="84" VPOS="1696" HPOS="1280" CONTENT="אשר"/><String HEIGHT="37" WIDTH="72" VPOS="1696" HPOS="1317" CONTENT="נעלם"/></TextLine></TextBlock><TextBlock ID="Ar0020005" HEIGHT="130" WIDTH="621" VPOS="1732" HPOS="765"><Shape><Polygon POINTS="1386,1862 765,1862 765,1732 1386,1732"/></Shape><TextLine ID="Ar0020005l1" BASELINE="1767" HEIGHT="36" WIDTH="622" VPOS="1731" HPOS="766"><String HEIGHT="36" WIDTH="646" VPOS="1731" HPOS="742" CONTENT="מאתנו להגיד את הטוב אשד תביא האספה הזאת, ונסתר מנגד"/></TextLine><TextLine ID="Ar0020005l2" BASELINE="1798" HEIGHT="38" WIDTH="622" VPOS="1760" HPOS="768"><String HEIGHT="38" WIDTH="359" VPOS="1760" HPOS="756" CONTENT="עינינו אם יצלח בידה להמעיט"/><String HEIGHT="38" WIDTH="96" VPOS="1760" HPOS="1079" CONTENT="מספר"/><String HEIGHT="38" WIDTH="120" VPOS="1760" HPOS="1139" CONTENT="התלאות"/><String HEIGHT="38" WIDTH="120" VPOS="1760" HPOS="1223" CONTENT="והצרות"/><String HEIGHT="38" WIDTH="96" VPOS="1760" HPOS="1294" CONTENT="משבויי"/></TextLine><TextLine ID="Ar0020005l3" BASELINE="1829" HEIGHT="39" WIDTH="626" VPOS="1790" HPOS="760"><String HEIGHT="39" WIDTH="143" VPOS="1790" HPOS="747" CONTENT="מלחמה —"/><String HEIGHT="39" WIDTH="78" VPOS="1790" HPOS="851" CONTENT="אם"/><String HEIGHT="39" WIDTH="130" VPOS="1790" HPOS="890" CONTENT="בריאים"/><String HEIGHT="39" WIDTH="91" VPOS="1790" HPOS="982" CONTENT="ואם"/><String HEIGHT="39" WIDTH="130" VPOS="1790" HPOS="1034" CONTENT="נפצעים"/><String HEIGHT="39" WIDTH="65" VPOS="1790" HPOS="1125" CONTENT="—"/><String HEIGHT="39" WIDTH="143" VPOS="1790" HPOS="1151" CONTENT="ולהיטיב"/><String HEIGHT="39" WIDTH="104" VPOS="1790" HPOS="1256" CONTENT="גורל"/><String HEIGHT="39" WIDTH="78" VPOS="1790" HPOS="1308" CONTENT="הארץ"/></TextLine><TextLine ID="Ar0020005l4" BASELINE="1865" HEIGHT="45" WIDTH="622" VPOS="1820" HPOS="766"><String HEIGHT="45" WIDTH="647" VPOS="1820" HPOS="741" CONTENT="הנכבשה לבל תהיה לשלל לצבאות אויב, ולהקל מעליהם עול"/></TextLine></TextBlock><TextBlock ID="Ar0020200" HEIGHT="123" WIDTH="621" VPOS="134" HPOS="103"><Shape><Polygon POINTS="724,257 103,257 103,134 724,134"/></Shape><TextLine ID="Ar0020200l1" BASELINE="171" HEIGHT="43" WIDTH="622" VPOS="128" HPOS="107"><String HEIGHT="43" WIDTH="645" VPOS="128" HPOS="84" CONTENT="מס ושלמונים לאויב המנצח; בעוד אשר כל הדברים האלה עודם"/></TextLine><TextLine ID="Ar0020200l2" BASELINE="204" HEIGHT="41" WIDTH="616" VPOS="163" HPOS="110"><String HEIGHT="41" WIDTH="641" VPOS="163" HPOS="85" CONTENT="צפונים וטמונים בחיק העתיד, נשאל איפו מה ראתה ממשלת"/></TextLine><TextLine ID="Ar0020200l3" BASELINE="235" HEIGHT="40" WIDTH="622" VPOS="195" HPOS="98"><String HEIGHT="40" WIDTH="646" VPOS="195" HPOS="74" CONTENT="רוסיה על ככה, לקרוא אסיפה כזאת, ומה הגיע אליה להראות"/></TextLine><TextLine ID="Ar0020200l4" BASELINE="263" HEIGHT="37" WIDTH="613" VPOS="226" HPOS="108"><String HEIGHT="37" WIDTH="98" VPOS="226" HPOS="96" CONTENT="כפעם"/><String HEIGHT="37" WIDTH="86" VPOS="226" HPOS="157" CONTENT="אחת"/><String HEIGHT="37" WIDTH="86" VPOS="226" HPOS="206" CONTENT="לכל"/><String HEIGHT="37" WIDTH="110" VPOS="226" HPOS="255" CONTENT="יושבי"/><String HEIGHT="37" WIDTH="86" VPOS="226" HPOS="329" CONTENT="תבל"/><String HEIGHT="37" WIDTH="74" VPOS="226" HPOS="378" CONTENT="כי"/><String HEIGHT="37" WIDTH="98" VPOS="226" HPOS="414" CONTENT="תדאג"/><String HEIGHT="37" WIDTH="74" VPOS="226" HPOS="476" CONTENT="עד"/><String HEIGHT="37" WIDTH="86" VPOS="226" HPOS="513" CONTENT="מאד"/><String HEIGHT="37" WIDTH="86" VPOS="226" HPOS="562" CONTENT="בעד"/><String HEIGHT="37" WIDTH="98" VPOS="226" HPOS="611" CONTENT="אושר"/><String HEIGHT="37" WIDTH="61" VPOS="226" HPOS="660" CONTENT="בני"/></TextLine></TextBlock><TextBlock ID="Ar0020201" HEIGHT="445" WIDTH="626" VPOS="262" HPOS="103"><Shape><Polygon POINTS="729,707 103,707 103,262 729,262"/></Shape><TextLine ID="Ar0020201l1" BASELINE="298" HEIGHT="40" WIDTH="615" VPOS="258" HPOS="110"><String HEIGHT="40" WIDTH="174" VPOS="258" HPOS="98" CONTENT="אדם? אכן אם"/><String HEIGHT="40" WIDTH="93" VPOS="258" HPOS="238" CONTENT="נשאל"/><String HEIGHT="40" WIDTH="104" VPOS="258" HPOS="296" CONTENT="קורות"/><String HEIGHT="40" WIDTH="93" VPOS="258" HPOS="365" CONTENT="ימים"/><String HEIGHT="40" WIDTH="104" VPOS="258" HPOS="423" CONTENT="עברו,"/><String HEIGHT="40" WIDTH="128" VPOS="258" HPOS="493" CONTENT="ונחקורה"/><String HEIGHT="40" WIDTH="93" VPOS="258" HPOS="586" CONTENT="בספר"/><String HEIGHT="40" WIDTH="93" VPOS="258" HPOS="632" CONTENT="תולדות"/></TextLine><TextLine ID="Ar0020201l2" BASELINE="330" HEIGHT="41" WIDTH="618" VPOS="289" HPOS="107"><String HEIGHT="41" WIDTH="124" VPOS="289" HPOS="95" CONTENT="הזמנים"/><String HEIGHT="41" WIDTH="99" VPOS="289" HPOS="181" CONTENT="חלפו"/><String HEIGHT="41" WIDTH="99" VPOS="289" HPOS="243" CONTENT="נמצא"/><String HEIGHT="41" WIDTH="87" VPOS="289" HPOS="305" CONTENT="פשר"/><String HEIGHT="41" WIDTH="148" VPOS="289" HPOS="354" CONTENT="לשאלתנו."/><String HEIGHT="41" WIDTH="136" VPOS="289" HPOS="465" CONTENT="הקיסרית"/><String HEIGHT="41" WIDTH="124" VPOS="289" HPOS="564" CONTENT="קטרינה"/><String HEIGHT="41" WIDTH="87" VPOS="289" HPOS="638" CONTENT="השניה"/></TextLine><TextLine ID="Ar0020201l3" BASELINE="360" HEIGHT="39" WIDTH="630" VPOS="321" HPOS="101"><String HEIGHT="39" WIDTH="656" VPOS="321" HPOS="75" CONTENT="מרוסיה, היתה מכבדת מאד את הפלסופיה, ודורשי רשומות"/></TextLine><TextLine ID="Ar0020201l4" BASELINE="394" HEIGHT="41" WIDTH="629" VPOS="353" HPOS="104"><String HEIGHT="41" WIDTH="119" VPOS="353" HPOS="92" CONTENT="בחכמות"/><String HEIGHT="41" WIDTH="142" VPOS="353" HPOS="175" CONTENT="העיוניות"/><String HEIGHT="41" WIDTH="71" VPOS="353" HPOS="282" CONTENT="לא"/><String HEIGHT="41" WIDTH="83" VPOS="353" HPOS="318" CONTENT="מצא"/><String HEIGHT="41" WIDTH="83" VPOS="353" HPOS="365" CONTENT="בין"/><String HEIGHT="41" WIDTH="71" VPOS="353" HPOS="413" CONTENT="כל"/><String HEIGHT="41" WIDTH="95" VPOS="353" HPOS="448" CONTENT="מלכי"/><String HEIGHT="41" WIDTH="131" VPOS="353" HPOS="508" CONTENT="איירופה"/><String HEIGHT="41" WIDTH="83" VPOS="353" HPOS="602" CONTENT="איש"/><String HEIGHT="41" WIDTH="71" VPOS="353" HPOS="650" CONTENT="או"/><String HEIGHT="41" WIDTH="59" VPOS="353" HPOS="674" CONTENT="אשה"/></TextLine><TextLine ID="Ar0020201l5" BASELINE="427" HEIGHT="35" WIDTH="624" VPOS="392" HPOS="99"><String HEIGHT="35" WIDTH="648" VPOS="392" HPOS="75" CONTENT="אשר התימרו בכבודם וחפצו ביקרם יותר מקטרינה. היא הריצה"/></TextLine><TextLine ID="Ar0020201l6" BASELINE="455" HEIGHT="42" WIDTH="632" VPOS="413" HPOS="98"><String HEIGHT="42" WIDTH="109" VPOS="413" HPOS="86" CONTENT="אליהם"/><String HEIGHT="42" WIDTH="122" VPOS="413" HPOS="159" CONTENT="אגרות,"/><String HEIGHT="42" WIDTH="97" VPOS="413" HPOS="244" CONTENT="תמכה"/><String HEIGHT="42" WIDTH="122" VPOS="413" HPOS="305" CONTENT="בימינם"/><String HEIGHT="42" WIDTH="85" VPOS="413" HPOS="390" CONTENT="ביד"/><String HEIGHT="42" WIDTH="122" VPOS="413" HPOS="438" CONTENT="נדיבה,"/><String HEIGHT="42" WIDTH="109" VPOS="413" HPOS="523" CONTENT="ורבים"/><String HEIGHT="42" WIDTH="85" VPOS="413" HPOS="596" CONTENT="מהם"/><String HEIGHT="42" WIDTH="97" VPOS="413" HPOS="633" CONTENT="הכניסה"/></TextLine><TextLine ID="Ar0020201l7" BASELINE="489" HEIGHT="42" WIDTH="628" VPOS="447" HPOS="101"><String HEIGHT="42" WIDTH="652" VPOS="447" HPOS="77" CONTENT="בתוך ביתה, ותקבלם באהבה בתור אורחים על שולחנם. וכל זה"/></TextLine><TextLine ID="Ar0020201l8" BASELINE="519" HEIGHT="40" WIDTH="626" VPOS="479" HPOS="98"><String HEIGHT="40" WIDTH="86" VPOS="479" HPOS="86" CONTENT="יען"/><String HEIGHT="40" WIDTH="74" VPOS="479" HPOS="135" CONTENT="כי"/><String HEIGHT="40" WIDTH="110" VPOS="479" HPOS="172" CONTENT="בימים"/><String HEIGHT="40" WIDTH="110" VPOS="479" HPOS="245" CONTENT="האלה,"/><String HEIGHT="40" WIDTH="98" VPOS="479" HPOS="319" CONTENT="אחרי"/><String HEIGHT="40" WIDTH="86" VPOS="479" HPOS="380" CONTENT="אשר"/><String HEIGHT="40" WIDTH="98" VPOS="479" HPOS="429" CONTENT="היתה"/><String HEIGHT="40" WIDTH="98" VPOS="479" HPOS="491" CONTENT="הארץ"/><String HEIGHT="40" WIDTH="98" VPOS="479" HPOS="552" CONTENT="לשמה"/><String HEIGHT="40" WIDTH="123" VPOS="479" HPOS="601" CONTENT="מהמלחמות"/></TextLine><TextLine ID="Ar0020201l9" BASELINE="551" HEIGHT="40" WIDTH="622" VPOS="511" HPOS="101"><String HEIGHT="40" WIDTH="648" VPOS="511" HPOS="75" CONTENT="הנוראות אשר היו בארץ כמו מלחמת השלשים שנה, מלחמת"/></TextLine><TextLine ID="Ar0020201l10" BASELINE="583" HEIGHT="41" WIDTH="622" VPOS="542" HPOS="107"><String HEIGHT="41" WIDTH="647" VPOS="542" HPOS="82" CONTENT="הצפון, מלחמת שפניה, ומלחמת ההתקוממות בארץ אנגליה,"/></TextLine><TextLine ID="Ar0020201l11" BASELINE="614" HEIGHT="39" WIDTH="631" VPOS="575" HPOS="100"><String HEIGHT="39" WIDTH="655" VPOS="575" HPOS="76" CONTENT="חשבו כל מלכי ומושלי איירופה וקטרינה עמהם, למצא מנוחה"/></TextLine><TextLine ID="Ar0020201l12" BASELINE="648" HEIGHT="43" WIDTH="628" VPOS="605" HPOS="101"><String HEIGHT="43" WIDTH="650" VPOS="605" HPOS="79" CONTENT="בחיק הפלסופיה והטיולגיה, ועל ידן יביאו ישע ופדות להאנושית"/></TextLine><TextLine ID="Ar0020201l13" BASELINE="673" HEIGHT="35" WIDTH="624" VPOS="638" HPOS="101"><String HEIGHT="35" WIDTH="79" VPOS="638" HPOS="90" CONTENT="כלה"/><String HEIGHT="35" WIDTH="79" VPOS="638" HPOS="135" CONTENT="אשר"/><String HEIGHT="35" WIDTH="91" VPOS="638" HPOS="180" CONTENT="היתה"/><String HEIGHT="35" WIDTH="91" VPOS="638" HPOS="237" CONTENT="נענה"/><String HEIGHT="35" WIDTH="113" VPOS="638" HPOS="294" CONTENT="ונדכאה"/><String HEIGHT="35" WIDTH="102" VPOS="638" HPOS="373" CONTENT="מתגרת"/><String HEIGHT="35" WIDTH="79" VPOS="638" HPOS="441" CONTENT="ידי"/><String HEIGHT="35" WIDTH="113" VPOS="638" HPOS="487" CONTENT="מלחמות"/><String HEIGHT="35" WIDTH="91" VPOS="638" HPOS="566" CONTENT="רבות"/><String HEIGHT="35" WIDTH="113" VPOS="638" HPOS="612" CONTENT="ונוראות."/></TextLine><TextLine ID="Ar0020201l14" BASELINE="710" HEIGHT="42" WIDTH="624" VPOS="668" HPOS="102"><String HEIGHT="42" WIDTH="71" VPOS="668" HPOS="90" CONTENT="אך"/><String HEIGHT="42" WIDTH="71" VPOS="668" HPOS="126" CONTENT="לא"/><String HEIGHT="42" WIDTH="94" VPOS="668" HPOS="161" CONTENT="ארכו"/><String HEIGHT="42" WIDTH="118" VPOS="668" HPOS="220" CONTENT="הימים,"/><String HEIGHT="42" WIDTH="130" VPOS="668" HPOS="302" CONTENT="ומלחמות"/><String HEIGHT="42" WIDTH="106" VPOS="668" HPOS="396" CONTENT="אחרות"/><String HEIGHT="42" WIDTH="82" VPOS="668" HPOS="467" CONTENT="באו"/><String HEIGHT="42" WIDTH="71" VPOS="668" HPOS="514" CONTENT="על"/><String HEIGHT="42" WIDTH="94" VPOS="668" HPOS="549" CONTENT="הארץ"/><String HEIGHT="42" WIDTH="82" VPOS="668" HPOS="608" CONTENT="ועל"/><String HEIGHT="42" WIDTH="82" VPOS="668" HPOS="644" CONTENT="הדרים"/></TextLine></TextBlock><TextBlock ID="Ar0020202" HEIGHT="376" WIDTH="626" VPOS="705" HPOS="103"><Shape><Polygon POINTS="729,1081 103,1081 103,705 729,705"/></Shape><TextLine ID="Ar0020202l1" BASELINE="741" HEIGHT="40" WIDTH="618" VPOS="701" HPOS="106"><String HEIGHT="40" WIDTH="105" VPOS="701" HPOS="93" CONTENT="עליה"/><String HEIGHT="40" WIDTH="92" VPOS="701" HPOS="159" CONTENT="כמו"/><String HEIGHT="40" WIDTH="118" VPOS="701" HPOS="211" CONTENT="מלחמת"/><String HEIGHT="40" WIDTH="105" VPOS="701" HPOS="290" CONTENT="השבע"/><String HEIGHT="40" WIDTH="118" VPOS="701" HPOS="356" CONTENT="שנים,"/><String HEIGHT="40" WIDTH="118" VPOS="701" HPOS="435" CONTENT="מלחמת"/><String HEIGHT="40" WIDTH="118" VPOS="701" HPOS="514" CONTENT="הדרור"/><String HEIGHT="40" WIDTH="145" VPOS="701" HPOS="579" CONTENT="באמיריקה,"/></TextLine><TextLine ID="Ar0020202l2" BASELINE="773" HEIGHT="45" WIDTH="629" VPOS="728" HPOS="102"><String HEIGHT="45" WIDTH="653" VPOS="728" HPOS="78" CONTENT="ומלחמת החתקוממות בצרפת, ולרגלי המלחמות האלה, החלו גם"/></TextLine><TextLine ID="Ar0020202l3" BASELINE="805" HEIGHT="41" WIDTH="629" VPOS="764" HPOS="101"><String HEIGHT="41" WIDTH="244" VPOS="764" HPOS="88" CONTENT="החכמות העיוניות"/><String HEIGHT="41" WIDTH="141" VPOS="764" HPOS="294" CONTENT="להשתכח,"/><String HEIGHT="41" WIDTH="90" VPOS="764" HPOS="396" CONTENT="ורק"/><String HEIGHT="41" WIDTH="128" VPOS="764" HPOS="448" CONTENT="קטרינה"/><String HEIGHT="41" WIDTH="103" VPOS="764" HPOS="537" CONTENT="אחזה"/><String HEIGHT="41" WIDTH="90" VPOS="764" HPOS="602" CONTENT="בהן"/><String HEIGHT="41" WIDTH="90" VPOS="764" HPOS="640" CONTENT="ותשאר"/></TextLine><TextLine ID="Ar0020202l4" BASELINE="836" HEIGHT="39" WIDTH="619" VPOS="797" HPOS="106"><String HEIGHT="39" WIDTH="117" VPOS="797" HPOS="94" CONTENT="בבריתן"/><String HEIGHT="39" WIDTH="70" VPOS="797" HPOS="176" CONTENT="עד"/><String HEIGHT="39" WIDTH="82" VPOS="797" HPOS="211" CONTENT="יום"/><String HEIGHT="39" WIDTH="105" VPOS="797" HPOS="258" CONTENT="מותה,"/><String HEIGHT="39" WIDTH="70" VPOS="797" HPOS="328" CONTENT="כי"/><String HEIGHT="39" WIDTH="82" VPOS="797" HPOS="363" CONTENT="אחת"/><String HEIGHT="39" WIDTH="105" VPOS="797" HPOS="410" CONTENT="אמרה,"/><String HEIGHT="39" WIDTH="70" VPOS="797" HPOS="480" CONTENT="רק"/><String HEIGHT="39" WIDTH="82" VPOS="797" HPOS="515" CONTENT="ע&#34;י"/><String HEIGHT="39" WIDTH="140" VPOS="797" HPOS="561" CONTENT="הפלסופיה"/><String HEIGHT="39" WIDTH="70" VPOS="797" HPOS="655" CONTENT="ודעת"/></TextLine><TextLine ID="Ar0020202l5" BASELINE="867" HEIGHT="39" WIDTH="630" VPOS="828" HPOS="102"><String HEIGHT="39" WIDTH="655" VPOS="828" HPOS="77" CONTENT="אלהים תהיה שלום ושלוה בארץ, ולא ע&#34;י חרב מלחמה. לזאת"/></TextLine><TextLine ID="Ar0020202l6" BASELINE="900" HEIGHT="41" WIDTH="631" VPOS="859" HPOS="102"><String HEIGHT="41" WIDTH="210" VPOS="859" HPOS="89" CONTENT="לא נתפלא עוד"/><String HEIGHT="41" WIDTH="79" VPOS="859" HPOS="260" CONTENT="כי"/><String HEIGHT="41" WIDTH="92" VPOS="859" HPOS="299" CONTENT="נין"/><String HEIGHT="41" WIDTH="105" VPOS="859" HPOS="352" CONTENT="ונכד"/><String HEIGHT="41" WIDTH="145" VPOS="859" HPOS="418" CONTENT="להקסרית"/><String HEIGHT="41" WIDTH="131" VPOS="859" HPOS="523" CONTENT="קטרינה"/><String HEIGHT="41" WIDTH="92" VPOS="859" HPOS="615" CONTENT="אשר"/><String HEIGHT="41" WIDTH="79" VPOS="859" HPOS="654" CONTENT="חפצה"/></TextLine><TextLine ID="Ar0020202l7" BASELINE="931" HEIGHT="40" WIDTH="624" VPOS="891" HPOS="101"><String HEIGHT="40" WIDTH="650" VPOS="891" HPOS="75" CONTENT="באושר כל בני אדם וחוה, יחשוב מהשבות להקל ולהמעיט"/></TextLine><TextLine ID="Ar0020202l8" BASELINE="963" HEIGHT="40" WIDTH="630" VPOS="923" HPOS="102"><String HEIGHT="40" WIDTH="107" VPOS="923" HPOS="90" CONTENT="שממות"/><String HEIGHT="40" WIDTH="131" VPOS="923" HPOS="161" CONTENT="והריסות"/><String HEIGHT="40" WIDTH="143" VPOS="923" HPOS="257" CONTENT="המלחמות,"/><String HEIGHT="40" WIDTH="107" VPOS="923" HPOS="364" CONTENT="ויקרא"/><String HEIGHT="40" WIDTH="107" VPOS="923" HPOS="435" CONTENT="אסיפה"/><String HEIGHT="40" WIDTH="119" VPOS="923" HPOS="506" CONTENT="בבריסל"/><String HEIGHT="40" WIDTH="107" VPOS="923" HPOS="589" CONTENT="לעשות"/><String HEIGHT="40" WIDTH="83" VPOS="923" HPOS="649" CONTENT="חוקים"/></TextLine><TextLine ID="Ar0020202l9" BASELINE="995" HEIGHT="41" WIDTH="627" VPOS="954" HPOS="104"><String HEIGHT="41" WIDTH="654" VPOS="954" HPOS="77" CONTENT="חדשים בדבר מלחמה. הקיסר אלכסנדר השני אשד הוציא"/></TextLine><TextLine ID="Ar0020202l10" BASELINE="1026" HEIGHT="50" WIDTH="625" VPOS="976" HPOS="103"><String HEIGHT="50" WIDTH="266" VPOS="976" HPOS="91" CONTENT="לחירות רבבות אלפים "/><String HEIGHT="50" WIDTH="104" VPOS="976" HPOS="323" CONTENT="עבדים"/><String HEIGHT="50" WIDTH="116" VPOS="976" HPOS="392" CONTENT="מסבלות"/><String HEIGHT="50" WIDTH="116" VPOS="976" HPOS="473" CONTENT="אדונים"/><String HEIGHT="50" WIDTH="104" VPOS="976" HPOS="554" CONTENT="קשים,"/><String HEIGHT="50" WIDTH="93" VPOS="976" HPOS="624" CONTENT="ואשר"/><String HEIGHT="50" WIDTH="58" VPOS="976" HPOS="670" CONTENT="עשה"/></TextLine><TextLine ID="Ar0020202l11" BASELINE="1058" HEIGHT="41" WIDTH="631" VPOS="1017" HPOS="100"><String HEIGHT="41" WIDTH="124" VPOS="1017" HPOS="88" CONTENT="תקונים"/><String HEIGHT="41" WIDTH="99" VPOS="1017" HPOS="174" CONTENT="רבים"/><String HEIGHT="41" WIDTH="148" VPOS="1017" HPOS="236" CONTENT="ומועילים"/><String HEIGHT="41" WIDTH="49" VPOS="1017" HPOS="347" CONTENT=""/><String HEIGHT="41" WIDTH="111" VPOS="1017" HPOS="360" CONTENT="בסדרי"/><String HEIGHT="41" WIDTH="136" VPOS="1017" HPOS="434" CONTENT="ממשלתו,"/><String HEIGHT="41" WIDTH="99" VPOS="1017" HPOS="533" CONTENT="ואשר"/><String HEIGHT="41" WIDTH="74" VPOS="1017" HPOS="595" CONTENT="לא"/><String HEIGHT="41" WIDTH="87" VPOS="1017" HPOS="632" CONTENT="לקח"/><String HEIGHT="41" WIDTH="62" VPOS="1017" HPOS="669" CONTENT="חבל"/></TextLine><TextLine ID="Ar0020202l12" BASELINE="1088" HEIGHT="38" WIDTH="625" VPOS="1050" HPOS="103"><String HEIGHT="38" WIDTH="102" VPOS="1050" HPOS="90" CONTENT="באלה"/><String HEIGHT="38" WIDTH="140" VPOS="1050" HPOS="154" CONTENT="המלחמות"/><String HEIGHT="38" WIDTH="153" VPOS="1050" HPOS="256" CONTENT="האחרונות"/><String HEIGHT="38" WIDTH="89" VPOS="1050" HPOS="371" CONTENT="אשר"/><String HEIGHT="38" WIDTH="89" VPOS="1050" HPOS="422" CONTENT="עשו"/><String HEIGHT="38" WIDTH="102" VPOS="1050" HPOS="473" CONTENT="שמות"/><String HEIGHT="38" WIDTH="128" VPOS="1050" HPOS="537" CONTENT="בארצות"/><String HEIGHT="38" WIDTH="115" VPOS="1050" HPOS="613" CONTENT="איירופה"/></TextLine></TextBlock><TextBlock ID="Ar0020203" HEIGHT="347" WIDTH="626" VPOS="1084" HPOS="105"><Shape><Polygon POINTS="731,1431 105,1431 105,1084 731,1084"/></Shape><TextLine ID="Ar0020203l1" BASELINE="1122" HEIGHT="43" WIDTH="627" VPOS="1079" HPOS="103"><String HEIGHT="43" WIDTH="650" VPOS="1079" HPOS="80" CONTENT="הנאורות, הוא איש ראוי והגון לקרוא אספה כזו לאושר העולם"/></TextLine><TextLine ID="Ar0020203l2" BASELINE="1153" HEIGHT="40" WIDTH="625" VPOS="1113" HPOS="108"><String HEIGHT="40" WIDTH="650" VPOS="1113" HPOS="83" CONTENT="והאדם; וכאשר יאריך ה׳ ימי ממשלתו על כסא רוסיה, נקוה"/></TextLine><TextLine ID="Ar0020203l3" BASELINE="1184" HEIGHT="42" WIDTH="626" VPOS="1142" HPOS="100"><String HEIGHT="42" WIDTH="70" VPOS="1142" HPOS="88" CONTENT="כי"/><String HEIGHT="42" WIDTH="81" VPOS="1142" HPOS="123" CONTENT="עוד"/><String HEIGHT="42" WIDTH="104" VPOS="1142" HPOS="170" CONTENT="טובות"/><String HEIGHT="42" WIDTH="93" VPOS="1142" HPOS="239" CONTENT="רבות"/><String HEIGHT="42" WIDTH="128" VPOS="1142" HPOS="297" CONTENT="ותקונים"/><String HEIGHT="42" WIDTH="128" VPOS="1142" HPOS="390" CONTENT="מועילים"/><String HEIGHT="42" WIDTH="93" VPOS="1142" HPOS="483" CONTENT="יצאו"/><String HEIGHT="42" WIDTH="81" VPOS="1142" HPOS="541" CONTENT="מכח"/><String HEIGHT="42" WIDTH="70" VPOS="1142" HPOS="587" CONTENT="אל"/><String HEIGHT="42" WIDTH="104" VPOS="1142" HPOS="622" CONTENT="הפועל"/><String HEIGHT="42" WIDTH="46" VPOS="1142" HPOS="680" CONTENT="על"/></TextLine><TextLine ID="Ar0020203l4" BASELINE="1217" HEIGHT="41" WIDTH="632" VPOS="1176" HPOS="103"><String HEIGHT="41" WIDTH="658" VPOS="1176" HPOS="77" CONTENT="ידו, ואף על פי שיתמהמהו, יען כי לא יעשה הצעד השני"/></TextLine><TextLine ID="Ar0020203l5" BASELINE="1248" HEIGHT="41" WIDTH="624" VPOS="1207" HPOS="101"><String HEIGHT="41" WIDTH="102" VPOS="1207" HPOS="88" CONTENT="בטרם"/><String HEIGHT="41" WIDTH="89" VPOS="1207" HPOS="152" CONTENT="עשה"/><String HEIGHT="41" WIDTH="76" VPOS="1207" HPOS="203" CONTENT="את"/><String HEIGHT="41" WIDTH="140" VPOS="1207" HPOS="241" CONTENT="הראשון,"/><String HEIGHT="41" WIDTH="102" VPOS="1207" HPOS="343" CONTENT="עכ״ז"/><String HEIGHT="41" WIDTH="102" VPOS="1207" HPOS="407" CONTENT="נחכה"/><String HEIGHT="41" WIDTH="76" VPOS="1207" HPOS="470" CONTENT="כי"/><String HEIGHT="41" WIDTH="76" VPOS="1207" HPOS="509" CONTENT="בא"/><String HEIGHT="41" WIDTH="102" VPOS="1207" HPOS="547" CONTENT="יבאו"/><String HEIGHT="41" WIDTH="76" VPOS="1207" HPOS="610" CONTENT="לא"/><String HEIGHT="41" WIDTH="89" VPOS="1207" HPOS="636" CONTENT="יאחרו"/></TextLine><TextLine ID="Ar0020203l6" BASELINE="1272" HEIGHT="31" WIDTH="114" VPOS="1241" HPOS="614"><String HEIGHT="31" WIDTH="91" VPOS="1241" HPOS="603" CONTENT="יותר"/><String HEIGHT="31" WIDTH="80" VPOS="1241" HPOS="648" CONTENT="מדאי."/></TextLine><TextLine ID="Ar0020203l7" BASELINE="1308" HEIGHT="38" WIDTH="580" VPOS="1270" HPOS="100"><String HEIGHT="38" WIDTH="101" VPOS="1270" HPOS="87" CONTENT="צירי"/><String HEIGHT="38" WIDTH="113" VPOS="1270" HPOS="150" CONTENT="האספה"/><String HEIGHT="38" WIDTH="139" VPOS="1270" HPOS="226" CONTENT="בבריסעל"/><String HEIGHT="38" WIDTH="88" VPOS="1270" HPOS="327" CONTENT="מנו"/><String HEIGHT="38" WIDTH="101" VPOS="1270" HPOS="377" CONTENT="לראש"/><String HEIGHT="38" WIDTH="113" VPOS="1270" HPOS="440" CONTENT="עליהם"/><String HEIGHT="38" WIDTH="76" VPOS="1270" HPOS="516" CONTENT="את"/><String HEIGHT="38" WIDTH="88" VPOS="1270" HPOS="554" CONTENT="ציר"/><String HEIGHT="38" WIDTH="88" VPOS="1270" HPOS="592" CONTENT="ממשלת"/></TextLine><TextLine ID="Ar0020203l8" BASELINE="1341" HEIGHT="36" WIDTH="630" VPOS="1305" HPOS="103"><String HEIGHT="36" WIDTH="654" VPOS="1305" HPOS="79" CONTENT="רוסיה ה׳ שזאמיני. לפני ימים אחדים התאספה בפעם הראשונה"/></TextLine><TextLine ID="Ar0020203l9" BASELINE="1376" HEIGHT="42" WIDTH="622" VPOS="1334" HPOS="106"><String HEIGHT="42" WIDTH="181" VPOS="1334" HPOS="93" CONTENT="להתחקות על"/><String HEIGHT="42" WIDTH="117" VPOS="1334" HPOS="236" CONTENT="הענין"/><String HEIGHT="42" WIDTH="91" VPOS="1334" HPOS="313" CONTENT="אשר"/><String HEIGHT="42" WIDTH="143" VPOS="1334" HPOS="365" CONTENT="לפניהם;"/><String HEIGHT="42" WIDTH="91" VPOS="1334" HPOS="469" CONTENT="אפס"/><String HEIGHT="42" WIDTH="91" VPOS="1334" HPOS="521" CONTENT="כפי"/><String HEIGHT="42" WIDTH="130" VPOS="1334" HPOS="573" CONTENT="הנשמע,"/><String HEIGHT="42" WIDTH="78" VPOS="1334" HPOS="650" CONTENT="נמרו"/></TextLine><TextLine ID="Ar0020203l10" BASELINE="1406" HEIGHT="40" WIDTH="625" VPOS="1366" HPOS="101"><String HEIGHT="40" WIDTH="86" VPOS="1366" HPOS="89" CONTENT="אמר"/><String HEIGHT="40" WIDTH="123" VPOS="1366" HPOS="138" CONTENT="להשאיר"/><String HEIGHT="40" WIDTH="74" VPOS="1366" HPOS="224" CONTENT="את"/><String HEIGHT="40" WIDTH="98" VPOS="1366" HPOS="260" CONTENT="דברי"/><String HEIGHT="40" WIDTH="159" VPOS="1366" HPOS="322" CONTENT="מועצותיהם"/><String HEIGHT="40" WIDTH="135" VPOS="1366" HPOS="444" CONTENT="במסתרים"/><String HEIGHT="40" WIDTH="86" VPOS="1366" HPOS="542" CONTENT="לבל"/><String HEIGHT="40" WIDTH="110" VPOS="1366" HPOS="591" CONTENT="יודעו"/><String HEIGHT="40" WIDTH="74" VPOS="1366" HPOS="652" CONTENT="בקהל"/></TextLine><TextLine ID="Ar0020203l11" BASELINE="1436" HEIGHT="34" WIDTH="139" VPOS="1402" HPOS="593"><String HEIGHT="34" WIDTH="167" VPOS="1402" HPOS="565" CONTENT="עד עת מצא."/></TextLine></TextBlock><TextBlock ID="region_1528296037341_47" HEIGHT="50" WIDTH="265" VPOS="1526" HPOS="283"><Shape><Polygon POINTS="283,1526 283,1576 548,1576 548,1526"/></Shape><TextLine ID="line_1528296037446_48" BASELINE="1587" HEIGHT="51" WIDTH="275" VPOS="1536" HPOS="278"><String HEIGHT="51" WIDTH="344" VPOS="1536" HPOS="209" CONTENT="עסטרייך."/></TextLine></TextBlock><TextBlock ID="Ar0020101" HEIGHT="271" WIDTH="657" VPOS="1591" HPOS="86"><Shape><Polygon POINTS="743,1862 86,1862 86,1591 743,1591"/></Shape><TextLine ID="Ar0020101l1" BASELINE="1642" HEIGHT="47" WIDTH="574" VPOS="1595" HPOS="100"><String HEIGHT="47" WIDTH="164" VPOS="1595" HPOS="88" CONTENT="וויען. אין"/><String HEIGHT="47" WIDTH="82" VPOS="1595" HPOS="217" CONTENT="בית"/><String HEIGHT="47" WIDTH="94" VPOS="1595" HPOS="264" CONTENT="גדול"/><String HEIGHT="47" WIDTH="82" VPOS="1595" HPOS="323" CONTENT="בכל"/><String HEIGHT="47" WIDTH="82" VPOS="1595" HPOS="369" CONTENT="עמי"/><String HEIGHT="47" WIDTH="105" VPOS="1595" HPOS="416" CONTENT="הארץ."/><String HEIGHT="47" WIDTH="129" VPOS="1595" HPOS="487" CONTENT="היושבים"/><String HEIGHT="47" WIDTH="94" VPOS="1595" HPOS="580" CONTENT="לבטח"/><String HEIGHT="47" WIDTH="47" VPOS="1595" HPOS="627" CONTENT="על"/></TextLine><TextLine ID="Ar0020101l2" BASELINE="1671" HEIGHT="43" WIDTH="641" VPOS="1628" HPOS="93"><String HEIGHT="43" WIDTH="665" VPOS="1628" HPOS="69" CONTENT="אדמתם, כבית ראטהשילד בישראל עם מפזר ומפרד לארבע רוחות"/></TextLine><TextLine ID="Ar0020101l3" BASELINE="1705" HEIGHT="43" WIDTH="628" VPOS="1662" HPOS="101"><String HEIGHT="43" WIDTH="652" VPOS="1662" HPOS="77" CONTENT="השמים, ואין כבוד ליהודים, ככבוד אשר עשה להם כיום שברם"/></TextLine><TextLine ID="Ar0020101l4" BASELINE="1737" HEIGHT="42" WIDTH="640" VPOS="1695" HPOS="93"><String HEIGHT="42" WIDTH="666" VPOS="1695" HPOS="67" CONTENT="הגדול בהלקח מהם תפארתם בלאומים, הוא הבאראן אגזעלם"/></TextLine><TextLine ID="Ar0020101l5" BASELINE="1767" HEIGHT="45" WIDTH="646" VPOS="1722" HPOS="97"><String HEIGHT="45" WIDTH="670" VPOS="1722" HPOS="73" CONTENT="ראטהשילד היהודי! היום אשר לא יאמן כי יסופר רא עינינו."/></TextLine><TextLine ID="Ar0020101l6" BASELINE="1798" HEIGHT="40" WIDTH="640" VPOS="1758" HPOS="101"><String HEIGHT="40" WIDTH="665" VPOS="1758" HPOS="76" CONTENT="האיש הנעלה הזה, אשר כל עשירי הארץ כאין נגדו, אשר מנה"/></TextLine><TextLine ID="Ar0020101l7" BASELINE="1831" HEIGHT="42" WIDTH="644" VPOS="1789" HPOS="93"><String HEIGHT="42" WIDTH="667" VPOS="1789" HPOS="70" CONTENT="מספר לאוצרותיו למאות אלפי אלפים, באראן וחבר לשרי המלוכה"/></TextLine><TextLine ID="Ar0020101l8" BASELINE="1867" HEIGHT="51" WIDTH="643" VPOS="1816" HPOS="100"><String HEIGHT="51" WIDTH="152" VPOS="1816" HPOS="88" CONTENT="(מיטגליעד"/><String HEIGHT="51" WIDTH="82" VPOS="1816" HPOS="205" CONTENT="דעם"/><String HEIGHT="51" WIDTH="199" VPOS="1816" HPOS="252" CONTENT="העררענהויזעם)"/><String HEIGHT="51" WIDTH="94" VPOS="1816" HPOS="416" CONTENT="ושמו"/><String HEIGHT="51" WIDTH="94" VPOS="1816" HPOS="474" CONTENT="כירח"/><String HEIGHT="51" WIDTH="82" VPOS="1816" HPOS="533" CONTENT="יקר"/><String HEIGHT="51" WIDTH="82" VPOS="1816" HPOS="579" CONTENT="הלך"/><String HEIGHT="51" WIDTH="82" VPOS="1816" HPOS="626" CONTENT="בכל"/><String HEIGHT="51" WIDTH="82" VPOS="1816" HPOS="661" CONTENT="הארץ."/></TextLine></TextBlock></PrintSpace></Page></Layout></alto>