<?xml version="1.0" encoding="UTF-8"?><alto xmlns:xsi="http://www.w3.org/2001/XMLSchema-instance" xmlns="http://www.loc.gov/standards/alto/ns-v2#" xmlns:page="http://schema.primaresearch.org/PAGE/gts/pagecontent/2013-07-15" xsi:schemaLocation="http://schema.primaresearch.org/PAGE/gts/pagecontent/2013-07-15 http://schema.primaresearch.org/PAGE/gts/pagecontent/2013-07-15/pagecontent.xsd http://www.loc.gov/standards/alto/ns-v2# http://www.loc.gov/standards/alto/alto-v2.0.xsd"><Description><MeasurementUnit>pixel</MeasurementUnit></Description><Layout><Page ID="Page1" PHYSICAL_IMG_NR="1" HEIGHT="1965" WIDTH="1505"><TopMargin HEIGHT="0" WIDTH="1505" VPOS="0" HPOS="0"/><LeftMargin HEIGHT="1965" WIDTH="0" VPOS="0" HPOS="0"/><RightMargin HEIGHT="1965" WIDTH="0" VPOS="0" HPOS="1505"/><BottomMargin HEIGHT="0" WIDTH="1505" VPOS="1965" HPOS="0"/><PrintSpace HEIGHT="1965" WIDTH="1505" VPOS="0" HPOS="0"><TextBlock ID="Ar0040000" HEIGHT="225" WIDTH="624" VPOS="109" HPOS="743"><Shape><Polygon POINTS="1367,334 743,334 743,109 1367,109"/></Shape><TextLine ID="Ar0040000l1" BASELINE="144" HEIGHT="38" WIDTH="633" VPOS="106" HPOS="738"><String HEIGHT="38" WIDTH="659" VPOS="106" HPOS="712" CONTENT="אשר אהבתם לאמונתם ודתם, עמם ושפתם נפלאת היא מאהבת"/></TextLine><TextLine ID="Ar0040000l2" BASELINE="178" HEIGHT="42" WIDTH="622" VPOS="136" HPOS="741"><String HEIGHT="42" WIDTH="645" VPOS="136" HPOS="718" CONTENT="יעקב לרחל ומאהבת דוד ליהונתן, אולם אנשים כאלה לא יציצו"/></TextLine><TextLine ID="Ar0040000l3" BASELINE="210" HEIGHT="36" WIDTH="624" VPOS="174" HPOS="745"><String HEIGHT="36" WIDTH="648" VPOS="174" HPOS="721" CONTENT="כעשב השדה אף בארץ ברכה ואך מתי מספר המה, ונער יכתבם"/></TextLine><TextLine ID="Ar0040000l4" BASELINE="242" HEIGHT="42" WIDTH="626" VPOS="200" HPOS="741"><String HEIGHT="42" WIDTH="134" VPOS="200" HPOS="730" CONTENT="ובארצינו"/><String HEIGHT="42" WIDTH="134" VPOS="200" HPOS="830" CONTENT="גאליציען"/><String HEIGHT="42" WIDTH="78" VPOS="200" HPOS="931" CONTENT="המה"/><String HEIGHT="42" WIDTH="78" VPOS="200" HPOS="976" CONTENT="מעט"/><String HEIGHT="42" WIDTH="101" VPOS="200" HPOS="1020" CONTENT="מזער,"/><String HEIGHT="42" WIDTH="123" VPOS="200" HPOS="1088" CONTENT="וכשושנה"/><String HEIGHT="42" WIDTH="78" VPOS="200" HPOS="1177" CONTENT="בין"/><String HEIGHT="42" WIDTH="123" VPOS="200" HPOS="1222" CONTENT="החוחים,"/><String HEIGHT="42" WIDTH="67" VPOS="200" HPOS="1300" CONTENT="ולכן"/></TextLine><TextLine ID="Ar0040000l5" BASELINE="271" HEIGHT="39" WIDTH="621" VPOS="232" HPOS="746"><String HEIGHT="39" WIDTH="648" VPOS="232" HPOS="719" CONTENT="כאשר ילבש רוח ד׳ את אחד מאלה, אשר הוא אמנם אחד"/></TextLine><TextLine ID="Ar0040000l6" BASELINE="307" HEIGHT="43" WIDTH="626" VPOS="264" HPOS="740"><String HEIGHT="43" WIDTH="97" VPOS="264" HPOS="729" CONTENT="בעירו"/><String HEIGHT="43" WIDTH="86" VPOS="264" HPOS="794" CONTENT="ואחד"/><String HEIGHT="43" WIDTH="130" VPOS="264" HPOS="848" CONTENT="במשפחתו,"/><String HEIGHT="43" WIDTH="119" VPOS="264" HPOS="945" CONTENT="ויתעורר"/><String HEIGHT="43" WIDTH="97" VPOS="264" HPOS="1031" CONTENT="לעורר"/><String HEIGHT="43" WIDTH="65" VPOS="264" HPOS="1096" CONTENT="את"/><String HEIGHT="43" WIDTH="76" VPOS="264" HPOS="1129" CONTENT="רוח"/><String HEIGHT="43" WIDTH="108" VPOS="264" HPOS="1172" CONTENT="הראומי"/><String HEIGHT="43" WIDTH="86" VPOS="264" HPOS="1247" CONTENT="בקרב"/><String HEIGHT="43" WIDTH="76" VPOS="264" HPOS="1290" CONTENT="אחיו,"/></TextLine><TextLine ID="Ar0040000l7" BASELINE="337" HEIGHT="42" WIDTH="629" VPOS="295" HPOS="742"><String HEIGHT="42" WIDTH="654" VPOS="295" HPOS="717" CONTENT="לאהוב את עמו, את שפתו ואת ספרתו, וירצה לכונן לתכלית"/></TextLine></TextBlock><TextBlock ID="Ar0040001" HEIGHT="215" WIDTH="624" VPOS="333" HPOS="743"><Shape><Polygon POINTS="1367,548 743,548 743,333 1367,333"/></Shape><TextLine ID="Ar0040001l1" BASELINE="366" HEIGHT="38" WIDTH="628" VPOS="328" HPOS="742"><String HEIGHT="38" WIDTH="276" VPOS="328" HPOS="729" CONTENT="נרצה כזאת „בית ספר"/><String HEIGHT="38" WIDTH="138" VPOS="328" HPOS="968" CONTENT="לישראל״"/><String HEIGHT="38" WIDTH="75" VPOS="328" HPOS="1069" CONTENT="כי"/><String HEIGHT="38" WIDTH="88" VPOS="328" HPOS="1106" CONTENT="בית"/><String HEIGHT="38" WIDTH="88" VPOS="328" HPOS="1156" CONTENT="ספר"/><String HEIGHT="38" WIDTH="88" VPOS="328" HPOS="1207" CONTENT="הוא"/><String HEIGHT="38" WIDTH="88" VPOS="328" HPOS="1257" CONTENT="בית"/><String HEIGHT="38" WIDTH="75" VPOS="328" HPOS="1295" CONTENT="אוצר"/></TextLine><TextLine ID="Ar0040001l2" BASELINE="400" HEIGHT="48" WIDTH="621" VPOS="352" HPOS="741"><String HEIGHT="48" WIDTH="646" VPOS="352" HPOS="716" CONTENT="אשר ממנו יקח הנער צידה לדרך הרב אשר ילך בו כל ימי"/></TextLine><TextLine ID="Ar0040001l3" BASELINE="431" HEIGHT="35" WIDTH="617" VPOS="396" HPOS="746"><String HEIGHT="35" WIDTH="639" VPOS="396" HPOS="724" CONTENT="חייו, והידיעות והדעות אשר יקנה הנער בעודנו רך בשנים תהי'"/></TextLine><TextLine ID="Ar0040001l4" BASELINE="463" HEIGHT="41" WIDTH="628" VPOS="422" HPOS="743"><String HEIGHT="41" WIDTH="652" VPOS="422" HPOS="719" CONTENT="לדם ובשר בקרבו, והלימודים האלה אשר יחונך בהם בילדותו"/></TextLine><TextLine ID="Ar0040001l5" BASELINE="497" HEIGHT="42" WIDTH="628" VPOS="455" HPOS="742"><String HEIGHT="42" WIDTH="650" VPOS="455" HPOS="720" CONTENT="ובחריפותו יהי׳ שמורים וחרותים על לוח לבו כמו בצפורן שמיר"/></TextLine><TextLine ID="Ar0040001l6" BASELINE="528" HEIGHT="41" WIDTH="623" VPOS="487" HPOS="746"><String HEIGHT="41" WIDTH="647" VPOS="487" HPOS="722" CONTENT="עד אשר גם כי יזקין לא יסורו ממנו; האיש ההוא החפץ ליסד"/></TextLine><TextLine ID="Ar0040001l7" BASELINE="556" HEIGHT="39" WIDTH="628" VPOS="517" HPOS="743"><String HEIGHT="39" WIDTH="654" VPOS="517" HPOS="717" CONTENT="„בית ספר לילדי בית ישראל״, בית ספר אשר ברוח לאום"/></TextLine></TextBlock><TextBlock ID="Ar0040002" HEIGHT="187" WIDTH="624" VPOS="553" HPOS="745"><Shape><Polygon POINTS="1369,740 745,740 745,553 1369,553"/></Shape><TextLine ID="Ar0040002l1" BASELINE="585" HEIGHT="34" WIDTH="617" VPOS="551" HPOS="746"><String HEIGHT="34" WIDTH="144" VPOS="551" HPOS="733" CONTENT="היהודית"/><String HEIGHT="34" WIDTH="131" VPOS="551" HPOS="838" CONTENT="בטהרתו"/><String HEIGHT="34" WIDTH="118" VPOS="551" HPOS="930" CONTENT="ילומד"/><String HEIGHT="34" WIDTH="92" VPOS="551" HPOS="1009" CONTENT="בו,"/><String HEIGHT="34" WIDTH="105" VPOS="551" HPOS="1061" CONTENT="ושפת"/><String HEIGHT="34" WIDTH="131" VPOS="551" HPOS="1127" CONTENT="העברית"/><String HEIGHT="34" WIDTH="105" VPOS="551" HPOS="1219" CONTENT="צחות"/><String HEIGHT="34" WIDTH="92" VPOS="551" HPOS="1271" CONTENT="הלשון"/></TextLine><TextLine ID="Ar0040002l2" BASELINE="623" HEIGHT="42" WIDTH="632" VPOS="581" HPOS="740"><String HEIGHT="42" WIDTH="657" VPOS="581" HPOS="715" CONTENT="וההשכלה ישים לו למטרה, וקרא אל שארי רוחו לתמוך, כי"/></TextLine><TextLine ID="Ar0040002l3" BASELINE="656" HEIGHT="43" WIDTH="630" VPOS="613" HPOS="743"><String HEIGHT="43" WIDTH="206" VPOS="613" HPOS="731" CONTENT="לחפץ נעלה כזה"/><String HEIGHT="43" WIDTH="97" VPOS="613" HPOS="901" CONTENT="דרוש"/><String HEIGHT="43" WIDTH="85" VPOS="613" HPOS="961" CONTENT="סעד"/><String HEIGHT="43" WIDTH="109" VPOS="613" HPOS="1010" CONTENT="מוסרי"/><String HEIGHT="43" WIDTH="73" VPOS="613" HPOS="1082" CONTENT="גם"/><String HEIGHT="43" WIDTH="121" VPOS="613" HPOS="1119" CONTENT="רוחני,"/><String HEIGHT="43" WIDTH="85" VPOS="613" HPOS="1203" CONTENT="אבל"/><String HEIGHT="43" WIDTH="97" VPOS="613" HPOS="1252" CONTENT="קולו"/><String HEIGHT="43" WIDTH="73" VPOS="613" HPOS="1300" CONTENT="כקול"/></TextLine><TextLine ID="Ar0040002l4" BASELINE="686" HEIGHT="40" WIDTH="619" VPOS="646" HPOS="747"><String HEIGHT="40" WIDTH="90" VPOS="646" HPOS="736" CONTENT="קורא"/><String HEIGHT="40" WIDTH="113" VPOS="646" HPOS="792" CONTENT="במדבר,"/><String HEIGHT="40" WIDTH="101" VPOS="646" HPOS="871" CONTENT="גרונו"/><String HEIGHT="40" WIDTH="79" VPOS="646" HPOS="938" CONTENT="יחר"/><String HEIGHT="40" WIDTH="101" VPOS="646" HPOS="983" CONTENT="וקולו"/><String HEIGHT="40" WIDTH="68" VPOS="646" HPOS="1051" CONTENT="לא"/><String HEIGHT="40" WIDTH="101" VPOS="646" HPOS="1085" CONTENT="ישמע,"/><String HEIGHT="40" WIDTH="124" VPOS="646" HPOS="1152" CONTENT="ועוזריו"/><String HEIGHT="40" WIDTH="124" VPOS="646" HPOS="1242" CONTENT="ותומכיו"/><String HEIGHT="40" WIDTH="45" VPOS="646" HPOS="1321" CONTENT="אך"/></TextLine><TextLine ID="Ar0040002l5" BASELINE="716" HEIGHT="39" WIDTH="626" VPOS="677" HPOS="744"><String HEIGHT="39" WIDTH="650" VPOS="677" HPOS="720" CONTENT="מעטים יהי׳ אשר לזאת ירפו ידיו, ולא יעצור כח לכלות את"/></TextLine><TextLine ID="Ar0040002l6" BASELINE="747" HEIGHT="39" WIDTH="622" VPOS="708" HPOS="742"><String HEIGHT="39" WIDTH="91" VPOS="708" HPOS="729" CONTENT="אשר"/><String HEIGHT="39" WIDTH="104" VPOS="708" HPOS="781" CONTENT="החל,"/><String HEIGHT="39" WIDTH="117" VPOS="708" HPOS="846" CONTENT="ואמנם"/><String HEIGHT="39" WIDTH="143" VPOS="708" HPOS="923" CONTENT="יתעוררו"/><String HEIGHT="39" WIDTH="104" VPOS="708" HPOS="1027" CONTENT="כפעם"/><String HEIGHT="39" WIDTH="104" VPOS="708" HPOS="1092" CONTENT="בפעם"/><String HEIGHT="39" WIDTH="143" VPOS="708" HPOS="1157" CONTENT="השרידים"/><String HEIGHT="39" WIDTH="91" VPOS="708" HPOS="1260" CONTENT="אשר"/><String HEIGHT="39" WIDTH="65" VPOS="708" HPOS="1299" CONTENT="רוח"/></TextLine></TextBlock><TextBlock ID="Ar0040003" HEIGHT="191" WIDTH="622" VPOS="745" HPOS="745"><Shape><Polygon POINTS="1367,936 745,936 745,745 1367,745"/></Shape><TextLine ID="Ar0040003l1" BASELINE="780" HEIGHT="40" WIDTH="619" VPOS="740" HPOS="744"><String HEIGHT="40" WIDTH="121" VPOS="740" HPOS="732" CONTENT="הלאומי"/><String HEIGHT="40" WIDTH="97" VPOS="740" HPOS="817" CONTENT="דופק"/><String HEIGHT="40" WIDTH="121" VPOS="740" HPOS="878" CONTENT="בקרבם,"/><String HEIGHT="40" WIDTH="134" VPOS="740" HPOS="962" CONTENT="ויתעודד"/><String HEIGHT="40" WIDTH="73" VPOS="740" HPOS="1060" CONTENT="גם"/><String HEIGHT="40" WIDTH="85" VPOS="740" HPOS="1096" CONTENT="שני"/><String HEIGHT="40" WIDTH="73" VPOS="740" HPOS="1145" CONTENT="גם"/><String HEIGHT="40" WIDTH="109" VPOS="740" HPOS="1181" CONTENT="שלישי"/><String HEIGHT="40" WIDTH="109" VPOS="740" HPOS="1254" CONTENT="לנסות"/><String HEIGHT="40" WIDTH="49" VPOS="740" HPOS="1314" CONTENT="את"/></TextLine><TextLine ID="Ar0040003l2" BASELINE="813" HEIGHT="42" WIDTH="618" VPOS="771" HPOS="747"><String HEIGHT="42" WIDTH="466" VPOS="771" HPOS="735" CONTENT="כחו אולי תצלח בידו להוציא החפץ הנעלה"/><String HEIGHT="42" WIDTH="82" VPOS="771" HPOS="1167" CONTENT="הזה"/><String HEIGHT="42" WIDTH="128" VPOS="771" HPOS="1213" CONTENT="לפעולות"/><String HEIGHT="42" WIDTH="70" VPOS="771" HPOS="1295" CONTENT="אדם,"/></TextLine><TextLine ID="Ar0040003l3" BASELINE="845" HEIGHT="42" WIDTH="626" VPOS="803" HPOS="740"><String HEIGHT="42" WIDTH="102" VPOS="803" HPOS="729" CONTENT="גורלו"/><String HEIGHT="42" WIDTH="102" VPOS="803" HPOS="797" CONTENT="כגורל"/><String HEIGHT="42" WIDTH="102" VPOS="803" HPOS="865" CONTENT="ההולך"/><String HEIGHT="42" WIDTH="102" VPOS="803" HPOS="933" CONTENT="לפניו"/><String HEIGHT="42" WIDTH="102" VPOS="803" HPOS="1002" CONTENT="יהי',"/><String HEIGHT="42" WIDTH="68" VPOS="803" HPOS="1070" CONTENT="כי"/><String HEIGHT="42" WIDTH="102" VPOS="803" HPOS="1104" CONTENT="ארצנו"/><String HEIGHT="42" WIDTH="137" VPOS="803" HPOS="1173" CONTENT="גאליציען"/><String HEIGHT="42" WIDTH="80" VPOS="803" HPOS="1275" CONTENT="ארץ"/><String HEIGHT="42" WIDTH="57" VPOS="803" HPOS="1309" CONTENT="שמה"/></TextLine><TextLine ID="Ar0040003l4" BASELINE="876" HEIGHT="40" WIDTH="623" VPOS="836" HPOS="742"><String HEIGHT="40" WIDTH="73" VPOS="836" HPOS="730" CONTENT="לא"/><String HEIGHT="40" WIDTH="98" VPOS="836" HPOS="766" CONTENT="תניק"/><String HEIGHT="40" WIDTH="98" VPOS="836" HPOS="828" CONTENT="קרני"/><String HEIGHT="40" WIDTH="98" VPOS="836" HPOS="889" CONTENT="השמש"/><String HEIGHT="40" WIDTH="122" VPOS="836" HPOS="950" CONTENT="הזורחת"/><String HEIGHT="40" WIDTH="98" VPOS="836" HPOS="1035" CONTENT="בעצם"/><String HEIGHT="40" WIDTH="110" VPOS="836" HPOS="1096" CONTENT="טהרתה"/><String HEIGHT="40" WIDTH="110" VPOS="836" HPOS="1170" CONTENT="בשנות"/><String HEIGHT="40" WIDTH="98" VPOS="836" HPOS="1243" CONTENT="המאה"/><String HEIGHT="40" WIDTH="73" VPOS="836" HPOS="1292" CONTENT="הזאת"/></TextLine><TextLine ID="Ar0040003l5" BASELINE="908" HEIGHT="40" WIDTH="401" VPOS="868" HPOS="970"><String HEIGHT="40" WIDTH="426" VPOS="868" HPOS="945" CONTENT="ואיך תבשל פרח יקר שושנה נעימה. —"/></TextLine><TextLine ID="Ar0040003l6" BASELINE="940" HEIGHT="41" WIDTH="583" VPOS="899" HPOS="749"><String HEIGHT="41" WIDTH="610" VPOS="899" HPOS="723" CONTENT="ואתה הקורא היקר אולי תחשוב בלבבך לאמור מצבנו"/></TextLine></TextBlock><TextBlock ID="Ar0040004" HEIGHT="507" WIDTH="624" VPOS="939" HPOS="745"><Shape><Polygon POINTS="1369,1446 745,1446 745,939 1369,939"/></Shape><TextLine ID="Ar0040004l1" BASELINE="972" HEIGHT="40" WIDTH="625" VPOS="932" HPOS="740"><String HEIGHT="40" WIDTH="647" VPOS="932" HPOS="718" CONTENT="החומרי כן ברע הוא, כי היוקר יאמיר, צרכנו מרובים ואין לכסף"/></TextLine><TextLine ID="Ar0040004l2" BASELINE="1003" HEIGHT="41" WIDTH="626" VPOS="962" HPOS="745"><String HEIGHT="41" WIDTH="649" VPOS="962" HPOS="722" CONTENT="מוצא, לכן אין לאל ידנו לפעול מאומה לתושיה; זאת לא זאת,"/></TextLine><TextLine ID="Ar0040004l3" BASELINE="1035" HEIGHT="41" WIDTH="620" VPOS="994" HPOS="744"><String HEIGHT="41" WIDTH="73" VPOS="994" HPOS="732" CONTENT="הן"/><String HEIGHT="41" WIDTH="73" VPOS="994" HPOS="768" CONTENT="לו"/><String HEIGHT="41" WIDTH="97" VPOS="994" HPOS="805" CONTENT="נשאו"/><String HEIGHT="41" WIDTH="97" VPOS="994" HPOS="866" CONTENT="החפץ"/><String HEIGHT="41" WIDTH="73" VPOS="994" HPOS="926" CONTENT="עם"/><String HEIGHT="41" WIDTH="122" VPOS="994" HPOS="963" CONTENT="היכולת"/><String HEIGHT="41" WIDTH="73" VPOS="994" HPOS="1048" CONTENT="בד"/><String HEIGHT="41" WIDTH="97" VPOS="994" HPOS="1084" CONTENT="בבד,"/><String HEIGHT="41" WIDTH="73" VPOS="994" HPOS="1145" CONTENT="כי"/><String HEIGHT="41" WIDTH="73" VPOS="994" HPOS="1182" CONTENT="אז"/><String HEIGHT="41" WIDTH="122" VPOS="994" HPOS="1218" CONTENT="תקונים"/><String HEIGHT="41" WIDTH="73" VPOS="994" HPOS="1291" CONTENT="רבים"/></TextLine><TextLine ID="Ar0040004l4" BASELINE="1066" HEIGHT="41" WIDTH="622" VPOS="1025" HPOS="744"><String HEIGHT="41" WIDTH="117" VPOS="1025" HPOS="732" CONTENT="וטובים"/><String HEIGHT="41" WIDTH="117" VPOS="1025" HPOS="814" CONTENT="לכללות"/><String HEIGHT="41" WIDTH="117" VPOS="1025" HPOS="897" CONTENT="אומתנו"/><String HEIGHT="41" WIDTH="117" VPOS="1025" HPOS="979" CONTENT="כפורחת"/><String HEIGHT="41" WIDTH="94" VPOS="1025" HPOS="1061" CONTENT="העלו"/><String HEIGHT="41" WIDTH="94" VPOS="1025" HPOS="1120" CONTENT="נצה;"/><String HEIGHT="41" WIDTH="82" VPOS="1025" HPOS="1178" CONTENT="הלא"/><String HEIGHT="41" WIDTH="94" VPOS="1025" HPOS="1225" CONTENT="ליסד"/><String HEIGHT="41" WIDTH="94" VPOS="1025" HPOS="1272" CONTENT="חבורות"/></TextLine><TextLine ID="Ar0040004l5" BASELINE="1099" HEIGHT="41" WIDTH="620" VPOS="1058" HPOS="746"><String HEIGHT="41" WIDTH="649" VPOS="1058" HPOS="717" CONTENT="לשעשועים ולשוח של מה בכך אשר קיומם מכלה שנה"/></TextLine><TextLine ID="Ar0040004l6" BASELINE="1130" HEIGHT="41" WIDTH="629" VPOS="1089" HPOS="742"><String HEIGHT="41" WIDTH="653" VPOS="1089" HPOS="718" CONTENT="בשנה כמה אלפים אין כסף נחשב למאומה, וזה האות כי הרוח"/></TextLine><TextLine ID="Ar0040004l7" BASELINE="1162" HEIGHT="43" WIDTH="622" VPOS="1119" HPOS="742"><String HEIGHT="43" WIDTH="127" VPOS="1119" HPOS="730" CONTENT="הלאומי,"/><String HEIGHT="43" WIDTH="92" VPOS="1119" HPOS="823" CONTENT="לאום"/><String HEIGHT="43" WIDTH="138" VPOS="1119" HPOS="880" CONTENT="היהודית,"/><String HEIGHT="43" WIDTH="127" VPOS="1119" HPOS="984" CONTENT="בארצנו,"/><String HEIGHT="43" WIDTH="81" VPOS="1119" HPOS="1076" CONTENT="ילך"/><String HEIGHT="43" WIDTH="92" VPOS="1119" HPOS="1122" CONTENT="הלוך"/><String HEIGHT="43" WIDTH="104" VPOS="1119" HPOS="1180" CONTENT="וחסור"/><String HEIGHT="43" WIDTH="81" VPOS="1119" HPOS="1249" CONTENT="עשר"/><String HEIGHT="43" WIDTH="81" VPOS="1119" HPOS="1283" CONTENT="מעלות"/></TextLine><TextLine ID="Ar0040004l8" BASELINE="1195" HEIGHT="41" WIDTH="620" VPOS="1154" HPOS="744"><String HEIGHT="41" WIDTH="644" VPOS="1154" HPOS="720" CONTENT="אחורנית, כהמעלות אשר בהליכות קדם, (פארטשריטט), הכללי"/></TextLine><TextLine ID="Ar0040004l9" BASELINE="1226" HEIGHT="42" WIDTH="617" VPOS="1184" HPOS="750"><String HEIGHT="42" WIDTH="642" VPOS="1184" HPOS="725" CONTENT="ילך לפנים. ואמנם בתי ספר לעם, המה קו המדה למוד בו"/></TextLine><TextLine ID="line_1528297317131_50" BASELINE="1258" HEIGHT="41" WIDTH="633" VPOS="1217" HPOS="739"><String HEIGHT="41" WIDTH="134" VPOS="1217" HPOS="727" CONTENT="השכלתו,"/><String HEIGHT="41" WIDTH="122" VPOS="1217" HPOS="824" CONTENT="ומאזני"/><String HEIGHT="41" WIDTH="97" VPOS="1217" HPOS="909" CONTENT="משקל"/><String HEIGHT="41" WIDTH="97" VPOS="1217" HPOS="970" CONTENT="לשקל"/><String HEIGHT="41" WIDTH="73" VPOS="1217" HPOS="1031" CONTENT="בו"/><String HEIGHT="41" WIDTH="97" VPOS="1217" HPOS="1068" CONTENT="הרוח"/><String HEIGHT="41" WIDTH="122" VPOS="1217" HPOS="1129" CONTENT="הלאומי"/><String HEIGHT="41" WIDTH="110" VPOS="1217" HPOS="1214" CONTENT="הדופק"/><String HEIGHT="41" WIDTH="97" VPOS="1217" HPOS="1275" CONTENT="בקרבו."/></TextLine><TextLine ID="Ar0040004l10" BASELINE="1290" HEIGHT="44" WIDTH="630" VPOS="1246" HPOS="743"><String HEIGHT="44" WIDTH="654" VPOS="1246" HPOS="719" CONTENT="אנכי אינני מניד פשע, ולא באתי הלום אך ורק להגיד לעמי"/></TextLine><TextLine ID="Ar0040004l11" BASELINE="1320" HEIGHT="40" WIDTH="623" VPOS="1280" HPOS="746"><String HEIGHT="40" WIDTH="87" VPOS="1280" HPOS="735" CONTENT="פשעם"/><String HEIGHT="40" WIDTH="77" VPOS="1280" HPOS="790" CONTENT="(?)"/><String HEIGHT="40" WIDTH="98" VPOS="1280" HPOS="833" CONTENT="ולבית"/><String HEIGHT="40" WIDTH="87" VPOS="1280" HPOS="899" CONTENT="יעקב"/><String HEIGHT="40" WIDTH="98" VPOS="1280" HPOS="954" CONTENT="חטאתם"/><String HEIGHT="40" WIDTH="77" VPOS="1280" HPOS="1019" CONTENT="אשר"/><String HEIGHT="40" WIDTH="98" VPOS="1280" HPOS="1063" CONTENT="יחטאו"/><String HEIGHT="40" WIDTH="87" VPOS="1280" HPOS="1129" CONTENT="בנפש"/><String HEIGHT="40" WIDTH="87" VPOS="1280" HPOS="1183" CONTENT="הדור"/><String HEIGHT="40" WIDTH="98" VPOS="1280" HPOS="1238" CONTENT="ההולך"/><String HEIGHT="40" WIDTH="77" VPOS="1280" HPOS="1292" CONTENT="והדור"/></TextLine><TextLine ID="Ar0040004l12" BASELINE="1353" HEIGHT="41" WIDTH="621" VPOS="1312" HPOS="747"><String HEIGHT="41" WIDTH="645" VPOS="1312" HPOS="723" CONTENT="הנולד, אך בחשבי פן ע״י הדברים האלה אשר אעביר לפניהם,"/></TextLine><TextLine ID="Ar0040004l13" BASELINE="1384" HEIGHT="40" WIDTH="623" VPOS="1344" HPOS="744"><String HEIGHT="40" WIDTH="647" VPOS="1344" HPOS="720" CONTENT="(כי חרפה היא לנו נגד העמים, אשר בארץ אשר מספר יושבינו"/></TextLine><TextLine ID="Ar0040004l14" BASELINE="1416" HEIGHT="41" WIDTH="619" VPOS="1375" HPOS="748"><String HEIGHT="41" WIDTH="645" VPOS="1375" HPOS="722" CONTENT="בה הוא קרוב לששים רבוא נפשות, כמספר העם אשר יצא"/></TextLine><TextLine ID="Ar0040004l15" BASELINE="1448" HEIGHT="42" WIDTH="620" VPOS="1406" HPOS="749"><String HEIGHT="42" WIDTH="493" VPOS="1406" HPOS="736" CONTENT="ממצרים, לא תמצא בה אך ארבעה בתי ספר"/><String HEIGHT="42" WIDTH="114" VPOS="1406" HPOS="1192" CONTENT="לילדי"/><String HEIGHT="42" WIDTH="114" VPOS="1406" HPOS="1255" CONTENT="ישראל*)"/></TextLine></TextBlock><TextBlock ID="Ar0040005" HEIGHT="307" WIDTH="624" VPOS="1519" HPOS="743"><Shape><Polygon POINTS="1367,1826 743,1826 743,1519 1367,1519"/></Shape><TextLine ID="Ar0040005l1" BASELINE="1550" HEIGHT="39" WIDTH="576" VPOS="1511" HPOS="743"><String HEIGHT="39" WIDTH="65" VPOS="1511" HPOS="732" CONTENT="*)"/><String HEIGHT="39" WIDTH="87" VPOS="1511" HPOS="765" CONTENT="מובן"/><String HEIGHT="39" WIDTH="98" VPOS="1511" HPOS="819" CONTENT="מאליו"/><String HEIGHT="39" WIDTH="65" VPOS="1511" HPOS="884" CONTENT="כי"/><String HEIGHT="39" WIDTH="109" VPOS="1511" HPOS="917" CONTENT="הקדרים"/><String HEIGHT="39" WIDTH="76" VPOS="1511" HPOS="993" CONTENT="אשר"/><String HEIGHT="39" WIDTH="109" VPOS="1511" HPOS="1036" CONTENT="בימינו"/><String HEIGHT="39" WIDTH="87" VPOS="1511" HPOS="1113" CONTENT="אינם"/><String HEIGHT="39" WIDTH="98" VPOS="1511" HPOS="1167" CONTENT="זוכים"/><String HEIGHT="39" WIDTH="98" VPOS="1511" HPOS="1221" CONTENT="להקראות"/></TextLine><TextLine ID="Ar0040005l2" BASELINE="1582" HEIGHT="34" WIDTH="630" VPOS="1548" HPOS="738"><String HEIGHT="34" WIDTH="82" VPOS="1548" HPOS="726" CONTENT="בשם"/><String HEIGHT="34" WIDTH="93" VPOS="1548" HPOS="773" CONTENT="„בית"/><String HEIGHT="34" WIDTH="117" VPOS="1548" HPOS="831" CONTENT="הספר״,"/><String HEIGHT="34" WIDTH="105" VPOS="1548" HPOS="913" CONTENT="ואמנם"/><String HEIGHT="34" WIDTH="117" VPOS="1548" HPOS="983" CONTENT="החדרים"/><String HEIGHT="34" WIDTH="128" VPOS="1548" HPOS="1065" CONTENT="מלפנים,"/><String HEIGHT="34" WIDTH="70" VPOS="1548" HPOS="1158" CONTENT="עת"/><String HEIGHT="34" WIDTH="93" VPOS="1548" HPOS="1193" CONTENT="שהיה"/><String HEIGHT="34" WIDTH="82" VPOS="1548" HPOS="1251" CONTENT="מצב"/><String HEIGHT="34" WIDTH="82" VPOS="1548" HPOS="1286" CONTENT="השכלת"/></TextLine><TextLine ID="Ar0040005l3" BASELINE="1613" HEIGHT="37" WIDTH="630" VPOS="1576" HPOS="738"><String HEIGHT="37" WIDTH="79" VPOS="1576" HPOS="727" CONTENT="העם"/><String HEIGHT="37" WIDTH="79" VPOS="1576" HPOS="772" CONTENT="אשר"/><String HEIGHT="37" WIDTH="101" VPOS="1576" HPOS="817" CONTENT="אנחנו"/><String HEIGHT="37" WIDTH="113" VPOS="1576" HPOS="884" CONTENT="יושבים"/><String HEIGHT="37" WIDTH="101" VPOS="1576" HPOS="963" CONTENT="בקרבו"/><String HEIGHT="37" WIDTH="68" VPOS="1576" HPOS="1031" CONTENT="גם"/><String HEIGHT="37" WIDTH="79" VPOS="1576" HPOS="1064" CONTENT="הוא"/><String HEIGHT="37" WIDTH="90" VPOS="1576" HPOS="1109" CONTENT="ברע,"/><String HEIGHT="37" WIDTH="90" VPOS="1576" HPOS="1166" CONTENT="ובתי"/><String HEIGHT="37" WIDTH="90" VPOS="1576" HPOS="1222" CONTENT="הספר"/><String HEIGHT="37" WIDTH="101" VPOS="1576" HPOS="1267" CONTENT="הכוללים"/></TextLine><TextLine ID="Ar0040005l4" BASELINE="1646" HEIGHT="36" WIDTH="623" VPOS="1610" HPOS="740"><String HEIGHT="36" WIDTH="104" VPOS="1610" HPOS="730" CONTENT="המעטים"/><String HEIGHT="36" WIDTH="104" VPOS="1610" HPOS="802" CONTENT="סגורים"/><String HEIGHT="36" WIDTH="104" VPOS="1610" HPOS="875" CONTENT="לישראל"/><String HEIGHT="36" WIDTH="83" VPOS="1610" HPOS="948" CONTENT="והיו"/><String HEIGHT="36" WIDTH="73" VPOS="1610" HPOS="1000" CONTENT="בני"/><String HEIGHT="36" WIDTH="104" VPOS="1610" HPOS="1041" CONTENT="העובים"/><String HEIGHT="36" WIDTH="104" VPOS="1610" HPOS="1114" CONTENT="ואצילי"/><String HEIGHT="36" WIDTH="104" VPOS="1610" HPOS="1186" CONTENT="ישראל,"/><String HEIGHT="36" WIDTH="73" VPOS="1610" HPOS="1259" CONTENT="אשר"/><String HEIGHT="36" WIDTH="73" VPOS="1610" HPOS="1290" CONTENT="לרגלי"/></TextLine><TextLine ID="Ar0040005l5" BASELINE="1677" HEIGHT="42" WIDTH="627" VPOS="1635" HPOS="742"><String HEIGHT="42" WIDTH="106" VPOS="1635" HPOS="731" CONTENT="החינוך"/><String HEIGHT="42" WIDTH="96" VPOS="1635" HPOS="806" CONTENT="שחנכו"/><String HEIGHT="42" WIDTH="85" VPOS="1635" HPOS="870" CONTENT="אותם"/><String HEIGHT="42" WIDTH="117" VPOS="1635" HPOS="923" CONTENT="אבותיהם"/><String HEIGHT="42" WIDTH="96" VPOS="1635" HPOS="1008" CONTENT="בביתם"/><String HEIGHT="42" WIDTH="74" VPOS="1635" HPOS="1071" CONTENT="קנו"/><String HEIGHT="42" WIDTH="74" VPOS="1635" HPOS="1114" CONTENT="להם"/><String HEIGHT="42" WIDTH="85" VPOS="1635" HPOS="1156" CONTENT="מדות"/><String HEIGHT="42" WIDTH="96" VPOS="1635" HPOS="1210" CONTENT="טובות"/><String HEIGHT="42" WIDTH="106" VPOS="1635" HPOS="1263" CONTENT="ומתוקנות"/></TextLine><TextLine ID="Ar0040005l6" BASELINE="1710" HEIGHT="37" WIDTH="624" VPOS="1673" HPOS="746"><String HEIGHT="37" WIDTH="85" VPOS="1673" HPOS="735" CONTENT="והיו"/><String HEIGHT="37" WIDTH="106" VPOS="1673" HPOS="788" CONTENT="נאלצים"/><String HEIGHT="37" WIDTH="106" VPOS="1673" HPOS="862" CONTENT="„לשקוד"/><String HEIGHT="37" WIDTH="63" VPOS="1673" HPOS="936" CONTENT="על"/><String HEIGHT="37" WIDTH="85" VPOS="1673" HPOS="968" CONTENT="פתחי"/><String HEIGHT="37" WIDTH="116" VPOS="1673" HPOS="1021" CONTENT="החדרים,"/><String HEIGHT="37" WIDTH="74" VPOS="1673" HPOS="1106" CONTENT="היו"/><String HEIGHT="37" WIDTH="106" VPOS="1673" HPOS="1148" CONTENT="החדרים"/><String HEIGHT="37" WIDTH="95" VPOS="1673" HPOS="1222" CONTENT="טובים"/><String HEIGHT="37" WIDTH="95" VPOS="1673" HPOS="1275" CONTENT="לישראל;"/></TextLine><TextLine ID="Ar0040005l7" BASELINE="1741" HEIGHT="40" WIDTH="625" VPOS="1701" HPOS="739"><String HEIGHT="40" WIDTH="77" VPOS="1701" HPOS="728" CONTENT="אבל"/><String HEIGHT="40" WIDTH="66" VPOS="1701" HPOS="772" CONTENT="לא"/><String HEIGHT="40" WIDTH="66" VPOS="1701" HPOS="805" CONTENT="כן"/><String HEIGHT="40" WIDTH="88" VPOS="1701" HPOS="838" CONTENT="עתה,"/><String HEIGHT="40" WIDTH="77" VPOS="1701" HPOS="893" CONTENT="אשר"/><String HEIGHT="40" WIDTH="77" VPOS="1701" HPOS="936" CONTENT="בני"/><String HEIGHT="40" WIDTH="110" VPOS="1701" HPOS="980" CONTENT="העובים"/><String HEIGHT="40" WIDTH="132" VPOS="1701" HPOS="1057" CONTENT="והאצילים"/><String HEIGHT="40" WIDTH="110" VPOS="1701" HPOS="1156" CONTENT="שוקדים"/><String HEIGHT="40" WIDTH="66" VPOS="1701" HPOS="1232" CONTENT="על"/><String HEIGHT="40" WIDTH="77" VPOS="1701" HPOS="1265" CONTENT="בתי"/><String HEIGHT="40" WIDTH="66" VPOS="1701" HPOS="1298" CONTENT="הספר"/></TextLine><TextLine ID="Ar0040005l8" BASELINE="1774" HEIGHT="40" WIDTH="618" VPOS="1734" HPOS="745"><String HEIGHT="40" WIDTH="210" VPOS="1734" HPOS="734" CONTENT="הכללים, תחת אשר"/><String HEIGHT="40" WIDTH="99" VPOS="1734" HPOS="911" CONTENT="יחונך"/><String HEIGHT="40" WIDTH="88" VPOS="1734" HPOS="977" CONTENT="הנער"/><String HEIGHT="40" WIDTH="99" VPOS="1734" HPOS="1032" CONTENT="העברי"/><String HEIGHT="40" WIDTH="88" VPOS="1734" HPOS="1098" CONTENT="מדלת"/><String HEIGHT="40" WIDTH="66" VPOS="1734" HPOS="1153" CONTENT="עם"/><String HEIGHT="40" WIDTH="88" VPOS="1734" HPOS="1186" CONTENT="הארץ"/><String HEIGHT="40" WIDTH="88" VPOS="1734" HPOS="1242" CONTENT="בדרך"/><String HEIGHT="40" WIDTH="77" VPOS="1734" HPOS="1286" CONTENT="המוסר"/></TextLine><TextLine ID="Ar0040005l9" BASELINE="1808" HEIGHT="41" WIDTH="617" VPOS="1767" HPOS="747"><String HEIGHT="41" WIDTH="93" VPOS="1767" HPOS="735" CONTENT="ותחת"/><String HEIGHT="41" WIDTH="105" VPOS="1767" HPOS="794" CONTENT="לקנות"/><String HEIGHT="41" WIDTH="81" VPOS="1767" HPOS="863" CONTENT="שמה"/><String HEIGHT="41" WIDTH="93" VPOS="1767" HPOS="910" CONTENT="מדות"/><String HEIGHT="41" WIDTH="105" VPOS="1767" HPOS="968" CONTENT="טובות"/><String HEIGHT="41" WIDTH="93" VPOS="1767" HPOS="1038" CONTENT="ודרך"/><String HEIGHT="41" WIDTH="93" VPOS="1767" HPOS="1096" CONTENT="ארץ,"/><String HEIGHT="41" WIDTH="93" VPOS="1767" HPOS="1154" CONTENT="יגדל"/><String HEIGHT="41" WIDTH="81" VPOS="1767" HPOS="1213" CONTENT="שמה"/><String HEIGHT="41" WIDTH="93" VPOS="1767" HPOS="1259" CONTENT="כעיר"/><String HEIGHT="41" WIDTH="58" VPOS="1767" HPOS="1306" CONTENT="פרא"/></TextLine><TextLine ID="Ar0040005l10" BASELINE="1832" HEIGHT="33" WIDTH="348" VPOS="1799" HPOS="1018"><String HEIGHT="33" WIDTH="87" VPOS="1799" HPOS="1006" CONTENT="אדם"/><String HEIGHT="33" WIDTH="99" VPOS="1799" HPOS="1055" CONTENT="ויהי"/><String HEIGHT="33" WIDTH="99" VPOS="1799" HPOS="1117" CONTENT="פרוע"/><String HEIGHT="33" WIDTH="112" VPOS="1799" HPOS="1180" CONTENT="לשמצה"/><String HEIGHT="33" WIDTH="62" VPOS="1799" HPOS="1254" CONTENT="—"/><String HEIGHT="33" WIDTH="99" VPOS="1799" HPOS="1267" CONTENT="הכותב."/></TextLine></TextBlock><TextBlock ID="Ar0040200" HEIGHT="224" WIDTH="624" VPOS="112" HPOS="83"><Shape><Polygon POINTS="707,336 83,336 83,112 707,112"/></Shape><TextLine ID="Ar0040200l1" BASELINE="150" HEIGHT="43" WIDTH="628" VPOS="107" HPOS="80"><String HEIGHT="43" WIDTH="649" VPOS="107" HPOS="59" CONTENT="בלבוב, קראקוי, טארנאפל ובראדי), יתעודדו ויתעוררו אלה האנשים"/></TextLine><TextLine ID="Ar0040200l2" BASELINE="181" HEIGHT="41" WIDTH="617" VPOS="140" HPOS="89"><String HEIGHT="41" WIDTH="642" VPOS="140" HPOS="64" CONTENT="אשר רב כחם לפעול טוב בקרב אחיהם ולרומם את היהודית"/></TextLine><TextLine ID="Ar0040200l3" BASELINE="214" HEIGHT="42" WIDTH="626" VPOS="172" HPOS="82"><String HEIGHT="42" WIDTH="81" VPOS="172" HPOS="70" CONTENT="ולא"/><String HEIGHT="42" WIDTH="104" VPOS="172" HPOS="117" CONTENT="יטמנו"/><String HEIGHT="42" WIDTH="81" VPOS="172" HPOS="186" CONTENT="עוד"/><String HEIGHT="42" WIDTH="128" VPOS="172" HPOS="233" CONTENT="בעצלתים"/><String HEIGHT="42" WIDTH="70" VPOS="172" HPOS="325" CONTENT="את"/><String HEIGHT="42" WIDTH="81" VPOS="172" HPOS="360" CONTENT="ידם"/><String HEIGHT="42" WIDTH="116" VPOS="172" HPOS="407" CONTENT="בחיקם,"/><String HEIGHT="42" WIDTH="81" VPOS="172" HPOS="488" CONTENT="ולא"/><String HEIGHT="42" WIDTH="93" VPOS="172" HPOS="534" CONTENT="יהי׳"/><String HEIGHT="42" WIDTH="116" VPOS="172" HPOS="592" CONTENT="נחבאים"/><String HEIGHT="42" WIDTH="46" VPOS="172" HPOS="662" CONTENT="אל"/></TextLine><TextLine ID="Ar0040200l4" BASELINE="242" HEIGHT="39" WIDTH="633" VPOS="203" HPOS="77"><String HEIGHT="39" WIDTH="656" VPOS="203" HPOS="54" CONTENT="הכלים לאמור נואש, כי אם ישימו נגד פניהם דברי אבות העולם"/></TextLine><TextLine ID="Ar0040200l5" BASELINE="277" HEIGHT="40" WIDTH="624" VPOS="237" HPOS="79"><String HEIGHT="40" WIDTH="647" VPOS="237" HPOS="56" CONTENT="„במקום שאין אנשים השתדל להיות איש״, ואיש את רעהו יעזורו"/></TextLine><TextLine ID="Ar0040200l6" BASELINE="308" HEIGHT="41" WIDTH="582" VPOS="267" HPOS="123"><String HEIGHT="41" WIDTH="605" VPOS="267" HPOS="111" CONTENT="ולאחיו יאמר חזק ותקותי חזקה כי חפץ ד׳ בידם יצלח."/><String HEIGHT="41" WIDTH="35" VPOS="267" HPOS="670" CONTENT="—"/></TextLine><TextLine ID="Ar0040200l7" BASELINE="339" HEIGHT="32" WIDTH="220" VPOS="307" HPOS="171"><String HEIGHT="32" WIDTH="246" VPOS="307" HPOS="145" CONTENT="אשר שמחה ווייסמאן"/></TextLine></TextBlock><TextBlock ID="Ar0040100" HEIGHT="88" WIDTH="424" VPOS="405" HPOS="159"><Shape><Polygon POINTS="583,493 159,493 159,405 583,405"/></Shape><TextLine ID="Ar0040100l1" BASELINE="471" HEIGHT="48" WIDTH="220" VPOS="423" HPOS="287"><String HEIGHT="48" WIDTH="275" VPOS="423" HPOS="232" CONTENT="רוסלאנד."/></TextLine></TextBlock><TextBlock ID="Ar0040101" HEIGHT="445" WIDTH="657" VPOS="498" HPOS="67"><Shape><Polygon POINTS="724,943 67,943 67,498 724,498"/></Shape><TextLine ID="Ar0040101l1" BASELINE="534" HEIGHT="40" WIDTH="561" VPOS="494" HPOS="81"><String HEIGHT="40" WIDTH="119" VPOS="494" HPOS="69" CONTENT="קאוונא"/><String HEIGHT="40" WIDTH="84" VPOS="494" HPOS="153" CONTENT="י״ז"/><String HEIGHT="40" WIDTH="95" VPOS="494" HPOS="200" CONTENT="מנחם"/><String HEIGHT="40" WIDTH="72" VPOS="494" HPOS="260" CONTENT="אכ"/><String HEIGHT="40" WIDTH="119" VPOS="494" HPOS="296" CONTENT="תרל״ד."/><String HEIGHT="40" WIDTH="72" VPOS="494" HPOS="379" CONTENT="מה"/><String HEIGHT="40" WIDTH="95" VPOS="494" HPOS="415" CONTENT="גדלו"/><String HEIGHT="40" WIDTH="119" VPOS="494" HPOS="475" CONTENT="התרמית"/><String HEIGHT="40" WIDTH="95" VPOS="494" HPOS="547" CONTENT="והערמה"/></TextLine><TextLine ID="Ar0040101l2" BASELINE="567" HEIGHT="40" WIDTH="634" VPOS="527" HPOS="75"><String HEIGHT="40" WIDTH="660" VPOS="527" HPOS="49" CONTENT="בזמן הזה, מה מאוד שגשגו ועשו פרי בלבב אנשים חטאים"/></TextLine><TextLine ID="Ar0040101l3" BASELINE="599" HEIGHT="44" WIDTH="626" VPOS="555" HPOS="82"><String HEIGHT="44" WIDTH="650" VPOS="555" HPOS="58" CONTENT="אשר כשחוק להם לבלע נקי חנם, אם אמנם שונים המה האנשים"/></TextLine><TextLine ID="Ar0040101l4" BASELINE="631" HEIGHT="42" WIDTH="626" VPOS="589" HPOS="85"><String HEIGHT="42" WIDTH="128" VPOS="589" HPOS="73" CONTENT="הלוקחים"/><String HEIGHT="42" WIDTH="81" VPOS="589" HPOS="166" CONTENT="למו"/><String HEIGHT="42" WIDTH="104" VPOS="589" HPOS="213" CONTENT="לכסות"/><String HEIGHT="42" WIDTH="81" VPOS="589" HPOS="282" CONTENT="חמס"/><String HEIGHT="42" WIDTH="70" VPOS="589" HPOS="328" CONTENT="על"/><String HEIGHT="42" WIDTH="116" VPOS="589" HPOS="363" CONTENT="לבושם,"/><String HEIGHT="42" WIDTH="116" VPOS="589" HPOS="444" CONTENT="להונות"/><String HEIGHT="42" WIDTH="70" VPOS="589" HPOS="526" CONTENT="את"/><String HEIGHT="42" WIDTH="104" VPOS="589" HPOS="560" CONTENT="רעיהם"/><String HEIGHT="42" WIDTH="93" VPOS="589" HPOS="618" CONTENT="ולהריק"/></TextLine><TextLine ID="Ar0040101l5" BASELINE="663" HEIGHT="42" WIDTH="626" VPOS="621" HPOS="80"><String HEIGHT="42" WIDTH="84" VPOS="621" HPOS="68" CONTENT="כיס"/><String HEIGHT="42" WIDTH="108" VPOS="621" HPOS="116" CONTENT="כספם,"/><String HEIGHT="42" WIDTH="72" VPOS="621" HPOS="188" CONTENT="אך"/><String HEIGHT="42" WIDTH="120" VPOS="621" HPOS="224" CONTENT="שבעתים"/><String HEIGHT="42" WIDTH="108" VPOS="621" HPOS="309" CONTENT="הגדיל"/><String HEIGHT="42" WIDTH="108" VPOS="621" HPOS="381" CONTENT="לעשות"/><String HEIGHT="42" WIDTH="96" VPOS="621" HPOS="453" CONTENT="זדון"/><String HEIGHT="42" WIDTH="108" VPOS="621" HPOS="513" CONTENT="ומרמה"/><String HEIGHT="42" WIDTH="84" VPOS="621" HPOS="586" CONTENT="איש"/><String HEIGHT="42" WIDTH="84" VPOS="621" HPOS="622" CONTENT="בליעל"/></TextLine><TextLine ID="Ar0040101l6" BASELINE="693" HEIGHT="40" WIDTH="626" VPOS="653" HPOS="82"><String HEIGHT="40" WIDTH="651" VPOS="653" HPOS="57" CONTENT="אחד בסביבותינו בקראו לנפשו שבעה שמות, ובהם יעשה כלי"/></TextLine><TextLine ID="Ar0040101l7" BASELINE="725" HEIGHT="41" WIDTH="636" VPOS="684" HPOS="75"><String HEIGHT="41" WIDTH="660" VPOS="684" HPOS="51" CONTENT="משחית לחבל נפשות נקיות, ורשע עריץ אחד כמוהו מביא שואה"/></TextLine><TextLine ID="Ar0040101l8" BASELINE="756" HEIGHT="41" WIDTH="357" VPOS="715" HPOS="352"><String HEIGHT="41" WIDTH="379" VPOS="715" HPOS="341" CONTENT="על נפשות רבות לקפד כאורג חייהן"/><String HEIGHT="41" WIDTH="33" VPOS="715" HPOS="676" CONTENT="—"/></TextLine><TextLine ID="Ar0040101l9" BASELINE="788" HEIGHT="45" WIDTH="581" VPOS="743" HPOS="74"><String HEIGHT="45" WIDTH="605" VPOS="743" HPOS="50" CONTENT="האיש הזה לקח לו לאבן פנה למחית נפשו לסחור בנפשות"/></TextLine><TextLine ID="Ar0040101l10" BASELINE="821" HEIGHT="42" WIDTH="623" VPOS="779" HPOS="83"><String HEIGHT="42" WIDTH="79" VPOS="779" HPOS="72" CONTENT="אדם"/><String HEIGHT="42" WIDTH="113" VPOS="779" HPOS="117" CONTENT="ולעשות"/><String HEIGHT="42" WIDTH="79" VPOS="779" HPOS="196" CONTENT="בהן"/><String HEIGHT="42" WIDTH="91" VPOS="779" HPOS="242" CONTENT="מקנה"/><String HEIGHT="42" WIDTH="113" VPOS="779" HPOS="298" CONTENT="וקנין,"/><String HEIGHT="42" WIDTH="68" VPOS="779" HPOS="378" CONTENT="לא"/><String HEIGHT="42" WIDTH="91" VPOS="779" HPOS="411" CONTENT="יבקר"/><String HEIGHT="42" WIDTH="79" VPOS="779" HPOS="468" CONTENT="בין"/><String HEIGHT="42" WIDTH="91" VPOS="779" HPOS="513" CONTENT="נערה"/><String HEIGHT="42" WIDTH="102" VPOS="779" HPOS="570" CONTENT="בתולה"/><String HEIGHT="42" WIDTH="79" VPOS="779" HPOS="627" CONTENT="כלילת"/></TextLine><TextLine ID="Ar0040101l11" BASELINE="853" HEIGHT="42" WIDTH="634" VPOS="811" HPOS="79"><String HEIGHT="42" WIDTH="656" VPOS="811" HPOS="57" CONTENT="יופי, לזקנה ובלה, בין גרושה לאלמנה וחלוצה, ויחלל (או יקדש)"/></TextLine><TextLine ID="Ar0040101l12" BASELINE="885" HEIGHT="42" WIDTH="631" VPOS="843" HPOS="82"><String HEIGHT="42" WIDTH="498" VPOS="843" HPOS="71" CONTENT="מן הבא בידו, בידעו כי באחרית הימים תנצלנה"/><String HEIGHT="42" WIDTH="66" VPOS="843" HPOS="536" CONTENT="את"/><String HEIGHT="42" WIDTH="89" VPOS="843" HPOS="569" CONTENT="עדין"/><String HEIGHT="42" WIDTH="100" VPOS="843" HPOS="613" CONTENT="מעליהן,"/></TextLine><TextLine ID="Ar0040101l13" BASELINE="916" HEIGHT="42" WIDTH="632" VPOS="874" HPOS="79"><String HEIGHT="42" WIDTH="70" VPOS="874" HPOS="67" CONTENT="או"/><String HEIGHT="42" WIDTH="117" VPOS="874" HPOS="102" CONTENT="תסבבנה"/><String HEIGHT="42" WIDTH="70" VPOS="874" HPOS="184" CONTENT="על"/><String HEIGHT="42" WIDTH="94" VPOS="874" HPOS="219" CONTENT="פתחי"/><String HEIGHT="42" WIDTH="117" VPOS="874" HPOS="278" CONTENT="נדיבים"/><String HEIGHT="42" WIDTH="94" VPOS="874" HPOS="360" CONTENT="לקבץ"/><String HEIGHT="42" WIDTH="70" VPOS="874" HPOS="418" CONTENT="על"/><String HEIGHT="42" WIDTH="82" VPOS="874" HPOS="454" CONTENT="יד,"/><String HEIGHT="42" WIDTH="94" VPOS="874" HPOS="500" CONTENT="למען"/><String HEIGHT="42" WIDTH="70" VPOS="874" HPOS="559" CONTENT="תת"/><String HEIGHT="42" WIDTH="82" VPOS="874" HPOS="594" CONTENT="כפר"/><String HEIGHT="42" WIDTH="82" VPOS="874" HPOS="629" CONTENT="פדיון"/></TextLine><TextLine ID="Ar0040101l14" BASELINE="946" HEIGHT="39" WIDTH="627" VPOS="907" HPOS="83"><String HEIGHT="39" WIDTH="650" VPOS="907" HPOS="60" CONTENT="נפשן להשיג ספר כריתות. ולאיש הזה היה אשה אחת בדינאבורג"/></TextLine></TextBlock><TextBlock ID="Ar0040102" HEIGHT="476" WIDTH="657" VPOS="943" HPOS="67"><Shape><Polygon POINTS="724,1419 67,1419 67,943 724,943"/></Shape><TextLine ID="Ar0040102l1" BASELINE="979" HEIGHT="42" WIDTH="629" VPOS="937" HPOS="78"><String HEIGHT="42" WIDTH="653" VPOS="937" HPOS="54" CONTENT="ואחת במינסק, אחת בסובאלק ואחת בעיר קטנה רומשישאק, אלה"/></TextLine><TextLine ID="Ar0040102l2" BASELINE="1009" HEIGHT="39" WIDTH="630" VPOS="970" HPOS="78"><String HEIGHT="39" WIDTH="653" VPOS="970" HPOS="55" CONTENT="הנה הנודעות ושאין נודעות מי יודע כמה. האיש הזה הוא יליד"/></TextLine><TextLine ID="Ar0040102l3" BASELINE="1042" HEIGHT="44" WIDTH="626" VPOS="998" HPOS="87"><String HEIGHT="44" WIDTH="195" VPOS="998" HPOS="77" CONTENT="עיר קטנה וויזין"/><String HEIGHT="44" WIDTH="92" VPOS="998" HPOS="241" CONTENT="ונכתב"/><String HEIGHT="44" WIDTH="113" VPOS="998" HPOS="303" CONTENT="באוטיאן"/><String HEIGHT="44" WIDTH="82" VPOS="998" HPOS="385" CONTENT="מחוז"/><String HEIGHT="44" WIDTH="113" VPOS="998" HPOS="436" CONTENT="ווילנא,"/><String HEIGHT="44" WIDTH="103" VPOS="998" HPOS="518" CONTENT="שנותיו"/><String HEIGHT="44" WIDTH="72" VPOS="998" HPOS="590" CONTENT="כבן"/><String HEIGHT="44" WIDTH="92" VPOS="998" HPOS="621" CONTENT="ארבעים,"/></TextLine><TextLine ID="Ar0040102l4" BASELINE="1074" HEIGHT="41" WIDTH="630" VPOS="1033" HPOS="83"><String HEIGHT="41" WIDTH="653" VPOS="1033" HPOS="60" CONTENT="רם הקומה ופניו שחורים, זקן גדל יסב את לחייו ומידו הימנית"/></TextLine><TextLine ID="Ar0040102l5" BASELINE="1105" HEIGHT="40" WIDTH="638" VPOS="1065" HPOS="80"><String HEIGHT="40" WIDTH="108" VPOS="1065" HPOS="68" CONTENT="נגדעו"/><String HEIGHT="40" WIDTH="84" VPOS="1065" HPOS="140" CONTENT="שני"/><String HEIGHT="40" WIDTH="108" VPOS="1065" HPOS="188" CONTENT="אברים"/><String HEIGHT="40" WIDTH="132" VPOS="1065" HPOS="261" CONTENT="מאצבעו,"/><String HEIGHT="40" WIDTH="96" VPOS="1065" HPOS="357" CONTENT="מימי"/><String HEIGHT="40" WIDTH="120" VPOS="1065" HPOS="417" CONTENT="נעוריו"/><String HEIGHT="40" WIDTH="84" VPOS="1065" HPOS="501" CONTENT="בקי"/><String HEIGHT="40" WIDTH="96" VPOS="1065" HPOS="549" CONTENT="הנהו"/><String HEIGHT="40" WIDTH="84" VPOS="1065" HPOS="610" CONTENT="בכל"/><String HEIGHT="40" WIDTH="72" VPOS="1065" HPOS="646" CONTENT="חדרי"/></TextLine><TextLine ID="Ar0040102l6" BASELINE="1137" HEIGHT="41" WIDTH="635" VPOS="1096" HPOS="74"><String HEIGHT="41" WIDTH="658" VPOS="1096" HPOS="51" CONTENT="בתי האסורים, ולא לעתים רחוקות ילך בלוית אנשי צבא וברתקות"/></TextLine><TextLine ID="Ar0040102l7" BASELINE="1165" HEIGHT="37" WIDTH="630" VPOS="1128" HPOS="74"><String HEIGHT="37" WIDTH="167" VPOS="1128" HPOS="61" CONTENT="ברזל מעיר"/><String HEIGHT="37" WIDTH="116" VPOS="1128" HPOS="190" CONTENT="לעיר,"/><String HEIGHT="37" WIDTH="77" VPOS="1128" HPOS="267" CONTENT="כי"/><String HEIGHT="37" WIDTH="77" VPOS="1128" HPOS="305" CONTENT="אם"/><String HEIGHT="37" WIDTH="77" VPOS="1128" HPOS="344" CONTENT="לא"/><String HEIGHT="37" WIDTH="103" VPOS="1128" HPOS="383" CONTENT="יצלח"/><String HEIGHT="37" WIDTH="77" VPOS="1128" HPOS="447" CONTENT="לו"/><String HEIGHT="37" WIDTH="103" VPOS="1128" HPOS="485" CONTENT="ללכד"/><String HEIGHT="37" WIDTH="141" VPOS="1128" HPOS="550" CONTENT="במכמרתו"/><String HEIGHT="37" WIDTH="64" VPOS="1128" HPOS="640" CONTENT="נפש"/></TextLine><TextLine ID="Ar0040102l8" BASELINE="1199" HEIGHT="40" WIDTH="643" VPOS="1159" HPOS="78"><String HEIGHT="40" WIDTH="668" VPOS="1159" HPOS="53" CONTENT="אחת, ישלח בגנבה ידו. לו שפת חלקות, וכה למד לשונו דבר"/></TextLine><TextLine ID="Ar0040102l9" BASELINE="1233" HEIGHT="41" WIDTH="628" VPOS="1192" HPOS="77"><String HEIGHT="41" WIDTH="653" VPOS="1192" HPOS="52" CONTENT="שקר, עד כי בעת הפיחו כזבים לא יכל איש להבין כי מרמה"/></TextLine><TextLine ID="Ar0040102l10" BASELINE="1261" HEIGHT="39" WIDTH="632" VPOS="1222" HPOS="80"><String HEIGHT="39" WIDTH="655" VPOS="1222" HPOS="57" CONTENT="בפיו, הוא יתאר את עצמו לפעמים לסוחר גדול, ולפעמים לבעל"/></TextLine><TextLine ID="Ar0040102l11" BASELINE="1296" HEIGHT="50" WIDTH="638" VPOS="1246" HPOS="78"><String HEIGHT="50" WIDTH="106" VPOS="1246" HPOS="66" CONTENT="נכסים"/><String HEIGHT="50" WIDTH="95" VPOS="1246" HPOS="137" CONTENT="רבים"/><String HEIGHT="50" WIDTH="83" VPOS="1246" HPOS="196" CONTENT="אשר"/><String HEIGHT="50" WIDTH="83" VPOS="1246" HPOS="243" CONTENT="דבש"/><String HEIGHT="50" WIDTH="95" VPOS="1246" HPOS="291" CONTENT="וחלב"/><String HEIGHT="50" WIDTH="106" VPOS="1246" HPOS="350" CONTENT="בביתו"/><String HEIGHT="50" WIDTH="118" VPOS="1246" HPOS="421" CONTENT="יזובו,"/><String HEIGHT="50" WIDTH="71" VPOS="1246" HPOS="503" CONTENT="אף"/><String HEIGHT="50" WIDTH="95" VPOS="1246" HPOS="539" CONTENT="לובש"/><String HEIGHT="50" WIDTH="95" VPOS="1246" HPOS="598" CONTENT="הנהו"/><String HEIGHT="50" WIDTH="71" VPOS="1246" HPOS="645" CONTENT="טלית"/></TextLine><TextLine ID="Ar0040102l12" BASELINE="1328" HEIGHT="42" WIDTH="632" VPOS="1286" HPOS="78"><String HEIGHT="42" WIDTH="172" VPOS="1286" HPOS="67" CONTENT="קטן ארוך עד"/><String HEIGHT="42" WIDTH="149" VPOS="1286" HPOS="204" CONTENT="ארבבותיו,"/><String HEIGHT="42" WIDTH="126" VPOS="1286" HPOS="319" CONTENT="ובתפלתו"/><String HEIGHT="42" WIDTH="92" VPOS="1286" HPOS="411" CONTENT="יכסה"/><String HEIGHT="42" WIDTH="69" VPOS="1286" HPOS="469" CONTENT="את"/><String HEIGHT="42" WIDTH="92" VPOS="1286" HPOS="503" CONTENT="ראשו"/><String HEIGHT="42" WIDTH="126" VPOS="1286" HPOS="561" CONTENT="בטליתו,"/><String HEIGHT="42" WIDTH="69" VPOS="1286" HPOS="641" CONTENT="ואחר"/></TextLine><TextLine ID="Ar0040102l13" BASELINE="1364" HEIGHT="47" WIDTH="633" VPOS="1317" HPOS="74"><String HEIGHT="47" WIDTH="239" VPOS="1317" HPOS="62" CONTENT="התפלה יקח לו ספר"/><String HEIGHT="47" WIDTH="107" VPOS="1317" HPOS="265" CONTENT="להביט"/><String HEIGHT="47" WIDTH="72" VPOS="1317" HPOS="337" CONTENT="בו"/><String HEIGHT="47" WIDTH="72" VPOS="1317" HPOS="373" CONTENT="גם"/><String HEIGHT="47" WIDTH="72" VPOS="1317" HPOS="408" CONTENT="כן"/><String HEIGHT="47" WIDTH="84" VPOS="1317" HPOS="444" CONTENT="מכל"/><String HEIGHT="47" WIDTH="84" VPOS="1317" HPOS="492" CONTENT="הבא"/><String HEIGHT="47" WIDTH="107" VPOS="1317" HPOS="540" CONTENT="בידו,"/><String HEIGHT="47" WIDTH="72" VPOS="1317" HPOS="611" CONTENT="לא"/><String HEIGHT="47" WIDTH="72" VPOS="1317" HPOS="635" CONTENT="יבכר"/></TextLine><TextLine ID="Ar0040102l14" BASELINE="1391" HEIGHT="41" WIDTH="621" VPOS="1350" HPOS="84"><String HEIGHT="41" WIDTH="152" VPOS="1350" HPOS="72" CONTENT="את הרמב״ם"/><String HEIGHT="41" WIDTH="70" VPOS="1350" HPOS="189" CONTENT="על"/><String HEIGHT="41" WIDTH="141" VPOS="1350" HPOS="225" CONTENT="המשניות,"/><String HEIGHT="41" WIDTH="70" VPOS="1350" HPOS="330" CONTENT="את"/><String HEIGHT="41" WIDTH="94" VPOS="1350" HPOS="365" CONTENT="ספרי"/><String HEIGHT="41" WIDTH="117" VPOS="1350" HPOS="424" CONTENT="התלמוד"/><String HEIGHT="41" WIDTH="70" VPOS="1350" HPOS="506" CONTENT="על"/><String HEIGHT="41" WIDTH="94" VPOS="1350" HPOS="541" CONTENT="ספרי"/><String HEIGHT="41" WIDTH="117" VPOS="1350" HPOS="588" CONTENT="הפוסקים,"/></TextLine><TextLine ID="Ar0040102l15" BASELINE="1423" HEIGHT="42" WIDTH="629" VPOS="1381" HPOS="78"><String HEIGHT="42" WIDTH="88" VPOS="1381" HPOS="65" CONTENT="ועל"/><String HEIGHT="42" WIDTH="75" VPOS="1381" HPOS="116" CONTENT="כן"/><String HEIGHT="42" WIDTH="101" VPOS="1381" HPOS="153" CONTENT="יתפש"/><String HEIGHT="42" WIDTH="75" VPOS="1381" HPOS="216" CONTENT="לב"/><String HEIGHT="42" WIDTH="101" VPOS="1381" HPOS="254" CONTENT="רבים"/><String HEIGHT="42" WIDTH="126" VPOS="1381" HPOS="317" CONTENT="להאמין"/><String HEIGHT="42" WIDTH="75" VPOS="1381" HPOS="405" CONTENT="בו"/><String HEIGHT="42" WIDTH="75" VPOS="1381" HPOS="443" CONTENT="כי"/><String HEIGHT="42" WIDTH="101" VPOS="1381" HPOS="481" CONTENT="תופש"/><String HEIGHT="42" WIDTH="101" VPOS="1381" HPOS="543" CONTENT="תורה"/><String HEIGHT="42" WIDTH="88" VPOS="1381" HPOS="606" CONTENT="הוא"/><String HEIGHT="42" WIDTH="63" VPOS="1381" HPOS="644" CONTENT="וכל"/></TextLine></TextBlock><TextBlock ID="Ar0040103" HEIGHT="226" WIDTH="657" VPOS="1417" HPOS="67"><Shape><Polygon POINTS="724,1643 67,1643 67,1417 724,1417"/></Shape><TextLine ID="Ar0040103l1" BASELINE="1455" HEIGHT="45" WIDTH="633" VPOS="1410" HPOS="78"><String HEIGHT="45" WIDTH="656" VPOS="1410" HPOS="55" CONTENT="דבריו אמת, ובכל מקום בואו יגיד כי זה לא כביר נתאלמן, ולא"/></TextLine><TextLine ID="Ar0040103l2" BASELINE="1486" HEIGHT="40" WIDTH="638" VPOS="1446" HPOS="72"><String HEIGHT="40" WIDTH="104" VPOS="1446" HPOS="59" CONTENT="יביט"/><String HEIGHT="40" WIDTH="78" VPOS="1446" HPOS="124" CONTENT="על"/><String HEIGHT="40" WIDTH="91" VPOS="1446" HPOS="163" CONTENT="מהר"/><String HEIGHT="40" WIDTH="104" VPOS="1446" HPOS="215" CONTENT="ומתן"/><String HEIGHT="40" WIDTH="104" VPOS="1446" HPOS="280" CONTENT="בלתי"/><String HEIGHT="40" WIDTH="104" VPOS="1446" HPOS="345" CONTENT="לקחת"/><String HEIGHT="40" WIDTH="78" VPOS="1446" HPOS="411" CONTENT="לו"/><String HEIGHT="40" WIDTH="91" VPOS="1446" HPOS="450" CONTENT="אשת"/><String HEIGHT="40" WIDTH="91" VPOS="1446" HPOS="502" CONTENT="חיל"/><String HEIGHT="40" WIDTH="91" VPOS="1446" HPOS="554" CONTENT="אשר"/><String HEIGHT="40" WIDTH="104" VPOS="1446" HPOS="606" CONTENT="תנהל"/><String HEIGHT="40" WIDTH="52" VPOS="1446" HPOS="658" CONTENT="את"/></TextLine><TextLine ID="Ar0040103l3" BASELINE="1514" HEIGHT="29" WIDTH="198" VPOS="1485" HPOS="523"><String HEIGHT="29" WIDTH="93" VPOS="1485" HPOS="511" CONTENT="ביתו"/><String HEIGHT="29" WIDTH="116" VPOS="1485" HPOS="570" CONTENT="בתבונת"/><String HEIGHT="29" WIDTH="82" VPOS="1485" HPOS="639" CONTENT="כפיה."/></TextLine><TextLine ID="Ar0040103l4" BASELINE="1553" HEIGHT="45" WIDTH="586" VPOS="1508" HPOS="74"><String HEIGHT="45" WIDTH="408" VPOS="1508" HPOS="61" CONTENT="בחללו את העלובה בסובאלק נקרא"/><String HEIGHT="45" WIDTH="89" VPOS="1508" HPOS="431" CONTENT="בשם"/><String HEIGHT="45" WIDTH="115" VPOS="1508" HPOS="482" CONTENT="וואלף"/><String HEIGHT="45" WIDTH="76" VPOS="1508" HPOS="558" CONTENT="בן"/><String HEIGHT="45" WIDTH="76" VPOS="1508" HPOS="584" CONTENT="יעקב"/></TextLine><TextLine ID="Ar0040103l5" BASELINE="1583" HEIGHT="41" WIDTH="629" VPOS="1542" HPOS="80"><String HEIGHT="41" WIDTH="652" VPOS="1542" HPOS="57" CONTENT="מרגליות, וברומשישק בשם צדוק בן שמואל רובינאוויץ. בזדון"/></TextLine><TextLine ID="Ar0040103l6" BASELINE="1615" HEIGHT="42" WIDTH="629" VPOS="1573" HPOS="86"><String HEIGHT="42" WIDTH="118" VPOS="1573" HPOS="73" CONTENT="וערמה"/><String HEIGHT="42" WIDTH="118" VPOS="1573" HPOS="152" CONTENT="יחליף"/><String HEIGHT="42" WIDTH="79" VPOS="1573" HPOS="230" CONTENT="את"/><String HEIGHT="42" WIDTH="105" VPOS="1573" HPOS="269" CONTENT="שמו,"/><String HEIGHT="42" WIDTH="105" VPOS="1573" HPOS="335" CONTENT="למען"/><String HEIGHT="42" WIDTH="105" VPOS="1573" HPOS="401" CONTENT="יובל"/><String HEIGHT="42" WIDTH="131" VPOS="1573" HPOS="466" CONTENT="להתבחש"/><String HEIGHT="42" WIDTH="144" VPOS="1573" HPOS="558" CONTENT="להאמללה"/><String HEIGHT="42" WIDTH="66" VPOS="1573" HPOS="649" CONTENT="אשר"/></TextLine><TextLine ID="Ar0040103l7" BASELINE="1646" HEIGHT="46" WIDTH="633" VPOS="1600" HPOS="78"><String HEIGHT="46" WIDTH="658" VPOS="1600" HPOS="53" CONTENT="יקדש, בהגישה משפטה לפני השופטים, כי לא זה הוא האיש"/></TextLine></TextBlock><TextBlock ID="Ar0040104" HEIGHT="188" WIDTH="657" VPOS="1639" HPOS="67"><Shape><Polygon POINTS="724,1827 67,1827 67,1639 724,1639"/></Shape><TextLine ID="Ar0040104l1" BASELINE="1676" HEIGHT="40" WIDTH="645" VPOS="1636" HPOS="74"><String HEIGHT="40" WIDTH="673" VPOS="1636" HPOS="46" CONTENT="אשר היא מבקשת, ולשוא כל עמלה אם לא תאות לתת לו"/></TextLine><TextLine ID="Ar0040104l2" BASELINE="1709" HEIGHT="41" WIDTH="456" VPOS="1668" HPOS="257"><String HEIGHT="41" WIDTH="121" VPOS="1668" HPOS="244" CONTENT="פדיון"/><String HEIGHT="41" WIDTH="107" VPOS="1668" HPOS="324" CONTENT="נפשה"/><String HEIGHT="41" WIDTH="107" VPOS="1668" HPOS="391" CONTENT="כאשר"/><String HEIGHT="41" WIDTH="107" VPOS="1668" HPOS="458" CONTENT="תאוה"/><String HEIGHT="41" WIDTH="107" VPOS="1668" HPOS="525" CONTENT="נפשו"/><String HEIGHT="41" WIDTH="134" VPOS="1668" HPOS="592" CONTENT="הרשעה."/><String HEIGHT="41" WIDTH="40" VPOS="1668" HPOS="673" CONTENT="—"/></TextLine><TextLine ID="Ar0040104l3" BASELINE="1739" HEIGHT="43" WIDTH="580" VPOS="1696" HPOS="79"><String HEIGHT="43" WIDTH="603" VPOS="1696" HPOS="56" CONTENT="אם יערבו אנשים להוכיח לו דרכו על פניו יהי מי שיהי',"/></TextLine><TextLine ID="Ar0040104l4" BASELINE="1773" HEIGHT="40" WIDTH="638" VPOS="1733" HPOS="75"><String HEIGHT="40" WIDTH="78" VPOS="1733" HPOS="62" CONTENT="אם"/><String HEIGHT="40" WIDTH="104" VPOS="1733" HPOS="101" CONTENT="גאון"/><String HEIGHT="40" WIDTH="78" VPOS="1733" HPOS="166" CONTENT="או"/><String HEIGHT="40" WIDTH="104" VPOS="1733" HPOS="205" CONTENT="צדיק"/><String HEIGHT="40" WIDTH="104" VPOS="1733" HPOS="270" CONTENT="עשיר"/><String HEIGHT="40" WIDTH="78" VPOS="1733" HPOS="335" CONTENT="או"/><String HEIGHT="40" WIDTH="117" VPOS="1733" HPOS="374" CONTENT="נדיב,"/><String HEIGHT="40" WIDTH="117" VPOS="1733" HPOS="453" CONTENT="יתנפל"/><String HEIGHT="40" WIDTH="91" VPOS="1733" HPOS="531" CONTENT="בעל"/><String HEIGHT="40" WIDTH="104" VPOS="1733" HPOS="583" CONTENT="השבע"/><String HEIGHT="40" WIDTH="78" VPOS="1733" HPOS="635" CONTENT="שמות"/></TextLine><TextLine ID="Ar0040104l5" BASELINE="1806" HEIGHT="42" WIDTH="632" VPOS="1764" HPOS="85"><String HEIGHT="42" WIDTH="112" VPOS="1764" HPOS="73" CONTENT="עליהם"/><String HEIGHT="42" WIDTH="124" VPOS="1764" HPOS="147" CONTENT="וישליך"/><String HEIGHT="42" WIDTH="112" VPOS="1764" HPOS="234" CONTENT="שקצים"/><String HEIGHT="42" WIDTH="74" VPOS="1764" HPOS="308" CONTENT="עד"/><String HEIGHT="42" WIDTH="87" VPOS="1764" HPOS="345" CONTENT="כלי"/><String HEIGHT="42" WIDTH="74" VPOS="1764" HPOS="395" CONTENT="די"/><String HEIGHT="42" WIDTH="112" VPOS="1764" HPOS="432" CONTENT="וביום"/><String HEIGHT="42" WIDTH="87" VPOS="1764" HPOS="506" CONTENT="י״ד"/><String HEIGHT="42" WIDTH="99" VPOS="1764" HPOS="556" CONTENT="מנחם"/><String HEIGHT="42" WIDTH="74" VPOS="1764" HPOS="618" CONTENT="אב"/><String HEIGHT="42" WIDTH="74" VPOS="1764" HPOS="643" CONTENT="הלכו"/></TextLine><TextLine ID="Ar0040104l6" BASELINE="1841" HEIGHT="48" WIDTH="631" VPOS="1793" HPOS="78"><String HEIGHT="48" WIDTH="657" VPOS="1793" HPOS="52" CONTENT="אנשים שנים אשר אחד מהם נכבד מאד, לדבר על לבו לתת"/></TextLine></TextBlock></PrintSpace></Page></Layout></alto>