<?xml version="1.0" encoding="UTF-8"?><alto xmlns:xsi="http://www.w3.org/2001/XMLSchema-instance" xmlns="http://www.loc.gov/standards/alto/ns-v2#" xmlns:page="http://schema.primaresearch.org/PAGE/gts/pagecontent/2013-07-15" xsi:schemaLocation="http://schema.primaresearch.org/PAGE/gts/pagecontent/2013-07-15 http://schema.primaresearch.org/PAGE/gts/pagecontent/2013-07-15/pagecontent.xsd http://www.loc.gov/standards/alto/ns-v2# http://www.loc.gov/standards/alto/alto-v2.0.xsd"><Description><MeasurementUnit>pixel</MeasurementUnit></Description><Layout><Page ID="Page1" PHYSICAL_IMG_NR="1" HEIGHT="1974" WIDTH="1531"><TopMargin HEIGHT="0" WIDTH="1531" VPOS="0" HPOS="0"/><LeftMargin HEIGHT="1974" WIDTH="0" VPOS="0" HPOS="0"/><RightMargin HEIGHT="1974" WIDTH="0" VPOS="0" HPOS="1531"/><BottomMargin HEIGHT="0" WIDTH="1531" VPOS="1974" HPOS="0"/><PrintSpace HEIGHT="1974" WIDTH="1531" VPOS="0" HPOS="0"><TextBlock ID="Ar0070000" HEIGHT="250" WIDTH="623" VPOS="126" HPOS="834"><Shape><Polygon POINTS="1457,376 834,376 834,126 1457,126"/></Shape><TextLine ID="line_Ar0070000_1" BASELINE="161" HEIGHT="39" WIDTH="647" VPOS="122" HPOS="831"><String HEIGHT="39" WIDTH="89" VPOS="122" HPOS="818" CONTENT="וגם"/><String HEIGHT="39" WIDTH="114" VPOS="122" HPOS="869" CONTENT="הבתים"/><String HEIGHT="39" WIDTH="127" VPOS="122" HPOS="945" CONTENT="הבנוים"/><String HEIGHT="39" WIDTH="76" VPOS="122" HPOS="1034" CONTENT="על"/><String HEIGHT="39" WIDTH="140" VPOS="122" HPOS="1072" CONTENT="המסילות"/><String HEIGHT="39" WIDTH="114" VPOS="122" HPOS="1174" CONTENT="האלה,"/><String HEIGHT="39" WIDTH="127" VPOS="122" HPOS="1250" CONTENT="וישטפו"/><String HEIGHT="39" WIDTH="76" VPOS="122" HPOS="1338" CONTENT="את"/><String HEIGHT="39" WIDTH="114" VPOS="122" HPOS="1364" CONTENT="הגשרים,"/></TextLine><TextLine ID="line_Ar0070000_2" BASELINE="192" HEIGHT="39" WIDTH="631" VPOS="153" HPOS="830"><String HEIGHT="39" WIDTH="655" VPOS="153" HPOS="806" CONTENT="וישחיתו את הדרכים, ובעיר אליגהני עשו שמות. נפשות רבות"/></TextLine><TextLine ID="line_Ar0070000_3" BASELINE="226" HEIGHT="40" WIDTH="630" VPOS="186" HPOS="831"><String HEIGHT="40" WIDTH="109" VPOS="186" HPOS="819" CONTENT="טובעו"/><String HEIGHT="40" WIDTH="133" VPOS="186" HPOS="892" CONTENT="במצולה,"/><String HEIGHT="40" WIDTH="97" VPOS="186" HPOS="989" CONTENT="ועוד"/><String HEIGHT="40" WIDTH="73" VPOS="186" HPOS="1049" CONTENT="לא"/><String HEIGHT="40" WIDTH="85" VPOS="186" HPOS="1085" CONTENT="נדע"/><String HEIGHT="40" WIDTH="97" VPOS="186" HPOS="1134" CONTENT="מספר"/><String HEIGHT="40" WIDTH="133" VPOS="186" HPOS="1194" CONTENT="הנטבעים"/><String HEIGHT="40" WIDTH="73" VPOS="186" HPOS="1291" CONTENT="על"/><String HEIGHT="40" WIDTH="109" VPOS="186" HPOS="1328" CONTENT="נכון,"/><String HEIGHT="40" WIDTH="73" VPOS="186" HPOS="1388" CONTENT="באשר"/></TextLine><TextLine ID="line_Ar0070000_4" BASELINE="259" HEIGHT="40" WIDTH="635" VPOS="219" HPOS="831"><String HEIGHT="40" WIDTH="81" VPOS="219" HPOS="817" CONTENT="רק"/><String HEIGHT="40" WIDTH="81" VPOS="219" HPOS="858" CONTENT="55"/><String HEIGHT="40" WIDTH="108" VPOS="219" HPOS="899" CONTENT="מתים"/><String HEIGHT="40" WIDTH="95" VPOS="219" HPOS="966" CONTENT="משו"/><String HEIGHT="40" WIDTH="81" VPOS="219" HPOS="1020" CONTENT="מן"/><String HEIGHT="40" WIDTH="122" VPOS="219" HPOS="1061" CONTENT="המים,"/><String HEIGHT="40" WIDTH="122" VPOS="219" HPOS="1142" CONTENT="ומספר"/><String HEIGHT="40" WIDTH="135" VPOS="219" HPOS="1223" CONTENT="החסרים"/><String HEIGHT="40" WIDTH="81" VPOS="219" HPOS="1317" CONTENT="רב"/><String HEIGHT="40" WIDTH="108" VPOS="219" HPOS="1358" CONTENT="מזה."/><String HEIGHT="40" WIDTH="54" VPOS="219" HPOS="1412" CONTENT="גם"/></TextLine><TextLine ID="line_Ar0070000_5" BASELINE="289" HEIGHT="40" WIDTH="633" VPOS="249" HPOS="831"><String HEIGHT="40" WIDTH="127" VPOS="249" HPOS="819" CONTENT="בהפלכים"/><String HEIGHT="40" WIDTH="150" VPOS="249" HPOS="912" CONTENT="וואודזרון"/><String HEIGHT="40" WIDTH="173" VPOS="249" HPOS="1027" CONTENT="וסוואמילרין"/><String HEIGHT="40" WIDTH="81" VPOS="249" HPOS="1165" CONTENT="היה"/><String HEIGHT="40" WIDTH="81" VPOS="249" HPOS="1211" CONTENT="שטף"/><String HEIGHT="40" WIDTH="92" VPOS="249" HPOS="1257" CONTENT="נורא"/><String HEIGHT="40" WIDTH="115" VPOS="249" HPOS="1314" CONTENT="וחמשים"/><String HEIGHT="40" WIDTH="81" VPOS="249" HPOS="1383" CONTENT="נפשות"/></TextLine><TextLine ID="line_Ar0070000_6" BASELINE="321" HEIGHT="42" WIDTH="633" VPOS="279" HPOS="831"><String HEIGHT="42" WIDTH="96" VPOS="279" HPOS="819" CONTENT="אבדו"/><String HEIGHT="42" WIDTH="107" VPOS="279" HPOS="879" CONTENT="חייהן"/><String HEIGHT="42" WIDTH="96" VPOS="279" HPOS="950" CONTENT="שמה."/><String HEIGHT="42" WIDTH="96" VPOS="279" HPOS="1010" CONTENT="לערך"/><String HEIGHT="42" WIDTH="72" VPOS="279" HPOS="1070" CONTENT="25"/><String HEIGHT="42" WIDTH="119" VPOS="279" HPOS="1106" CONTENT="פרסאות"/><String HEIGHT="42" WIDTH="96" VPOS="279" HPOS="1189" CONTENT="סביב"/><String HEIGHT="42" WIDTH="96" VPOS="279" HPOS="1249" CONTENT="העיר"/><String HEIGHT="42" WIDTH="143" VPOS="279" HPOS="1309" CONTENT="פיטסבורג"/><String HEIGHT="42" WIDTH="60" VPOS="279" HPOS="1404" CONTENT="שטף"/></TextLine><TextLine ID="line_Ar0070000_7" BASELINE="352" HEIGHT="40" WIDTH="635" VPOS="312" HPOS="831"><String HEIGHT="40" WIDTH="598" VPOS="312" HPOS="819" CONTENT="הזרם וכמו כן גם חלקי העיר. ויותר מבכל הכנסיה"/><String HEIGHT="40" WIDTH="100" VPOS="312" HPOS="1366" CONTENT="השחיתו"/></TextLine><TextLine ID="line_Ar0070000_8" BASELINE="379" HEIGHT="35" WIDTH="633" VPOS="344" HPOS="831"><String HEIGHT="35" WIDTH="99" VPOS="344" HPOS="819" CONTENT="המים"/><String HEIGHT="35" WIDTH="99" VPOS="344" HPOS="881" CONTENT="בעיר"/><String HEIGHT="35" WIDTH="149" VPOS="344" HPOS="943" CONTENT="אליגהני,"/><String HEIGHT="35" WIDTH="74" VPOS="344" HPOS="1054" CONTENT="כי"/><String HEIGHT="35" WIDTH="99" VPOS="344" HPOS="1092" CONTENT="גברו"/><String HEIGHT="35" WIDTH="99" VPOS="344" HPOS="1154" CONTENT="המים"/><String HEIGHT="35" WIDTH="87" VPOS="344" HPOS="1216" CONTENT="שמה"/><String HEIGHT="35" WIDTH="112" VPOS="344" HPOS="1265" CONTENT="למעלה"/><String HEIGHT="35" WIDTH="74" VPOS="344" HPOS="1340" CONTENT="עד"/><String HEIGHT="35" WIDTH="74" VPOS="344" HPOS="1377" CONTENT="20"/><String HEIGHT="35" WIDTH="62" VPOS="344" HPOS="1402" CONTENT="רגל"/></TextLine></TextBlock><TextBlock ID="Ar0070001" HEIGHT="403" WIDTH="623" VPOS="381" HPOS="834"><Shape><Polygon POINTS="1457,784 834,784 834,381 1457,381"/></Shape><TextLine ID="line_Ar0070001_1" BASELINE="417" HEIGHT="40" WIDTH="632" VPOS="377" HPOS="831"><String HEIGHT="40" WIDTH="119" VPOS="377" HPOS="818" CONTENT="ויותר"/><String HEIGHT="40" WIDTH="105" VPOS="377" HPOS="897" CONTENT="משתי"/><String HEIGHT="40" WIDTH="105" VPOS="377" HPOS="963" CONTENT="מאות"/><String HEIGHT="40" WIDTH="119" VPOS="377" HPOS="1029" CONTENT="נפשות"/><String HEIGHT="40" WIDTH="92" VPOS="377" HPOS="1107" CONTENT="אדם"/><String HEIGHT="40" WIDTH="132" VPOS="377" HPOS="1160" CONTENT="נטבעו."/><String HEIGHT="40" WIDTH="79" VPOS="377" HPOS="1252" CONTENT="גם"/><String HEIGHT="40" WIDTH="145" VPOS="377" HPOS="1292" CONTENT="בכנסיות"/><String HEIGHT="40" WIDTH="79" VPOS="377" HPOS="1384" CONTENT="אהיא"/></TextLine><TextLine ID="line_Ar0070001_2" BASELINE="448" HEIGHT="41" WIDTH="414" VPOS="407" HPOS="1066"><String HEIGHT="41" WIDTH="146" VPOS="407" HPOS="1054" CONTENT="וקינטוקי"/><String HEIGHT="41" WIDTH="85" VPOS="407" HPOS="1163" CONTENT="היה"/><String HEIGHT="41" WIDTH="85" VPOS="407" HPOS="1212" CONTENT="סער"/><String HEIGHT="41" WIDTH="122" VPOS="407" HPOS="1261" CONTENT="מתחולל"/><String HEIGHT="41" WIDTH="97" VPOS="407" HPOS="1346" CONTENT="וישם"/><String HEIGHT="41" WIDTH="85" VPOS="407" HPOS="1395" CONTENT="הארץ."/></TextLine><TextLine ID="line_Ar0070001_3" BASELINE="504" HEIGHT="39" WIDTH="606" VPOS="465" HPOS="830"><String HEIGHT="39" WIDTH="119" VPOS="465" HPOS="817" CONTENT="המכ״ע"/><String HEIGHT="39" WIDTH="132" VPOS="465" HPOS="896" CONTENT="Jewish"/><String HEIGHT="39" WIDTH="145" VPOS="465" HPOS="988" CONTENT="World֦&#34;"/><String HEIGHT="39" WIDTH="119" VPOS="465" HPOS="1093" CONTENT="היו״ל"/><String HEIGHT="39" WIDTH="132" VPOS="465" HPOS="1173" CONTENT="בלונדן"/><String HEIGHT="39" WIDTH="119" VPOS="465" HPOS="1265" CONTENT="מספר,"/><String HEIGHT="39" WIDTH="79" VPOS="465" HPOS="1344" CONTENT="כי"/><String HEIGHT="39" WIDTH="66" VPOS="465" HPOS="1370" CONTENT="בבא"/></TextLine><TextLine ID="line_Ar0070001_5" BASELINE="538" HEIGHT="41" WIDTH="638" VPOS="497" HPOS="831"><String HEIGHT="41" WIDTH="108" VPOS="497" HPOS="819" CONTENT="המגיד"/><String HEIGHT="41" WIDTH="72" VPOS="497" HPOS="891" CONTENT="ר׳"/><String HEIGHT="41" WIDTH="84" VPOS="497" HPOS="927" CONTENT="צבי"/><String HEIGHT="41" WIDTH="96" VPOS="497" HPOS="975" CONTENT="הירש"/><String HEIGHT="41" WIDTH="120" VPOS="497" HPOS="1036" CONTENT="דיינאו"/><String HEIGHT="41" WIDTH="120" VPOS="497" HPOS="1120" CONTENT="מסלוצק"/><String HEIGHT="41" WIDTH="108" VPOS="497" HPOS="1204" CONTENT="מפריז"/><String HEIGHT="41" WIDTH="132" VPOS="497" HPOS="1276" CONTENT="ללונדן,"/><String HEIGHT="41" WIDTH="84" VPOS="497" HPOS="1373" CONTENT="צוה"/><String HEIGHT="41" WIDTH="60" VPOS="497" HPOS="1409" CONTENT="הרב"/></TextLine><TextLine ID="line_Ar0070001_6" BASELINE="567" HEIGHT="39" WIDTH="636" VPOS="528" HPOS="831"><String HEIGHT="39" WIDTH="661" VPOS="528" HPOS="806" CONTENT="דר׳ אדלער שלא יניחוהו לדרוש בב״הכנם, אפס אנשי רוסיה"/></TextLine><TextLine ID="line_Ar0070001_7" BASELINE="601" HEIGHT="41" WIDTH="640" VPOS="560" HPOS="831"><String HEIGHT="41" WIDTH="114" VPOS="560" HPOS="820" CONTENT="ופולין"/><String HEIGHT="41" WIDTH="103" VPOS="560" HPOS="900" CONTENT="הגרים"/><String HEIGHT="41" WIDTH="126" VPOS="560" HPOS="968" CONTENT="בלונדן,"/><String HEIGHT="41" WIDTH="91" VPOS="560" HPOS="1060" CONTENT="שכרו"/><String HEIGHT="41" WIDTH="80" VPOS="560" HPOS="1117" CONTENT="בית"/><String HEIGHT="41" WIDTH="91" VPOS="560" HPOS="1162" CONTENT="ועשו"/><String HEIGHT="41" WIDTH="114" VPOS="560" HPOS="1220" CONTENT="פתקאות"/><String HEIGHT="41" WIDTH="80" VPOS="560" HPOS="1300" CONTENT="וזה"/><String HEIGHT="41" WIDTH="91" VPOS="560" HPOS="1345" CONTENT="איזה"/><String HEIGHT="41" WIDTH="80" VPOS="560" HPOS="1391" CONTENT="פעמים"/></TextLine><TextLine ID="line_Ar0070001_8" BASELINE="633" HEIGHT="39" WIDTH="635" VPOS="594" HPOS="831"><String HEIGHT="39" WIDTH="659" VPOS="594" HPOS="807" CONTENT="אשר ה׳ דיינאוו דרש להם שמה וימצא חן בעיניהם עד למאד."/></TextLine><TextLine ID="line_Ar0070001_9" BASELINE="665" HEIGHT="40" WIDTH="634" VPOS="625" HPOS="831"><String HEIGHT="40" WIDTH="657" VPOS="625" HPOS="808" CONTENT="250 מאנשי פולין ורוסיה התחברו יחדיו, ויחפצו למנות את ה׳"/></TextLine><TextLine ID="line_Ar0070001_10" BASELINE="697" HEIGHT="42" WIDTH="633" VPOS="655" HPOS="831"><String HEIGHT="42" WIDTH="656" VPOS="655" HPOS="808" CONTENT="דיינאוו לדרשן להם וכי ישאר בלונדן בתור מגיד לאנשי רוסיה"/></TextLine><TextLine ID="line_Ar0070001_11" BASELINE="729" HEIGHT="41" WIDTH="640" VPOS="688" HPOS="831"><String HEIGHT="41" WIDTH="663" VPOS="688" HPOS="808" CONTENT="ופולין. המכ״ע הנזכר מרבה לספר בשבח ה׳ דיינאוו עד להפליא"/></TextLine><TextLine ID="line_Ar0070001_12" BASELINE="760" HEIGHT="40" WIDTH="635" VPOS="720" HPOS="832"><String HEIGHT="40" WIDTH="204" VPOS="720" HPOS="820" CONTENT="ומגנה את הדר׳"/><String HEIGHT="40" WIDTH="108" VPOS="720" HPOS="988" CONTENT="אדלער"/><String HEIGHT="40" WIDTH="72" VPOS="720" HPOS="1060" CONTENT="על"/><String HEIGHT="40" WIDTH="84" VPOS="720" HPOS="1096" CONTENT="אשר"/><String HEIGHT="40" WIDTH="108" VPOS="720" HPOS="1144" CONTENT="ירדוף"/><String HEIGHT="40" WIDTH="96" VPOS="720" HPOS="1215" CONTENT="אותו"/><String HEIGHT="40" WIDTH="72" VPOS="720" HPOS="1275" CONTENT="על"/><String HEIGHT="40" WIDTH="72" VPOS="720" HPOS="1311" CONTENT="לא"/><String HEIGHT="40" WIDTH="96" VPOS="720" HPOS="1347" CONTENT="עון,"/><String HEIGHT="40" WIDTH="72" VPOS="720" HPOS="1395" CONTENT="וכתב"/></TextLine><TextLine ID="line_Ar0070001_13" BASELINE="786" HEIGHT="34" WIDTH="548" VPOS="752" HPOS="917"><String HEIGHT="34" WIDTH="114" VPOS="752" HPOS="906" CONTENT="מאמרים"/><String HEIGHT="34" WIDTH="114" VPOS="752" HPOS="986" CONTENT="ראשיים"/><String HEIGHT="34" WIDTH="126" VPOS="752" HPOS="1065" CONTENT="וארוכים"/><String HEIGHT="34" WIDTH="91" VPOS="752" HPOS="1157" CONTENT="בדבר"/><String HEIGHT="34" WIDTH="69" VPOS="752" HPOS="1214" CONTENT="ה׳"/><String HEIGHT="34" WIDTH="114" VPOS="752" HPOS="1248" CONTENT="דיינאו"/><String HEIGHT="34" WIDTH="91" VPOS="752" HPOS="1328" CONTENT="ודר׳"/><String HEIGHT="34" WIDTH="91" VPOS="752" HPOS="1374" CONTENT="אדלער."/></TextLine></TextBlock><TextBlock ID="Ar0070002" HEIGHT="376" WIDTH="626" VPOS="812" HPOS="834"><Shape><Polygon POINTS="1460,1188 834,1188 834,812 1460,812"/></Shape><TextLine ID="line_Ar0070002_1" BASELINE="851" HEIGHT="43" WIDTH="582" VPOS="808" HPOS="832"><String HEIGHT="43" WIDTH="89" VPOS="808" HPOS="819" CONTENT="בין"/><String HEIGHT="43" WIDTH="101" VPOS="808" HPOS="870" CONTENT="כתבי"/><String HEIGHT="43" WIDTH="76" VPOS="808" HPOS="933" CONTENT="יד"/><String HEIGHT="43" WIDTH="139" VPOS="808" HPOS="971" CONTENT="הנמצאים"/><String HEIGHT="43" WIDTH="127" VPOS="808" HPOS="1072" CONTENT="למכירה"/><String HEIGHT="43" WIDTH="89" VPOS="808" HPOS="1161" CONTENT="אצל"/><String HEIGHT="43" WIDTH="139" VPOS="808" HPOS="1212" CONTENT="האדונים"/><String HEIGHT="43" WIDTH="114" VPOS="808" HPOS="1300" CONTENT="סוטביי,"/></TextLine><TextLine ID="line_Ar0070002_2" BASELINE="883" HEIGHT="43" WIDTH="638" VPOS="840" HPOS="831"><String HEIGHT="43" WIDTH="151" VPOS="840" HPOS="819" CONTENT="וילקינזון"/><String HEIGHT="43" WIDTH="116" VPOS="840" HPOS="935" CONTENT="והודזש"/><String HEIGHT="43" WIDTH="139" VPOS="840" HPOS="1017" CONTENT="(נוצרים)"/><String HEIGHT="43" WIDTH="93" VPOS="840" HPOS="1121" CONTENT="בעיר"/><String HEIGHT="43" WIDTH="104" VPOS="840" HPOS="1179" CONTENT="לונדן"/><String HEIGHT="43" WIDTH="139" VPOS="840" HPOS="1249" CONTENT="באנגליה,"/><String HEIGHT="43" WIDTH="70" VPOS="840" HPOS="1353" CONTENT="יש"/><String HEIGHT="43" WIDTH="70" VPOS="840" HPOS="1388" CONTENT="גם"/><String HEIGHT="43" WIDTH="58" VPOS="840" HPOS="1411" CONTENT="ספר"/></TextLine><TextLine ID="line_Ar0070002_3" BASELINE="913" HEIGHT="41" WIDTH="636" VPOS="872" HPOS="831"><String HEIGHT="41" WIDTH="660" VPOS="872" HPOS="807" CONTENT="תורה אשר קנוה זה לא כביר מבהכנ״ס אחת בא״י. הס״ת נכתבה"/></TextLine><TextLine ID="line_Ar0070002_4" BASELINE="946" HEIGHT="42" WIDTH="638" VPOS="904" HPOS="831"><String HEIGHT="42" WIDTH="663" VPOS="904" HPOS="806" CONTENT="על ששים גוילים, ויאמרו עליה, כי היא נכתבה במאה השתים"/></TextLine><TextLine ID="line_Ar0070002_5" BASELINE="973" HEIGHT="35" WIDTH="192" VPOS="938" HPOS="1282"><String HEIGHT="35" WIDTH="219" VPOS="938" HPOS="1255" CONTENT="עשרה לספ״הנוצ."/></TextLine><TextLine ID="line_Ar0070002_6" BASELINE="1009" HEIGHT="41" WIDTH="578" VPOS="968" HPOS="831"><String HEIGHT="41" WIDTH="602" VPOS="968" HPOS="807" CONTENT="האדון יצחק שמואל אייזיקס בן להרב אייזיקס בנויארק"/></TextLine><TextLine ID="line_Ar0070002_7" BASELINE="1042" HEIGHT="42" WIDTH="632" VPOS="1000" HPOS="832"><String HEIGHT="42" WIDTH="316" VPOS="1000" HPOS="819" CONTENT="המו״ל את מכ״הע העברי"/><String HEIGHT="42" WIDTH="145" VPOS="1000" HPOS="1095" CONTENT="&#34;Jewish"/><String HEIGHT="42" WIDTH="184" VPOS="1000" HPOS="1201" CONTENT="Messenger֦"/><String HEIGHT="42" WIDTH="92" VPOS="1000" HPOS="1346" CONTENT="כתב"/><String HEIGHT="42" WIDTH="79" VPOS="1000" HPOS="1385" CONTENT="דרמה"/></TextLine><TextLine ID="line_Ar0070002_9" BASELINE="1075" HEIGHT="42" WIDTH="635" VPOS="1033" HPOS="832"><String HEIGHT="42" WIDTH="659" VPOS="1033" HPOS="808" CONTENT="ממקרי המלחמה האחרונה אשר היתה בין כנסיות הצפון וכנסיות"/></TextLine><TextLine ID="line_Ar0070002_10" BASELINE="1104" HEIGHT="42" WIDTH="635" VPOS="1062" HPOS="832"><String HEIGHT="42" WIDTH="659" VPOS="1062" HPOS="808" CONTENT="הדרום בארצות הברית, ובחורף הבא תעלה על במת ישחק באחד"/></TextLine><TextLine ID="line_Ar0070002_11" BASELINE="1135" HEIGHT="40" WIDTH="342" VPOS="1095" HPOS="1125"><String HEIGHT="40" WIDTH="194" VPOS="1095" HPOS="1114" CONTENT="מבתי התיטראות"/><String HEIGHT="40" WIDTH="125" VPOS="1095" HPOS="1273" CONTENT="הגדולים"/><String HEIGHT="40" WIDTH="114" VPOS="1095" HPOS="1353" CONTENT="בנויארק."/></TextLine><TextLine ID="line_Ar0070002_12" BASELINE="1167" HEIGHT="40" WIDTH="570" VPOS="1127" HPOS="832"><String HEIGHT="40" WIDTH="594" VPOS="1127" HPOS="808" CONTENT="היהודי ל. פינקופס מראטעדראם נבחר לבית ועד הלאומי"/></TextLine><TextLine ID="line_Ar0070002_13" BASELINE="1190" HEIGHT="31" WIDTH="150" VPOS="1159" HPOS="1316"><String HEIGHT="31" WIDTH="173" VPOS="1159" HPOS="1293" CONTENT="הגבוה בהולנד."/></TextLine></TextBlock><TextBlock ID="Ar0070003" HEIGHT="215" WIDTH="626" VPOS="1195" HPOS="836"><Shape><Polygon POINTS="1462,1410 836,1410 836,1195 1462,1195"/></Shape><TextLine ID="line_Ar0070003_1" BASELINE="1232" HEIGHT="44" WIDTH="575" VPOS="1188" HPOS="833"><String HEIGHT="44" WIDTH="599" VPOS="1188" HPOS="809" CONTENT="ממלכת בלגיה נתנה להיהודי אדולף שטיין מאנווירש את"/></TextLine><TextLine ID="line_Ar0070003_2" BASELINE="1261" HEIGHT="39" WIDTH="276" VPOS="1222" HPOS="1189"><String HEIGHT="39" WIDTH="300" VPOS="1222" HPOS="1165" CONTENT="תואר באראן לירושת עולם."/></TextLine><TextLine ID="line_Ar0070003_3" BASELINE="1297" HEIGHT="42" WIDTH="579" VPOS="1255" HPOS="833"><String HEIGHT="42" WIDTH="205" VPOS="1255" HPOS="821" CONTENT="במדינות יאפון"/><String HEIGHT="42" WIDTH="109" VPOS="1255" HPOS="990" CONTENT="הנשים"/><String HEIGHT="42" WIDTH="121" VPOS="1255" HPOS="1062" CONTENT="עוסקות"/><String HEIGHT="42" WIDTH="121" VPOS="1255" HPOS="1147" CONTENT="בעבודה"/><String HEIGHT="42" WIDTH="121" VPOS="1255" HPOS="1231" CONTENT="ומלאכה"/><String HEIGHT="42" WIDTH="109" VPOS="1255" HPOS="1303" CONTENT="כאנשים."/></TextLine><TextLine ID="line_Ar0070003_4" BASELINE="1326" HEIGHT="40" WIDTH="641" VPOS="1286" HPOS="832"><String HEIGHT="40" WIDTH="665" VPOS="1286" HPOS="808" CONTENT="בין חמש עשרה מיליונים עובדי אדמה, נמצאות שבעה מליונים"/></TextLine><TextLine ID="line_Ar0070003_5" BASELINE="1359" HEIGHT="41" WIDTH="634" VPOS="1318" HPOS="833"><String HEIGHT="41" WIDTH="658" VPOS="1318" HPOS="809" CONTENT="נשים, ובעוד שמספר הסוחרים בארץ לא יעלה רק לערך שמונה"/></TextLine><TextLine ID="line_Ar0070003_6" BASELINE="1393" HEIGHT="44" WIDTH="629" VPOS="1349" HPOS="832"><String HEIGHT="44" WIDTH="95" VPOS="1349" HPOS="820" CONTENT="מאות"/><String HEIGHT="44" WIDTH="95" VPOS="1349" HPOS="879" CONTENT="אלף,"/><String HEIGHT="44" WIDTH="95" VPOS="1349" HPOS="939" CONTENT="מספר"/><String HEIGHT="44" WIDTH="107" VPOS="1349" HPOS="998" CONTENT="הנשים"/><String HEIGHT="44" WIDTH="131" VPOS="1349" HPOS="1069" CONTENT="העוסקות"/><String HEIGHT="44" WIDTH="107" VPOS="1349" HPOS="1164" CONTENT="במסחר"/><String HEIGHT="44" WIDTH="83" VPOS="1349" HPOS="1236" CONTENT="הוא"/><String HEIGHT="44" WIDTH="83" VPOS="1349" HPOS="1283" CONTENT="חצי"/><String HEIGHT="44" WIDTH="119" VPOS="1349" HPOS="1330" CONTENT="מליון."/><String HEIGHT="44" WIDTH="59" VPOS="1349" HPOS="1402" CONTENT="אפס"/></TextLine><TextLine ID="line_Ar0070003_7" BASELINE="1420" HEIGHT="38" WIDTH="640" VPOS="1382" HPOS="833"><String HEIGHT="38" WIDTH="78" VPOS="1382" HPOS="820" CONTENT="נם"/><String HEIGHT="38" WIDTH="78" VPOS="1382" HPOS="859" CONTENT="יש"/><String HEIGHT="38" WIDTH="118" VPOS="1382" HPOS="898" CONTENT="דברים"/><String HEIGHT="38" WIDTH="118" VPOS="1382" HPOS="977" CONTENT="אחרים"/><String HEIGHT="38" WIDTH="91" VPOS="1382" HPOS="1055" CONTENT="אשר"/><String HEIGHT="38" WIDTH="78" VPOS="1382" HPOS="1107" CONTENT="לא"/><String HEIGHT="38" WIDTH="144" VPOS="1382" HPOS="1146" CONTENT="תצטיינה"/><String HEIGHT="38" WIDTH="91" VPOS="1382" HPOS="1251" CONTENT="בהם"/><String HEIGHT="38" WIDTH="118" VPOS="1382" HPOS="1303" CONTENT="הנשים"/><String HEIGHT="38" WIDTH="104" VPOS="1382" HPOS="1369" CONTENT="כאנשים"/></TextLine></TextBlock><TextBlock ID="Ar0070004" HEIGHT="245" WIDTH="626" VPOS="1415" HPOS="838"><Shape><Polygon POINTS="1464,1660 838,1660 838,1415 1464,1415"/></Shape><TextLine ID="line_Ar0070004_1" BASELINE="1456" HEIGHT="47" WIDTH="639" VPOS="1409" HPOS="835"><String HEIGHT="47" WIDTH="117" VPOS="1409" HPOS="822" CONTENT="והמה:"/><String HEIGHT="47" WIDTH="78" VPOS="1409" HPOS="900" CONTENT="כל"/><String HEIGHT="47" WIDTH="91" VPOS="1409" HPOS="939" CONTENT="דבר"/><String HEIGHT="47" WIDTH="91" VPOS="1409" HPOS="991" CONTENT="עשק"/><String HEIGHT="47" WIDTH="117" VPOS="1409" HPOS="1044" CONTENT="וגזל,"/><String HEIGHT="47" WIDTH="91" VPOS="1409" HPOS="1122" CONTENT="רצח"/><String HEIGHT="47" WIDTH="117" VPOS="1409" HPOS="1174" CONTENT="וגנב;"/><String HEIGHT="47" WIDTH="104" VPOS="1409" HPOS="1252" CONTENT="ובתי"/><String HEIGHT="47" WIDTH="117" VPOS="1409" HPOS="1318" CONTENT="הסוהר"/><String HEIGHT="47" WIDTH="91" VPOS="1409" HPOS="1383" CONTENT="מלאים"/></TextLine><TextLine ID="line_Ar0070004_2" BASELINE="1483" HEIGHT="38" WIDTH="260" VPOS="1445" HPOS="1196"><String HEIGHT="38" WIDTH="287" VPOS="1445" HPOS="1169" CONTENT="אנשים וריקים מנשים."/></TextLine><TextLine ID="line_Ar0070004_4" BASELINE="1545" HEIGHT="41" WIDTH="582" VPOS="1504" HPOS="835"><String HEIGHT="41" WIDTH="606" VPOS="1504" HPOS="811" CONTENT="קר והם. מריגא מודיעים, כי בליל 9 (21) יולי היה שם"/></TextLine><TextLine ID="line_Ar0070004_5" BASELINE="1574" HEIGHT="40" WIDTH="644" VPOS="1534" HPOS="835"><String HEIGHT="40" WIDTH="669" VPOS="1534" HPOS="810" CONTENT="קור גדול כמו בימי חרף, עד אשר הרבה מיני פרות וצמחים"/></TextLine><TextLine ID="line_Ar0070004_6" BASELINE="1608" HEIGHT="42" WIDTH="645" VPOS="1566" HPOS="835"><String HEIGHT="42" WIDTH="671" VPOS="1566" HPOS="809" CONTENT="נשחתו לאין מרפא; ובעת ההיא בעצמה הובאו לבית החולים"/></TextLine><TextLine ID="line_Ar0070004_7" BASELINE="1642" HEIGHT="51" WIDTH="641" VPOS="1591" HPOS="835"><String HEIGHT="51" WIDTH="665" VPOS="1591" HPOS="811" CONTENT="בעיר מילאן באטליה ביום אחד עשרים אנשים אשר יצאו מדעתם"/></TextLine><TextLine ID="line_Ar0070004_9" BASELINE="1668" HEIGHT="38" WIDTH="310" VPOS="1630" HPOS="1161"><String HEIGHT="38" WIDTH="236" VPOS="1630" HPOS="1149" CONTENT="מחום העז והנורא"/><String HEIGHT="38" WIDTH="112" VPOS="1630" HPOS="1347" CONTENT="השולט"/><String HEIGHT="38" WIDTH="62" VPOS="1630" HPOS="1409" CONTENT="שם."/></TextLine></TextBlock><TextBlock ID="Ar0070100" HEIGHT="374" WIDTH="619" VPOS="136" HPOS="183"><Shape><Polygon POINTS="802,510 183,510 183,136 802,136"/></Shape><TextLine ID="line_Ar0070100_1" BASELINE="167" HEIGHT="42" WIDTH="630" VPOS="125" HPOS="179"><String HEIGHT="42" WIDTH="268" VPOS="125" HPOS="167" CONTENT="הגעהירן. דבריו אמנם"/><String HEIGHT="42" WIDTH="93" VPOS="125" HPOS="401" CONTENT="דברי"/><String HEIGHT="42" WIDTH="82" VPOS="125" HPOS="459" CONTENT="טעם"/><String HEIGHT="42" WIDTH="82" VPOS="125" HPOS="506" CONTENT="המה"/><String HEIGHT="42" WIDTH="117" VPOS="125" HPOS="552" CONTENT="וראוים"/><String HEIGHT="42" WIDTH="105" VPOS="125" HPOS="634" CONTENT="לעלות"/><String HEIGHT="42" WIDTH="70" VPOS="125" HPOS="704" CONTENT="על"/><String HEIGHT="42" WIDTH="82" VPOS="125" HPOS="727" CONTENT="שולחן"/></TextLine><TextLine ID="line_Ar0070100_3" BASELINE="197" HEIGHT="39" WIDTH="634" VPOS="158" HPOS="177"><String HEIGHT="39" WIDTH="110" VPOS="158" HPOS="165" CONTENT="חוקרי"/><String HEIGHT="39" WIDTH="98" VPOS="158" HPOS="238" CONTENT="השפה"/><String HEIGHT="39" WIDTH="122" VPOS="158" HPOS="299" CONTENT="הקדושה"/><String HEIGHT="39" WIDTH="146" VPOS="158" HPOS="384" CONTENT="ומבאריה,"/><String HEIGHT="39" WIDTH="110" VPOS="158" HPOS="494" CONTENT="ואולם"/><String HEIGHT="39" WIDTH="122" VPOS="158" HPOS="567" CONTENT="להשתמש"/><String HEIGHT="39" WIDTH="134" VPOS="158" HPOS="653" CONTENT="בההוראה"/><String HEIGHT="39" WIDTH="73" VPOS="158" HPOS="738" CONTENT="ההיא"/></TextLine><TextLine ID="line_Ar0070100_4" BASELINE="227" HEIGHT="37" WIDTH="640" VPOS="190" HPOS="179"><String HEIGHT="37" WIDTH="121" VPOS="190" HPOS="167" CONTENT="בספרים"/><String HEIGHT="37" WIDTH="133" VPOS="190" HPOS="251" CONTENT="הכתובים"/><String HEIGHT="37" WIDTH="97" VPOS="190" HPOS="348" CONTENT="ללמד"/><String HEIGHT="37" WIDTH="85" VPOS="190" HPOS="408" CONTENT="דעת"/><String HEIGHT="37" WIDTH="72" VPOS="190" HPOS="457" CONTENT="את"/><String HEIGHT="37" WIDTH="85" VPOS="190" HPOS="493" CONTENT="העם"/><String HEIGHT="37" WIDTH="109" VPOS="190" HPOS="541" CONTENT="בימים"/><String HEIGHT="37" WIDTH="109" VPOS="190" HPOS="614" CONTENT="האלה,"/><String HEIGHT="37" WIDTH="97" VPOS="190" HPOS="686" CONTENT="יסלח"/><String HEIGHT="37" WIDTH="72" VPOS="190" HPOS="747" CONTENT="נא"/><String HEIGHT="37" WIDTH="48" VPOS="190" HPOS="771" CONTENT="לי"/></TextLine><TextLine ID="line_Ar0070100_5" BASELINE="261" HEIGHT="35" WIDTH="631" VPOS="226" HPOS="180"><String HEIGHT="35" WIDTH="76" VPOS="226" HPOS="169" CONTENT="הה׳"/><String HEIGHT="35" WIDTH="98" VPOS="226" HPOS="213" CONTENT="הנכבד"/><String HEIGHT="35" WIDTH="65" VPOS="226" HPOS="278" CONTENT="אם"/><String HEIGHT="35" WIDTH="87" VPOS="226" HPOS="311" CONTENT="אומר"/><String HEIGHT="35" WIDTH="65" VPOS="226" HPOS="365" CONTENT="כי"/><String HEIGHT="35" WIDTH="65" VPOS="226" HPOS="398" CONTENT="לא"/><String HEIGHT="35" WIDTH="98" VPOS="226" HPOS="430" CONTENT="יתכן."/><String HEIGHT="35" WIDTH="109" VPOS="226" HPOS="495" CONTENT="בספרים"/><String HEIGHT="35" WIDTH="120" VPOS="226" HPOS="572" CONTENT="הכתובים"/><String HEIGHT="35" WIDTH="76" VPOS="226" HPOS="659" CONTENT="לעת"/><String HEIGHT="35" WIDTH="98" VPOS="226" HPOS="702" CONTENT="כזאת,"/><String HEIGHT="35" WIDTH="54" VPOS="226" HPOS="757" CONTENT="איו"/></TextLine><TextLine ID="line_Ar0070100_6" BASELINE="293" HEIGHT="37" WIDTH="633" VPOS="256" HPOS="179"><String HEIGHT="37" WIDTH="85" VPOS="256" HPOS="167" CONTENT="לנו"/><String HEIGHT="37" WIDTH="97" VPOS="256" HPOS="216" CONTENT="לשים"/><String HEIGHT="37" WIDTH="73" VPOS="256" HPOS="276" CONTENT="לב"/><String HEIGHT="37" WIDTH="110" VPOS="256" HPOS="313" CONTENT="לטהרת"/><String HEIGHT="37" WIDTH="97" VPOS="256" HPOS="386" CONTENT="השפה"/><String HEIGHT="37" WIDTH="85" VPOS="256" HPOS="447" CONTENT="כפי"/><String HEIGHT="37" WIDTH="110" VPOS="256" HPOS="495" CONTENT="שהיתה"/><String HEIGHT="37" WIDTH="122" VPOS="256" HPOS="569" CONTENT="מדוברת"/><String HEIGHT="37" WIDTH="97" VPOS="256" HPOS="654" CONTENT="מאדם"/><String HEIGHT="37" WIDTH="110" VPOS="256" HPOS="702" CONTENT="הראשון,"/></TextLine><TextLine ID="line_Ar0070100_7" BASELINE="324" HEIGHT="38" WIDTH="632" VPOS="286" HPOS="179"><String HEIGHT="38" WIDTH="76" VPOS="286" HPOS="168" CONTENT="כ״א"/><String HEIGHT="38" WIDTH="109" VPOS="286" HPOS="212" CONTENT="לברורם"/><String HEIGHT="38" WIDTH="65" VPOS="286" HPOS="288" CONTENT="של"/><String HEIGHT="38" WIDTH="109" VPOS="286" HPOS="321" CONTENT="הדברים"/><String HEIGHT="38" WIDTH="98" VPOS="286" HPOS="397" CONTENT="וקלות"/><String HEIGHT="38" WIDTH="109" VPOS="286" HPOS="462" CONTENT="הבנתם,"/><String HEIGHT="38" WIDTH="87" VPOS="286" HPOS="539" CONTENT="וע״כ"/><String HEIGHT="38" WIDTH="109" VPOS="286" HPOS="593" CONTENT="בבואנו"/><String HEIGHT="38" WIDTH="76" VPOS="286" HPOS="669" CONTENT="לתת"/><String HEIGHT="38" WIDTH="87" VPOS="286" HPOS="713" CONTENT="שמות"/><String HEIGHT="38" WIDTH="54" VPOS="286" HPOS="757" CONTENT="לכל"/></TextLine><TextLine ID="line_Ar0070100_8" BASELINE="355" HEIGHT="36" WIDTH="630" VPOS="319" HPOS="179"><String HEIGHT="36" WIDTH="126" VPOS="319" HPOS="168" CONTENT="המושגים"/><String HEIGHT="36" WIDTH="115" VPOS="319" HPOS="259" CONTENT="השונים"/><String HEIGHT="36" WIDTH="80" VPOS="319" HPOS="339" CONTENT="אשר"/><String HEIGHT="36" WIDTH="92" VPOS="319" HPOS="385" CONTENT="יקרו"/><String HEIGHT="36" WIDTH="126" VPOS="319" HPOS="442" CONTENT="לידינו,"/><String HEIGHT="36" WIDTH="80" VPOS="319" HPOS="534" CONTENT="הלא"/><String HEIGHT="36" WIDTH="92" VPOS="319" HPOS="580" CONTENT="נשמח"/><String HEIGHT="36" WIDTH="103" VPOS="319" HPOS="637" CONTENT="בהמצא"/><String HEIGHT="36" WIDTH="80" VPOS="319" HPOS="706" CONTENT="לנו"/><String HEIGHT="36" WIDTH="69" VPOS="319" HPOS="740" CONTENT="שמות"/></TextLine><TextLine ID="line_Ar0070100_9" BASELINE="388" HEIGHT="35" WIDTH="638" VPOS="353" HPOS="179"><String HEIGHT="35" WIDTH="112" VPOS="353" HPOS="168" CONTENT="מוכנים"/><String HEIGHT="35" WIDTH="90" VPOS="353" HPOS="246" CONTENT="מידי"/><String HEIGHT="35" WIDTH="90" VPOS="353" HPOS="302" CONTENT="בעלי"/><String HEIGHT="35" WIDTH="112" VPOS="353" HPOS="358" CONTENT="אסיפות"/><String HEIGHT="35" WIDTH="134" VPOS="353" HPOS="436" CONTENT="שקדמונו,"/><String HEIGHT="35" WIDTH="112" VPOS="353" HPOS="537" CONTENT="יסכימו"/><String HEIGHT="35" WIDTH="90" VPOS="353" HPOS="616" CONTENT="היטב"/><String HEIGHT="35" WIDTH="67" VPOS="353" HPOS="671" CONTENT="עם"/><String HEIGHT="35" WIDTH="67" VPOS="353" HPOS="705" CONTENT="כל"/><String HEIGHT="35" WIDTH="90" VPOS="353" HPOS="727" CONTENT="סגולות"/></TextLine><TextLine ID="line_Ar0070100_10" BASELINE="420" HEIGHT="35" WIDTH="629" VPOS="385" HPOS="179"><String HEIGHT="35" WIDTH="96" VPOS="385" HPOS="168" CONTENT="המושג"/><String HEIGHT="35" WIDTH="64" VPOS="385" HPOS="232" CONTENT="או"/><String HEIGHT="35" WIDTH="64" VPOS="385" HPOS="264" CONTENT="לא"/><String HEIGHT="35" WIDTH="117" VPOS="385" HPOS="296" CONTENT="יסכימו,"/><String HEIGHT="35" WIDTH="64" VPOS="385" HPOS="382" CONTENT="די"/><String HEIGHT="35" WIDTH="75" VPOS="385" HPOS="414" CONTENT="לנו"/><String HEIGHT="35" WIDTH="75" VPOS="385" HPOS="456" CONTENT="אשר"/><String HEIGHT="35" WIDTH="85" VPOS="385" HPOS="499" CONTENT="המון"/><String HEIGHT="35" WIDTH="117" VPOS="385" HPOS="552" CONTENT="הקוראים"/><String HEIGHT="35" WIDTH="117" VPOS="385" HPOS="637" CONTENT="החליטום"/><String HEIGHT="35" WIDTH="96" VPOS="385" HPOS="712" CONTENT="ויקבעום"/></TextLine><TextLine ID="line_Ar0070100_11" BASELINE="450" HEIGHT="33" WIDTH="629" VPOS="417" HPOS="179"><String HEIGHT="33" WIDTH="389" VPOS="417" HPOS="168" CONTENT="לדורות. והנה שם „מוח&#34; להגעהירן"/><String HEIGHT="33" WIDTH="80" VPOS="417" HPOS="522" CONTENT="כבר"/><String HEIGHT="33" WIDTH="114" VPOS="417" HPOS="568" CONTENT="השתמשו"/><String HEIGHT="33" WIDTH="69" VPOS="417" HPOS="648" CONTENT="בו"/><String HEIGHT="33" WIDTH="103" VPOS="417" HPOS="682" CONTENT="הז״ל,"/><String HEIGHT="33" WIDTH="69" VPOS="417" HPOS="739" CONTENT="וכבל"/></TextLine><TextLine ID="line_Ar0070100_12" BASELINE="482" HEIGHT="34" WIDTH="635" VPOS="448" HPOS="178"><String HEIGHT="34" WIDTH="122" VPOS="448" HPOS="166" CONTENT="נתפרסם"/><String HEIGHT="34" WIDTH="85" VPOS="448" HPOS="251" CONTENT="כ״כ"/><String HEIGHT="34" WIDTH="73" VPOS="448" HPOS="300" CONTENT="עד"/><String HEIGHT="34" WIDTH="85" VPOS="448" HPOS="337" CONTENT="אשר"/><String HEIGHT="34" WIDTH="85" VPOS="448" HPOS="386" CONTENT="היה"/><String HEIGHT="34" WIDTH="98" VPOS="448" HPOS="434" CONTENT="למלה"/><String HEIGHT="34" WIDTH="73" VPOS="448" HPOS="495" CONTENT="גם"/><String HEIGHT="34" WIDTH="85" VPOS="448" HPOS="532" CONTENT="בפי"/><String HEIGHT="34" WIDTH="73" VPOS="448" HPOS="581" CONTENT="עם"/><String HEIGHT="34" WIDTH="110" VPOS="448" HPOS="618" CONTENT="הארץ,"/><String HEIGHT="34" WIDTH="110" VPOS="448" HPOS="691" CONTENT="ועי״ז"/><String HEIGHT="34" WIDTH="61" VPOS="448" HPOS="752" CONTENT="כבר"/></TextLine><TextLine ID="line_Ar0070100_13" BASELINE="513" HEIGHT="38" WIDTH="639" VPOS="475" HPOS="179"><String HEIGHT="38" WIDTH="78" VPOS="475" HPOS="168" CONTENT="קנה"/><String HEIGHT="38" WIDTH="67" VPOS="475" HPOS="213" CONTENT="לו"/><String HEIGHT="38" WIDTH="90" VPOS="475" HPOS="246" CONTENT="זכות"/><String HEIGHT="38" WIDTH="90" VPOS="475" HPOS="302" CONTENT="אזרח"/><String HEIGHT="38" WIDTH="112" VPOS="475" HPOS="358" CONTENT="בהשפה,"/><String HEIGHT="38" WIDTH="90" VPOS="475" HPOS="437" CONTENT="ואין"/><String HEIGHT="38" WIDTH="67" VPOS="475" HPOS="493" CONTENT="כל"/><String HEIGHT="38" WIDTH="112" VPOS="475" HPOS="527" CONTENT="הרוחות"/><String HEIGHT="38" WIDTH="112" VPOS="475" HPOS="605" CONTENT="שבעולם"/><String HEIGHT="38" WIDTH="112" VPOS="475" HPOS="683" CONTENT="יכולים"/><String HEIGHT="38" WIDTH="67" VPOS="475" HPOS="751" CONTENT="לזרז"/></TextLine></TextBlock><TextBlock ID="Ar0070101" HEIGHT="373" WIDTH="622" VPOS="515" HPOS="181"><Shape><Polygon POINTS="803,888 181,888 181,515 803,515"/></Shape><TextLine ID="line_Ar0070101_1" BASELINE="545" HEIGHT="33" WIDTH="626" VPOS="512" HPOS="179"><String HEIGHT="33" WIDTH="89" VPOS="512" HPOS="168" CONTENT="אותו"/><String HEIGHT="33" WIDTH="123" VPOS="512" HPOS="224" CONTENT="ממקומו,"/><String HEIGHT="33" WIDTH="78" VPOS="512" HPOS="313" CONTENT="ולא"/><String HEIGHT="33" WIDTH="101" VPOS="512" HPOS="358" CONTENT="ידעתי"/><String HEIGHT="33" WIDTH="101" VPOS="512" HPOS="425" CONTENT="איפוא"/><String HEIGHT="33" WIDTH="67" VPOS="512" HPOS="492" CONTENT="מה"/><String HEIGHT="33" WIDTH="123" VPOS="512" HPOS="526" CONTENT="ימריצנו"/><String HEIGHT="33" WIDTH="101" VPOS="512" HPOS="615" CONTENT="לדחות"/><String HEIGHT="33" WIDTH="89" VPOS="512" HPOS="682" CONTENT="אזרח"/><String HEIGHT="33" WIDTH="78" VPOS="512" HPOS="727" CONTENT="מתערה"/></TextLine><TextLine ID="line_Ar0070101_2" BASELINE="579" HEIGHT="34" WIDTH="638" VPOS="545" HPOS="178"><String HEIGHT="34" WIDTH="118" VPOS="545" HPOS="166" CONTENT="כמוהו,"/><String HEIGHT="34" WIDTH="83" VPOS="545" HPOS="249" CONTENT="אשר"/><String HEIGHT="34" WIDTH="71" VPOS="545" HPOS="296" CONTENT="אם"/><String HEIGHT="34" WIDTH="95" VPOS="545" HPOS="332" CONTENT="אמנם"/><String HEIGHT="34" WIDTH="95" VPOS="545" HPOS="391" CONTENT="אולי"/><String HEIGHT="34" WIDTH="71" VPOS="545" HPOS="450" CONTENT="לא"/><String HEIGHT="34" WIDTH="95" VPOS="545" HPOS="485" CONTENT="בצדק"/><String HEIGHT="34" WIDTH="106" VPOS="545" HPOS="544" CONTENT="נתישן"/><String HEIGHT="34" WIDTH="106" VPOS="545" HPOS="615" CONTENT="אתנו."/><String HEIGHT="34" WIDTH="95" VPOS="545" HPOS="686" CONTENT="מפני"/><String HEIGHT="34" WIDTH="83" VPOS="545" HPOS="733" CONTENT="השערה"/></TextLine><TextLine ID="line_Ar0070101_3" BASELINE="613" HEIGHT="37" WIDTH="287" VPOS="576" HPOS="523"><String HEIGHT="37" WIDTH="96" VPOS="576" HPOS="511" CONTENT="חדשה"/><String HEIGHT="37" WIDTH="72" VPOS="576" HPOS="571" CONTENT="אם"/><String HEIGHT="37" WIDTH="72" VPOS="576" HPOS="607" CONTENT="גם"/><String HEIGHT="37" WIDTH="72" VPOS="576" HPOS="643" CONTENT="לא"/><String HEIGHT="37" WIDTH="108" VPOS="576" HPOS="678" CONTENT="רחוקה"/><String HEIGHT="37" WIDTH="72" VPOS="576" HPOS="738" CONTENT="היא."/></TextLine><TextLine ID="line_Ar0070101_4" BASELINE="643" HEIGHT="36" WIDTH="575" VPOS="607" HPOS="176"><String HEIGHT="36" WIDTH="98" VPOS="607" HPOS="164" CONTENT="אמנם"/><String HEIGHT="36" WIDTH="73" VPOS="607" HPOS="225" CONTENT="לא"/><String HEIGHT="36" WIDTH="73" VPOS="607" HPOS="262" CONTENT="כך"/><String HEIGHT="36" WIDTH="86" VPOS="607" HPOS="298" CONTENT="היא"/><String HEIGHT="36" WIDTH="98" VPOS="607" HPOS="347" CONTENT="המדה"/><String HEIGHT="36" WIDTH="122" VPOS="607" HPOS="408" CONTENT="בהשמות"/><String HEIGHT="36" WIDTH="159" VPOS="607" HPOS="494" CONTENT="המלאכותים"/><String HEIGHT="36" WIDTH="86" VPOS="607" HPOS="616" CONTENT="שלא"/><String HEIGHT="36" WIDTH="98" VPOS="607" HPOS="653" CONTENT="הסכימו"/></TextLine><TextLine ID="line_Ar0070101_5" BASELINE="675" HEIGHT="37" WIDTH="632" VPOS="638" HPOS="176"><String HEIGHT="37" WIDTH="107" VPOS="638" HPOS="164" CONTENT="עליהם"/><String HEIGHT="37" WIDTH="131" VPOS="638" HPOS="236" CONTENT="הסופרים"/><String HEIGHT="37" WIDTH="107" VPOS="638" HPOS="331" CONTENT="עדיין"/><String HEIGHT="37" WIDTH="107" VPOS="638" HPOS="403" CONTENT="ועודם"/><String HEIGHT="37" WIDTH="131" VPOS="638" HPOS="474" CONTENT="מפקפקים"/><String HEIGHT="37" WIDTH="95" VPOS="638" HPOS="570" CONTENT="בהם."/><String HEIGHT="37" WIDTH="95" VPOS="638" HPOS="629" CONTENT="ד״מ:"/><String HEIGHT="37" WIDTH="107" VPOS="638" HPOS="689" CONTENT="השמות"/><String HEIGHT="37" WIDTH="60" VPOS="638" HPOS="748" CONTENT="אשר"/></TextLine><TextLine ID="line_Ar0070101_6" BASELINE="709" HEIGHT="43" WIDTH="642" VPOS="666" HPOS="177"><String HEIGHT="43" WIDTH="105" VPOS="666" HPOS="165" CONTENT="יקראו"/><String HEIGHT="43" WIDTH="105" VPOS="666" HPOS="235" CONTENT="לחלקי"/><String HEIGHT="43" WIDTH="93" VPOS="666" HPOS="305" CONTENT="הבשר"/><String HEIGHT="43" WIDTH="140" VPOS="666" HPOS="364" CONTENT="הנמתחים,"/><String HEIGHT="43" WIDTH="152" VPOS="666" HPOS="469" CONTENT="ומתכולים."/><String HEIGHT="43" WIDTH="93" VPOS="666" HPOS="586" CONTENT="מניע"/><String HEIGHT="43" WIDTH="117" VPOS="666" HPOS="644" CONTENT="האברים"/><String HEIGHT="43" WIDTH="105" VPOS="666" HPOS="714" CONTENT="הנקראים"/></TextLine><TextLine ID="line_Ar0070101_7" BASELINE="737" HEIGHT="35" WIDTH="634" VPOS="702" HPOS="177"><String HEIGHT="35" WIDTH="110" VPOS="702" HPOS="165" CONTENT="בלועז"/><String HEIGHT="35" WIDTH="159" VPOS="702" HPOS="238" CONTENT="„מוסקעלן״"/><String HEIGHT="35" WIDTH="159" VPOS="702" HPOS="360" CONTENT="(לעכברים)"/><String HEIGHT="35" WIDTH="73" VPOS="702" HPOS="482" CONTENT="על"/><String HEIGHT="35" WIDTH="73" VPOS="702" HPOS="518" CONTENT="שם"/><String HEIGHT="35" WIDTH="122" VPOS="702" HPOS="555" CONTENT="סגולתם"/><String HEIGHT="35" WIDTH="110" VPOS="702" HPOS="640" CONTENT="העכבר"/><String HEIGHT="35" WIDTH="85" VPOS="702" HPOS="713" CONTENT="אשר"/><String HEIGHT="35" WIDTH="61" VPOS="702" HPOS="750" CONTENT="להם"/></TextLine><TextLine ID="line_Ar0070101_8" BASELINE="772" HEIGHT="40" WIDTH="634" VPOS="732" HPOS="177"><String HEIGHT="40" WIDTH="110" VPOS="732" HPOS="165" CONTENT="להמתח"/><String HEIGHT="40" WIDTH="146" VPOS="732" HPOS="238" CONTENT="ולהתכוץ,"/><String HEIGHT="40" WIDTH="110" VPOS="732" HPOS="348" CONTENT="שונים"/><String HEIGHT="40" WIDTH="98" VPOS="732" HPOS="421" CONTENT="מאוד"/><String HEIGHT="40" WIDTH="85" VPOS="732" HPOS="482" CONTENT="אצל"/><String HEIGHT="40" WIDTH="73" VPOS="732" HPOS="531" CONTENT="כל"/><String HEIGHT="40" WIDTH="110" VPOS="732" HPOS="567" CONTENT="סופר,"/><String HEIGHT="40" WIDTH="73" VPOS="732" HPOS="640" CONTENT="יש"/><String HEIGHT="40" WIDTH="85" VPOS="732" HPOS="677" CONTENT="אשר"/><String HEIGHT="40" WIDTH="98" VPOS="732" HPOS="713" CONTENT="יקראום"/></TextLine><TextLine ID="line_Ar0070101_9" BASELINE="802" HEIGHT="36" WIDTH="640" VPOS="766" HPOS="176"><String HEIGHT="36" WIDTH="140" VPOS="766" HPOS="164" CONTENT="֦שרירים״"/><String HEIGHT="36" WIDTH="70" VPOS="766" HPOS="269" CONTENT="על"/><String HEIGHT="36" WIDTH="70" VPOS="766" HPOS="304" CONTENT="שם"/><String HEIGHT="36" WIDTH="116" VPOS="766" HPOS="339" CONTENT="֦ואונו"/><String HEIGHT="36" WIDTH="105" VPOS="766" HPOS="420" CONTENT="שרירי"/><String HEIGHT="36" WIDTH="105" VPOS="766" HPOS="490" CONTENT="בענו״"/><String HEIGHT="36" WIDTH="105" VPOS="766" HPOS="560" CONTENT="(איוב"/><String HEIGHT="36" WIDTH="81" VPOS="766" HPOS="630" CONTENT="מ״׳"/><String HEIGHT="36" WIDTH="93" VPOS="766" HPOS="676" CONTENT="ט״ז)"/><String HEIGHT="36" WIDTH="70" VPOS="766" HPOS="735" CONTENT="יש"/><String HEIGHT="36" WIDTH="58" VPOS="766" HPOS="758" CONTENT="אשר"/></TextLine><TextLine ID="line_Ar0070101_10" BASELINE="833" HEIGHT="58" WIDTH="648" VPOS="775" HPOS="176"><String HEIGHT="58" WIDTH="122" VPOS="775" HPOS="164" CONTENT="יקראים"/><String HEIGHT="58" WIDTH="159" VPOS="775" HPOS="249" CONTENT="„מיתרים״,"/><String HEIGHT="58" WIDTH="86" VPOS="775" HPOS="372" CONTENT="ויש"/><String HEIGHT="58" WIDTH="86" VPOS="775" HPOS="421" CONTENT="אשר"/><String HEIGHT="58" WIDTH="122" VPOS="775" HPOS="469" CONTENT="יעתיקו"/><String HEIGHT="58" WIDTH="98" VPOS="775" HPOS="555" CONTENT="המלה"/><String HEIGHT="58" WIDTH="122" VPOS="775" HPOS="616" CONTENT="כצורתה"/><String HEIGHT="58" WIDTH="98" VPOS="775" HPOS="702" CONTENT="משפת"/><String HEIGHT="58" WIDTH="73" VPOS="775" HPOS="751" CONTENT="לועז"/></TextLine><TextLine ID="line_Ar0070101_11" BASELINE="868" HEIGHT="48" WIDTH="646" VPOS="820" HPOS="176"><String HEIGHT="48" WIDTH="45" VPOS="820" HPOS="165" CONTENT=""/><String HEIGHT="48" WIDTH="123" VPOS="820" HPOS="176" CONTENT="ויקראום"/><String HEIGHT="48" WIDTH="145" VPOS="820" HPOS="265" CONTENT="„עכברים״."/><String HEIGHT="48" WIDTH="89" VPOS="820" HPOS="376" CONTENT="שלשת"/><String HEIGHT="48" WIDTH="100" VPOS="820" HPOS="432" CONTENT="השמות"/><String HEIGHT="48" WIDTH="89" VPOS="820" HPOS="499" CONTENT="הללו"/><String HEIGHT="48" WIDTH="67" VPOS="820" HPOS="555" CONTENT="לא"/><String HEIGHT="48" WIDTH="100" VPOS="820" HPOS="588" CONTENT="הניחו"/><String HEIGHT="48" WIDTH="78" VPOS="820" HPOS="655" CONTENT="דעת"/><String HEIGHT="48" WIDTH="100" VPOS="820" HPOS="699" CONTENT="הקהל,"/><String HEIGHT="48" WIDTH="67" VPOS="820" HPOS="755" CONTENT="ואין"/></TextLine><TextLine ID="line_Ar0070101_12" BASELINE="895" HEIGHT="37" WIDTH="634" VPOS="858" HPOS="177"><String HEIGHT="37" WIDTH="81" VPOS="858" HPOS="165" CONTENT="אחד"/><String HEIGHT="37" WIDTH="81" VPOS="858" HPOS="212" CONTENT="מהם"/><String HEIGHT="37" WIDTH="81" VPOS="858" HPOS="258" CONTENT="זכה"/><String HEIGHT="37" WIDTH="115" VPOS="858" HPOS="304" CONTENT="להתיצב"/><String HEIGHT="37" WIDTH="104" VPOS="858" HPOS="384" CONTENT="בהשפה"/><String HEIGHT="37" WIDTH="138" VPOS="858" HPOS="454" CONTENT="לצמיתות."/><String HEIGHT="37" WIDTH="81" VPOS="858" HPOS="557" CONTENT="השם"/><String HEIGHT="37" WIDTH="138" VPOS="858" HPOS="604" CONTENT="„שרירים״"/><String HEIGHT="37" WIDTH="69" VPOS="858" HPOS="707" CONTENT="לא"/><String HEIGHT="37" WIDTH="81" VPOS="858" HPOS="730" CONTENT="ידענו"/></TextLine></TextBlock><TextBlock ID="Ar0070102" HEIGHT="311" WIDTH="620" VPOS="896" HPOS="183"><Shape><Polygon POINTS="803,1207 183,1207 183,896 803,896"/></Shape><TextLine ID="line_Ar0070102_1" BASELINE="927" HEIGHT="35" WIDTH="635" VPOS="892" HPOS="177"><String HEIGHT="35" WIDTH="104" VPOS="892" HPOS="165" CONTENT="לדרוש"/><String HEIGHT="35" WIDTH="69" VPOS="892" HPOS="235" CONTENT="בו"/><String HEIGHT="35" WIDTH="92" VPOS="892" HPOS="269" CONTENT="טעם,"/><String HEIGHT="35" WIDTH="81" VPOS="892" HPOS="327" CONTENT="ואם"/><String HEIGHT="35" WIDTH="69" VPOS="892" HPOS="373" CONTENT="כי"/><String HEIGHT="35" WIDTH="92" VPOS="892" HPOS="408" CONTENT="למוד"/><String HEIGHT="35" WIDTH="81" VPOS="892" HPOS="466" CONTENT="הוא"/><String HEIGHT="35" WIDTH="127" VPOS="892" HPOS="512" CONTENT="מענינו,"/><String HEIGHT="35" WIDTH="81" VPOS="892" HPOS="604" CONTENT="הלא"/><String HEIGHT="35" WIDTH="81" VPOS="892" HPOS="650" CONTENT="כמה"/><String HEIGHT="35" WIDTH="92" VPOS="892" HPOS="697" CONTENT="פנים"/><String HEIGHT="35" WIDTH="69" VPOS="892" HPOS="743" CONTENT="לפרט"/></TextLine><TextLine ID="line_Ar0070102_2" BASELINE="961" HEIGHT="35" WIDTH="635" VPOS="926" HPOS="177"><String HEIGHT="35" WIDTH="102" VPOS="926" HPOS="166" CONTENT="המקרא"/><String HEIGHT="35" WIDTH="102" VPOS="926" HPOS="234" CONTENT="באופן"/><String HEIGHT="35" WIDTH="91" VPOS="926" HPOS="302" CONTENT="אחר,"/><String HEIGHT="35" WIDTH="79" VPOS="926" HPOS="358" CONTENT="השם"/><String HEIGHT="35" WIDTH="113" VPOS="926" HPOS="404" CONTENT="֦מיתר״"/><String HEIGHT="35" WIDTH="68" VPOS="926" HPOS="483" CONTENT="לא"/><String HEIGHT="35" WIDTH="91" VPOS="926" HPOS="517" CONTENT="תנתן"/><String HEIGHT="35" WIDTH="91" VPOS="926" HPOS="574" CONTENT="לכתב"/><String HEIGHT="35" WIDTH="91" VPOS="926" HPOS="631" CONTENT="מבלי"/><String HEIGHT="35" WIDTH="91" VPOS="926" HPOS="687" CONTENT="לצרף"/><String HEIGHT="35" WIDTH="68" VPOS="926" HPOS="744" CONTENT="לו"/><String HEIGHT="35" WIDTH="45" VPOS="926" HPOS="767" CONTENT="את"/></TextLine><TextLine ID="line_Ar0070102_3" BASELINE="990" HEIGHT="32" WIDTH="638" VPOS="958" HPOS="177"><String HEIGHT="32" WIDTH="97" VPOS="958" HPOS="166" CONTENT="הנסמך"/><String HEIGHT="32" WIDTH="97" VPOS="958" HPOS="231" CONTENT="֦בשר״"/><String HEIGHT="32" WIDTH="65" VPOS="958" HPOS="296" CONTENT="כי"/><String HEIGHT="32" WIDTH="87" VPOS="958" HPOS="328" CONTENT="מושג"/><String HEIGHT="32" WIDTH="119" VPOS="958" HPOS="382" CONTENT="„המיתר&#34;"/><String HEIGHT="32" WIDTH="87" VPOS="958" HPOS="469" CONTENT="מושג"/><String HEIGHT="32" WIDTH="87" VPOS="958" HPOS="523" CONTENT="כולל"/><String HEIGHT="32" WIDTH="97" VPOS="958" HPOS="577" CONTENT="הנהו,"/><String HEIGHT="32" WIDTH="97" VPOS="958" HPOS="642" CONTENT="ויבצר"/><String HEIGHT="32" WIDTH="87" VPOS="958" HPOS="707" CONTENT="ממנו"/><String HEIGHT="32" WIDTH="65" VPOS="958" HPOS="750" CONTENT="לדעת"/></TextLine><TextLine ID="line_Ar0070102_4" BASELINE="1024" HEIGHT="37" WIDTH="627" VPOS="987" HPOS="177"><String HEIGHT="37" WIDTH="116" VPOS="987" HPOS="165" CONTENT="֦מיתר&#34;"/><String HEIGHT="37" WIDTH="70" VPOS="987" HPOS="247" CONTENT="של"/><String HEIGHT="37" WIDTH="70" VPOS="987" HPOS="282" CONTENT="מה"/><String HEIGHT="37" WIDTH="81" VPOS="987" HPOS="316" CONTENT="הוא"/><String HEIGHT="37" WIDTH="70" VPOS="987" HPOS="363" CONTENT="אם"/><String HEIGHT="37" WIDTH="70" VPOS="987" HPOS="398" CONTENT="לא"/><String HEIGHT="37" WIDTH="116" VPOS="987" HPOS="432" CONTENT="נבארהו"/><String HEIGHT="37" WIDTH="116" VPOS="987" HPOS="514" CONTENT="כהוגן."/><String HEIGHT="37" WIDTH="81" VPOS="987" HPOS="595" CONTENT="אכן"/><String HEIGHT="37" WIDTH="116" VPOS="987" HPOS="641" CONTENT="בצרפנו"/><String HEIGHT="37" WIDTH="70" VPOS="987" HPOS="723" CONTENT="לו"/><String HEIGHT="37" WIDTH="58" VPOS="987" HPOS="746" CONTENT="מלת"/></TextLine><TextLine ID="line_Ar0070102_5" BASELINE="1059" HEIGHT="37" WIDTH="638" VPOS="1022" HPOS="177"><String HEIGHT="37" WIDTH="103" VPOS="1022" HPOS="166" CONTENT="֦בשר&#34;"/><String HEIGHT="37" WIDTH="68" VPOS="1022" HPOS="234" CONTENT="יש"/><String HEIGHT="37" WIDTH="80" VPOS="1022" HPOS="268" CONTENT="כזה"/><String HEIGHT="37" WIDTH="114" VPOS="1022" HPOS="314" CONTENT="אריכות"/><String HEIGHT="37" WIDTH="91" VPOS="1022" HPOS="393" CONTENT="לשון"/><String HEIGHT="37" WIDTH="114" VPOS="1022" HPOS="450" CONTENT="וקלקול"/><String HEIGHT="37" WIDTH="114" VPOS="1022" HPOS="530" CONTENT="הצלצול"/><String HEIGHT="37" WIDTH="91" VPOS="1022" HPOS="610" CONTENT="טוב,"/><String HEIGHT="37" WIDTH="80" VPOS="1022" HPOS="667" CONTENT="השם"/><String HEIGHT="37" WIDTH="114" VPOS="1022" HPOS="701" CONTENT="„עכברים&#34;"/></TextLine><TextLine ID="line_Ar0070102_6" BASELINE="1089" HEIGHT="39" WIDTH="638" VPOS="1050" HPOS="178"><String HEIGHT="39" WIDTH="90" VPOS="1050" HPOS="167" CONTENT="אינו"/><String HEIGHT="39" WIDTH="90" VPOS="1050" HPOS="223" CONTENT="ברוח"/><String HEIGHT="39" WIDTH="78" VPOS="1050" HPOS="279" CONTENT="שפה"/><String HEIGHT="39" WIDTH="112" VPOS="1050" HPOS="324" CONTENT="העברית"/><String HEIGHT="39" WIDTH="78" VPOS="1050" HPOS="402" CONTENT="אשר"/><String HEIGHT="39" WIDTH="67" VPOS="1050" HPOS="447" CONTENT="לא"/><String HEIGHT="39" WIDTH="78" VPOS="1050" HPOS="480" CONTENT="תתן"/><String HEIGHT="39" WIDTH="67" VPOS="1050" HPOS="525" CONTENT="שם"/><String HEIGHT="39" WIDTH="101" VPOS="1050" HPOS="559" CONTENT="מושאל"/><String HEIGHT="39" WIDTH="90" VPOS="1050" HPOS="626" CONTENT="לדבר"/><String HEIGHT="39" WIDTH="67" VPOS="1050" HPOS="682" CONTENT="כל"/><String HEIGHT="39" WIDTH="78" VPOS="1050" HPOS="715" CONTENT="עוד"/><String HEIGHT="39" WIDTH="67" VPOS="1050" HPOS="749" CONTENT="שאין"/></TextLine><TextLine ID="line_Ar0070102_7" BASELINE="1118" HEIGHT="33" WIDTH="631" VPOS="1085" HPOS="179"><String HEIGHT="33" WIDTH="89" VPOS="1085" HPOS="168" CONTENT="בהשם"/><String HEIGHT="33" WIDTH="89" VPOS="1085" HPOS="223" CONTENT="עצמו"/><String HEIGHT="33" WIDTH="100" VPOS="1085" HPOS="279" CONTENT="הוראה"/><String HEIGHT="33" WIDTH="111" VPOS="1085" HPOS="345" CONTENT="לסגולה"/><String HEIGHT="33" WIDTH="111" VPOS="1085" HPOS="423" CONTENT="משותפת"/><String HEIGHT="33" WIDTH="89" VPOS="1085" HPOS="500" CONTENT="לשני"/><String HEIGHT="33" WIDTH="122" VPOS="1085" HPOS="555" CONTENT="המושגים"/><String HEIGHT="33" WIDTH="100" VPOS="1085" HPOS="644" CONTENT="השואל"/><String HEIGHT="33" WIDTH="111" VPOS="1085" HPOS="699" CONTENT="והמשאיל."/></TextLine><TextLine ID="line_Ar0070102_8" BASELINE="1152" HEIGHT="36" WIDTH="634" VPOS="1116" HPOS="179"><String HEIGHT="36" WIDTH="79" VPOS="1116" HPOS="168" CONTENT="לפי"/><String HEIGHT="36" WIDTH="113" VPOS="1116" HPOS="213" CONTENT="הדברים"/><String HEIGHT="36" WIDTH="91" VPOS="1116" HPOS="292" CONTENT="הללו"/><String HEIGHT="36" WIDTH="102" VPOS="1116" HPOS="349" CONTENT="הרשות"/><String HEIGHT="36" WIDTH="102" VPOS="1116" HPOS="417" CONTENT="נתונה"/><String HEIGHT="36" WIDTH="68" VPOS="1116" HPOS="485" CONTENT="לי"/><String HEIGHT="36" WIDTH="102" VPOS="1116" HPOS="519" CONTENT="להציע"/><String HEIGHT="36" WIDTH="91" VPOS="1116" HPOS="587" CONTENT="לפני"/><String HEIGHT="36" WIDTH="125" VPOS="1116" HPOS="643" CONTENT="הקוראים"/><String HEIGHT="36" WIDTH="68" VPOS="1116" HPOS="734" CONTENT="שם"/><String HEIGHT="36" WIDTH="57" VPOS="1116" HPOS="756" CONTENT="חדש"/></TextLine><TextLine ID="line_Ar0070102_9" BASELINE="1182" HEIGHT="38" WIDTH="637" VPOS="1144" HPOS="179"><String HEIGHT="38" WIDTH="101" VPOS="1144" HPOS="168" CONTENT="לחלקי"/><String HEIGHT="38" WIDTH="89" VPOS="1144" HPOS="235" CONTENT="הבשר"/><String HEIGHT="38" WIDTH="112" VPOS="1144" HPOS="291" CONTENT="הנכרים"/><String HEIGHT="38" WIDTH="101" VPOS="1144" HPOS="369" CONTENT="האלה."/><String HEIGHT="38" WIDTH="78" VPOS="1144" HPOS="436" CONTENT="אשר"/><String HEIGHT="38" WIDTH="89" VPOS="1144" HPOS="481" CONTENT="לפ״ד"/><String HEIGHT="38" WIDTH="78" VPOS="1144" HPOS="537" CONTENT="כבר"/><String HEIGHT="38" WIDTH="112" VPOS="1144" HPOS="581" CONTENT="השתמשו"/><String HEIGHT="38" WIDTH="67" VPOS="1144" HPOS="660" CONTENT="בו"/><String HEIGHT="38" WIDTH="89" VPOS="1144" HPOS="693" CONTENT="חז״ל"/><String HEIGHT="38" WIDTH="78" VPOS="1144" HPOS="738" CONTENT="והנהו"/></TextLine><TextLine ID="line_Ar0070102_10" BASELINE="1208" HEIGHT="27" WIDTH="380" VPOS="1181" HPOS="437"><String HEIGHT="27" WIDTH="101" VPOS="1181" HPOS="426" CONTENT="מסכים"/><String HEIGHT="27" WIDTH="67" VPOS="1181" HPOS="493" CONTENT="עם"/><String HEIGHT="27" WIDTH="101" VPOS="1181" HPOS="526" CONTENT="סגולת"/><String HEIGHT="27" WIDTH="101" VPOS="1181" HPOS="593" CONTENT="המושג"/><String HEIGHT="27" WIDTH="78" VPOS="1181" HPOS="661" CONTENT="בכל"/><String HEIGHT="27" WIDTH="123" VPOS="1181" HPOS="694" CONTENT="בחינותיו."/></TextLine></TextBlock><TextBlock ID="Ar0070103" HEIGHT="217" WIDTH="620" VPOS="1217" HPOS="183"><Shape><Polygon POINTS="803,1434 183,1434 183,1217 803,1217"/></Shape><TextLine ID="line_Ar0070103_1" BASELINE="1248" HEIGHT="36" WIDTH="588" VPOS="1212" HPOS="179"><String HEIGHT="36" WIDTH="89" VPOS="1212" HPOS="168" CONTENT="יסוד"/><String HEIGHT="36" WIDTH="78" VPOS="1212" HPOS="223" CONTENT="אחד"/><String HEIGHT="36" WIDTH="67" VPOS="1212" HPOS="268" CONTENT="בן"/><String HEIGHT="36" WIDTH="89" VPOS="1212" HPOS="301" CONTENT="שתים"/><String HEIGHT="36" WIDTH="111" VPOS="1212" HPOS="357" CONTENT="אותיות"/><String HEIGHT="36" WIDTH="89" VPOS="1212" HPOS="434" CONTENT="„פץ״"/><String HEIGHT="36" WIDTH="89" VPOS="1212" HPOS="490" CONTENT="במצא"/><String HEIGHT="36" WIDTH="111" VPOS="1212" HPOS="545" CONTENT="בשפתנו"/><String HEIGHT="36" WIDTH="111" VPOS="1212" HPOS="623" CONTENT="הקדושה"/><String HEIGHT="36" WIDTH="78" VPOS="1212" HPOS="689" CONTENT="המורה"/></TextLine><TextLine ID="line_Ar0070103_2" BASELINE="1279" HEIGHT="37" WIDTH="632" VPOS="1242" HPOS="177"><String HEIGHT="37" WIDTH="107" VPOS="1242" HPOS="165" CONTENT="למושג"/><String HEIGHT="37" WIDTH="131" VPOS="1242" HPOS="237" CONTENT="הסגולות"/><String HEIGHT="37" WIDTH="131" VPOS="1242" HPOS="332" CONTENT="הנמצאות"/><String HEIGHT="37" WIDTH="215" VPOS="1242" HPOS="427" CONTENT="בהעלאסטיציטעט,"/><String HEIGHT="37" WIDTH="131" VPOS="1242" HPOS="606" CONTENT="(סגולות"/><String HEIGHT="37" WIDTH="119" VPOS="1242" HPOS="690" CONTENT="ההתמתחות"/></TextLine><TextLine ID="line_Ar0070103_3" BASELINE="1310" HEIGHT="35" WIDTH="626" VPOS="1275" HPOS="177"><String HEIGHT="35" WIDTH="637" VPOS="1275" HPOS="166" CONTENT="וההתכוצות): „פוץ״ ענינו: פשוט, שטוח, פזור ונפיצה באמצעות"/><String HEIGHT="35" WIDTH="42" VPOS="1275" HPOS="761" CONTENT="כח"/></TextLine><TextLine ID="line_Ar0070103_4" BASELINE="1342" HEIGHT="37" WIDTH="630" VPOS="1305" HPOS="177"><String HEIGHT="37" WIDTH="96" VPOS="1305" HPOS="166" CONTENT="הפועל"/><String HEIGHT="37" WIDTH="96" VPOS="1305" HPOS="230" CONTENT="בחזקה"/><String HEIGHT="37" WIDTH="107" VPOS="1305" HPOS="294" CONTENT="המבריח"/><String HEIGHT="37" WIDTH="85" VPOS="1305" HPOS="369" CONTENT="ממנו"/><String HEIGHT="37" WIDTH="107" VPOS="1305" HPOS="423" CONTENT="החלקים"/><String HEIGHT="37" WIDTH="85" VPOS="1305" HPOS="497" CONTENT="שהוא"/><String HEIGHT="37" WIDTH="85" VPOS="1305" HPOS="551" CONTENT="פועל"/><String HEIGHT="37" WIDTH="107" VPOS="1305" HPOS="604" CONTENT="עליהם."/><String HEIGHT="37" WIDTH="96" VPOS="1305" HPOS="679" CONTENT="„פצה&#34;"/><String HEIGHT="37" WIDTH="75" VPOS="1305" HPOS="732" CONTENT="„פצח&#34;"/></TextLine><TextLine ID="line_Ar0070103_5" BASELINE="1377" HEIGHT="36" WIDTH="634" VPOS="1341" HPOS="177"><String HEIGHT="36" WIDTH="117" VPOS="1341" HPOS="165" CONTENT="הוראתם"/><String HEIGHT="36" WIDTH="106" VPOS="1341" HPOS="247" CONTENT="פתיחת"/><String HEIGHT="36" WIDTH="82" VPOS="1341" HPOS="318" CONTENT="הפה"/><String HEIGHT="36" WIDTH="82" VPOS="1341" HPOS="365" CONTENT="ע״י"/><String HEIGHT="36" WIDTH="70" VPOS="1341" HPOS="412" CONTENT="כח"/><String HEIGHT="36" WIDTH="117" VPOS="1341" HPOS="447" CONTENT="החיוני"/><String HEIGHT="36" WIDTH="176" VPOS="1341" HPOS="529" CONTENT="שבהמוסקעלים"/><String HEIGHT="36" WIDTH="106" VPOS="1341" HPOS="670" CONTENT="„פצם״"/><String HEIGHT="36" WIDTH="82" VPOS="1341" HPOS="729" CONTENT="בקיעת"/></TextLine><TextLine ID="line_Ar0070103_6" BASELINE="1405" HEIGHT="34" WIDTH="633" VPOS="1371" HPOS="179"><String HEIGHT="34" WIDTH="90" VPOS="1371" HPOS="168" CONTENT="אדמה"/><String HEIGHT="34" WIDTH="79" VPOS="1371" HPOS="224" CONTENT="ע״י"/><String HEIGHT="34" WIDTH="68" VPOS="1371" HPOS="269" CONTENT="כח"/><String HEIGHT="34" WIDTH="136" VPOS="1371" HPOS="303" CONTENT="וואולקני"/><String HEIGHT="34" WIDTH="102" VPOS="1371" HPOS="405" CONTENT="פנימי"/><String HEIGHT="34" WIDTH="170" VPOS="1371" HPOS="473" CONTENT="(געשפרענגט)"/><String HEIGHT="34" WIDTH="113" VPOS="1371" HPOS="609" CONTENT="„פצע״׳"/><String HEIGHT="34" WIDTH="102" VPOS="1371" HPOS="688" CONTENT="פתיחת"/><String HEIGHT="34" WIDTH="68" VPOS="1371" HPOS="744" CONTENT="הבשר"/></TextLine><TextLine ID="line_Ar0070103_7" BASELINE="1436" HEIGHT="34" WIDTH="416" VPOS="1402" HPOS="392"><String HEIGHT="34" WIDTH="186" VPOS="1402" HPOS="381" CONTENT="והתכוצות לכאן"/><String HEIGHT="34" WIDTH="99" VPOS="1402" HPOS="534" CONTENT="ולכאן"/><String HEIGHT="34" WIDTH="77" VPOS="1402" HPOS="600" CONTENT="אחר"/><String HEIGHT="34" WIDTH="88" VPOS="1402" HPOS="644" CONTENT="החתך"/><String HEIGHT="34" WIDTH="99" VPOS="1402" HPOS="699" CONTENT="שנעשה"/><String HEIGHT="34" WIDTH="55" VPOS="1402" HPOS="753" CONTENT="בו."/></TextLine></TextBlock><TextBlock ID="Ar0070104" HEIGHT="401" WIDTH="624" VPOS="1445" HPOS="183"><Shape><Polygon POINTS="807,1846 183,1846 183,1445 807,1445"/></Shape><TextLine ID="line_Ar0070104_1" BASELINE="1476" HEIGHT="35" WIDTH="579" VPOS="1441" HPOS="177"><String HEIGHT="35" WIDTH="87" VPOS="1441" HPOS="166" CONTENT="והנה"/><String HEIGHT="35" WIDTH="76" VPOS="1441" HPOS="221" CONTENT="השם"/><String HEIGHT="35" WIDTH="98" VPOS="1441" HPOS="264" CONTENT="„קפץ&#34;"/><String HEIGHT="35" WIDTH="87" VPOS="1441" HPOS="330" CONTENT="הנהו"/><String HEIGHT="35" WIDTH="76" VPOS="1441" HPOS="385" CONTENT="ג״כ"/><String HEIGHT="35" WIDTH="109" VPOS="1441" HPOS="428" CONTENT="מהיסוד"/><String HEIGHT="35" WIDTH="98" VPOS="1441" HPOS="505" CONTENT="ההוא,"/><String HEIGHT="35" WIDTH="87" VPOS="1441" HPOS="570" CONTENT="והוא"/><String HEIGHT="35" WIDTH="98" VPOS="1441" HPOS="625" CONTENT="מכלכל"/><String HEIGHT="35" WIDTH="76" VPOS="1441" HPOS="680" CONTENT="בקרבו"/></TextLine><TextLine ID="line_Ar0070104_2" BASELINE="1509" HEIGHT="38" WIDTH="633" VPOS="1471" HPOS="180"><String HEIGHT="38" WIDTH="98" VPOS="1471" HPOS="169" CONTENT="הוראה"/><String HEIGHT="38" WIDTH="98" VPOS="1471" HPOS="235" CONTENT="כפולה"/><String HEIGHT="38" WIDTH="87" VPOS="1471" HPOS="300" CONTENT="לדבר"/><String HEIGHT="38" WIDTH="109" VPOS="1471" HPOS="355" CONTENT="והפכו,"/><String HEIGHT="38" WIDTH="44" VPOS="1471" HPOS="431" CONTENT=""/><String HEIGHT="38" WIDTH="76" VPOS="1471" HPOS="442" CONTENT="פעם"/><String HEIGHT="38" WIDTH="87" VPOS="1471" HPOS="486" CONTENT="יורה"/><String HEIGHT="38" WIDTH="65" VPOS="1471" HPOS="540" CONTENT="על"/><String HEIGHT="38" WIDTH="142" VPOS="1471" HPOS="573" CONTENT="ההתכוצות,"/><String HEIGHT="38" WIDTH="76" VPOS="1471" HPOS="682" CONTENT="כמו"/><String HEIGHT="38" WIDTH="76" VPOS="1471" HPOS="726" CONTENT="קפץ"/><String HEIGHT="38" WIDTH="55" VPOS="1471" HPOS="758" CONTENT="באף"/></TextLine><TextLine ID="line_Ar0070104_3" BASELINE="1538" HEIGHT="36" WIDTH="631" VPOS="1502" HPOS="179"><String HEIGHT="36" WIDTH="117" VPOS="1502" HPOS="167" CONTENT="רחמיו&#34;"/><String HEIGHT="36" WIDTH="93" VPOS="1502" HPOS="249" CONTENT="ופעם"/><String HEIGHT="36" WIDTH="93" VPOS="1502" HPOS="308" CONTENT="יורה"/><String HEIGHT="36" WIDTH="70" VPOS="1502" HPOS="366" CONTENT="על"/><String HEIGHT="36" WIDTH="140" VPOS="1502" HPOS="401" CONTENT="ההתמהות,"/><String HEIGHT="36" WIDTH="82" VPOS="1502" HPOS="506" CONTENT="כוז"/><String HEIGHT="36" WIDTH="93" VPOS="1502" HPOS="553" CONTENT="מקפץ"/><String HEIGHT="36" WIDTH="70" VPOS="1502" HPOS="611" CONTENT="על"/><String HEIGHT="36" WIDTH="129" VPOS="1502" HPOS="646" CONTENT="הגבעות,"/><String HEIGHT="36" WIDTH="82" VPOS="1502" HPOS="728" CONTENT="הדיוט"/></TextLine><TextLine ID="line_Ar0070104_4" BASELINE="1572" HEIGHT="38" WIDTH="641" VPOS="1534" HPOS="179"><String HEIGHT="38" WIDTH="92" VPOS="1534" HPOS="168" CONTENT="קופץ"/><String HEIGHT="38" WIDTH="92" VPOS="1534" HPOS="225" CONTENT="בראש"/><String HEIGHT="38" WIDTH="114" VPOS="1534" HPOS="282" CONTENT="וכא״ב."/><String HEIGHT="38" WIDTH="80" VPOS="1534" HPOS="362" CONTENT="מזה"/><String HEIGHT="38" WIDTH="80" VPOS="1534" HPOS="408" CONTENT="אנו"/><String HEIGHT="38" WIDTH="103" VPOS="1534" HPOS="454" CONTENT="למדים"/><String HEIGHT="38" WIDTH="69" VPOS="1534" HPOS="522" CONTENT="כי"/><String HEIGHT="38" WIDTH="80" VPOS="1534" HPOS="557" CONTENT="השם"/><String HEIGHT="38" WIDTH="103" VPOS="1534" HPOS="603" CONTENT="„קפץ&#34;"/><String HEIGHT="38" WIDTH="92" VPOS="1534" HPOS="671" CONTENT="באמת"/><String HEIGHT="38" WIDTH="92" VPOS="1534" HPOS="728" CONTENT="מורה"/><String HEIGHT="38" WIDTH="46" VPOS="1534" HPOS="774" CONTENT="על"/></TextLine><TextLine ID="line_Ar0070104_5" BASELINE="1600" HEIGHT="37" WIDTH="638" VPOS="1563" HPOS="179"><String HEIGHT="37" WIDTH="108" VPOS="1563" HPOS="167" CONTENT="סגולת"/><String HEIGHT="37" WIDTH="144" VPOS="1563" HPOS="239" CONTENT="ההתכוצות"/><String HEIGHT="37" WIDTH="156" VPOS="1563" HPOS="348" CONTENT="וההתפשטות"/><String HEIGHT="37" WIDTH="96" VPOS="1563" HPOS="468" CONTENT="יחד,"/><String HEIGHT="37" WIDTH="96" VPOS="1563" HPOS="528" CONTENT="והיא"/><String HEIGHT="37" WIDTH="193" VPOS="1563" HPOS="588" CONTENT="העלאסטיציטעט"/><String HEIGHT="37" WIDTH="84" VPOS="1563" HPOS="733" CONTENT="עלמם."/></TextLine><TextLine ID="line_Ar0070104_6" BASELINE="1634" HEIGHT="41" WIDTH="633" VPOS="1593" HPOS="179"><String HEIGHT="41" WIDTH="89" VPOS="1593" HPOS="168" CONTENT="מעתה"/><String HEIGHT="41" WIDTH="78" VPOS="1593" HPOS="223" CONTENT="הלא"/><String HEIGHT="41" WIDTH="78" VPOS="1593" HPOS="268" CONTENT="טוב"/><String HEIGHT="41" WIDTH="111" VPOS="1593" HPOS="312" CONTENT="לפנינו"/><String HEIGHT="41" WIDTH="100" VPOS="1593" HPOS="390" CONTENT="לבחור"/><String HEIGHT="41" WIDTH="144" VPOS="1593" HPOS="457" CONTENT="להמוסקעלן"/><String HEIGHT="41" WIDTH="67" VPOS="1593" HPOS="568" CONTENT="שם"/><String HEIGHT="41" WIDTH="89" VPOS="1593" HPOS="601" CONTENT="נגזר"/><String HEIGHT="41" WIDTH="89" VPOS="1593" HPOS="657" CONTENT="משרש"/><String HEIGHT="41" WIDTH="100" VPOS="1593" HPOS="712" CONTENT="„קפץ&#34;"/><String HEIGHT="41" WIDTH="44" VPOS="1593" HPOS="768" CONTENT="אך"/></TextLine><TextLine ID="line_Ar0070104_7" BASELINE="1665" HEIGHT="37" WIDTH="637" VPOS="1628" HPOS="179"><String HEIGHT="37" WIDTH="66" VPOS="1628" HPOS="168" CONTENT="מה"/><String HEIGHT="37" WIDTH="88" VPOS="1628" HPOS="201" CONTENT="מאוד"/><String HEIGHT="37" WIDTH="77" VPOS="1628" HPOS="256" CONTENT="יגל"/><String HEIGHT="37" WIDTH="88" VPOS="1628" HPOS="300" CONTENT="לבנו"/><String HEIGHT="37" WIDTH="66" VPOS="1628" HPOS="355" CONTENT="אם"/><String HEIGHT="37" WIDTH="88" VPOS="1628" HPOS="388" CONTENT="באמת"/><String HEIGHT="37" WIDTH="99" VPOS="1628" HPOS="443" CONTENT="מצאנו"/><String HEIGHT="37" WIDTH="66" VPOS="1628" HPOS="508" CONTENT="שם"/><String HEIGHT="37" WIDTH="77" VPOS="1628" HPOS="541" CONTENT="מזה"/><String HEIGHT="37" WIDTH="99" VPOS="1628" HPOS="585" CONTENT="מפורש"/><String HEIGHT="37" WIDTH="99" VPOS="1628" HPOS="651" CONTENT="בחז״ל"/><String HEIGHT="37" WIDTH="110" VPOS="1628" HPOS="706" CONTENT="(ירושלמי"/></TextLine><TextLine ID="line_Ar0070104_8" BASELINE="1696" HEIGHT="34" WIDTH="637" VPOS="1662" HPOS="180"><String HEIGHT="34" WIDTH="108" VPOS="1662" HPOS="168" CONTENT="ברכות"/><String HEIGHT="34" WIDTH="84" VPOS="1662" HPOS="240" CONTENT="פ״א"/><String HEIGHT="34" WIDTH="96" VPOS="1662" HPOS="288" CONTENT="ה״א)"/><String HEIGHT="34" WIDTH="72" VPOS="1662" HPOS="348" CONTENT="ר׳"/><String HEIGHT="34" WIDTH="108" VPOS="1662" HPOS="384" CONTENT="שמואל"/><String HEIGHT="34" WIDTH="72" VPOS="1662" HPOS="456" CONTENT="בר"/><String HEIGHT="34" WIDTH="96" VPOS="1662" HPOS="492" CONTENT="סיטר"/><String HEIGHT="34" WIDTH="120" VPOS="1662" HPOS="553" CONTENT="(אומר)"/><String HEIGHT="34" WIDTH="120" VPOS="1662" HPOS="637" CONTENT="מלאכים"/><String HEIGHT="34" WIDTH="84" VPOS="1662" HPOS="721" CONTENT="אין"/><String HEIGHT="34" WIDTH="60" VPOS="1662" HPOS="757" CONTENT="להם"/></TextLine><TextLine ID="line_Ar0070104_9" BASELINE="1730" HEIGHT="37" WIDTH="645" VPOS="1693" HPOS="179"><String HEIGHT="37" WIDTH="251" VPOS="1693" HPOS="167" CONTENT="קפיצין. ומה טעמא?"/><String HEIGHT="37" WIDTH="96" VPOS="1693" HPOS="382" CONTENT="קרנת"/><String HEIGHT="37" WIDTH="72" VPOS="1693" HPOS="442" CONTENT="אל"/><String HEIGHT="37" WIDTH="72" VPOS="1693" HPOS="478" CONTENT="חד"/><String HEIGHT="37" WIDTH="72" VPOS="1693" HPOS="513" CONTENT="מן"/><String HEIGHT="37" WIDTH="108" VPOS="1693" HPOS="549" CONTENT="קמייא"/><String HEIGHT="37" WIDTH="96" VPOS="1693" HPOS="621" CONTENT="(קרי"/><String HEIGHT="37" WIDTH="96" VPOS="1693" HPOS="681" CONTENT="ביה)"/><String HEIGHT="37" WIDTH="96" VPOS="1693" HPOS="728" CONTENT="קיימיא"/></TextLine><TextLine ID="line_Ar0070104_10" BASELINE="1768" HEIGHT="43" WIDTH="647" VPOS="1725" HPOS="179"><String HEIGHT="43" WIDTH="127" VPOS="1725" HPOS="167" CONTENT="(עומדי)"/><String HEIGHT="43" WIDTH="92" VPOS="1725" HPOS="260" CONTENT="והנה"/><String HEIGHT="43" WIDTH="127" VPOS="1725" HPOS="318" CONTENT="המפרשים"/><String HEIGHT="43" WIDTH="92" VPOS="1725" HPOS="410" CONTENT="פרשו"/><String HEIGHT="43" WIDTH="81" VPOS="1725" HPOS="468" CONTENT="מלת"/><String HEIGHT="43" WIDTH="150" VPOS="1725" HPOS="514" CONTENT="„קפיצין״;"/><String HEIGHT="43" WIDTH="116" VPOS="1725" HPOS="630" CONTENT="חוליות"/><String HEIGHT="43" WIDTH="104" VPOS="1725" HPOS="710" CONTENT="הרגל,"/><String HEIGHT="43" WIDTH="58" VPOS="1725" HPOS="768" CONTENT="אכן"/></TextLine><TextLine ID="line_Ar0070104_12" BASELINE="1795" HEIGHT="41" WIDTH="637" VPOS="1754" HPOS="180"><String HEIGHT="41" WIDTH="77" VPOS="1754" HPOS="169" CONTENT="לפי"/><String HEIGHT="41" WIDTH="88" VPOS="1754" HPOS="213" CONTENT="ראות"/><String HEIGHT="41" WIDTH="110" VPOS="1754" HPOS="268" CONTENT="עינינו"/><String HEIGHT="41" WIDTH="77" VPOS="1754" HPOS="345" CONTENT="אין"/><String HEIGHT="41" WIDTH="77" VPOS="1754" HPOS="389" CONTENT="ספק"/><String HEIGHT="41" WIDTH="77" VPOS="1754" HPOS="433" CONTENT="כלל"/><String HEIGHT="41" WIDTH="66" VPOS="1754" HPOS="477" CONTENT="כי"/><String HEIGHT="41" WIDTH="121" VPOS="1754" HPOS="509" CONTENT="הקפיצין"/><String HEIGHT="41" WIDTH="66" VPOS="1754" HPOS="597" CONTENT="הם"/><String HEIGHT="41" WIDTH="66" VPOS="1754" HPOS="630" CONTENT="הם"/><String HEIGHT="41" WIDTH="132" VPOS="1754" HPOS="663" CONTENT="המוסקעלן"/><String HEIGHT="41" WIDTH="66" VPOS="1754" HPOS="751" CONTENT="באשר"/></TextLine><TextLine ID="line_Ar0070104_13" BASELINE="1827" HEIGHT="41" WIDTH="637" VPOS="1786" HPOS="181"><String HEIGHT="41" WIDTH="660" VPOS="1786" HPOS="158" CONTENT="ידוע הוא כי אבר שאין לו מוסקלים, על עמדו יעמוד מוקשה כעץ"/></TextLine><TextLine ID="line_Ar0070104_14" BASELINE="1848" HEIGHT="32" WIDTH="99" VPOS="1816" HPOS="717"><String HEIGHT="32" WIDTH="88" VPOS="1816" HPOS="706" CONTENT="מבלי"/><String HEIGHT="32" WIDTH="66" VPOS="1816" HPOS="750" CONTENT="נוע."/></TextLine></TextBlock><TextBlock ID="Ar0070201" HEIGHT="67" WIDTH="621" VPOS="1781" HPOS="841"><Shape><Polygon POINTS="1462,1848 841,1848 841,1781 1462,1781"/></Shape><TextLine ID="line_Ar0070201_1" BASELINE="1821" HEIGHT="40" WIDTH="576" VPOS="1781" HPOS="837"><String HEIGHT="40" WIDTH="107" VPOS="1781" HPOS="826" CONTENT="בהמגיד"/><String HEIGHT="40" WIDTH="96" VPOS="1781" HPOS="901" CONTENT="גליון"/><String HEIGHT="40" WIDTH="64" VPOS="1781" HPOS="965" CONTENT="25"/><String HEIGHT="40" WIDTH="96" VPOS="1781" HPOS="997" CONTENT="ראיתי"/><String HEIGHT="40" WIDTH="64" VPOS="1781" HPOS="1061" CONTENT="את"/><String HEIGHT="40" WIDTH="64" VPOS="1781" HPOS="1093" CONTENT="ר׳"/><String HEIGHT="40" WIDTH="85" VPOS="1781" HPOS="1125" CONTENT="מנחם"/><String HEIGHT="40" WIDTH="96" VPOS="1781" HPOS="1178" CONTENT="הרופא"/><String HEIGHT="40" WIDTH="85" VPOS="1781" HPOS="1242" CONTENT="יושב"/><String HEIGHT="40" WIDTH="96" VPOS="1781" HPOS="1296" CONTENT="ודורש"/><String HEIGHT="40" WIDTH="64" VPOS="1781" HPOS="1349" CONTENT="לפני"/></TextLine><TextLine ID="line_Ar0070201_2" BASELINE="1852" HEIGHT="38" WIDTH="631" VPOS="1814" HPOS="837"><String HEIGHT="38" WIDTH="96" VPOS="1814" HPOS="826" CONTENT="חכמים"/><String HEIGHT="38" WIDTH="107" VPOS="1814" HPOS="890" CONTENT="בפתרון"/><String HEIGHT="38" WIDTH="75" VPOS="1814" HPOS="965" CONTENT="מלת"/><String HEIGHT="38" WIDTH="118" VPOS="1814" HPOS="1008" CONTENT="„כליות&#34;"/><String HEIGHT="38" WIDTH="107" VPOS="1814" HPOS="1094" CONTENT="בל״הק,"/><String HEIGHT="38" WIDTH="96" VPOS="1814" HPOS="1169" CONTENT="ומחדש"/><String HEIGHT="38" WIDTH="64" VPOS="1814" HPOS="1233" CONTENT="בה"/><String HEIGHT="38" WIDTH="96" VPOS="1814" HPOS="1265" CONTENT="הוראה"/><String HEIGHT="38" WIDTH="96" VPOS="1814" HPOS="1329" CONTENT="חדשה,"/><String HEIGHT="38" WIDTH="86" VPOS="1814" HPOS="1382" CONTENT="הורלאח"/></TextLine></TextBlock></PrintSpace></Page></Layout></alto>