<?xml version="1.0" encoding="UTF-8"?><alto xmlns:xsi="http://www.w3.org/2001/XMLSchema-instance" xmlns="http://www.loc.gov/standards/alto/ns-v2#" xmlns:page="http://schema.primaresearch.org/PAGE/gts/pagecontent/2013-07-15" xsi:schemaLocation="http://schema.primaresearch.org/PAGE/gts/pagecontent/2013-07-15 http://schema.primaresearch.org/PAGE/gts/pagecontent/2013-07-15/pagecontent.xsd http://www.loc.gov/standards/alto/ns-v2# http://www.loc.gov/standards/alto/alto-v2.0.xsd"><Description><MeasurementUnit>pixel</MeasurementUnit></Description><Layout><Page ID="Page1" PHYSICAL_IMG_NR="1" HEIGHT="1962" WIDTH="1553"><TopMargin HEIGHT="0" WIDTH="1553" VPOS="0" HPOS="0"/><LeftMargin HEIGHT="1962" WIDTH="0" VPOS="0" HPOS="0"/><RightMargin HEIGHT="1962" WIDTH="0" VPOS="0" HPOS="1553"/><BottomMargin HEIGHT="0" WIDTH="1553" VPOS="1962" HPOS="0"/><PrintSpace HEIGHT="1962" WIDTH="1553" VPOS="0" HPOS="0"><TextBlock ID="Ar0010200" HEIGHT="595" WIDTH="1303" VPOS="112" HPOS="160"><Shape><Polygon POINTS="1457,707 160,707 166,112 1463,112"/></Shape><TextLine ID="line_1528295830082_29" BASELINE="164" HEIGHT="37" WIDTH="295" VPOS="127" HPOS="661"><String HEIGHT="37" WIDTH="361" VPOS="127" HPOS="595" CONTENT="HAZEFIRAH"/></TextLine><TextLine ID="line_1528295835658_30" BASELINE="305" HEIGHT="61" WIDTH="546" VPOS="244" HPOS="531"><String HEIGHT="61" WIDTH="728" VPOS="244" HPOS="349" CONTENT="הצפירה"/></TextLine><TextLine ID="line_Ar0010200_1" BASELINE="460" HEIGHT="99" WIDTH="1037" VPOS="361" HPOS="298"><String HEIGHT="99" WIDTH="415" VPOS="361" HPOS="246" CONTENT="מכתב"/><String HEIGHT="99" WIDTH="363" VPOS="361" HPOS="505" CONTENT="עתי"/><String HEIGHT="99" WIDTH="467" VPOS="361" HPOS="713" CONTENT="משמיע"/><String HEIGHT="99" WIDTH="363" VPOS="361" HPOS="972" CONTENT="חדשות"/></TextLine><TextLine ID="line_1528295844761_31" BASELINE="538" HEIGHT="69" WIDTH="1042" VPOS="469" HPOS="283"><String HEIGHT="69" WIDTH="174" VPOS="469" HPOS="261" CONTENT="בקרב"/><String HEIGHT="69" WIDTH="130" VPOS="469" HPOS="370" CONTENT="עם"/><String HEIGHT="69" WIDTH="195" VPOS="469" HPOS="435" CONTENT="ישרון"/><String HEIGHT="69" WIDTH="152" VPOS="469" HPOS="565" CONTENT="מכל"/><String HEIGHT="69" WIDTH="217" VPOS="469" HPOS="652" CONTENT="הדברים"/><String HEIGHT="69" WIDTH="239" VPOS="469" HPOS="804" CONTENT="הנוגעים"/><String HEIGHT="69" WIDTH="217" VPOS="469" HPOS="978" CONTENT="בעניני"/><String HEIGHT="69" WIDTH="217" VPOS="469" HPOS="1108" CONTENT="המדינות,"/></TextLine><TextLine ID="line_Ar0010200_2" BASELINE="594" HEIGHT="64" WIDTH="680" VPOS="530" HPOS="472"><String HEIGHT="64" WIDTH="155" VPOS="530" HPOS="453" CONTENT="דברי"/><String HEIGHT="64" WIDTH="155" VPOS="530" HPOS="550" CONTENT="חכמה"/><String HEIGHT="64" WIDTH="175" VPOS="530" HPOS="647" CONTENT="ומדע,"/><String HEIGHT="64" WIDTH="194" VPOS="530" HPOS="763" CONTENT="ידיעות"/><String HEIGHT="64" WIDTH="175" VPOS="530" HPOS="899" CONTENT="העולם"/><String HEIGHT="64" WIDTH="155" VPOS="530" HPOS="997" CONTENT="והטבע."/></TextLine><TextLine ID="line_Ar0010200_3" BASELINE="651" HEIGHT="42" WIDTH="305" VPOS="609" HPOS="656"><String HEIGHT="42" WIDTH="330" VPOS="609" HPOS="631" CONTENT="יוצא לאור אחת בשבוע, מאת"/></TextLine><TextLine ID="line_Ar0010200_4" BASELINE="702" HEIGHT="45" WIDTH="379" VPOS="657" HPOS="618"><String HEIGHT="45" WIDTH="144" VPOS="657" HPOS="600" CONTENT="חיים"/><String HEIGHT="45" WIDTH="162" VPOS="657" HPOS="690" CONTENT="זעליג"/><String HEIGHT="45" WIDTH="217" VPOS="657" HPOS="780" CONTENT="סלאנימסקי."/></TextLine></TextBlock><TextBlock ID="Ad0010400" HEIGHT="262" WIDTH="268" VPOS="128" HPOS="1189"><Shape><Polygon POINTS="1457,390 1189,390 1189,128 1457,128"/></Shape><TextLine ID="line_Ad0010400_1" BASELINE="187" HEIGHT="56" WIDTH="284" VPOS="131" HPOS="1186"><String HEIGHT="56" WIDTH="345" VPOS="131" HPOS="1166" CONTENT="מחירו באשכנז:"/><String HEIGHT="56" WIDTH="41" VPOS="131" HPOS="1429" CONTENT=""/></TextLine><TextLine ID="line_Ad0010400_2" BASELINE="242" HEIGHT="58" WIDTH="253" VPOS="184" HPOS="1186"><String HEIGHT="58" WIDTH="60" VPOS="184" HPOS="1174" CONTENT="4"/><String HEIGHT="58" WIDTH="84" VPOS="184" HPOS="1198" CONTENT="ר״ט"/><String HEIGHT="58" WIDTH="120" VPOS="184" HPOS="1246" CONTENT="לשנה.1"/><String HEIGHT="58" WIDTH="96" VPOS="184" HPOS="1331" CONTENT="לרבע"/><String HEIGHT="58" WIDTH="60" VPOS="184" HPOS="1379" CONTENT="שנה"/></TextLine><TextLine ID="line_Ad0010400_4" BASELINE="269" HEIGHT="57" WIDTH="258" VPOS="212" HPOS="1192"><String HEIGHT="57" WIDTH="47" VPOS="212" HPOS="1180" CONTENT=""/><String HEIGHT="57" WIDTH="141" VPOS="212" HPOS="1192" CONTENT="בעסטרייך"/><String HEIGHT="57" WIDTH="59" VPOS="212" HPOS="1298" CONTENT="3"/><String HEIGHT="57" WIDTH="82" VPOS="212" HPOS="1321" CONTENT="פל׳"/><String HEIGHT="57" WIDTH="106" VPOS="212" HPOS="1368" CONTENT="לשנה."/><String HEIGHT="57" WIDTH="23" VPOS="212" HPOS="1427" CONTENT=""/></TextLine><TextLine ID="line_Ad0010400_5" BASELINE="301" HEIGHT="36" WIDTH="287" VPOS="265" HPOS="1199"><String HEIGHT="36" WIDTH="96" VPOS="265" HPOS="1180" CONTENT="2"/><String HEIGHT="36" WIDTH="134" VPOS="265" HPOS="1218" CONTENT="פל'"/><String HEIGHT="36" WIDTH="153" VPOS="265" HPOS="1295" CONTENT="לרבע"/><String HEIGHT="36" WIDTH="115" VPOS="265" HPOS="1371" CONTENT="שנה."/></TextLine><TextLine ID="line_Ad0010400_6" BASELINE="344" HEIGHT="45" WIDTH="197" VPOS="299" HPOS="1191"><String HEIGHT="45" WIDTH="230" VPOS="299" HPOS="1158" CONTENT="שכר מודעות: "/></TextLine><TextLine ID="line_Ad0010400_7" BASELINE="373" HEIGHT="63" WIDTH="274" VPOS="310" HPOS="1185"><String HEIGHT="63" WIDTH="137" VPOS="310" HPOS="1165" CONTENT="מכל"/><String HEIGHT="63" WIDTH="137" VPOS="310" HPOS="1244" CONTENT="שרה"/><String HEIGHT="63" WIDTH="98" VPOS="310" HPOS="1322" CONTENT="4"/><String HEIGHT="63" WIDTH="117" VPOS="310" HPOS="1342" CONTENT="ז״ג."/></TextLine></TextBlock><TextBlock ID="Ad0010300" HEIGHT="262" WIDTH="273" VPOS="128" HPOS="160"><Shape><Polygon POINTS="433,390 160,390 160,128 433,128"/></Shape><TextLine ID="line_Ad0010300_1" BASELINE="215" HEIGHT="51" WIDTH="219" VPOS="164" HPOS="219"><String HEIGHT="51" WIDTH="58" VPOS="164" HPOS="204" CONTENT=""/><String HEIGHT="51" WIDTH="146" VPOS="164" HPOS="219" CONTENT="ברוסיא"/><String HEIGHT="51" WIDTH="131" VPOS="164" HPOS="307" CONTENT="ופולין."/></TextLine><TextLine ID="line_Ad0010300_2" BASELINE="241" HEIGHT="58" WIDTH="272" VPOS="183" HPOS="169"><String HEIGHT="58" WIDTH="181" VPOS="183" HPOS="146" CONTENT="לשנה"/><String HEIGHT="58" WIDTH="113" VPOS="183" HPOS="260" CONTENT="5"/><String HEIGHT="58" WIDTH="159" VPOS="183" HPOS="282" CONTENT="רו״כ."/></TextLine><TextLine ID="line_Ad0010300_3" BASELINE="274" HEIGHT="43" WIDTH="214" VPOS="231" HPOS="202"><String HEIGHT="43" WIDTH="90" VPOS="231" HPOS="191" CONTENT="לרבע"/><String HEIGHT="43" WIDTH="79" VPOS="231" HPOS="247" CONTENT="שנה"/><String HEIGHT="43" WIDTH="90" VPOS="231" HPOS="292" CONTENT="1.25"/><String HEIGHT="43" WIDTH="79" VPOS="231" HPOS="337" CONTENT="רו&#34;כ."/></TextLine><TextLine ID="line_Ad0010300_4" BASELINE="319" HEIGHT="41" WIDTH="300" VPOS="278" HPOS="145"><String HEIGHT="41" WIDTH="109" VPOS="278" HPOS="131" CONTENT="ביתר"/><String HEIGHT="41" WIDTH="136" VPOS="278" HPOS="200" CONTENT="הארצות"/><String HEIGHT="41" WIDTH="82" VPOS="278" HPOS="295" CONTENT="20"/><String HEIGHT="41" WIDTH="136" VPOS="278" HPOS="336" CONTENT="פראנק."/><String HEIGHT="41" WIDTH="27" VPOS="278" HPOS="418" CONTENT=""/></TextLine><TextLine ID="line_Ad0010300_5" BASELINE="360" HEIGHT="55" WIDTH="245" VPOS="305" HPOS="170"><String HEIGHT="55" WIDTH="109" VPOS="305" HPOS="156" CONTENT="לרבע"/><String HEIGHT="55" WIDTH="95" VPOS="305" HPOS="224" CONTENT="שנה"/><String HEIGHT="55" WIDTH="68" VPOS="305" HPOS="279" CONTENT="5"/><String HEIGHT="55" WIDTH="136" VPOS="305" HPOS="306" CONTENT="פראנק."/><String HEIGHT="55" WIDTH="27" VPOS="305" HPOS="388" CONTENT=""/></TextLine></TextBlock><TextBlock ID="TextRegion_1528295886575_33" HEIGHT="79" WIDTH="178" VPOS="735" HPOS="1275"><Shape><Polygon POINTS="1453,814 1275,814 1275,735 1453,735"/></Shape><TextLine ID="line_1528295902776_39" BASELINE="802" HEIGHT="49" WIDTH="168" VPOS="753" HPOS="1281"><String HEIGHT="49" WIDTH="107" VPOS="753" HPOS="1266" CONTENT="שנה"/><String HEIGHT="49" WIDTH="137" VPOS="753" HPOS="1312" CONTENT="ראשונה."/></TextLine></TextBlock><TextBlock ID="TextRegion_1528295888336_35" HEIGHT="79" WIDTH="464" VPOS="735" HPOS="811"><Shape><Polygon POINTS="1275,814 811,814 811,735 1275,735"/></Shape><TextLine ID="line_1528295920625_40" BASELINE="796" HEIGHT="42" WIDTH="407" VPOS="754" HPOS="840"><String HEIGHT="42" WIDTH="166" VPOS="754" HPOS="825" CONTENT="Berlin,"/><String HEIGHT="42" WIDTH="106" VPOS="754" HPOS="946" CONTENT="den"/><String HEIGHT="42" WIDTH="90" VPOS="754" HPOS="1006" CONTENT="5."/><String HEIGHT="42" WIDTH="151" VPOS="754" HPOS="1051" CONTENT="August"/><String HEIGHT="42" WIDTH="106" VPOS="754" HPOS="1141" CONTENT="1874."/></TextLine></TextBlock><TextBlock ID="TextRegion_1528295890392_37" HEIGHT="79" WIDTH="467" VPOS="735" HPOS="344"><Shape><Polygon POINTS="811,814 344,814 344,735 811,735"/></Shape><TextLine ID="line_1528295930918_41" BASELINE="793" HEIGHT="45" WIDTH="253" VPOS="748" HPOS="448"><String HEIGHT="45" WIDTH="133" VPOS="748" HPOS="435" CONTENT="בערלין"/><String HEIGHT="45" WIDTH="80" VPOS="748" HPOS="528" CONTENT="כג"/><String HEIGHT="45" WIDTH="80" VPOS="748" HPOS="568" CONTENT="אב"/><String HEIGHT="45" WIDTH="107" VPOS="748" HPOS="594" CONTENT="תרל&#34;ד."/></TextLine></TextBlock><TextBlock ID="TextRegion_1528295890392_38" HEIGHT="79" WIDTH="194" VPOS="735" HPOS="150"><Shape><Polygon POINTS="344,814 150,814 150,735 344,735"/></Shape><TextLine ID="line_1528295941321_42" BASELINE="791" HEIGHT="37" WIDTH="104" VPOS="754" HPOS="163"><String HEIGHT="37" WIDTH="125" VPOS="754" HPOS="142" CONTENT="No"/><String HEIGHT="37" WIDTH="83" VPOS="754" HPOS="184" CONTENT="5."/></TextLine></TextBlock><TextBlock ID="region_1528295987736_43" HEIGHT="52" WIDTH="162" VPOS="863" HPOS="1055"><Shape><Polygon POINTS="1055,863 1055,915 1217,915 1217,863"/></Shape><TextLine ID="line_1528295987803_44" BASELINE="920" HEIGHT="42" WIDTH="174" VPOS="878" HPOS="1049"><String HEIGHT="42" WIDTH="107" VPOS="878" HPOS="1036" CONTENT="תוכן"/><String HEIGHT="42" WIDTH="134" VPOS="878" HPOS="1089" CONTENT="הענינים."/></TextLine></TextBlock><TextBlock ID="Ar0010001" HEIGHT="210" WIDTH="638" VPOS="933" HPOS="819"><Shape><Polygon POINTS="1457,1143 819,1143 819,933 1457,933"/></Shape><TextLine ID="line_Ar0010001_1" BASELINE="978" HEIGHT="42" WIDTH="576" VPOS="936" HPOS="822"><String HEIGHT="42" WIDTH="599" VPOS="936" HPOS="799" CONTENT="דברי הימים, עסטרייך וויען, מאת א׳ קאפלאן, טיסמעניץ,"/></TextLine><TextLine ID="line_Ar0010001_2" BASELINE="1012" HEIGHT="44" WIDTH="636" VPOS="968" HPOS="823"><String HEIGHT="44" WIDTH="75" VPOS="968" HPOS="812" CONTENT="מאת"/><String HEIGHT="44" WIDTH="75" VPOS="968" HPOS="855" CONTENT="אשר"/><String HEIGHT="44" WIDTH="129" VPOS="968" HPOS="898" CONTENT="וויסמאן,"/><String HEIGHT="44" WIDTH="129" VPOS="968" HPOS="995" CONTENT="רוסלאנד,"/><String HEIGHT="44" WIDTH="119" VPOS="968" HPOS="1092" CONTENT="קאוונא,"/><String HEIGHT="44" WIDTH="75" VPOS="968" HPOS="1179" CONTENT="מאת"/><String HEIGHT="44" WIDTH="75" VPOS="968" HPOS="1222" CONTENT="א'."/><String HEIGHT="44" WIDTH="75" VPOS="968" HPOS="1265" CONTENT="צ'."/><String HEIGHT="44" WIDTH="75" VPOS="968" HPOS="1308" CONTENT="מ'."/><String HEIGHT="44" WIDTH="119" VPOS="968" HPOS="1340" CONTENT="רומעניען,"/></TextLine><TextLine ID="line_Ar0010001_3" BASELINE="1043" HEIGHT="45" WIDTH="626" VPOS="998" HPOS="827"><String HEIGHT="45" WIDTH="649" VPOS="998" HPOS="804" CONTENT="פאלטישעני מאת מאיר יוסעער, אמעריקא, נו יארק, מאת יחזקאל"/></TextLine><TextLine ID="line_Ar0010001_5" BASELINE="1075" HEIGHT="43" WIDTH="635" VPOS="1032" HPOS="825"><String HEIGHT="43" WIDTH="657" VPOS="1032" HPOS="803" CONTENT="ראזענבערג, חדשות שונות, באור מלות שונות מאת ה׳ יחיאל מיכל"/></TextLine><TextLine ID="line_Ar0010001_6" BASELINE="1108" HEIGHT="45" WIDTH="483" VPOS="1063" HPOS="971"><String HEIGHT="45" WIDTH="504" VPOS="1063" HPOS="950" CONTENT="פינעס, מגורשי וויען, מאת ל׳ לאנדסהוט, הודעות."/></TextLine></TextBlock><TextBlock ID="region_1528295998803_45" HEIGHT="50" WIDTH="271" VPOS="1197" HPOS="1002"><Shape><Polygon POINTS="1002,1197 1002,1247 1273,1247 1273,1197"/></Shape><TextLine ID="line_1528295998870_46" BASELINE="1253" HEIGHT="47" WIDTH="285" VPOS="1206" HPOS="995"><String HEIGHT="47" WIDTH="207" VPOS="1206" HPOS="969" CONTENT="דברי"/><String HEIGHT="47" WIDTH="207" VPOS="1206" HPOS="1073" CONTENT="הימים."/></TextLine></TextBlock><TextBlock ID="Ar0010101" HEIGHT="598" WIDTH="622" VPOS="1257" HPOS="829"><Shape><Polygon POINTS="1451,1855 829,1855 829,1257 1451,1257"/></Shape><TextLine ID="line_Ar0010101_1" BASELINE="1317" HEIGHT="52" WIDTH="593" VPOS="1265" HPOS="824"><String HEIGHT="52" WIDTH="619" VPOS="1265" HPOS="798" CONTENT="(אשכנז) עור לא נרפא הנסיך ביסמארק מן המכה אשר"/></TextLine><TextLine ID="line_Ar0010101_2" BASELINE="1348" HEIGHT="43" WIDTH="632" VPOS="1305" HPOS="828"><String HEIGHT="43" WIDTH="656" VPOS="1305" HPOS="804" CONTENT="הכה בקיססינגען, ואם כי אין כל חשש סכנה בדבר, אבל עוד"/></TextLine><TextLine ID="line_Ar0010101_3" BASELINE="1380" HEIGHT="42" WIDTH="632" VPOS="1338" HPOS="829"><String HEIGHT="42" WIDTH="656" VPOS="1338" HPOS="805" CONTENT="לא עלתה ביד הרופאים להשיבהו לאיתנו כמקדם. בימים האלה"/></TextLine><TextLine ID="line_Ar0010101_4" BASELINE="1411" HEIGHT="41" WIDTH="648" VPOS="1370" HPOS="825"><String HEIGHT="41" WIDTH="674" VPOS="1370" HPOS="799" CONTENT="נודע דבר אשר השתוממו לו כל שומעיו, והוא, כי חלו יד"/></TextLine><TextLine ID="line_Ar0010101_5" BASELINE="1443" HEIGHT="45" WIDTH="635" VPOS="1398" HPOS="828"><String HEIGHT="45" WIDTH="104" VPOS="1398" HPOS="815" CONTENT="זרים"/><String HEIGHT="45" WIDTH="104" VPOS="1398" HPOS="880" CONTENT="בשני"/><String HEIGHT="45" WIDTH="117" VPOS="1398" HPOS="945" CONTENT="מכתבי"/><String HEIGHT="45" WIDTH="117" VPOS="1398" HPOS="1022" CONTENT="הנסיך"/><String HEIGHT="45" WIDTH="91" VPOS="1398" HPOS="1100" CONTENT="אשר"/><String HEIGHT="45" WIDTH="91" VPOS="1398" HPOS="1152" CONTENT="שלח"/><String HEIGHT="45" WIDTH="104" VPOS="1398" HPOS="1204" CONTENT="לשרי"/><String HEIGHT="45" WIDTH="130" VPOS="1398" HPOS="1269" CONTENT="הממשלה"/><String HEIGHT="45" WIDTH="117" VPOS="1398" HPOS="1346" CONTENT="בבערלין"/></TextLine><TextLine ID="line_Ar0010101_6" BASELINE="1476" HEIGHT="42" WIDTH="635" VPOS="1434" HPOS="828"><String HEIGHT="42" WIDTH="660" VPOS="1434" HPOS="803" CONTENT="חיש אחרי המקרה בקיססינגען; אפס עוד לא נודע מי הרהיב"/></TextLine><TextLine ID="line_Ar0010101_7" BASELINE="1507" HEIGHT="42" WIDTH="626" VPOS="1465" HPOS="827"><String HEIGHT="42" WIDTH="649" VPOS="1465" HPOS="804" CONTENT="בנפשו עז לחשוף מצפוני המכתבים הנזכרים. והנה עד כמה גדלה"/></TextLine><TextLine ID="line_Ar0010101_8" BASELINE="1541" HEIGHT="49" WIDTH="626" VPOS="1492" HPOS="826"><String HEIGHT="49" WIDTH="275" VPOS="1492" HPOS="813" CONTENT="שנאת הכהנים הקתלים"/><String HEIGHT="49" WIDTH="138" VPOS="1492" HPOS="1051" CONTENT="להממשלה"/><String HEIGHT="49" WIDTH="100" VPOS="1492" HPOS="1152" CONTENT="וקשי"/><String HEIGHT="49" WIDTH="100" VPOS="1492" HPOS="1214" CONTENT="ערפם"/><String HEIGHT="49" WIDTH="100" VPOS="1492" HPOS="1277" CONTENT="נוכל"/><String HEIGHT="49" WIDTH="113" VPOS="1492" HPOS="1339" CONTENT="לראות"/><String HEIGHT="49" WIDTH="50" VPOS="1492" HPOS="1402" CONTENT="מן"/></TextLine><TextLine ID="line_Ar0010101_9" BASELINE="1572" HEIGHT="43" WIDTH="637" VPOS="1529" HPOS="828"><String HEIGHT="43" WIDTH="268" VPOS="1529" HPOS="815" CONTENT="הדברים האלה: פקיד"/><String HEIGHT="43" WIDTH="127" VPOS="1529" HPOS="1045" CONTENT="הממשלה"/><String HEIGHT="43" WIDTH="115" VPOS="1529" HPOS="1134" CONTENT="במחוז"/><String HEIGHT="43" WIDTH="115" VPOS="1529" HPOS="1210" CONTENT="פאזען"/><String HEIGHT="43" WIDTH="89" VPOS="1529" HPOS="1287" CONTENT="פנה"/><String HEIGHT="43" WIDTH="127" VPOS="1529" HPOS="1338" CONTENT="בבקשתו"/><String HEIGHT="43" WIDTH="51" VPOS="1529" HPOS="1414" CONTENT="אל"/></TextLine><TextLine ID="line_Ar0010101_10" BASELINE="1605" HEIGHT="44" WIDTH="627" VPOS="1561" HPOS="828"><String HEIGHT="44" WIDTH="325" VPOS="1561" HPOS="817" CONTENT="הכהנים הקתולים בעיר פאזען"/><String HEIGHT="44" WIDTH="134" VPOS="1561" HPOS="1108" CONTENT="וגנעזען,"/><String HEIGHT="44" WIDTH="67" VPOS="1561" HPOS="1209" CONTENT="כי"/><String HEIGHT="44" WIDTH="112" VPOS="1561" HPOS="1242" CONTENT="יעריכו"/><String HEIGHT="44" WIDTH="90" VPOS="1561" HPOS="1321" CONTENT="תודה"/><String HEIGHT="44" WIDTH="90" VPOS="1561" HPOS="1365" CONTENT="לאלהים"/></TextLine><TextLine ID="line_Ar0010101_11" BASELINE="1634" HEIGHT="41" WIDTH="631" VPOS="1593" HPOS="827"><String HEIGHT="41" WIDTH="657" VPOS="1593" HPOS="801" CONTENT="בבתי תפלותיהם על אשר הטה חסדו להפרינצעסין אלברעכט"/></TextLine><TextLine ID="line_Ar0010101_12" BASELINE="1667" HEIGHT="43" WIDTH="626" VPOS="1624" HPOS="827"><String HEIGHT="43" WIDTH="137" VPOS="1624" HPOS="816" CONTENT="מפרייסען"/><String HEIGHT="43" WIDTH="80" VPOS="1624" HPOS="918" CONTENT="בעת"/><String HEIGHT="43" WIDTH="91" VPOS="1624" HPOS="964" CONTENT="לדתה"/><String HEIGHT="43" WIDTH="137" VPOS="1624" HPOS="1020" CONTENT="ויחלימנה"/><String HEIGHT="43" WIDTH="91" VPOS="1624" HPOS="1123" CONTENT="אותה"/><String HEIGHT="43" WIDTH="80" VPOS="1624" HPOS="1180" CONTENT="ואת"/><String HEIGHT="43" WIDTH="91" VPOS="1624" HPOS="1225" CONTENT="הילד"/><String HEIGHT="43" WIDTH="114" VPOS="1624" HPOS="1282" CONTENT="הנולד,"/><String HEIGHT="43" WIDTH="102" VPOS="1624" HPOS="1351" CONTENT="והכהנים"/></TextLine><TextLine ID="line_Ar0010101_13" BASELINE="1699" HEIGHT="42" WIDTH="627" VPOS="1657" HPOS="831"><String HEIGHT="42" WIDTH="653" VPOS="1657" HPOS="805" CONTENT="השיבו פני הבקשה ריקם באמרם, כי לא יוכלו לעשות דבר"/></TextLine><TextLine ID="line_Ar0010101_16" BASELINE="1734" HEIGHT="47" WIDTH="640" VPOS="1687" HPOS="831"><String HEIGHT="47" WIDTH="666" VPOS="1687" HPOS="805" CONTENT="נדול או קטן בלי רשיון הבישאף; ואף כי הממשלה הורידה"/></TextLine><TextLine ID="line_Ar0010101_17" BASELINE="1768" HEIGHT="50" WIDTH="634" VPOS="1718" HPOS="831"><String HEIGHT="50" WIDTH="660" VPOS="1718" HPOS="805" CONTENT="את הבישאף מכסאו, בכל זאת כל זמן שלא יהי הדבר לחק"/></TextLine><TextLine ID="line_Ar0010101_18" BASELINE="1799" HEIGHT="46" WIDTH="635" VPOS="1753" HPOS="833"><String HEIGHT="46" WIDTH="660" VPOS="1753" HPOS="808" CONTENT="קבוע בסדר האמונה כי יפקד מקום הבישאף בפאזען לעולם,"/></TextLine><TextLine ID="line_Ar0010101_19" BASELINE="1826" HEIGHT="42" WIDTH="489" VPOS="1784" HPOS="968"><String HEIGHT="42" WIDTH="106" VPOS="1784" HPOS="955" CONTENT="אינם"/><String HEIGHT="42" WIDTH="119" VPOS="1784" HPOS="1021" CONTENT="רשאים"/><String HEIGHT="42" WIDTH="119" VPOS="1784" HPOS="1100" CONTENT="לעשות"/><String HEIGHT="42" WIDTH="93" VPOS="1784" HPOS="1179" CONTENT="דבר"/><String HEIGHT="42" WIDTH="93" VPOS="1784" HPOS="1232" CONTENT="כזה"/><String HEIGHT="42" WIDTH="79" VPOS="1784" HPOS="1285" CONTENT="על"/><String HEIGHT="42" WIDTH="106" VPOS="1784" HPOS="1325" CONTENT="דעתם"/><String HEIGHT="42" WIDTH="79" VPOS="1784" HPOS="1378" CONTENT="לבד."/></TextLine><TextLine ID="line_Ar0010101_20" BASELINE="1866" HEIGHT="51" WIDTH="578" VPOS="1815" HPOS="822"><String HEIGHT="51" WIDTH="604" VPOS="1815" HPOS="796" CONTENT="והממשלה עושה את שלה ולא תחון את כל העוברים על"/></TextLine></TextBlock><TextBlock ID="Ar0010500" HEIGHT="195" WIDTH="667" VPOS="827" HPOS="150"><Shape><Polygon POINTS="817,1022 150,1022 150,827 817,827"/></Shape><TextLine ID="line_Ar0010500_1" BASELINE="873" HEIGHT="45" WIDTH="645" VPOS="828" HPOS="166"><String HEIGHT="45" WIDTH="669" VPOS="828" HPOS="142" CONTENT="פקודותיה, כהנים רבים נתנו במאסר בימים האחרונים ואחרים"/></TextLine><TextLine ID="line_Ar0010500_2" BASELINE="916" HEIGHT="54" WIDTH="652" VPOS="862" HPOS="165"><String HEIGHT="54" WIDTH="678" VPOS="862" HPOS="139" CONTENT="נענשו ענש כסף. מלבד זה, חברות רבות קתוליקות סגרו על"/></TextLine><TextLine ID="line_Ar0010500_3" BASELINE="942" HEIGHT="48" WIDTH="642" VPOS="894" HPOS="167"><String HEIGHT="48" WIDTH="666" VPOS="894" HPOS="143" CONTENT="מסגר, ושרי המדינה מביטים על כל מעשי האולטרמנטנים בשבע"/></TextLine><TextLine ID="line_Ar0010500_5" BASELINE="968" HEIGHT="52" WIDTH="646" VPOS="916" HPOS="168"><String HEIGHT="52" WIDTH="171" VPOS="916" HPOS="156" CONTENT="עינים; אבל"/><String HEIGHT="52" WIDTH="85" VPOS="916" HPOS="290" CONTENT="לפי"/><String HEIGHT="52" WIDTH="85" VPOS="916" HPOS="339" CONTENT="דבר"/><String HEIGHT="52" WIDTH="110" VPOS="916" HPOS="387" CONTENT="מ״הע,"/><String HEIGHT="52" WIDTH="73" VPOS="916" HPOS="461" CONTENT="לא"/><String HEIGHT="52" WIDTH="110" VPOS="916" HPOS="497" CONTENT="יוכלו"/><String HEIGHT="52" WIDTH="73" VPOS="916" HPOS="570" CONTENT="כל"/><String HEIGHT="52" WIDTH="122" VPOS="916" HPOS="607" CONTENT="המעשים"/><String HEIGHT="52" WIDTH="98" VPOS="916" HPOS="692" CONTENT="האלה"/><String HEIGHT="52" WIDTH="73" VPOS="916" HPOS="741" CONTENT="לשים"/></TextLine><TextLine ID="line_Ar0010500_6" BASELINE="1001" HEIGHT="43" WIDTH="639" VPOS="958" HPOS="165"><String HEIGHT="43" WIDTH="86" VPOS="958" HPOS="153" CONTENT="מתג"/><String HEIGHT="43" WIDTH="98" VPOS="958" HPOS="202" CONTENT="ורסן"/><String HEIGHT="43" WIDTH="86" VPOS="958" HPOS="263" CONTENT="בפי"/><String HEIGHT="43" WIDTH="172" VPOS="958" HPOS="312" CONTENT="הקלעריקלים"/><String HEIGHT="43" WIDTH="135" VPOS="958" HPOS="448" CONTENT="ולהוריד"/><String HEIGHT="43" WIDTH="74" VPOS="958" HPOS="546" CONTENT="עז"/><String HEIGHT="43" WIDTH="123" VPOS="958" HPOS="583" CONTENT="מבטחם,"/><String HEIGHT="43" WIDTH="86" VPOS="958" HPOS="669" CONTENT="לבל"/><String HEIGHT="43" WIDTH="98" VPOS="958" HPOS="706" CONTENT="תעשינה"/></TextLine><TextLine ID="line_Ar0010500_7" BASELINE="1031" HEIGHT="41" WIDTH="640" VPOS="990" HPOS="165"><String HEIGHT="41" WIDTH="665" VPOS="990" HPOS="140" CONTENT="ידיהם תושיה, כי עם גם נתפרדה חבילת החברות המפורסמות"/></TextLine></TextBlock><TextBlock ID="Ar0010501" HEIGHT="288" WIDTH="667" VPOS="1027" HPOS="150"><Shape><Polygon POINTS="817,1315 150,1315 150,1027 817,1027"/></Shape><TextLine ID="line_Ar0010501_1" BASELINE="1064" HEIGHT="42" WIDTH="643" VPOS="1022" HPOS="166"><String HEIGHT="42" WIDTH="668" VPOS="1022" HPOS="141" CONTENT="בקהל, הנה נשארו עוד חבורות רבות קטנות, אשר אין העין"/></TextLine><TextLine ID="line_Ar0010501_2" BASELINE="1096" HEIGHT="43" WIDTH="627" VPOS="1053" HPOS="168"><String HEIGHT="43" WIDTH="113" VPOS="1053" HPOS="155" CONTENT="שולטת"/><String HEIGHT="43" WIDTH="88" VPOS="1053" HPOS="231" CONTENT="בהן"/><String HEIGHT="43" WIDTH="113" VPOS="1053" HPOS="281" CONTENT="ואשר,"/><String HEIGHT="43" WIDTH="75" VPOS="1053" HPOS="356" CONTENT="אם"/><String HEIGHT="43" WIDTH="88" VPOS="1053" HPOS="394" CONTENT="אין"/><String HEIGHT="43" WIDTH="75" VPOS="1053" HPOS="444" CONTENT="כל"/><String HEIGHT="43" WIDTH="100" VPOS="1053" HPOS="481" CONTENT="חותם"/><String HEIGHT="43" WIDTH="100" VPOS="1053" HPOS="544" CONTENT="חברה"/><String HEIGHT="43" WIDTH="125" VPOS="1053" HPOS="607" CONTENT="עליהן,"/><String HEIGHT="43" WIDTH="88" VPOS="1053" HPOS="695" CONTENT="בכל"/><String HEIGHT="43" WIDTH="63" VPOS="1053" HPOS="732" CONTENT="זאת"/></TextLine><TextLine ID="line_Ar0010501_3" BASELINE="1128" HEIGHT="44" WIDTH="650" VPOS="1084" HPOS="161"><String HEIGHT="44" WIDTH="676" VPOS="1084" HPOS="135" CONTENT="תרבינה להרע, בתתן קטורה באף האלטרמנטים להחזיק מעמד"/></TextLine><TextLine ID="line_Ar0010501_4" BASELINE="1158" HEIGHT="50" WIDTH="640" VPOS="1108" HPOS="166"><String HEIGHT="50" WIDTH="667" VPOS="1108" HPOS="139" CONTENT="בכל יכלתם, לבלי יסגו אחור מכל דרכיהם ותהלוכותיהם"/></TextLine><TextLine ID="line_Ar0010501_6" BASELINE="1185" HEIGHT="35" WIDTH="128" VPOS="1150" HPOS="675"><String HEIGHT="35" WIDTH="156" VPOS="1150" HPOS="647" CONTENT="כמלא שעל."/></TextLine><TextLine ID="line_Ar0010501_7" BASELINE="1216" HEIGHT="36" WIDTH="582" VPOS="1180" HPOS="168"><String HEIGHT="36" WIDTH="91" VPOS="1180" HPOS="155" CONTENT="אבל"/><String HEIGHT="36" WIDTH="78" VPOS="1180" HPOS="207" CONTENT="לא"/><String HEIGHT="36" WIDTH="116" VPOS="1180" HPOS="246" CONTENT="בארצה"/><String HEIGHT="36" WIDTH="91" VPOS="1180" HPOS="323" CONTENT="לבד"/><String HEIGHT="36" WIDTH="103" VPOS="1180" HPOS="375" CONTENT="תלחם"/><String HEIGHT="36" WIDTH="116" VPOS="1180" HPOS="440" CONTENT="ממשלת"/><String HEIGHT="36" WIDTH="116" VPOS="1180" HPOS="517" CONTENT="אשכנז"/><String HEIGHT="36" WIDTH="78" VPOS="1180" HPOS="595" CONTENT="את"/><String HEIGHT="36" WIDTH="91" VPOS="1180" HPOS="634" CONTENT="בני"/><String HEIGHT="36" WIDTH="78" VPOS="1180" HPOS="672" CONTENT="ברית"/></TextLine><TextLine ID="line_Ar0010501_8" BASELINE="1254" HEIGHT="42" WIDTH="635" VPOS="1212" HPOS="166"><String HEIGHT="42" WIDTH="658" VPOS="1212" HPOS="143" CONTENT="הכהנים הקתולים, כי גם בספרד ריב לח עם מורדי האור ומקדישי"/></TextLine><TextLine ID="line_Ar0010501_9" BASELINE="1286" HEIGHT="43" WIDTH="639" VPOS="1243" HPOS="168"><String HEIGHT="43" WIDTH="666" VPOS="1243" HPOS="141" CONTENT="שם פיוס התשיעי. דעת הקהל באשכנז התרגזה מן תעלולי"/></TextLine><TextLine ID="line_Ar0010501_10" BASELINE="1317" HEIGHT="42" WIDTH="640" VPOS="1275" HPOS="166"><String HEIGHT="42" WIDTH="170" VPOS="1275" HPOS="153" CONTENT="הקרליסטים"/><String HEIGHT="42" WIDTH="196" VPOS="1275" HPOS="284" CONTENT="ותועבותיהם,"/><String HEIGHT="42" WIDTH="144" VPOS="1275" HPOS="440" CONTENT="והממשלה"/><String HEIGHT="42" WIDTH="104" VPOS="1275" HPOS="545" CONTENT="שלחה"/><String HEIGHT="42" WIDTH="118" VPOS="1275" HPOS="610" CONTENT="אניות"/><String HEIGHT="42" WIDTH="118" VPOS="1275" HPOS="688" CONTENT="מלחמה"/><String HEIGHT="42" WIDTH="52" VPOS="1275" HPOS="754" CONTENT="אל"/></TextLine></TextBlock><TextBlock ID="Ar0010502" HEIGHT="188" WIDTH="667" VPOS="1319" HPOS="150"><Shape><Polygon POINTS="817,1507 150,1507 150,1319 817,1319"/></Shape><TextLine ID="line_Ar0010502_1" BASELINE="1350" HEIGHT="45" WIDTH="642" VPOS="1305" HPOS="167"><String HEIGHT="45" WIDTH="667" VPOS="1305" HPOS="142" CONTENT="החוף הצפוני בספרד, כאשר הודענו בשבוע העברה. והנה אם"/></TextLine><TextLine ID="line_Ar0010502_2" BASELINE="1383" HEIGHT="44" WIDTH="641" VPOS="1339" HPOS="168"><String HEIGHT="44" WIDTH="667" VPOS="1339" HPOS="142" CONTENT="רחוק מאד להאמין, כי תתעבר ממשלת אשכנז על ריב לא לה"/></TextLine><TextLine ID="line_Ar0010502_3" BASELINE="1414" HEIGHT="45" WIDTH="643" VPOS="1369" HPOS="167"><String HEIGHT="45" WIDTH="131" VPOS="1369" HPOS="154" CONTENT="ותתערב"/><String HEIGHT="45" WIDTH="131" VPOS="1369" HPOS="246" CONTENT="במלחמת"/><String HEIGHT="45" WIDTH="118" VPOS="1369" HPOS="338" CONTENT="ממשלת"/><String HEIGHT="45" WIDTH="105" VPOS="1369" HPOS="416" CONTENT="ספרד"/><String HEIGHT="45" WIDTH="79" VPOS="1369" HPOS="482" CONTENT="עם"/><String HEIGHT="45" WIDTH="157" VPOS="1369" HPOS="521" CONTENT="המורדים,"/><String HEIGHT="45" WIDTH="92" VPOS="1369" HPOS="639" CONTENT="אבל"/><String HEIGHT="45" WIDTH="105" VPOS="1369" HPOS="692" CONTENT="עכ״פ"/><String HEIGHT="45" WIDTH="66" VPOS="1369" HPOS="744" CONTENT="הנה"/></TextLine><TextLine ID="line_Ar0010502_4" BASELINE="1445" HEIGHT="42" WIDTH="645" VPOS="1403" HPOS="166"><String HEIGHT="42" WIDTH="670" VPOS="1403" HPOS="141" CONTENT="עמידת אניות אשכנז בקרבת המקום תזכיר את הקרליסטים, כי"/></TextLine><TextLine ID="line_Ar0010502_5" BASELINE="1474" HEIGHT="42" WIDTH="640" VPOS="1432" HPOS="170"><String HEIGHT="42" WIDTH="74" VPOS="1432" HPOS="158" CONTENT="לא"/><String HEIGHT="42" WIDTH="86" VPOS="1432" HPOS="195" CONTENT="בכל"/><String HEIGHT="42" WIDTH="74" VPOS="1432" HPOS="244" CONTENT="עת"/><String HEIGHT="42" WIDTH="111" VPOS="1432" HPOS="281" CONTENT="יובלו"/><String HEIGHT="42" WIDTH="111" VPOS="1432" HPOS="355" CONTENT="לעשות"/><String HEIGHT="42" WIDTH="86" VPOS="1432" HPOS="428" CONTENT="ככל"/><String HEIGHT="42" WIDTH="111" VPOS="1432" HPOS="478" CONTENT="העולה"/><String HEIGHT="42" WIDTH="74" VPOS="1432" HPOS="552" CONTENT="על"/><String HEIGHT="42" WIDTH="98" VPOS="1432" HPOS="588" CONTENT="רוחם"/><String HEIGHT="42" WIDTH="111" VPOS="1432" HPOS="650" CONTENT="בנוגע"/><String HEIGHT="42" WIDTH="98" VPOS="1432" HPOS="712" CONTENT="לתושבי"/></TextLine><TextLine ID="line_Ar0010502_7" BASELINE="1513" HEIGHT="47" WIDTH="136" VPOS="1466" HPOS="670"><String HEIGHT="47" WIDTH="163" VPOS="1466" HPOS="643" CONTENT="ארץ אשכנז."/></TextLine></TextBlock><TextBlock ID="Ar0010503" HEIGHT="348" WIDTH="667" VPOS="1507" HPOS="150"><Shape><Polygon POINTS="817,1855 150,1855 150,1507 817,1507"/></Shape><TextLine ID="line_Ar0010503_2" BASELINE="1572" HEIGHT="46" WIDTH="589" VPOS="1526" HPOS="169"><String HEIGHT="46" WIDTH="205" VPOS="1526" HPOS="155" CONTENT="(פראנקרייך)"/><String HEIGHT="46" WIDTH="110" VPOS="1526" HPOS="320" CONTENT="בעוד"/><String HEIGHT="46" WIDTH="110" VPOS="1526" HPOS="388" CONTENT="שלשת"/><String HEIGHT="46" WIDTH="110" VPOS="1526" HPOS="457" CONTENT="ימים"/><String HEIGHT="46" WIDTH="123" VPOS="1526" HPOS="525" CONTENT="יסגרו"/><String HEIGHT="46" WIDTH="110" VPOS="1526" HPOS="607" CONTENT="שערי"/><String HEIGHT="46" WIDTH="96" VPOS="1526" HPOS="662" CONTENT="האספה"/></TextLine><TextLine ID="line_Ar0010503_3" BASELINE="1603" HEIGHT="41" WIDTH="621" VPOS="1562" HPOS="171"><String HEIGHT="41" WIDTH="231" VPOS="1562" HPOS="159" CONTENT="הלאומית ונבחריה"/><String HEIGHT="41" WIDTH="122" VPOS="1562" HPOS="354" CONTENT="יתפטרו"/><String HEIGHT="41" WIDTH="85" VPOS="1562" HPOS="439" CONTENT="איש"/><String HEIGHT="41" WIDTH="85" VPOS="1562" HPOS="488" CONTENT="איש"/><String HEIGHT="41" WIDTH="110" VPOS="1562" HPOS="536" CONTENT="לביתו"/><String HEIGHT="41" WIDTH="73" VPOS="1562" HPOS="609" CONTENT="עד"/><String HEIGHT="41" WIDTH="122" VPOS="1562" HPOS="646" CONTENT="השלשים"/><String HEIGHT="41" WIDTH="73" VPOS="1562" HPOS="719" CONTENT="לחדש"/></TextLine><TextLine ID="line_Ar0010503_4" BASELINE="1637" HEIGHT="44" WIDTH="645" VPOS="1593" HPOS="167"><String HEIGHT="44" WIDTH="181" VPOS="1593" HPOS="154" CONTENT="נאוועמבער;"/><String HEIGHT="44" WIDTH="116" VPOS="1593" HPOS="296" CONTENT="והאיש"/><String HEIGHT="44" WIDTH="90" VPOS="1593" HPOS="373" CONTENT="התם"/><String HEIGHT="44" WIDTH="90" VPOS="1593" HPOS="425" CONTENT="מאק"/><String HEIGHT="44" WIDTH="116" VPOS="1593" HPOS="477" CONTENT="מאהאן"/><String HEIGHT="44" WIDTH="90" VPOS="1593" HPOS="554" CONTENT="אשר"/><String HEIGHT="44" WIDTH="103" VPOS="1593" HPOS="606" CONTENT="לפני"/><String HEIGHT="44" WIDTH="90" VPOS="1593" HPOS="670" CONTENT="שתי"/><String HEIGHT="44" WIDTH="103" VPOS="1593" HPOS="709" CONTENT="שבועות"/></TextLine><TextLine ID="line_Ar0010503_6" BASELINE="1668" HEIGHT="50" WIDTH="640" VPOS="1618" HPOS="169"><String HEIGHT="50" WIDTH="179" VPOS="1618" HPOS="156" CONTENT="האיץ באספה"/><String HEIGHT="50" WIDTH="115" VPOS="1618" HPOS="297" CONTENT="לחוקק"/><String HEIGHT="50" WIDTH="102" VPOS="1618" HPOS="374" CONTENT="מהרה"/><String HEIGHT="50" WIDTH="115" VPOS="1618" HPOS="438" CONTENT="חוקים"/><String HEIGHT="50" WIDTH="141" VPOS="1618" HPOS="515" CONTENT="ומשפטים"/><String HEIGHT="50" WIDTH="141" VPOS="1618" HPOS="617" CONTENT="נכונים,"/><String HEIGHT="50" WIDTH="90" VPOS="1618" HPOS="719" CONTENT="אשר"/><String HEIGHT="50" WIDTH="51" VPOS="1618" HPOS="758" CONTENT="על"/></TextLine><TextLine ID="line_Ar0010503_7" BASELINE="1699" HEIGHT="50" WIDTH="639" VPOS="1649" HPOS="170"><String HEIGHT="50" WIDTH="664" VPOS="1649" HPOS="145" CONTENT="פיהם ימשול בעם, הסכים עתה להחזיק בממשלה בלתי מוגבלת"/></TextLine><TextLine ID="line_Ar0010503_8" BASELINE="1731" HEIGHT="43" WIDTH="648" VPOS="1688" HPOS="170"><String HEIGHT="43" WIDTH="81" VPOS="1688" HPOS="158" CONTENT="עוד"/><String HEIGHT="43" WIDTH="104" VPOS="1688" HPOS="205" CONTENT="ארבעה"/><String HEIGHT="43" WIDTH="116" VPOS="1688" HPOS="274" CONTENT="ירחים."/><String HEIGHT="43" WIDTH="116" VPOS="1688" HPOS="355" CONTENT="כשונאי"/><String HEIGHT="43" WIDTH="104" VPOS="1688" HPOS="436" CONTENT="האספה"/><String HEIGHT="43" WIDTH="127" VPOS="1688" HPOS="506" CONTENT="הלאומית"/><String HEIGHT="43" WIDTH="127" VPOS="1688" HPOS="598" CONTENT="ומנדיה,"/><String HEIGHT="43" WIDTH="69" VPOS="1688" HPOS="691" CONTENT="כן"/><String HEIGHT="43" WIDTH="104" VPOS="1688" HPOS="714" CONTENT="המהפכים"/></TextLine><TextLine ID="line_Ar0010503_9" BASELINE="1762" HEIGHT="42" WIDTH="635" VPOS="1720" HPOS="171"><String HEIGHT="42" WIDTH="113" VPOS="1720" HPOS="160" CONTENT="בזכותה"/><String HEIGHT="42" WIDTH="125" VPOS="1720" HPOS="239" CONTENT="ומגינים"/><String HEIGHT="42" WIDTH="102" VPOS="1720" HPOS="330" CONTENT="עליה,"/><String HEIGHT="42" WIDTH="79" VPOS="1720" HPOS="398" CONTENT="כלם"/><String HEIGHT="42" WIDTH="113" VPOS="1720" HPOS="443" CONTENT="מודים,"/><String HEIGHT="42" WIDTH="68" VPOS="1720" HPOS="523" CONTENT="כי"/><String HEIGHT="42" WIDTH="68" VPOS="1720" HPOS="557" CONTENT="לא"/><String HEIGHT="42" WIDTH="91" VPOS="1720" HPOS="591" CONTENT="עשתה"/><String HEIGHT="42" WIDTH="102" VPOS="1720" HPOS="647" CONTENT="האספה"/><String HEIGHT="42" WIDTH="102" VPOS="1720" HPOS="704" CONTENT="הלאומית"/></TextLine><TextLine ID="line_Ar0010503_11" BASELINE="1794" HEIGHT="41" WIDTH="635" VPOS="1753" HPOS="172"><String HEIGHT="41" WIDTH="108" VPOS="1753" HPOS="160" CONTENT="מאומה"/><String HEIGHT="41" WIDTH="108" VPOS="1753" HPOS="232" CONTENT="לטובת"/><String HEIGHT="41" WIDTH="108" VPOS="1753" HPOS="304" CONTENT="הארץ."/><String HEIGHT="41" WIDTH="72" VPOS="1753" HPOS="376" CONTENT="כל"/><String HEIGHT="41" WIDTH="72" VPOS="1753" HPOS="412" CONTENT="כת"/><String HEIGHT="41" WIDTH="84" VPOS="1753" HPOS="448" CONTENT="יכת"/><String HEIGHT="41" WIDTH="96" VPOS="1753" HPOS="495" CONTENT="דרשה"/><String HEIGHT="41" WIDTH="72" VPOS="1753" HPOS="555" CONTENT="רק"/><String HEIGHT="41" WIDTH="96" VPOS="1753" HPOS="591" CONTENT="טובת"/><String HEIGHT="41" WIDTH="108" VPOS="1753" HPOS="651" CONTENT="עצמה,"/><String HEIGHT="41" WIDTH="96" VPOS="1753" HPOS="711" CONTENT="וביותר"/></TextLine><TextLine ID="line_Ar0010503_12" BASELINE="1826" HEIGHT="47" WIDTH="642" VPOS="1779" HPOS="172"><String HEIGHT="47" WIDTH="206" VPOS="1779" HPOS="160" CONTENT="הליגיטימיסטים"/><String HEIGHT="47" WIDTH="194" VPOS="1779" HPOS="329" CONTENT="והבנפרטיסטים"/><String HEIGHT="47" WIDTH="85" VPOS="1779" HPOS="487" CONTENT="אשר"/><String HEIGHT="47" WIDTH="85" VPOS="1779" HPOS="535" CONTENT="בכל"/><String HEIGHT="47" WIDTH="97" VPOS="1779" HPOS="584" CONTENT="ערמה"/><String HEIGHT="47" WIDTH="109" VPOS="1779" HPOS="644" CONTENT="ומרמה"/><String HEIGHT="47" WIDTH="73" VPOS="1779" HPOS="717" CONTENT="לא"/><String HEIGHT="47" WIDTH="73" VPOS="1779" HPOS="741" CONTENT="בחלה"/></TextLine><TextLine ID="line_Ar0010503_13" BASELINE="1858" HEIGHT="44" WIDTH="643" VPOS="1814" HPOS="170"><String HEIGHT="44" WIDTH="667" VPOS="1814" HPOS="146" CONTENT="נפשם רק למען הוציא את חפציהם אל הפועל; מיניסטרים רבים"/></TextLine></TextBlock></PrintSpace></Page></Layout></alto>