<?xml version="1.0" encoding="UTF-8"?><alto xmlns:xsi="http://www.w3.org/2001/XMLSchema-instance" xmlns="http://www.loc.gov/standards/alto/ns-v2#" xmlns:page="http://schema.primaresearch.org/PAGE/gts/pagecontent/2013-07-15" xsi:schemaLocation="http://schema.primaresearch.org/PAGE/gts/pagecontent/2013-07-15 http://schema.primaresearch.org/PAGE/gts/pagecontent/2013-07-15/pagecontent.xsd http://www.loc.gov/standards/alto/ns-v2# http://www.loc.gov/standards/alto/alto-v2.0.xsd"><Description><MeasurementUnit>pixel</MeasurementUnit></Description><Layout><Page ID="Page1" PHYSICAL_IMG_NR="1" HEIGHT="1950" WIDTH="1520"><TopMargin HEIGHT="0" WIDTH="1520" VPOS="0" HPOS="0"/><LeftMargin HEIGHT="1950" WIDTH="0" VPOS="0" HPOS="0"/><RightMargin HEIGHT="1950" WIDTH="0" VPOS="0" HPOS="1520"/><BottomMargin HEIGHT="0" WIDTH="1520" VPOS="1950" HPOS="0"/><PrintSpace HEIGHT="1950" WIDTH="1520" VPOS="0" HPOS="0"><TextBlock ID="Ar0030000" HEIGHT="626" WIDTH="628" VPOS="117" HPOS="791"><Shape><Polygon POINTS="1419,743 791,743 791,117 1419,117"/></Shape><TextLine ID="line_Ar0030000_1" BASELINE="146" HEIGHT="39" WIDTH="630" VPOS="107" HPOS="787"><String HEIGHT="39" WIDTH="655" VPOS="107" HPOS="762" CONTENT="האיש הזה בן שבעים ואחת שנה בקץ ימיו הוצא היום מבית"/></TextLine><TextLine ID="line_Ar0030000_2" BASELINE="176" HEIGHT="40" WIDTH="637" VPOS="136" HPOS="790"><String HEIGHT="40" WIDTH="662" VPOS="136" HPOS="766" CONTENT="מותו, בית קיץ במגרש העיר דאבלינג No. 28 כאחד היהודים"/></TextLine><TextLine ID="line_Ar0030000_3" BASELINE="207" HEIGHT="38" WIDTH="627" VPOS="169" HPOS="790"><String HEIGHT="38" WIDTH="651" VPOS="169" HPOS="766" CONTENT="מדלת העם, בעגלה פשוטה, שחורה עשויה כארגז גדול, רתומה"/></TextLine><TextLine ID="line_Ar0030000_4" BASELINE="242" HEIGHT="43" WIDTH="621" VPOS="199" HPOS="791"><String HEIGHT="43" WIDTH="644" VPOS="199" HPOS="768" CONTENT="לשני סוסים אבירים הוציאוהו, ואחריו עגלה שכורה (דראשקע)"/></TextLine><TextLine ID="line_Ar0030000_5" BASELINE="271" HEIGHT="39" WIDTH="628" VPOS="232" HPOS="791"><String HEIGHT="39" WIDTH="654" VPOS="232" HPOS="765" CONTENT="אשר בה ישבו אנשים שמשי חברה קדישא ועוד עגלה שנית"/></TextLine><TextLine ID="line_Ar0030000_6" BASELINE="298" HEIGHT="35" WIDTH="625" VPOS="263" HPOS="791"><String HEIGHT="35" WIDTH="100" VPOS="263" HPOS="779" CONTENT="כמוה"/><String HEIGHT="35" WIDTH="88" VPOS="263" HPOS="841" CONTENT="אשר"/><String HEIGHT="35" WIDTH="75" VPOS="263" HPOS="891" CONTENT="בה"/><String HEIGHT="35" WIDTH="88" VPOS="263" HPOS="929" CONTENT="ישב"/><String HEIGHT="35" WIDTH="100" VPOS="263" HPOS="979" CONTENT="משרת"/><String HEIGHT="35" WIDTH="100" VPOS="263" HPOS="1041" CONTENT="נפשו"/><String HEIGHT="35" WIDTH="88" VPOS="263" HPOS="1104" CONTENT="בעת"/><String HEIGHT="35" WIDTH="113" VPOS="263" HPOS="1154" CONTENT="חייו."/><String HEIGHT="35" WIDTH="75" VPOS="263" HPOS="1229" CONTENT="כל"/><String HEIGHT="35" WIDTH="88" VPOS="263" HPOS="1266" CONTENT="העם"/><String HEIGHT="35" WIDTH="113" VPOS="263" HPOS="1304" CONTENT="הנאספים"/></TextLine><TextLine ID="line_Ar0030000_7" BASELINE="332" HEIGHT="39" WIDTH="636" VPOS="293" HPOS="791"><String HEIGHT="39" WIDTH="224" VPOS="293" HPOS="779" CONTENT="לפני הבית עמדו"/><String HEIGHT="39" WIDTH="150" VPOS="293" HPOS="966" CONTENT="משתוממים"/><String HEIGHT="39" WIDTH="112" VPOS="293" HPOS="1078" CONTENT="למראה"/><String HEIGHT="39" WIDTH="100" VPOS="293" HPOS="1153" CONTENT="הזה,"/><String HEIGHT="39" WIDTH="75" VPOS="293" HPOS="1215" CONTENT="כי"/><String HEIGHT="39" WIDTH="87" VPOS="293" HPOS="1252" CONTENT="אשר"/><String HEIGHT="39" WIDTH="75" VPOS="293" HPOS="1302" CONTENT="לא"/><String HEIGHT="39" WIDTH="87" VPOS="293" HPOS="1340" CONTENT="עלה"/><String HEIGHT="39" WIDTH="50" VPOS="293" HPOS="1377" CONTENT="על"/></TextLine><TextLine ID="line_Ar0030000_8" BASELINE="363" HEIGHT="39" WIDTH="632" VPOS="324" HPOS="792"><String HEIGHT="39" WIDTH="80" VPOS="324" HPOS="781" CONTENT="לבם"/><String HEIGHT="39" WIDTH="80" VPOS="324" HPOS="826" CONTENT="המה"/><String HEIGHT="39" WIDTH="80" VPOS="324" HPOS="872" CONTENT="ראו"/><String HEIGHT="39" WIDTH="80" VPOS="324" HPOS="918" CONTENT="וכן"/><String HEIGHT="39" WIDTH="103" VPOS="324" HPOS="964" CONTENT="תמהו,"/><String HEIGHT="39" WIDTH="103" VPOS="324" HPOS="1033" CONTENT="הנשים"/><String HEIGHT="39" WIDTH="126" VPOS="324" HPOS="1102" CONTENT="הגדולים"/><String HEIGHT="39" WIDTH="92" VPOS="324" HPOS="1194" CONTENT="אנשי"/><String HEIGHT="39" WIDTH="80" VPOS="324" HPOS="1252" CONTENT="השם"/><String HEIGHT="39" WIDTH="103" VPOS="324" HPOS="1298" CONTENT="וטובי"/><String HEIGHT="39" WIDTH="69" VPOS="324" HPOS="1355" CONTENT="העיר"/></TextLine><TextLine ID="line_Ar0030000_9" BASELINE="398" HEIGHT="43" WIDTH="627" VPOS="355" HPOS="794"><String HEIGHT="43" WIDTH="653" VPOS="355" HPOS="768" CONTENT="אשר באו ללות את המת הגדול הזה, שבו לשמאל בדרך אשר"/></TextLine><TextLine ID="line_Ar0030000_10" BASELINE="431" HEIGHT="42" WIDTH="632" VPOS="389" HPOS="791"><String HEIGHT="42" WIDTH="656" VPOS="389" HPOS="767" CONTENT="באו בו העירה, וארון המת בלוית השמשים והמשרת נטו לימין"/></TextLine><TextLine ID="line_Ar0030000_11" BASELINE="460" HEIGHT="42" WIDTH="634" VPOS="418" HPOS="792"><String HEIGHT="42" WIDTH="153" VPOS="418" HPOS="780" CONTENT="להסב אותו"/><String HEIGHT="42" WIDTH="82" VPOS="418" HPOS="898" CONTENT="דרך"/><String HEIGHT="42" WIDTH="82" VPOS="418" HPOS="945" CONTENT="חוץ"/><String HEIGHT="42" WIDTH="94" VPOS="418" HPOS="992" CONTENT="לעיר"/><String HEIGHT="42" WIDTH="70" VPOS="418" HPOS="1050" CONTENT="אל"/><String HEIGHT="42" WIDTH="82" VPOS="418" HPOS="1086" CONTENT="חצר"/><String HEIGHT="42" WIDTH="94" VPOS="418" HPOS="1132" CONTENT="מסלת"/><String HEIGHT="42" WIDTH="106" VPOS="418" HPOS="1191" CONTENT="הברזל"/><String HEIGHT="42" WIDTH="117" VPOS="418" HPOS="1262" CONTENT="ההולכת"/><String HEIGHT="42" WIDTH="94" VPOS="418" HPOS="1332" CONTENT="מערבה,"/></TextLine><TextLine ID="line_Ar0030000_12" BASELINE="493" HEIGHT="42" WIDTH="631" VPOS="451" HPOS="791"><String HEIGHT="42" WIDTH="655" VPOS="451" HPOS="767" CONTENT="אשר משם יובא אל קברת משפחתו בעיר פראנקפורט דמיין; כי"/></TextLine><TextLine ID="line_Ar0030000_13" BASELINE="523" HEIGHT="40" WIDTH="635" VPOS="483" HPOS="792"><String HEIGHT="40" WIDTH="71" VPOS="483" HPOS="780" CONTENT="כן"/><String HEIGHT="40" WIDTH="82" VPOS="483" HPOS="816" CONTENT="צוה"/><String HEIGHT="40" WIDTH="106" VPOS="483" HPOS="863" CONTENT="המנוח"/><String HEIGHT="40" WIDTH="106" VPOS="483" HPOS="933" CONTENT="הגדול"/><String HEIGHT="40" WIDTH="82" VPOS="483" HPOS="1004" CONTENT="הזה"/><String HEIGHT="40" WIDTH="94" VPOS="483" HPOS="1051" CONTENT="לפני"/><String HEIGHT="40" WIDTH="94" VPOS="483" HPOS="1110" CONTENT="מותו"/><String HEIGHT="40" WIDTH="71" VPOS="483" HPOS="1168" CONTENT="את"/><String HEIGHT="40" WIDTH="94" VPOS="483" HPOS="1204" CONTENT="בניו"/><String HEIGHT="40" WIDTH="118" VPOS="483" HPOS="1262" CONTENT="אחריו."/><String HEIGHT="40" WIDTH="82" VPOS="483" HPOS="1345" CONTENT="אשר"/><String HEIGHT="40" WIDTH="47" VPOS="483" HPOS="1380" CONTENT="לא"/></TextLine><TextLine ID="line_Ar0030000_14" BASELINE="553" HEIGHT="40" WIDTH="645" VPOS="513" HPOS="793"><String HEIGHT="40" WIDTH="671" VPOS="513" HPOS="767" CONTENT="יעשה לו כל כבוד, לא יספדו לו ולא ישאו עליו המטיפים"/></TextLine><TextLine ID="line_Ar0030000_15" BASELINE="589" HEIGHT="42" WIDTH="634" VPOS="547" HPOS="794"><String HEIGHT="42" WIDTH="659" VPOS="547" HPOS="769" CONTENT="מדברותם כדי שלא יספרו בשבחו, ולא ילוהו המון רב כדי"/></TextLine><TextLine ID="line_Ar0030000_16" BASELINE="616" HEIGHT="41" WIDTH="630" VPOS="575" HPOS="793"><String HEIGHT="41" WIDTH="656" VPOS="575" HPOS="767" CONTENT="שלא למשוך עיני העם הרב על ארונו. — היטב ידע האיש"/></TextLine><TextLine ID="line_Ar0030000_17" BASELINE="652" HEIGHT="44" WIDTH="635" VPOS="608" HPOS="795"><String HEIGHT="44" WIDTH="142" VPOS="608" HPOS="784" CONTENT="הגדול הזה"/><String HEIGHT="44" WIDTH="66" VPOS="608" HPOS="894" CONTENT="כי"/><String HEIGHT="44" WIDTH="77" VPOS="608" HPOS="926" CONTENT="אין"/><String HEIGHT="44" WIDTH="99" VPOS="608" HPOS="970" CONTENT="יתרוו"/><String HEIGHT="44" WIDTH="142" VPOS="608" HPOS="1036" CONTENT="לראטהשילד"/><String HEIGHT="44" WIDTH="88" VPOS="608" HPOS="1145" CONTENT="ביום"/><String HEIGHT="44" WIDTH="88" VPOS="608" HPOS="1200" CONTENT="המות"/><String HEIGHT="44" WIDTH="77" VPOS="608" HPOS="1255" CONTENT="מבן"/><String HEIGHT="44" WIDTH="77" VPOS="608" HPOS="1299" CONTENT="עני"/><String HEIGHT="44" WIDTH="99" VPOS="608" HPOS="1331" CONTENT="ואביון,"/></TextLine><TextLine ID="line_Ar0030000_18" BASELINE="683" HEIGHT="42" WIDTH="636" VPOS="641" HPOS="794"><String HEIGHT="42" WIDTH="162" VPOS="641" HPOS="782" CONTENT="וידע כי אך"/><String HEIGHT="42" WIDTH="104" VPOS="641" HPOS="910" CONTENT="בחייו"/><String HEIGHT="42" WIDTH="81" VPOS="641" HPOS="979" CONTENT="הוא"/><String HEIGHT="42" WIDTH="150" VPOS="641" HPOS="1025" CONTENT="ראטהשילד,"/><String HEIGHT="42" WIDTH="116" VPOS="641" HPOS="1141" CONTENT="ובמותו"/><String HEIGHT="42" WIDTH="69" VPOS="641" HPOS="1222" CONTENT="רק"/><String HEIGHT="42" WIDTH="81" VPOS="641" HPOS="1257" CONTENT="איש"/><String HEIGHT="42" WIDTH="104" VPOS="641" HPOS="1303" CONTENT="יהודי"/><String HEIGHT="42" WIDTH="69" VPOS="641" HPOS="1361" CONTENT="כאחד"/></TextLine><TextLine ID="line_Ar0030000_19" BASELINE="716" HEIGHT="41" WIDTH="633" VPOS="675" HPOS="798"><String HEIGHT="41" WIDTH="658" VPOS="675" HPOS="773" CONTENT="העם, ואשר ע״כ צוה ג״כ בכתוב מפרש כי לא ישנו בקבורתו"/></TextLine><TextLine ID="line_Ar0030000_20" BASELINE="748" HEIGHT="42" WIDTH="626" VPOS="706" HPOS="798"><String HEIGHT="42" WIDTH="110" VPOS="706" HPOS="786" CONTENT="ממנהג"/><String HEIGHT="42" WIDTH="123" VPOS="706" HPOS="859" CONTENT="אבותיו"/><String HEIGHT="42" WIDTH="123" VPOS="706" HPOS="945" CONTENT="מאומה,"/><String HEIGHT="42" WIDTH="86" VPOS="706" HPOS="1031" CONTENT="וכן"/><String HEIGHT="42" WIDTH="86" VPOS="706" HPOS="1080" CONTENT="היה"/><String HEIGHT="42" WIDTH="98" VPOS="706" HPOS="1129" CONTENT="מונח"/><String HEIGHT="42" WIDTH="74" VPOS="706" HPOS="1191" CONTENT="על"/><String HEIGHT="42" WIDTH="98" VPOS="706" HPOS="1228" CONTENT="הארץ"/><String HEIGHT="42" WIDTH="74" VPOS="706" HPOS="1289" CONTENT="על"/><String HEIGHT="42" WIDTH="86" VPOS="706" HPOS="1326" CONTENT="מעט"/><String HEIGHT="42" WIDTH="61" VPOS="706" HPOS="1363" CONTENT="תבן"/></TextLine></TextBlock><TextBlock ID="Ar0030001" HEIGHT="502" WIDTH="631" VPOS="748" HPOS="793"><Shape><Polygon POINTS="1424,1250 793,1250 793,748 1424,748"/></Shape><TextLine ID="line_Ar0030001_1" BASELINE="777" HEIGHT="38" WIDTH="633" VPOS="739" HPOS="798"><String HEIGHT="38" WIDTH="92" VPOS="739" HPOS="785" CONTENT="מעת"/><String HEIGHT="38" WIDTH="106" VPOS="739" HPOS="838" CONTENT="צאתו"/><String HEIGHT="38" WIDTH="106" VPOS="739" HPOS="904" CONTENT="נפשו"/><String HEIGHT="38" WIDTH="79" VPOS="739" HPOS="969" CONTENT="עד"/><String HEIGHT="38" WIDTH="92" VPOS="739" HPOS="1009" CONTENT="אשר"/><String HEIGHT="38" WIDTH="132" VPOS="739" HPOS="1062" CONTENT="רחצוהו"/><String HEIGHT="38" WIDTH="106" VPOS="739" HPOS="1154" CONTENT="אנשי"/><String HEIGHT="38" WIDTH="92" VPOS="739" HPOS="1220" CONTENT="ח״ק"/><String HEIGHT="38" WIDTH="145" VPOS="739" HPOS="1273" CONTENT="וטהרוהו"/><String HEIGHT="38" WIDTH="66" VPOS="739" HPOS="1365" CONTENT="כדת"/></TextLine><TextLine ID="line_Ar0030001_2" BASELINE="809" HEIGHT="42" WIDTH="629" VPOS="767" HPOS="797"><String HEIGHT="42" WIDTH="460" VPOS="767" HPOS="785" CONTENT="וילבישוהו תכריכים לבנים קיטל וטלית"/><String HEIGHT="42" WIDTH="145" VPOS="767" HPOS="1208" CONTENT="וישימוהו"/><String HEIGHT="42" WIDTH="109" VPOS="767" HPOS="1317" CONTENT="בארון"/><String HEIGHT="42" WIDTH="48" VPOS="767" HPOS="1378" CONTENT="עץ"/></TextLine><TextLine ID="line_Ar0030001_3" BASELINE="842" HEIGHT="44" WIDTH="622" VPOS="798" HPOS="800"><String HEIGHT="44" WIDTH="120" VPOS="798" HPOS="788" CONTENT="מנסרים"/><String HEIGHT="44" WIDTH="72" VPOS="798" HPOS="872" CONTENT="לא"/><String HEIGHT="44" WIDTH="108" VPOS="798" HPOS="908" CONTENT="חלקות"/><String HEIGHT="44" WIDTH="215" VPOS="798" HPOS="979" CONTENT="(אונגעהאבעלט),"/><String HEIGHT="44" WIDTH="84" VPOS="798" HPOS="1159" CONTENT="ואת"/><String HEIGHT="44" WIDTH="108" VPOS="798" HPOS="1207" CONTENT="הארון"/><String HEIGHT="44" WIDTH="84" VPOS="798" HPOS="1278" CONTENT="הזה"/><String HEIGHT="44" WIDTH="96" VPOS="798" HPOS="1326" CONTENT="נתנו"/><String HEIGHT="44" WIDTH="48" VPOS="798" HPOS="1374" CONTENT="אל"/></TextLine><TextLine ID="line_Ar0030001_4" BASELINE="873" HEIGHT="44" WIDTH="636" VPOS="829" HPOS="797"><String HEIGHT="44" WIDTH="416" VPOS="829" HPOS="785" CONTENT="מתכת להובילהו כן לפראנקפורט. ושם"/><String HEIGHT="44" WIDTH="93" VPOS="829" HPOS="1167" CONTENT="יוסר"/><String HEIGHT="44" WIDTH="104" VPOS="829" HPOS="1225" CONTENT="הארון"/><String HEIGHT="44" WIDTH="116" VPOS="829" HPOS="1294" CONTENT="החיצון"/><String HEIGHT="44" WIDTH="69" VPOS="829" HPOS="1364" CONTENT="והמת"/></TextLine><TextLine ID="line_Ar0030001_5" BASELINE="906" HEIGHT="44" WIDTH="631" VPOS="862" HPOS="797"><String HEIGHT="44" WIDTH="99" VPOS="862" HPOS="785" CONTENT="יקבר"/><String HEIGHT="44" WIDTH="124" VPOS="862" HPOS="846" CONTENT="בארונו"/><String HEIGHT="44" WIDTH="74" VPOS="862" HPOS="933" CONTENT="של"/><String HEIGHT="44" WIDTH="87" VPOS="862" HPOS="970" CONTENT="עץ."/><String HEIGHT="44" WIDTH="74" VPOS="862" HPOS="1020" CONTENT="גם"/><String HEIGHT="44" WIDTH="87" VPOS="862" HPOS="1057" CONTENT="בני"/><String HEIGHT="44" WIDTH="136" VPOS="862" HPOS="1106" CONTENT="(שלשה)."/><String HEIGHT="44" WIDTH="136" VPOS="862" HPOS="1205" CONTENT="ובנותיו"/><String HEIGHT="44" WIDTH="124" VPOS="862" HPOS="1304" CONTENT="(ארבע)"/><String HEIGHT="44" WIDTH="49" VPOS="862" HPOS="1379" CONTENT="לא"/></TextLine><TextLine ID="line_Ar0030001_6" BASELINE="936" HEIGHT="44" WIDTH="631" VPOS="892" HPOS="800"><String HEIGHT="44" WIDTH="655" VPOS="892" HPOS="776" CONTENT="הלכו אחר מטתו, כי כן היתה מצותו האחרונה. רק הפרופיסור"/></TextLine><TextLine ID="line_Ar0030001_7" BASELINE="968" HEIGHT="47" WIDTH="639" VPOS="921" HPOS="798"><String HEIGHT="47" WIDTH="663" VPOS="921" HPOS="774" CONTENT="זולצער חוא לבדו מבלי המקהלה (קאהר) קרא את הקאפ׳ „יושב"/></TextLine><TextLine ID="line_Ar0030001_8" BASELINE="1000" HEIGHT="53" WIDTH="593" VPOS="947" HPOS="842"><String HEIGHT="53" WIDTH="323" VPOS="947" HPOS="824" CONTENT="בסתר עליון&#34; על"/><String HEIGHT="53" WIDTH="126" VPOS="947" HPOS="1094" CONTENT="המת"/><String HEIGHT="53" WIDTH="162" VPOS="947" HPOS="1165" CONTENT="ויותר"/><String HEIGHT="53" WIDTH="126" VPOS="947" HPOS="1273" CONTENT="אין"/><String HEIGHT="53" WIDTH="108" VPOS="947" HPOS="1327" CONTENT="דבר."/></TextLine><TextLine ID="line_Ar0030001_10" BASELINE="1031" HEIGHT="41" WIDTH="627" VPOS="990" HPOS="800"><String HEIGHT="41" WIDTH="136" VPOS="990" HPOS="786" CONTENT=" ואמנם"/><String HEIGHT="41" WIDTH="123" VPOS="990" HPOS="882" CONTENT="בדעתו"/><String HEIGHT="41" WIDTH="95" VPOS="990" HPOS="964" CONTENT="אשר"/><String HEIGHT="41" WIDTH="82" VPOS="990" HPOS="1018" CONTENT="חי"/><String HEIGHT="41" WIDTH="82" VPOS="990" HPOS="1059" CONTENT="בה"/><String HEIGHT="41" WIDTH="136" VPOS="990" HPOS="1100" CONTENT="הבאראן"/><String HEIGHT="41" WIDTH="136" VPOS="990" HPOS="1195" CONTENT="אנזעלם"/><String HEIGHT="41" WIDTH="150" VPOS="990" HPOS="1277" CONTENT="ראטהשילד,"/></TextLine><TextLine ID="line_1528296917842_49" BASELINE="1066" HEIGHT="44" WIDTH="627" VPOS="1022" HPOS="800"><String HEIGHT="44" WIDTH="77" VPOS="1022" HPOS="787" CONTENT="בה"/><String HEIGHT="44" WIDTH="77" VPOS="1022" HPOS="826" CONTENT="גם"/><String HEIGHT="44" WIDTH="90" VPOS="1022" HPOS="864" CONTENT="מת,"/><String HEIGHT="44" WIDTH="77" VPOS="1022" HPOS="915" CONTENT="גם"/><String HEIGHT="44" WIDTH="115" VPOS="1022" HPOS="954" CONTENT="בחייו"/><String HEIGHT="44" WIDTH="90" VPOS="1022" HPOS="1030" CONTENT="ברח"/><String HEIGHT="44" WIDTH="102" VPOS="1022" HPOS="1082" CONTENT="תמיד"/><String HEIGHT="44" WIDTH="77" VPOS="1022" HPOS="1145" CONTENT="מן"/><String HEIGHT="44" WIDTH="128" VPOS="1022" HPOS="1184" CONTENT="הכבוד,"/><String HEIGHT="44" WIDTH="77" VPOS="1022" HPOS="1273" CONTENT="לא"/><String HEIGHT="44" WIDTH="90" VPOS="1022" HPOS="1312" CONTENT="חפץ"/><String HEIGHT="44" WIDTH="77" VPOS="1022" HPOS="1350" CONTENT="ביקר"/></TextLine><TextLine ID="line_Ar0030001_14" BASELINE="1090" HEIGHT="40" WIDTH="640" VPOS="1050" HPOS="801"><String HEIGHT="40" WIDTH="664" VPOS="1050" HPOS="777" CONTENT="וגדולה ולא התגאה באוצרותיו הרבים. במלבושיו לא נכר השוע"/></TextLine><TextLine ID="line_Ar0030001_15" BASELINE="1123" HEIGHT="41" WIDTH="634" VPOS="1082" HPOS="800"><String HEIGHT="41" WIDTH="85" VPOS="1082" HPOS="788" CONTENT="הזה"/><String HEIGHT="41" WIDTH="98" VPOS="1082" HPOS="837" CONTENT="לפני"/><String HEIGHT="41" WIDTH="85" VPOS="1082" HPOS="898" CONTENT="איש"/><String HEIGHT="41" WIDTH="85" VPOS="1082" HPOS="946" CONTENT="אחד"/><String HEIGHT="41" WIDTH="98" VPOS="1082" HPOS="995" CONTENT="העם,"/><String HEIGHT="41" WIDTH="110" VPOS="1082" HPOS="1056" CONTENT="בהלכו"/><String HEIGHT="41" WIDTH="98" VPOS="1082" HPOS="1129" CONTENT="רגלי"/><String HEIGHT="41" WIDTH="98" VPOS="1082" HPOS="1190" CONTENT="בעיר"/><String HEIGHT="41" WIDTH="73" VPOS="1082" HPOS="1251" CONTENT="לא"/><String HEIGHT="41" WIDTH="98" VPOS="1082" HPOS="1288" CONTENT="ידעו"/><String HEIGHT="41" WIDTH="73" VPOS="1082" HPOS="1349" CONTENT="מי"/><String HEIGHT="41" WIDTH="61" VPOS="1082" HPOS="1373" CONTENT="הוא"/></TextLine><TextLine ID="line_Ar0030001_16" BASELINE="1156" HEIGHT="41" WIDTH="632" VPOS="1115" HPOS="803"><String HEIGHT="41" WIDTH="74" VPOS="1115" HPOS="791" CONTENT="רק"/><String HEIGHT="41" WIDTH="87" VPOS="1115" HPOS="828" CONTENT="אלה"/><String HEIGHT="41" WIDTH="87" VPOS="1115" HPOS="877" CONTENT="אשר"/><String HEIGHT="41" WIDTH="99" VPOS="1115" HPOS="927" CONTENT="ידעו"/><String HEIGHT="41" WIDTH="99" VPOS="1115" HPOS="989" CONTENT="פנים"/><String HEIGHT="41" WIDTH="74" VPOS="1115" HPOS="1051" CONTENT="אל"/><String HEIGHT="41" WIDTH="112" VPOS="1115" HPOS="1088" CONTENT="פנים,"/><String HEIGHT="41" WIDTH="124" VPOS="1115" HPOS="1162" CONTENT="ובעברו"/><String HEIGHT="41" WIDTH="136" VPOS="1115" HPOS="1249" CONTENT="במרכבתו"/><String HEIGHT="41" WIDTH="99" VPOS="1115" HPOS="1336" CONTENT="הפשוטה"/></TextLine><TextLine ID="line_Ar0030001_18" BASELINE="1190" HEIGHT="43" WIDTH="634" VPOS="1147" HPOS="802"><String HEIGHT="43" WIDTH="658" VPOS="1147" HPOS="778" CONTENT="אין איש שם את לבו עליו כי לא ידעו מי הוא. רק שם באראן"/></TextLine><TextLine ID="line_Ar0030001_19" BASELINE="1221" HEIGHT="44" WIDTH="635" VPOS="1177" HPOS="803"><String HEIGHT="44" WIDTH="125" VPOS="1177" HPOS="791" CONTENT="אנזעלם"/><String HEIGHT="44" WIDTH="149" VPOS="1177" HPOS="878" CONTENT="ראטהשילר"/><String HEIGHT="44" WIDTH="87" VPOS="1177" HPOS="990" CONTENT="היה"/><String HEIGHT="44" WIDTH="100" VPOS="1177" HPOS="1040" CONTENT="חרות"/><String HEIGHT="44" WIDTH="75" VPOS="1177" HPOS="1102" CONTENT="על"/><String HEIGHT="44" WIDTH="75" VPOS="1177" HPOS="1139" CONTENT="כל"/><String HEIGHT="44" WIDTH="75" VPOS="1177" HPOS="1177" CONTENT="פה"/><String HEIGHT="44" WIDTH="112" VPOS="1177" HPOS="1214" CONTENT="ולשון"/><String HEIGHT="44" WIDTH="112" VPOS="1177" HPOS="1289" CONTENT="ואותו"/><String HEIGHT="44" WIDTH="87" VPOS="1177" HPOS="1351" CONTENT="בנפשו"/></TextLine><TextLine ID="line_Ar0030001_20" BASELINE="1252" HEIGHT="45" WIDTH="630" VPOS="1207" HPOS="805"><String HEIGHT="45" WIDTH="71" VPOS="1207" HPOS="793" CONTENT="לא"/><String HEIGHT="45" WIDTH="119" VPOS="1207" HPOS="829" CONTENT="הכירו."/><String HEIGHT="45" WIDTH="71" VPOS="1207" HPOS="912" CONTENT="כי"/><String HEIGHT="45" WIDTH="83" VPOS="1207" HPOS="948" CONTENT="היה"/><String HEIGHT="45" WIDTH="95" VPOS="1207" HPOS="995" CONTENT="רחוק"/><String HEIGHT="45" WIDTH="83" VPOS="1207" HPOS="1055" CONTENT="מכל"/><String HEIGHT="45" WIDTH="95" VPOS="1207" HPOS="1102" CONTENT="המון"/><String HEIGHT="45" WIDTH="119" VPOS="1207" HPOS="1162" CONTENT="וישכון"/><String HEIGHT="45" WIDTH="95" VPOS="1207" HPOS="1245" CONTENT="לבדד"/><String HEIGHT="45" WIDTH="95" VPOS="1207" HPOS="1304" CONTENT="בחדר"/><String HEIGHT="45" WIDTH="83" VPOS="1207" HPOS="1352" CONTENT="היכלו"/></TextLine></TextBlock><TextBlock ID="Ar0030002" HEIGHT="381" WIDTH="638" VPOS="1251" HPOS="793"><Shape><Polygon POINTS="1431,1632 793,1632 793,1251 1431,1251"/></Shape><TextLine ID="line_Ar0030002_1" BASELINE="1285" HEIGHT="40" WIDTH="642" VPOS="1245" HPOS="803"><String HEIGHT="40" WIDTH="121" VPOS="1245" HPOS="791" CONTENT="ויעסוק"/><String HEIGHT="40" WIDTH="73" VPOS="1245" HPOS="876" CONTENT="אם"/><String HEIGHT="40" WIDTH="109" VPOS="1245" HPOS="912" CONTENT="בדברי"/><String HEIGHT="40" WIDTH="48" VPOS="1245" HPOS="985" CONTENT=""/><String HEIGHT="40" WIDTH="97" VPOS="1245" HPOS="997" CONTENT="מסחר"/><String HEIGHT="40" WIDTH="73" VPOS="1245" HPOS="1057" CONTENT="או"/><String HEIGHT="40" WIDTH="109" VPOS="1245" HPOS="1094" CONTENT="בדברי"/><String HEIGHT="40" WIDTH="133" VPOS="1245" HPOS="1166" CONTENT="למודים,"/><String HEIGHT="40" WIDTH="73" VPOS="1245" HPOS="1263" CONTENT="כי"/><String HEIGHT="40" WIDTH="85" VPOS="1245" HPOS="1300" CONTENT="היה"/><String HEIGHT="40" WIDTH="85" VPOS="1245" HPOS="1348" CONTENT="איש"/><String HEIGHT="40" WIDTH="61" VPOS="1245" HPOS="1384" CONTENT="דעת"/></TextLine><TextLine ID="line_Ar0030002_2" BASELINE="1309" HEIGHT="32" WIDTH="203" VPOS="1277" HPOS="1232"><String HEIGHT="32" WIDTH="227" VPOS="1277" HPOS="1208" CONTENT="הרבה בזה וגם בזה."/></TextLine><TextLine ID="line_Ar0030002_4" BASELINE="1347" HEIGHT="41" WIDTH="581" VPOS="1306" HPOS="806"><String HEIGHT="41" WIDTH="182" VPOS="1306" HPOS="795" CONTENT="ועתה נתתי את"/><String HEIGHT="41" WIDTH="80" VPOS="1306" HPOS="943" CONTENT="ידי"/><String HEIGHT="41" WIDTH="114" VPOS="1306" HPOS="988" CONTENT="להעתיק"/><String HEIGHT="41" WIDTH="103" VPOS="1306" HPOS="1068" CONTENT="דברים"/><String HEIGHT="41" WIDTH="68" VPOS="1306" HPOS="1136" CONTENT="על"/><String HEIGHT="41" WIDTH="114" VPOS="1306" HPOS="1171" CONTENT="אדותיו"/><String HEIGHT="41" WIDTH="91" VPOS="1306" HPOS="1250" CONTENT="ממ״ע"/><String HEIGHT="41" WIDTH="91" VPOS="1306" HPOS="1296" CONTENT="„נייעס"/></TextLine><TextLine ID="line_Ar0030002_6" BASELINE="1376" HEIGHT="40" WIDTH="249" VPOS="1336" HPOS="1197"><String HEIGHT="40" WIDTH="137" VPOS="1336" HPOS="1185" CONTENT="וויענער"/><String HEIGHT="40" WIDTH="125" VPOS="1336" HPOS="1284" CONTENT="בלאטט&#34;"/><String HEIGHT="40" WIDTH="87" VPOS="1336" HPOS="1359" CONTENT="לאמר:"/></TextLine><TextLine ID="line_Ar0030002_7" BASELINE="1418" HEIGHT="44" WIDTH="575" VPOS="1374" HPOS="803"><String HEIGHT="44" WIDTH="598" VPOS="1374" HPOS="780" CONTENT="בבית הקיץ בדאבלינג אשר שם שכן הנסיך קוזא עד אחרית"/></TextLine><TextLine ID="line_Ar0030002_8" BASELINE="1450" HEIGHT="45" WIDTH="626" VPOS="1405" HPOS="804"><String HEIGHT="45" WIDTH="649" VPOS="1405" HPOS="781" CONTENT="ימיו, שוכב היום על הארץ שר הרבבות ואוצרות אין קץ. בחדר"/></TextLine><TextLine ID="line_Ar0030002_9" BASELINE="1481" HEIGHT="39" WIDTH="633" VPOS="1442" HPOS="806"><String HEIGHT="39" WIDTH="108" VPOS="1442" HPOS="793" CONTENT="המטה"/><String HEIGHT="39" WIDTH="108" VPOS="1442" HPOS="860" CONTENT="יאשר"/><String HEIGHT="39" WIDTH="81" VPOS="1442" HPOS="927" CONTENT="שם"/><String HEIGHT="39" WIDTH="94" VPOS="1442" HPOS="968" CONTENT="תמו"/><String HEIGHT="39" WIDTH="94" VPOS="1442" HPOS="1021" CONTENT="חיי"/><String HEIGHT="39" WIDTH="135" VPOS="1442" HPOS="1075" CONTENT="הבאראן"/><String HEIGHT="39" WIDTH="135" VPOS="1442" HPOS="1170" CONTENT="אנזעלם"/><String HEIGHT="39" WIDTH="162" VPOS="1442" HPOS="1264" CONTENT="ראטהשילד"/><String HEIGHT="39" WIDTH="67" VPOS="1442" HPOS="1372" CONTENT="ושם"/></TextLine><TextLine ID="line_Ar0030002_11" BASELINE="1515" HEIGHT="47" WIDTH="640" VPOS="1468" HPOS="806"><String HEIGHT="47" WIDTH="665" VPOS="1468" HPOS="781" CONTENT="ישכב על הארץ עד אשר יוציאוהו להשיבו לעפרו אין כל הדר"/></TextLine><TextLine ID="line_Ar0030002_12" BASELINE="1539" HEIGHT="39" WIDTH="654" VPOS="1500" HPOS="807"><String HEIGHT="39" WIDTH="606" VPOS="1500" HPOS="795" CONTENT="נראה בו, ופה ישבו בניו ובנותי ויתאבלו ולא עזבו"/><String HEIGHT="39" WIDTH="73" VPOS="1500" HPOS="1364" CONTENT="את"/><String HEIGHT="39" WIDTH="73" VPOS="1500" HPOS="1388" CONTENT="החדר"/></TextLine><TextLine ID="line_Ar0030002_14" BASELINE="1575" HEIGHT="46" WIDTH="632" VPOS="1529" HPOS="809"><String HEIGHT="46" WIDTH="310" VPOS="1529" HPOS="797" CONTENT="הזה רק בלכתם העירה אל"/><String HEIGHT="46" WIDTH="99" VPOS="1529" HPOS="1069" CONTENT="היכל"/><String HEIGHT="46" WIDTH="112" VPOS="1529" HPOS="1131" CONTENT="אביהם"/><String HEIGHT="46" WIDTH="112" VPOS="1529" HPOS="1206" CONTENT="לפתוח"/><String HEIGHT="46" WIDTH="74" VPOS="1529" HPOS="1280" CONTENT="את"/><String HEIGHT="46" WIDTH="87" VPOS="1529" HPOS="1317" CONTENT="ספר"/><String HEIGHT="46" WIDTH="87" VPOS="1529" HPOS="1354" CONTENT="המצוה"/></TextLine><TextLine ID="line_Ar0030002_16" BASELINE="1606" HEIGHT="41" WIDTH="479" VPOS="1565" HPOS="965"><String HEIGHT="41" WIDTH="504" VPOS="1565" HPOS="940" CONTENT="אשר הניח שם המנוח ולקרא בו את אשר צוה."/></TextLine><TextLine ID="line_Ar0030002_18" BASELINE="1637" HEIGHT="36" WIDTH="580" VPOS="1601" HPOS="810"><String HEIGHT="36" WIDTH="80" VPOS="1601" HPOS="799" CONTENT="פתח"/><String HEIGHT="36" WIDTH="91" VPOS="1601" HPOS="844" CONTENT="דברי"/><String HEIGHT="36" WIDTH="102" VPOS="1601" HPOS="901" CONTENT="הצואה"/><String HEIGHT="36" WIDTH="91" VPOS="1601" HPOS="969" CONTENT="דברי"/><String HEIGHT="36" WIDTH="91" VPOS="1601" HPOS="1026" CONTENT="מוסר"/><String HEIGHT="36" WIDTH="91" VPOS="1601" HPOS="1083" CONTENT="רכים"/><String HEIGHT="36" WIDTH="125" VPOS="1601" HPOS="1140" CONTENT="ונכוחים"/><String HEIGHT="36" WIDTH="102" VPOS="1601" HPOS="1231" CONTENT="לבניו"/><String HEIGHT="36" WIDTH="102" VPOS="1601" HPOS="1288" CONTENT="ויעוררם"/></TextLine></TextBlock><TextBlock ID="Ar0030003" HEIGHT="193" WIDTH="634" VPOS="1636" HPOS="802"><Shape><Polygon POINTS="1436,1829 802,1829 802,1636 1436,1636"/></Shape><TextLine ID="line_Ar0030003_1" BASELINE="1673" HEIGHT="45" WIDTH="629" VPOS="1628" HPOS="807"><String HEIGHT="45" WIDTH="652" VPOS="1628" HPOS="784" CONTENT="ויצום להיותם תמימים עם דת אבותיהם היהדות, להגן עליה בכל"/></TextLine><TextLine ID="line_Ar0030003_2" BASELINE="1703" HEIGHT="43" WIDTH="646" VPOS="1660" HPOS="806"><String HEIGHT="43" WIDTH="669" VPOS="1660" HPOS="783" CONTENT="עת, ויחדלו מרדוף אחר כבוד וגדולה, והוא מזכיר בזה את דברי"/></TextLine><TextLine ID="line_Ar0030003_3" BASELINE="1736" HEIGHT="45" WIDTH="631" VPOS="1691" HPOS="810"><String HEIGHT="45" WIDTH="655" VPOS="1691" HPOS="786" CONTENT="ראטהשילד הראשון אבי המשפחה בצואתו, אשר שאל מעם בניו,"/></TextLine><TextLine ID="line_Ar0030003_4" BASELINE="1765" HEIGHT="37" WIDTH="638" VPOS="1728" HPOS="810"><String HEIGHT="37" WIDTH="662" VPOS="1728" HPOS="786" CONTENT="כי יחיו איש עם אחיו באמונה באהבה ושלום גם יחד. את בנו"/></TextLine><TextLine ID="line_Ar0030003_5" BASELINE="1799" HEIGHT="44" WIDTH="635" VPOS="1755" HPOS="813"><String HEIGHT="44" WIDTH="291" VPOS="1755" HPOS="800" CONTENT="הצעיר באראן אלבערט"/><String HEIGHT="44" WIDTH="172" VPOS="1755" HPOS="1051" CONTENT="ראטהשילד,"/><String HEIGHT="44" WIDTH="106" VPOS="1755" HPOS="1183" CONTENT="מצוה"/><String HEIGHT="44" WIDTH="132" VPOS="1755" HPOS="1250" CONTENT="להנהיג"/><String HEIGHT="44" WIDTH="79" VPOS="1755" HPOS="1342" CONTENT="את"/><String HEIGHT="44" WIDTH="79" VPOS="1755" HPOS="1369" CONTENT="הבית"/></TextLine><TextLine ID="line_Ar0030003_7" BASELINE="1832" HEIGHT="47" WIDTH="633" VPOS="1785" HPOS="813"><String HEIGHT="47" WIDTH="657" VPOS="1785" HPOS="789" CONTENT="ולכלכלו בעסקיו כאשר בתחלה והוא מראה לו את הדרך הישרה"/></TextLine></TextBlock><TextBlock ID="Ar0030100" HEIGHT="443" WIDTH="659" VPOS="112" HPOS="124"><Shape><Polygon POINTS="783,555 124,555 124,112 783,112"/></Shape><TextLine ID="line_Ar0030100_1" BASELINE="151" HEIGHT="43" WIDTH="646" VPOS="108" HPOS="139"><String HEIGHT="43" WIDTH="49" VPOS="108" HPOS="127" CONTENT=""/><String HEIGHT="43" WIDTH="85" VPOS="108" HPOS="139" CONTENT="אשר"/><String HEIGHT="43" WIDTH="73" VPOS="108" HPOS="188" CONTENT="בה"/><String HEIGHT="43" WIDTH="85" VPOS="108" HPOS="224" CONTENT="ילך"/><String HEIGHT="43" WIDTH="98" VPOS="108" HPOS="273" CONTENT="בטח."/><String HEIGHT="43" WIDTH="110" VPOS="108" HPOS="334" CONTENT="ולבנו"/><String HEIGHT="43" WIDTH="110" VPOS="108" HPOS="407" CONTENT="הבכור"/><String HEIGHT="43" WIDTH="110" VPOS="108" HPOS="480" CONTENT="באראן"/><String HEIGHT="43" WIDTH="158" VPOS="108" HPOS="553" CONTENT="פערדינאנד"/><String HEIGHT="43" WIDTH="122" VPOS="108" HPOS="663" CONTENT="ראטהשילד"/></TextLine><TextLine ID="line_Ar0030100_2" BASELINE="183" HEIGHT="42" WIDTH="631" VPOS="141" HPOS="139"><String HEIGHT="42" WIDTH="655" VPOS="141" HPOS="115" CONTENT="אשר זה מספר שנים הוא חולה בחלי חוט השדרה, לו צוה לתת"/></TextLine><TextLine ID="line_Ar0030100_3" BASELINE="212" HEIGHT="45" WIDTH="630" VPOS="167" HPOS="141"><String HEIGHT="45" WIDTH="656" VPOS="167" HPOS="115" CONTENT="מדי שנה בשנה חמשת אלפי אלפים 5,000,000 המצוה הזאת"/></TextLine><TextLine ID="line_Ar0030100_4" BASELINE="244" HEIGHT="42" WIDTH="627" VPOS="202" HPOS="141"><String HEIGHT="42" WIDTH="84" VPOS="202" HPOS="129" CONTENT="היא"/><String HEIGHT="42" WIDTH="72" VPOS="202" HPOS="177" CONTENT="על"/><String HEIGHT="42" WIDTH="84" VPOS="202" HPOS="213" CONTENT="איש"/><String HEIGHT="42" WIDTH="96" VPOS="202" HPOS="262" CONTENT="הבית"/><String HEIGHT="42" WIDTH="133" VPOS="202" HPOS="322" CONTENT="ועסקיו,"/><String HEIGHT="42" WIDTH="109" VPOS="202" HPOS="418" CONTENT="ואולם"/><String HEIGHT="42" WIDTH="72" VPOS="202" HPOS="491" CONTENT="אם"/><String HEIGHT="42" WIDTH="96" VPOS="202" HPOS="527" CONTENT="יאבה"/><String HEIGHT="42" WIDTH="109" VPOS="202" HPOS="587" CONTENT="הבכור"/><String HEIGHT="42" WIDTH="109" VPOS="202" HPOS="659" CONTENT="להניח"/><String HEIGHT="42" WIDTH="48" VPOS="202" HPOS="720" CONTENT="את"/></TextLine><TextLine ID="line_Ar0030100_5" BASELINE="276" HEIGHT="42" WIDTH="616" VPOS="234" HPOS="151"><String HEIGHT="42" WIDTH="639" VPOS="234" HPOS="128" CONTENT="אשר לו ביד אחיו למען יקבוץ לו קאפיטאל רב, הרשות בידו."/></TextLine><TextLine ID="line_Ar0030100_6" BASELINE="307" HEIGHT="41" WIDTH="572" VPOS="266" HPOS="139"><String HEIGHT="41" WIDTH="117" VPOS="266" HPOS="126" CONTENT="ולהבן"/><String HEIGHT="41" WIDTH="104" VPOS="266" HPOS="204" CONTENT="השני"/><String HEIGHT="41" WIDTH="117" VPOS="266" HPOS="269" CONTENT="באראן"/><String HEIGHT="41" WIDTH="169" VPOS="266" HPOS="347" CONTENT="נאטהאניעל"/><String HEIGHT="41" WIDTH="156" VPOS="266" HPOS="477" CONTENT="ראטהשילד"/><String HEIGHT="41" WIDTH="91" VPOS="266" HPOS="594" CONTENT="צוה"/><String HEIGHT="41" WIDTH="78" VPOS="266" HPOS="633" CONTENT="ליסד"/></TextLine><TextLine ID="line_Ar0030100_7" BASELINE="341" HEIGHT="52" WIDTH="520" VPOS="289" HPOS="258"><String HEIGHT="52" WIDTH="243" VPOS="289" HPOS="246" CONTENT="פיליאלע (בית מסחר"/><String HEIGHT="52" WIDTH="116" VPOS="289" HPOS="454" CONTENT="סעיפי)"/><String HEIGHT="52" WIDTH="104" VPOS="289" HPOS="535" CONTENT="מהבית"/><String HEIGHT="52" WIDTH="104" VPOS="289" HPOS="605" CONTENT="הגדול"/><String HEIGHT="52" WIDTH="116" VPOS="289" HPOS="662" CONTENT="בבערלין."/></TextLine><TextLine ID="line_Ar0030100_8" BASELINE="372" HEIGHT="41" WIDTH="569" VPOS="331" HPOS="138"><String HEIGHT="41" WIDTH="97" VPOS="331" HPOS="127" CONTENT="ואחרי"/><String HEIGHT="41" WIDTH="97" VPOS="331" HPOS="192" CONTENT="דברים"/><String HEIGHT="41" WIDTH="86" VPOS="331" HPOS="256" CONTENT="רבים"/><String HEIGHT="41" WIDTH="97" VPOS="331" HPOS="310" CONTENT="הואיל"/><String HEIGHT="41" WIDTH="97" VPOS="331" HPOS="374" CONTENT="המנוח"/><String HEIGHT="41" WIDTH="107" VPOS="331" HPOS="439" CONTENT="ויכתוב"/><String HEIGHT="41" WIDTH="75" VPOS="331" HPOS="514" CONTENT="כן:"/><String HEIGHT="41" WIDTH="97" VPOS="331" HPOS="557" CONTENT="רצוני"/><String HEIGHT="41" WIDTH="64" VPOS="331" HPOS="621" CONTENT="כי"/><String HEIGHT="41" WIDTH="64" VPOS="331" HPOS="643" CONTENT="תהיה"/></TextLine><TextLine ID="line_Ar0030100_9" BASELINE="400" HEIGHT="40" WIDTH="632" VPOS="360" HPOS="141"><String HEIGHT="40" WIDTH="285" VPOS="360" HPOS="129" CONTENT="קבורתי כלי כל תשואת"/><String HEIGHT="40" WIDTH="99" VPOS="360" HPOS="376" CONTENT="כבוד"/><String HEIGHT="40" WIDTH="99" VPOS="360" HPOS="438" CONTENT="והדר"/><String HEIGHT="40" WIDTH="136" VPOS="360" HPOS="500" CONTENT="וישאוני"/><String HEIGHT="40" WIDTH="74" VPOS="360" HPOS="600" CONTENT="על"/><String HEIGHT="40" WIDTH="99" VPOS="360" HPOS="637" CONTENT="עגלה"/><String HEIGHT="40" WIDTH="87" VPOS="360" HPOS="686" CONTENT="פשוטה"/></TextLine><TextLine ID="line_Ar0030100_10" BASELINE="431" HEIGHT="39" WIDTH="629" VPOS="392" HPOS="141"><String HEIGHT="39" WIDTH="111" VPOS="392" HPOS="129" CONTENT="רתומה"/><String HEIGHT="39" WIDTH="99" VPOS="392" HPOS="203" CONTENT="לשני"/><String HEIGHT="39" WIDTH="123" VPOS="392" HPOS="264" CONTENT="סוסים."/><String HEIGHT="39" WIDTH="74" VPOS="392" HPOS="351" CONTENT="אל"/><String HEIGHT="39" WIDTH="111" VPOS="392" HPOS="388" CONTENT="תניחו"/><String HEIGHT="39" WIDTH="99" VPOS="392" HPOS="462" CONTENT="לשאת"/><String HEIGHT="39" WIDTH="99" VPOS="392" HPOS="523" CONTENT="אחרי"/><String HEIGHT="39" WIDTH="74" VPOS="392" HPOS="585" CONTENT="את"/><String HEIGHT="39" WIDTH="111" VPOS="392" HPOS="622" CONTENT="אותות"/><String HEIGHT="39" WIDTH="86" VPOS="392" HPOS="684" CONTENT="הכבוד"/></TextLine><TextLine ID="line_Ar0030100_11" BASELINE="467" HEIGHT="43" WIDTH="627" VPOS="424" HPOS="141"><String HEIGHT="43" WIDTH="650" VPOS="424" HPOS="118" CONTENT="אשר לי (ארדען אונד וואפפען) או להניחם על ארוני. קראו את"/></TextLine><TextLine ID="line_Ar0030100_12" BASELINE="498" HEIGHT="44" WIDTH="630" VPOS="454" HPOS="142"><String HEIGHT="44" WIDTH="95" VPOS="454" HPOS="130" CONTENT="הדר׳"/><String HEIGHT="44" WIDTH="143" VPOS="454" HPOS="190" CONTENT="יעללינעק"/><String HEIGHT="44" WIDTH="71" VPOS="454" HPOS="297" CONTENT="את"/><String HEIGHT="44" WIDTH="95" VPOS="454" HPOS="332" CONTENT="הדר'"/><String HEIGHT="44" WIDTH="131" VPOS="454" HPOS="392" CONTENT="גידעמאן"/><String HEIGHT="44" WIDTH="107" VPOS="454" HPOS="487" CONTENT="ללויה"/><String HEIGHT="44" WIDTH="71" VPOS="454" HPOS="558" CONTENT="רק"/><String HEIGHT="44" WIDTH="107" VPOS="454" HPOS="594" CONTENT="רצוני"/><String HEIGHT="44" WIDTH="95" VPOS="454" HPOS="665" CONTENT="הוא,"/><String HEIGHT="44" WIDTH="71" VPOS="454" HPOS="724" CONTENT="כי"/><String HEIGHT="44" WIDTH="24" VPOS="454" HPOS="748" CONTENT=""/></TextLine><TextLine ID="line_Ar0030100_13" BASELINE="530" HEIGHT="44" WIDTH="642" VPOS="486" HPOS="136"><String HEIGHT="44" WIDTH="667" VPOS="486" HPOS="111" CONTENT="האנשים הנכבדים האלה לא יעשו לי כל כבוד, רק הש״ץ הראש"/></TextLine><TextLine ID="line_Ar0030100_14" BASELINE="560" HEIGHT="48" WIDTH="630" VPOS="512" HPOS="142"><String HEIGHT="48" WIDTH="85" VPOS="512" HPOS="130" CONTENT="פר׳"/><String HEIGHT="48" WIDTH="133" VPOS="512" HPOS="178" CONTENT="זולצער,"/><String HEIGHT="48" WIDTH="85" VPOS="512" HPOS="275" CONTENT="הוא"/><String HEIGHT="48" WIDTH="97" VPOS="512" HPOS="324" CONTENT="לבדו"/><String HEIGHT="48" WIDTH="97" VPOS="512" HPOS="384" CONTENT="יקרא"/><String HEIGHT="48" WIDTH="73" VPOS="512" HPOS="445" CONTENT="את"/><String HEIGHT="48" WIDTH="85" VPOS="512" HPOS="481" CONTENT="אשר"/><String HEIGHT="48" WIDTH="97" VPOS="512" HPOS="530" CONTENT="יקרא"/><String HEIGHT="48" WIDTH="73" VPOS="512" HPOS="590" CONTENT="על"/><String HEIGHT="48" WIDTH="121" VPOS="512" HPOS="627" CONTENT="המתים."/><String HEIGHT="48" WIDTH="73" VPOS="512" HPOS="699" CONTENT="אנשי"/></TextLine></TextBlock><TextBlock ID="Ar0030101" HEIGHT="191" WIDTH="659" VPOS="555" HPOS="124"><Shape><Polygon POINTS="783,746 124,746 124,555 783,555"/></Shape><TextLine ID="line_Ar0030101_2" BASELINE="592" HEIGHT="42" WIDTH="630" VPOS="550" HPOS="142"><String HEIGHT="42" WIDTH="653" VPOS="550" HPOS="119" CONTENT="בית מסחרי לא ילכו אחרי מטתי, ואם ירצו להתאסף בחצר מסלת"/></TextLine><TextLine ID="line_Ar0030101_3" BASELINE="624" HEIGHT="43" WIDTH="629" VPOS="581" HPOS="142"><String HEIGHT="43" WIDTH="652" VPOS="581" HPOS="119" CONTENT="הברזל, יעשו כרצונם. את גויתי יביאו לפ״פ דמיין ושם אקבר"/></TextLine><TextLine ID="line_Ar0030101_4" BASELINE="657" HEIGHT="41" WIDTH="632" VPOS="616" HPOS="142"><String HEIGHT="41" WIDTH="657" VPOS="616" HPOS="117" CONTENT="אצל אשתי ושכבתי בקבורת אבותי, אבל גם שם לא יחלקו לי"/></TextLine><TextLine ID="line_Ar0030101_5" BASELINE="685" HEIGHT="38" WIDTH="608" VPOS="647" HPOS="172"><String HEIGHT="38" WIDTH="94" VPOS="647" HPOS="160" CONTENT="כבוד"/><String HEIGHT="38" WIDTH="82" VPOS="647" HPOS="219" CONTENT="רב,"/><String HEIGHT="38" WIDTH="82" VPOS="647" HPOS="266" CONTENT="ורק"/><String HEIGHT="38" WIDTH="105" VPOS="647" HPOS="312" CONTENT="משרתי"/><String HEIGHT="38" WIDTH="94" VPOS="647" HPOS="382" CONTENT="שומר"/><String HEIGHT="38" WIDTH="70" VPOS="647" HPOS="441" CONTENT="סף"/><String HEIGHT="38" WIDTH="94" VPOS="647" HPOS="476" CONTENT="חדרי"/><String HEIGHT="38" WIDTH="82" VPOS="647" HPOS="534" CONTENT="הוא"/><String HEIGHT="38" WIDTH="94" VPOS="647" HPOS="581" CONTENT="לבדו"/><String HEIGHT="38" WIDTH="105" VPOS="647" HPOS="640" CONTENT="ילוני"/><String HEIGHT="38" WIDTH="82" VPOS="647" HPOS="698" CONTENT="לפ&#34;פ."/></TextLine><TextLine ID="line_Ar0030101_6" BASELINE="714" HEIGHT="35" WIDTH="577" VPOS="679" HPOS="143"><String HEIGHT="35" WIDTH="151" VPOS="679" HPOS="130" CONTENT="פה מזכיר"/><String HEIGHT="35" WIDTH="113" VPOS="679" HPOS="243" CONTENT="המ״הע"/><String HEIGHT="35" WIDTH="113" VPOS="679" HPOS="319" CONTENT="פרטים"/><String HEIGHT="35" WIDTH="113" VPOS="679" HPOS="394" CONTENT="אחדים"/><String HEIGHT="35" WIDTH="100" VPOS="679" HPOS="469" CONTENT="מכלל"/><String HEIGHT="35" WIDTH="151" VPOS="679" HPOS="532" CONTENT="העזבונות"/><String HEIGHT="35" WIDTH="88" VPOS="679" HPOS="632" CONTENT="הרבים"/></TextLine><TextLine ID="line_Ar0030101_7" BASELINE="750" HEIGHT="41" WIDTH="631" VPOS="709" HPOS="142"><String HEIGHT="41" WIDTH="654" VPOS="709" HPOS="119" CONTENT="אשר עזב אחריו ברכה לחלקם, והם כתובים על ג׳ עמודים בספר"/></TextLine></TextBlock><TextBlock ID="Ar0030102" HEIGHT="250" WIDTH="659" VPOS="752" HPOS="124"><Shape><Polygon POINTS="783,1002 124,1002 124,752 783,752"/></Shape><TextLine ID="line_Ar0030102_1" BASELINE="782" HEIGHT="38" WIDTH="627" VPOS="744" HPOS="141"><String HEIGHT="38" WIDTH="125" VPOS="744" HPOS="128" CONTENT="הצואה."/><String HEIGHT="38" WIDTH="100" VPOS="744" HPOS="216" CONTENT="ואני"/><String HEIGHT="38" WIDTH="113" VPOS="744" HPOS="279" CONTENT="משכתי"/><String HEIGHT="38" WIDTH="75" VPOS="744" HPOS="354" CONTENT="את"/><String HEIGHT="38" WIDTH="100" VPOS="744" HPOS="392" CONTENT="ידי,"/><String HEIGHT="38" WIDTH="138" VPOS="744" HPOS="454" CONTENT="מהעתיקם"/><String HEIGHT="38" WIDTH="100" VPOS="744" HPOS="555" CONTENT="הפעם"/><String HEIGHT="38" WIDTH="75" VPOS="744" HPOS="618" CONTENT="כי"/><String HEIGHT="38" WIDTH="88" VPOS="744" HPOS="655" CONTENT="עוד"/><String HEIGHT="38" WIDTH="75" VPOS="744" HPOS="693" CONTENT="יהיו"/></TextLine><TextLine ID="line_Ar0030102_2" BASELINE="812" HEIGHT="40" WIDTH="631" VPOS="772" HPOS="142"><String HEIGHT="40" WIDTH="121" VPOS="772" HPOS="130" CONTENT="נכתבים"/><String HEIGHT="40" WIDTH="109" VPOS="772" HPOS="215" CONTENT="בכ״הע"/><String HEIGHT="40" WIDTH="97" VPOS="772" HPOS="288" CONTENT="בכלל"/><String HEIGHT="40" WIDTH="109" VPOS="772" HPOS="348" CONTENT="ופרט."/><String HEIGHT="40" WIDTH="97" VPOS="772" HPOS="421" CONTENT="ועוד"/><String HEIGHT="40" WIDTH="97" VPOS="772" HPOS="482" CONTENT="סעיף"/><String HEIGHT="40" WIDTH="73" VPOS="772" HPOS="542" CONTENT="א׳"/><String HEIGHT="40" WIDTH="97" VPOS="772" HPOS="579" CONTENT="נמצא"/><String HEIGHT="40" WIDTH="121" VPOS="772" HPOS="640" CONTENT="בהצואה"/><String HEIGHT="40" WIDTH="61" VPOS="772" HPOS="712" CONTENT="אשר"/></TextLine><TextLine ID="line_Ar0030102_3" BASELINE="842" HEIGHT="35" WIDTH="635" VPOS="807" HPOS="143"><String HEIGHT="35" WIDTH="141" VPOS="807" HPOS="131" CONTENT="הוסיף בה"/><String HEIGHT="35" WIDTH="106" VPOS="807" HPOS="237" CONTENT="המנוח"/><String HEIGHT="35" WIDTH="94" VPOS="807" HPOS="308" CONTENT="בשנת"/><String HEIGHT="35" WIDTH="94" VPOS="807" HPOS="366" CONTENT="1872"/><String HEIGHT="35" WIDTH="94" VPOS="807" HPOS="425" CONTENT="והוא"/><String HEIGHT="35" WIDTH="106" VPOS="807" HPOS="484" CONTENT="מוכיח"/><String HEIGHT="35" WIDTH="118" VPOS="807" HPOS="555" CONTENT="ומזהיר"/><String HEIGHT="35" WIDTH="82" VPOS="807" HPOS="637" CONTENT="עוד"/><String HEIGHT="35" WIDTH="71" VPOS="807" HPOS="684" CONTENT="את"/><String HEIGHT="35" WIDTH="71" VPOS="807" HPOS="707" CONTENT="בניו"/></TextLine><TextLine ID="line_Ar0030102_4" BASELINE="877" HEIGHT="44" WIDTH="644" VPOS="833" HPOS="143"><String HEIGHT="44" WIDTH="173" VPOS="833" HPOS="131" CONTENT="לבלי יסירו"/><String HEIGHT="44" WIDTH="74" VPOS="833" HPOS="267" CONTENT="את"/><String HEIGHT="44" WIDTH="87" VPOS="833" HPOS="304" CONTENT="לבם"/><String HEIGHT="44" WIDTH="111" VPOS="833" HPOS="354" CONTENT="מאחרי"/><String HEIGHT="44" WIDTH="87" VPOS="833" HPOS="428" CONTENT="מדת"/><String HEIGHT="44" WIDTH="136" VPOS="833" HPOS="477" CONTENT="אבותיהם"/><String HEIGHT="44" WIDTH="87" VPOS="833" HPOS="576" CONTENT="ובה"/><String HEIGHT="44" WIDTH="111" VPOS="833" HPOS="626" CONTENT="ידבקו"/><String HEIGHT="44" WIDTH="99" VPOS="833" HPOS="688" CONTENT="כאמוני"/></TextLine><TextLine ID="line_Ar0030102_5" BASELINE="905" HEIGHT="39" WIDTH="249" VPOS="866" HPOS="521"><String HEIGHT="39" WIDTH="102" VPOS="866" HPOS="510" CONTENT="שלומי"/><String HEIGHT="39" WIDTH="113" VPOS="866" HPOS="578" CONTENT="ישראל,"/><String HEIGHT="39" WIDTH="91" VPOS="866" HPOS="657" CONTENT="וכו׳"/><String HEIGHT="39" WIDTH="68" VPOS="866" HPOS="702" CONTENT="וכו,"/></TextLine><TextLine ID="line_Ar0030102_6" BASELINE="940" HEIGHT="41" WIDTH="574" VPOS="899" HPOS="145"><String HEIGHT="41" WIDTH="144" VPOS="899" HPOS="133" CONTENT="והיום 29"/><String HEIGHT="41" WIDTH="96" VPOS="899" HPOS="241" CONTENT="יולי"/><String HEIGHT="41" WIDTH="108" VPOS="899" HPOS="300" CONTENT="הקימו"/><String HEIGHT="41" WIDTH="72" VPOS="899" HPOS="372" CONTENT="את"/><String HEIGHT="41" WIDTH="72" VPOS="899" HPOS="408" CONTENT="כל"/><String HEIGHT="41" WIDTH="96" VPOS="899" HPOS="444" CONTENT="דברי"/><String HEIGHT="41" WIDTH="84" VPOS="899" HPOS="504" CONTENT="המת"/><String HEIGHT="41" WIDTH="84" VPOS="899" HPOS="552" CONTENT="ולא"/><String HEIGHT="41" WIDTH="108" VPOS="899" HPOS="599" CONTENT="הפילו"/><String HEIGHT="41" WIDTH="60" VPOS="899" HPOS="659" CONTENT="דבר"/></TextLine><TextLine ID="line_Ar0030102_7" BASELINE="975" HEIGHT="43" WIDTH="576" VPOS="932" HPOS="202"><String HEIGHT="43" WIDTH="92" VPOS="932" HPOS="189" CONTENT="קטן"/><String HEIGHT="43" WIDTH="92" VPOS="932" HPOS="241" CONTENT="מכל"/><String HEIGHT="43" WIDTH="92" VPOS="932" HPOS="294" CONTENT="אשר"/><String HEIGHT="43" WIDTH="105" VPOS="932" HPOS="346" CONTENT="צוה."/><String HEIGHT="43" WIDTH="118" VPOS="932" HPOS="411" CONTENT="אשריד"/><String HEIGHT="43" WIDTH="118" VPOS="932" HPOS="490" CONTENT="ישראל"/><String HEIGHT="43" WIDTH="131" VPOS="932" HPOS="569" CONTENT="שאנשים"/><String HEIGHT="43" WIDTH="105" VPOS="932" HPOS="660" CONTENT="כאלה"/><String HEIGHT="43" WIDTH="65" VPOS="932" HPOS="713" CONTENT="לך!"/></TextLine><TextLine ID="line_Ar0030102_9" BASELINE="1005" HEIGHT="40" WIDTH="206" VPOS="965" HPOS="240"><String HEIGHT="40" WIDTH="116" VPOS="965" HPOS="227" CONTENT="אברהם"/><String HEIGHT="40" WIDTH="90" VPOS="965" HPOS="304" CONTENT="כהן"/><String HEIGHT="40" WIDTH="103" VPOS="965" HPOS="343" CONTENT="קאפלאן"/></TextLine></TextBlock><TextBlock ID="Ar0030103" HEIGHT="240" WIDTH="657" VPOS="1010" HPOS="124"><Shape><Polygon POINTS="781,1250 124,1250 124,1010 781,1010"/></Shape><TextLine ID="line_Ar0030103_1" BASELINE="1074" HEIGHT="43" WIDTH="571" VPOS="1031" HPOS="147"><String HEIGHT="43" WIDTH="595" VPOS="1031" HPOS="123" CONTENT="טיסמניץ. משנת תק״ב; מעת מצאה החסידות קן בארצנו,"/></TextLine><TextLine ID="line_Ar0030103_2" BASELINE="1107" HEIGHT="44" WIDTH="632" VPOS="1063" HPOS="146"><String HEIGHT="44" WIDTH="595" VPOS="1063" HPOS="134" CONTENT="ותשלח כנפיה מלוא רחבה, שמיה לבשה קדרות, ותכס"/><String HEIGHT="44" WIDTH="74" VPOS="1063" HPOS="691" CONTENT="את"/><String HEIGHT="44" WIDTH="62" VPOS="1063" HPOS="716" CONTENT="עין"/></TextLine><TextLine ID="line_Ar0030103_3" BASELINE="1138" HEIGHT="43" WIDTH="633" VPOS="1095" HPOS="147"><String HEIGHT="43" WIDTH="659" VPOS="1095" HPOS="121" CONTENT="שמש ההשכלה, לבל תשלח קרניה, קרני הוד צדקה ומרפא,"/></TextLine><TextLine ID="line_Ar0030103_4" BASELINE="1167" HEIGHT="41" WIDTH="639" VPOS="1126" HPOS="146"><String HEIGHT="41" WIDTH="105" VPOS="1126" HPOS="134" CONTENT="להאיר"/><String HEIGHT="41" WIDTH="70" VPOS="1126" HPOS="204" CONTENT="אל"/><String HEIGHT="41" WIDTH="105" VPOS="1126" HPOS="239" CONTENT="יושבי"/><String HEIGHT="41" WIDTH="105" VPOS="1126" HPOS="309" CONTENT="הארץ."/><String HEIGHT="41" WIDTH="93" VPOS="1126" HPOS="378" CONTENT="לשוא"/><String HEIGHT="41" WIDTH="93" VPOS="1126" HPOS="436" CONTENT="עמלו"/><String HEIGHT="41" WIDTH="93" VPOS="1126" HPOS="495" CONTENT="בוני"/><String HEIGHT="41" WIDTH="116" VPOS="1126" HPOS="553" CONTENT="מסלולי"/><String HEIGHT="41" WIDTH="105" VPOS="1126" HPOS="634" CONTENT="הברזל"/><String HEIGHT="41" WIDTH="93" VPOS="1126" HPOS="692" CONTENT="ופורשי"/></TextLine><TextLine ID="line_Ar0030103_5" BASELINE="1204" HEIGHT="45" WIDTH="630" VPOS="1159" HPOS="147"><String HEIGHT="45" WIDTH="180" VPOS="1159" HPOS="134" CONTENT="מכמורת קוי"/><String HEIGHT="45" WIDTH="167" VPOS="1159" HPOS="276" CONTENT="הטעלעגראף"/><String HEIGHT="45" WIDTH="103" VPOS="1159" HPOS="404" CONTENT="להפח"/><String HEIGHT="45" WIDTH="103" VPOS="1159" HPOS="468" CONTENT="באפם"/><String HEIGHT="45" WIDTH="103" VPOS="1159" HPOS="533" CONTENT="נשמת"/><String HEIGHT="45" WIDTH="90" VPOS="1159" HPOS="597" CONTENT="רוח"/><String HEIGHT="45" WIDTH="90" VPOS="1159" HPOS="648" CONTENT="העת"/><String HEIGHT="45" WIDTH="90" VPOS="1159" HPOS="687" CONTENT="החיה;"/></TextLine><TextLine ID="line_Ar0030103_6" BASELINE="1228" HEIGHT="42" WIDTH="633" VPOS="1186" HPOS="149"><String HEIGHT="42" WIDTH="122" VPOS="1186" HPOS="137" CONTENT="הסכלות"/><String HEIGHT="42" WIDTH="134" VPOS="1186" HPOS="222" CONTENT="והבערות"/><String HEIGHT="42" WIDTH="110" VPOS="1186" HPOS="319" CONTENT="כהררי"/><String HEIGHT="42" WIDTH="73" VPOS="1186" HPOS="392" CONTENT="עד"/><String HEIGHT="42" WIDTH="110" VPOS="1186" HPOS="429" CONTENT="נשאו-"/><String HEIGHT="42" WIDTH="85" VPOS="1186" HPOS="502" CONTENT="ראש"/><String HEIGHT="42" WIDTH="85" VPOS="1186" HPOS="551" CONTENT="ולא"/><String HEIGHT="42" WIDTH="97" VPOS="1186" HPOS="599" CONTENT="נתנו"/><String HEIGHT="42" WIDTH="97" VPOS="1186" HPOS="660" CONTENT="אותה"/><String HEIGHT="42" WIDTH="73" VPOS="1186" HPOS="709" CONTENT="עבור"/></TextLine><TextLine ID="line_Ar0030103_8" BASELINE="1251" HEIGHT="30" WIDTH="72" VPOS="1221" HPOS="710"><String HEIGHT="30" WIDTH="96" VPOS="1221" HPOS="686" CONTENT="בגבול."/></TextLine></TextBlock><TextBlock ID="Ar0030104" HEIGHT="225" WIDTH="666" VPOS="1257" HPOS="124"><Shape><Polygon POINTS="790,1482 124,1482 124,1257 790,1257"/></Shape><TextLine ID="line_Ar0030104_1" BASELINE="1292" HEIGHT="39" WIDTH="572" VPOS="1253" HPOS="150"><String HEIGHT="39" WIDTH="102" VPOS="1253" HPOS="137" CONTENT="אמנם"/><String HEIGHT="39" WIDTH="102" VPOS="1253" HPOS="201" CONTENT="הכחד"/><String HEIGHT="39" WIDTH="76" VPOS="1253" HPOS="264" CONTENT="בל"/><String HEIGHT="39" WIDTH="114" VPOS="1253" HPOS="303" CONTENT="אוכל,"/><String HEIGHT="39" WIDTH="76" VPOS="1253" HPOS="379" CONTENT="כי"/><String HEIGHT="39" WIDTH="114" VPOS="1253" HPOS="417" CONTENT="בערים"/><String HEIGHT="39" WIDTH="140" VPOS="1253" HPOS="493" CONTENT="הגדולות"/><String HEIGHT="39" WIDTH="102" VPOS="1253" HPOS="595" CONTENT="צעדו"/><String HEIGHT="39" WIDTH="76" VPOS="1253" HPOS="646" CONTENT="רבים"/></TextLine><TextLine ID="line_Ar0030104_3" BASELINE="1331" HEIGHT="53" WIDTH="643" VPOS="1278" HPOS="150"><String HEIGHT="53" WIDTH="672" VPOS="1278" HPOS="121" CONTENT="מיושביה בצעדי און קדימה לכל אשר יש עם רוח העת"/></TextLine><TextLine ID="line_Ar0030104_4" BASELINE="1361" HEIGHT="46" WIDTH="631" VPOS="1315" HPOS="150"><String HEIGHT="46" WIDTH="95" VPOS="1315" HPOS="138" CONTENT="החיה"/><String HEIGHT="46" WIDTH="107" VPOS="1315" HPOS="198" CONTENT="ללכת,"/><String HEIGHT="46" WIDTH="95" VPOS="1315" HPOS="269" CONTENT="אולם"/><String HEIGHT="46" WIDTH="95" VPOS="1315" HPOS="329" CONTENT="כאשר"/><String HEIGHT="46" WIDTH="107" VPOS="1315" HPOS="388" CONTENT="יאורו"/><String HEIGHT="46" WIDTH="107" VPOS="1315" HPOS="460" CONTENT="פניהם"/><String HEIGHT="46" WIDTH="71" VPOS="1315" HPOS="531" CONTENT="אל"/><String HEIGHT="46" WIDTH="95" VPOS="1315" HPOS="567" CONTENT="דרכי"/><String HEIGHT="46" WIDTH="119" VPOS="1315" HPOS="626" CONTENT="ותקוני"/><String HEIGHT="46" WIDTH="83" VPOS="1315" HPOS="698" CONTENT="הנהגת"/></TextLine><TextLine ID="line_Ar0030104_5" BASELINE="1390" HEIGHT="42" WIDTH="635" VPOS="1348" HPOS="151"><String HEIGHT="42" WIDTH="659" VPOS="1348" HPOS="127" CONTENT="האדם באשר הוא אדם, כן יפנו עורף ולא פנים אל רוח לאום"/></TextLine><TextLine ID="line_Ar0030104_6" BASELINE="1423" HEIGHT="41" WIDTH="628" VPOS="1382" HPOS="151"><String HEIGHT="41" WIDTH="135" VPOS="1382" HPOS="139" CONTENT="היהודית"/><String HEIGHT="41" WIDTH="99" VPOS="1382" HPOS="237" CONTENT="באשר"/><String HEIGHT="41" WIDTH="86" VPOS="1382" HPOS="299" CONTENT="היא"/><String HEIGHT="41" WIDTH="135" VPOS="1382" HPOS="348" CONTENT="יהודית;"/><String HEIGHT="41" WIDTH="86" VPOS="1382" HPOS="447" CONTENT="המה"/><String HEIGHT="41" WIDTH="111" VPOS="1382" HPOS="496" CONTENT="ילמדו"/><String HEIGHT="41" WIDTH="74" VPOS="1382" HPOS="570" CONTENT="את"/><String HEIGHT="41" WIDTH="111" VPOS="1382" HPOS="607" CONTENT="בניהם"/><String HEIGHT="41" WIDTH="99" VPOS="1382" HPOS="680" CONTENT="לדבר"/><String HEIGHT="41" WIDTH="49" VPOS="1382" HPOS="730" CONTENT="כן"/></TextLine><TextLine ID="line_Ar0030104_8" BASELINE="1454" HEIGHT="45" WIDTH="627" VPOS="1409" HPOS="155"><String HEIGHT="45" WIDTH="121" VPOS="1409" HPOS="144" CONTENT="בלשונות"/><String HEIGHT="45" WIDTH="99" VPOS="1409" HPOS="232" CONTENT="העמים"/><String HEIGHT="45" WIDTH="77" VPOS="1409" HPOS="298" CONTENT="אשר"/><String HEIGHT="45" WIDTH="99" VPOS="1409" HPOS="342" CONTENT="יערבו"/><String HEIGHT="45" WIDTH="77" VPOS="1409" HPOS="408" CONTENT="אתם"/><String HEIGHT="45" WIDTH="99" VPOS="1409" HPOS="452" CONTENT="מערב:"/><String HEIGHT="45" WIDTH="121" VPOS="1409" HPOS="518" CONTENT="פולנית,"/><String HEIGHT="45" WIDTH="121" VPOS="1409" HPOS="606" CONTENT="גרמנית,"/><String HEIGHT="45" WIDTH="99" VPOS="1409" HPOS="683" CONTENT="צרפתית,"/></TextLine><TextLine ID="line_Ar0030104_9" BASELINE="1486" HEIGHT="43" WIDTH="643" VPOS="1443" HPOS="132"><String HEIGHT="43" WIDTH="668" VPOS="1443" HPOS="107" CONTENT="ברטנית, אך לא בלשון עברית, לשון הקודש. — כמו הנוצרים"/></TextLine></TextBlock><TextBlock ID="Ar0030105" HEIGHT="150" WIDTH="666" VPOS="1482" HPOS="124"><Shape><Polygon POINTS="790,1632 124,1632 124,1482 790,1482"/></Shape><TextLine ID="line_Ar0030105_2" BASELINE="1516" HEIGHT="39" WIDTH="628" VPOS="1477" HPOS="153"><String HEIGHT="39" WIDTH="652" VPOS="1477" HPOS="129" CONTENT="השפנים והמוירען בימי הבנים אשר שטמו איש את אחיו, צרו"/></TextLine><TextLine ID="line_Ar0030105_3" BASELINE="1549" HEIGHT="40" WIDTH="633" VPOS="1509" HPOS="154"><String HEIGHT="40" WIDTH="76" VPOS="1509" HPOS="141" CONTENT="חד"/><String HEIGHT="40" WIDTH="76" VPOS="1509" HPOS="179" CONTENT="את"/><String HEIGHT="40" WIDTH="101" VPOS="1509" HPOS="217" CONTENT="אחד,"/><String HEIGHT="40" WIDTH="114" VPOS="1509" HPOS="281" CONTENT="ויחלו"/><String HEIGHT="40" WIDTH="76" VPOS="1509" HPOS="357" CONTENT="אך"/><String HEIGHT="40" WIDTH="89" VPOS="1509" HPOS="395" CONTENT="לעת"/><String HEIGHT="40" WIDTH="101" VPOS="1509" HPOS="445" CONTENT="מצוא"/><String HEIGHT="40" WIDTH="101" VPOS="1509" HPOS="508" CONTENT="למען"/><String HEIGHT="40" WIDTH="114" VPOS="1509" HPOS="572" CONTENT="יוכלו"/><String HEIGHT="40" WIDTH="101" VPOS="1509" HPOS="648" CONTENT="לקרא"/><String HEIGHT="40" WIDTH="89" VPOS="1509" HPOS="698" CONTENT="מלחמה"/></TextLine><TextLine ID="line_Ar0030105_4" BASELINE="1581" HEIGHT="42" WIDTH="626" VPOS="1539" HPOS="156"><String HEIGHT="42" WIDTH="650" VPOS="1539" HPOS="132" CONTENT="איש על רעהו, אבל לאבד את היהודים ולהשבית מאנוש זכרם,"/></TextLine><TextLine ID="line_Ar0030105_5" BASELINE="1613" HEIGHT="42" WIDTH="634" VPOS="1571" HPOS="156"><String HEIGHT="42" WIDTH="489" VPOS="1571" HPOS="145" CONTENT="היו פה ולב אחד, כן המה הנאורים והמתחסדים"/><String HEIGHT="42" WIDTH="122" VPOS="1571" HPOS="601" CONTENT="בארצינו"/><String HEIGHT="42" WIDTH="111" VPOS="1571" HPOS="679" CONTENT="גאליניען"/></TextLine><TextLine ID="line_Ar0030105_6" BASELINE="1649" HEIGHT="45" WIDTH="625" VPOS="1604" HPOS="162"><String HEIGHT="45" WIDTH="649" VPOS="1604" HPOS="138" CONTENT="המה ישנאו זה את זה תכלית שנאה, ולא יוכלו לדבר בשלום,"/></TextLine></TextBlock><TextBlock ID="Ar0030106" HEIGHT="131" WIDTH="674" VPOS="1638" HPOS="124"><Shape><Polygon POINTS="798,1769 124,1769 124,1638 798,1638"/></Shape><TextLine ID="line_Ar0030106_2" BASELINE="1676" HEIGHT="43" WIDTH="634" VPOS="1633" HPOS="156"><String HEIGHT="43" WIDTH="79" VPOS="1633" HPOS="143" CONTENT="אך"/><String HEIGHT="43" WIDTH="132" VPOS="1633" HPOS="182" CONTENT="להשכיח"/><String HEIGHT="43" WIDTH="119" VPOS="1633" HPOS="275" CONTENT="מבניה"/><String HEIGHT="43" WIDTH="132" VPOS="1633" HPOS="354" CONTENT="הסגולה"/><String HEIGHT="43" WIDTH="132" VPOS="1633" HPOS="447" CONTENT="היקרה,"/><String HEIGHT="43" WIDTH="92" VPOS="1633" HPOS="539" CONTENT="אשר"/><String HEIGHT="43" WIDTH="119" VPOS="1633" HPOS="592" CONTENT="נשארה"/><String HEIGHT="43" WIDTH="92" VPOS="1633" HPOS="671" CONTENT="לנו"/><String HEIGHT="43" WIDTH="79" VPOS="1633" HPOS="711" CONTENT="מיתר"/></TextLine><TextLine ID="line_Ar0030106_3" BASELINE="1708" HEIGHT="43" WIDTH="412" VPOS="1665" HPOS="374"><String HEIGHT="43" WIDTH="125" VPOS="1665" HPOS="362" CONTENT="הפליטה"/><String HEIGHT="43" WIDTH="100" VPOS="1665" HPOS="449" CONTENT="מימי"/><String HEIGHT="43" WIDTH="87" VPOS="1665" HPOS="511" CONTENT="קדם"/><String HEIGHT="43" WIDTH="100" VPOS="1665" HPOS="561" CONTENT="פיהם"/><String HEIGHT="43" WIDTH="100" VPOS="1665" HPOS="624" CONTENT="ולבם"/><String HEIGHT="43" WIDTH="112" VPOS="1665" HPOS="686" CONTENT="שוים."/><String HEIGHT="43" WIDTH="37" VPOS="1665" HPOS="749" CONTENT="—"/></TextLine><TextLine ID="line_Ar0030106_4" BASELINE="1741" HEIGHT="44" WIDTH="570" VPOS="1697" HPOS="158"><String HEIGHT="44" WIDTH="95" VPOS="1697" HPOS="146" CONTENT="„אין"/><String HEIGHT="44" WIDTH="107" VPOS="1697" HPOS="206" CONTENT="למדין"/><String HEIGHT="44" WIDTH="71" VPOS="1697" HPOS="277" CONTENT="מן"/><String HEIGHT="44" WIDTH="119" VPOS="1697" HPOS="312" CONTENT="הכללות"/><String HEIGHT="44" WIDTH="71" VPOS="1697" HPOS="396" CONTENT="אך"/><String HEIGHT="44" WIDTH="107" VPOS="1697" HPOS="431" CONTENT="במקום"/><String HEIGHT="44" WIDTH="107" VPOS="1697" HPOS="502" CONTENT="שנאמר"/><String HEIGHT="44" WIDTH="83" VPOS="1697" HPOS="574" CONTENT="בהם"/><String HEIGHT="44" WIDTH="95" VPOS="1697" HPOS="621" CONTENT="חוץ&#34;"/><String HEIGHT="44" WIDTH="59" VPOS="1697" HPOS="669" CONTENT="לכן"/></TextLine><TextLine ID="line_Ar0030106_6" BASELINE="1774" HEIGHT="51" WIDTH="633" VPOS="1723" HPOS="159"><String HEIGHT="51" WIDTH="73" VPOS="1723" HPOS="147" CONTENT="אף"/><String HEIGHT="51" WIDTH="110" VPOS="1723" HPOS="183" CONTENT="בלעדי"/><String HEIGHT="51" WIDTH="97" VPOS="1723" HPOS="256" CONTENT="אגיד"/><String HEIGHT="51" WIDTH="97" VPOS="1723" HPOS="317" CONTENT="יבין"/><String HEIGHT="51" WIDTH="110" VPOS="1723" HPOS="378" CONTENT="הקורא"/><String HEIGHT="51" WIDTH="73" VPOS="1723" HPOS="451" CONTENT="כי"/><String HEIGHT="51" WIDTH="73" VPOS="1723" HPOS="488" CONTENT="אך"/><String HEIGHT="51" WIDTH="73" VPOS="1723" HPOS="524" CONTENT="מן"/><String HEIGHT="51" WIDTH="97" VPOS="1723" HPOS="561" CONTENT="הכלל"/><String HEIGHT="51" WIDTH="110" VPOS="1723" HPOS="622" CONTENT="דברתי"/><String HEIGHT="51" WIDTH="73" VPOS="1723" HPOS="695" CONTENT="עד"/><String HEIGHT="51" WIDTH="73" VPOS="1723" HPOS="719" CONTENT="הנה,"/></TextLine></TextBlock><TextBlock ID="Ar0030107" HEIGHT="81" WIDTH="674" VPOS="1772" HPOS="124"><Shape><Polygon POINTS="798,1853 124,1853 124,1772 798,1772"/></Shape><TextLine ID="line_Ar0030107_1" BASELINE="1802" HEIGHT="38" WIDTH="635" VPOS="1764" HPOS="159"><String HEIGHT="38" WIDTH="125" VPOS="1764" HPOS="148" CONTENT="כי אמנם"/><String HEIGHT="38" WIDTH="68" VPOS="1764" HPOS="238" CONTENT="יש"/><String HEIGHT="38" WIDTH="79" VPOS="1764" HPOS="272" CONTENT="ויש"/><String HEIGHT="38" WIDTH="113" VPOS="1764" HPOS="318" CONTENT="בארצנו"/><String HEIGHT="38" WIDTH="102" VPOS="1764" HPOS="397" CONTENT="אנשים"/><String HEIGHT="38" WIDTH="113" VPOS="1764" HPOS="465" CONTENT="ידועים"/><String HEIGHT="38" WIDTH="125" VPOS="1764" HPOS="545" CONTENT="וחכמים,"/><String HEIGHT="38" WIDTH="102" VPOS="1764" HPOS="635" CONTENT="אנשים"/><String HEIGHT="38" WIDTH="102" VPOS="1764" HPOS="692" CONTENT="מצוינים"/></TextLine><TextLine ID="line_Ar0030107_2" BASELINE="1839" HEIGHT="46" WIDTH="667" VPOS="1793" HPOS="128"><String HEIGHT="46" WIDTH="282" VPOS="1793" HPOS="115" CONTENT="ובעלי צורה אשר המה"/><String HEIGHT="46" WIDTH="90" VPOS="1793" HPOS="359" CONTENT="לנס"/><String HEIGHT="46" WIDTH="77" VPOS="1793" HPOS="410" CONTENT="גם"/><String HEIGHT="46" WIDTH="128" VPOS="1793" HPOS="449" CONTENT="בארצות"/><String HEIGHT="46" WIDTH="103" VPOS="1793" HPOS="538" CONTENT="רבות"/><String HEIGHT="46" WIDTH="154" VPOS="1793" HPOS="603" CONTENT="ונאורות,"/><String HEIGHT="46" WIDTH="90" VPOS="1793" HPOS="705" CONTENT="אנשים"/></TextLine></TextBlock></PrintSpace></Page></Layout></alto>