<?xml version="1.0" encoding="UTF-8" standalone="yes"?>
<trpDocMetadata>
    <docId>120095</docId>
    <title>hazfirahGT2htr+</title>
    <uploadTimestamp>1548665835068</uploadTimestamp>
    <genre>Periodical</genre>
    <uploader>sinai.rusinek@mail.huji.ac.il</uploader>
    <uploaderId>2180</uploaderId>
    <nrOfPages>50</nrOfPages>
    <pageId>4581157</pageId>
    <url>https://dbis-thure.uibk.ac.at/f/Get?id=ANGJRPWJWFFVZZKDFUNXDYGX&amp;fileType=view</url>
    <thumbUrl>https://dbis-thure.uibk.ac.at/f/Get?id=ANGJRPWJWFFVZZKDFUNXDYGX&amp;fileType=thumb</thumbUrl>
    <externalId>NA</externalId>
    <authority>OMILab, Open University Israel</authority>
    <language>Hebrew</language>
    <status>0</status>
    <fimgStoreColl>TrpDoc_DEA_64962</fimgStoreColl>
    <createdFromTimestamp>0</createdFromTimestamp>
    <createdToTimestamp>0</createdToTimestamp>
    <origDocId>65920</origDocId>
    <collectionList>
        <colList>
            <colId>17989</colId>
            <colName>HAZFIRAH</colName>
            <description>created by sinai.rusinek@mail.huji.ac.il</description>
            <crowdsourcing>false</crowdsourcing>
            <elearning>false</elearning>
            <nrOfDocuments>0</nrOfDocuments>
        </colList>
    </collectionList>
</trpDocMetadata>
